Time;ID;Cat;XPos;YPos;ZPos;2D_XPos;2D_YPos;Vel;XDir;YDir;ZDir;BBox_XPos;BBox_YPos;BBox_ZPos;BBox_Ext_X;BBox_Ext_Y;BBox_Ext_Z;Corner_XYZ_X;Corner_XYZ_Y;Corner_XYZ_Z;Corner_XY-Z_X;Corner_XY-Z_Y;Corner_XY-Z_Z;Corner_X-YZ_X;Corner_X-YZ_Y;Corner_X-YZ_Z;Corner_X-Y-Z_X;Corner_X-Y-Z_Y;Corner_X-Y-Z_Z;Corner_-XYZ_X;Corner_-XYZ_Y;Corner_-XYZ_Z;Corner_-XY-Z_X;Corner_-XY-Z_Y;Corner_-XY-Z_Z;Corner_-X-YZ_X;Corner_-X-YZ_Y;Corner_-X-YZ_Z;Corner_-X-Y-Z_X;Corner_-X-Y-Z_Y;Corner_-X-Y-Z_Z;BBox_2D_XPos;BBox_2D_YPos;Corner_2D_XYZ_X;Corner_2D_XYZ_Y;Corner_2D_XY-Z_X;Corner_2D_XY-Z_Y;Corner_2D_X-YZ_X;Corner_2D_X-YZ_Y;Corner_2D_X-Y-Z_X;Corner_2D_X-Y-Z_Y;Corner_2D_-XYZ_X;Corner_2D_-XYZ_Y;Corner_-2D_XY-Z_X;Corner_2D_-XY-Z_Y;Corner_2D_-X-YZ_X;Corner_2D_-X-YZ_Y;Corner_2D_-X-Y-Z_X;Corner_2D_-X-Y-Z_Y;
J0:19:21:45:341;Hatchback_Car_AI_C_7;211;38109.617188;-76406.84375;-54424.804688;489;655;787.074524;0.264628;0.96435;0.001131;38112.507812;-76393.210938;-54345.792969;204.0;92.0;76.0;38076.992188;-76172.015625;-54270.519531;38078.5625;-76172.265625;-54422.511719;38254.421875;-76220.703125;-54268.613281;38255.992188;-76220.953125;-54420.605469;37969.023438;-76565.46875;-54270.980469;37970.59375;-76565.71875;-54422.972656;38146.453125;-76614.15625;-54269.074219;38148.023438;-76614.40625;-54421.066406;487;643;458;632;458;654;521;632;521;654;452;633;452;655;516;633;516;655
J0:19:21:45:341;Hatchback_Car_AI_C_15;211;39361.691406;-73403.640625;-54477.007812;-1;-1;647.991516;0.09035;-0.99569;-0.020925;39363.027344;-73419.234375;-54398.316406;204.0;92.0;76.0;39473.152344;-73615.632812;-54326.511719;39473.011719;-73612.445312;-54478.480469;39289.902344;-73632.257812;-54326.691406;39289.761719;-73629.070312;-54478.660156;39436.292969;-73209.398438;-54317.972656;39436.152344;-73206.210938;-54469.941406;39253.042969;-73226.023438;-54318.152344;39252.902344;-73222.835938;-54470.121094;-1;-1;-1;-1;-1;-1;-1;-1;-1;-1;-1;-1;-1;-1;-1;-1;-1;-1
J0:19:21:45:341;Hatchback_Car_AI_C_19;211;39043.527344;-70286.1875;-53973.984375;-1;-1;678.533142;0.074885;-0.96427;-0.254118;39046.34375;-70319.6875;-53901.136719;204.0;92.0;76.0;39155.039062;-70528.453125;-53879.714844;39151.640625;-70489.96875;-54026.722656;38971.601562;-70542.828125;-53879.230469;38968.203125;-70504.34375;-54026.238281;39124.484375;-70135.03125;-53776.035156;39121.085938;-70096.546875;-53923.042969;38941.046875;-70149.40625;-53775.550781;38937.648438;-70110.921875;-53922.558594;-1;-1;-1;-1;-1;-1;-1;-1;-1;-1;-1;-1;-1;-1;-1;-1;-1;-1
