Time;ID;Cat;XPos;YPos;ZPos;2D_XPos;2D_YPos;Vel;XDir;YDir;ZDir;BBox_XPos;BBox_YPos;BBox_ZPos;BBox_Ext_X;BBox_Ext_Y;BBox_Ext_Z;Corner_XYZ_X;Corner_XYZ_Y;Corner_XYZ_Z;Corner_XY-Z_X;Corner_XY-Z_Y;Corner_XY-Z_Z;Corner_X-YZ_X;Corner_X-YZ_Y;Corner_X-YZ_Z;Corner_X-Y-Z_X;Corner_X-Y-Z_Y;Corner_X-Y-Z_Z;Corner_-XYZ_X;Corner_-XYZ_Y;Corner_-XYZ_Z;Corner_-XY-Z_X;Corner_-XY-Z_Y;Corner_-XY-Z_Z;Corner_-X-YZ_X;Corner_-X-YZ_Y;Corner_-X-YZ_Z;Corner_-X-Y-Z_X;Corner_-X-Y-Z_Y;Corner_-X-Y-Z_Z;BBox_2D_XPos;BBox_2D_YPos;Corner_2D_XYZ_X;Corner_2D_XYZ_Y;Corner_2D_XY-Z_X;Corner_2D_XY-Z_Y;Corner_2D_X-YZ_X;Corner_2D_X-YZ_Y;Corner_2D_X-Y-Z_X;Corner_2D_X-Y-Z_Y;Corner_2D_-XYZ_X;Corner_2D_-XYZ_Y;Corner_-2D_XY-Z_X;Corner_2D_-XY-Z_Y;Corner_2D_-X-YZ_X;Corner_2D_-X-YZ_Y;Corner_2D_-X-Y-Z_X;Corner_2D_-X-Y-Z_Y;
J0:19:20:51:346;Hatchback_Car_AI_C_3;211;39278.628906;-78030.273438;-54424.773438;671;679;694.931458;-0.032559;-0.999469;0.001352;39278.175781;-78044.15625;-54345.753906;204.0;92.0;76.0;39363.488281;-78250.9375;-54269.472656;39363.488281;-78251.140625;-54421.472656;39179.582031;-78244.953125;-54269.480469;39179.582031;-78245.15625;-54421.480469;39376.769531;-77843.15625;-54270.027344;39376.769531;-77843.359375;-54422.027344;39192.863281;-77837.171875;-54270.035156;39192.863281;-77837.375;-54422.035156;674;665;706;654;706;681;633;654;633;681;713;650;713;676;643;650;643;676
J0:19:20:51:346;Hatchback_Car_AI_C_11;211;39403.109375;-74006.1875;-54473.152344;-1;-1;645.286621;0.054698;-0.998187;0.025103;39403.914062;-74018.171875;-54393.824219;204.0;92.0;76.0;39506.976562;-74214.859375;-54312.898438;39506.898438;-74218.6875;-54464.851562;39323.25;-74224.921875;-54312.554688;39323.171875;-74228.75;-54464.507812;39484.65625;-73807.59375;-54323.140625;39484.578125;-73811.421875;-54475.09375;39300.929688;-73817.65625;-54322.796875;39300.851562;-73821.484375;-54474.75;-1;-1;-1;-1;-1;-1;-1;-1;-1;-1;5;660;5;688;-1;-1;-1;-1
J0:19:20:51:346;Hatchback_Car_AI_C_15;211;39055.359375;-70413.726562;-54006.988281;-1;-1;710.453369;0.081318;-0.964343;-0.251853;39058.328125;-70447.039062;-53934.0625;204.0;92.0;76.0;39168.351562;-70655.046875;-53912.070312;39164.828125;-70616.921875;-54059.171875;38985.007812;-70670.609375;-53911.710938;38981.484375;-70632.484375;-54058.8125;39135.171875;-70261.59375;-53809.3125;39131.648438;-70223.46875;-53956.414062;38951.828125;-70277.15625;-53808.953125;38948.304688;-70239.03125;-53956.054688;-1;-1;-1;-1;-1;-1;-1;-1;-1;-1;-1;-1;-1;-1;-1;-1;-1;-1
