Time;ID;Cat;XPos;YPos;ZPos;2D_XPos;2D_YPos;Vel;XDir;YDir;ZDir;BBox_XPos;BBox_YPos;BBox_ZPos;BBox_Ext_X;BBox_Ext_Y;BBox_Ext_Z;Corner_XYZ_X;Corner_XYZ_Y;Corner_XYZ_Z;Corner_XY-Z_X;Corner_XY-Z_Y;Corner_XY-Z_Z;Corner_X-YZ_X;Corner_X-YZ_Y;Corner_X-YZ_Z;Corner_X-Y-Z_X;Corner_X-Y-Z_Y;Corner_X-Y-Z_Z;Corner_-XYZ_X;Corner_-XYZ_Y;Corner_-XYZ_Z;Corner_-XY-Z_X;Corner_-XY-Z_Y;Corner_-XY-Z_Z;Corner_-X-YZ_X;Corner_-X-YZ_Y;Corner_-X-YZ_Z;Corner_-X-Y-Z_X;Corner_-X-Y-Z_Y;Corner_-X-Y-Z_Z;BBox_2D_XPos;BBox_2D_YPos;Corner_2D_XYZ_X;Corner_2D_XYZ_Y;Corner_2D_XY-Z_X;Corner_2D_XY-Z_Y;Corner_2D_X-YZ_X;Corner_2D_X-YZ_Y;Corner_2D_X-Y-Z_X;Corner_2D_X-Y-Z_Y;Corner_2D_-XYZ_X;Corner_2D_-XYZ_Y;Corner_-2D_XY-Z_X;Corner_2D_-XY-Z_Y;Corner_2D_-X-YZ_X;Corner_2D_-X-YZ_Y;Corner_2D_-X-Y-Z_X;Corner_2D_-X-Y-Z_Y;
J0:19:18:57:346;Hatchback_Car_AI_C_3;211;39392.4375;-73813.734375;-54477.117188;-1;-1;650.344177;0.065597;-0.997747;0.01408;39393.382812;-73826.585938;-54397.929688;204.0;92.0;76.0;39498.59375;-74023.023438;-54319.183594;39498.539062;-74025.164062;-54471.167969;39314.992188;-74035.085938;-54318.949219;39314.9375;-74037.226562;-54470.933594;39471.828125;-73615.945312;-54324.925781;39471.773438;-73618.085938;-54476.910156;39288.226562;-73628.007812;-54324.691406;39288.171875;-73630.148438;-54476.675781;-1;-1;-1;-1;-1;-1;-1;-1;-1;-1;-1;-1;-1;-1;-1;-1;-1;-1
J0:19:18:57:346;Hatchback_Car_AI_C_7;211;39070.257812;-70583.671875;-54050.710938;-1;-1;708.715576;0.083941;-0.96472;-0.249539;39073.339844;-70616.796875;-53977.703125;204.0;92.0;76.0;39183.949219;-70824.445312;-53955.238281;39180.277344;-70786.695312;-54102.425781;39000.652344;-70840.507812;-53954.792969;38996.980469;-70802.757812;-54101.980469;39149.699219;-70430.835938;-53853.425781;39146.027344;-70393.085938;-54000.613281;38966.402344;-70446.898438;-53852.980469;38962.730469;-70409.148438;-54000.167969;-1;-1;-1;-1;-1;-1;-1;-1;-1;-1;-1;-1;-1;-1;-1;-1;-1;-1
