Time;ID;Cat;XPos;YPos;ZPos;2D_XPos;2D_YPos;Vel;XDir;YDir;ZDir;BBox_XPos;BBox_YPos;BBox_ZPos;BBox_Ext_X;BBox_Ext_Y;BBox_Ext_Z;Corner_XYZ_X;Corner_XYZ_Y;Corner_XYZ_Z;Corner_XY-Z_X;Corner_XY-Z_Y;Corner_XY-Z_Z;Corner_X-YZ_X;Corner_X-YZ_Y;Corner_X-YZ_Z;Corner_X-Y-Z_X;Corner_X-Y-Z_Y;Corner_X-Y-Z_Z;Corner_-XYZ_X;Corner_-XYZ_Y;Corner_-XYZ_Z;Corner_-XY-Z_X;Corner_-XY-Z_Y;Corner_-XY-Z_Z;Corner_-X-YZ_X;Corner_-X-YZ_Y;Corner_-X-YZ_Z;Corner_-X-Y-Z_X;Corner_-X-Y-Z_Y;Corner_-X-Y-Z_Z;BBox_2D_XPos;BBox_2D_YPos;Corner_2D_XYZ_X;Corner_2D_XYZ_Y;Corner_2D_XY-Z_X;Corner_2D_XY-Z_Y;Corner_2D_X-YZ_X;Corner_2D_X-YZ_Y;Corner_2D_X-Y-Z_X;Corner_2D_X-Y-Z_Y;Corner_2D_-XYZ_X;Corner_2D_-XYZ_Y;Corner_-2D_XY-Z_X;Corner_2D_-XY-Z_Y;Corner_2D_-X-YZ_X;Corner_2D_-X-YZ_Y;Corner_2D_-X-Y-Z_X;Corner_2D_-X-Y-Z_Y;
J0:19:20:57:742;Hatchback_Car_AI_C_3;211;39267.300781;-78429.804688;-54424.746094;741;679;787.22113;-0.027699;-0.999615;0.001855;39266.910156;-78443.65625;-54345.71875;204.0;92.0;76.0;39353.21875;-78649.984375;-54269.332031;39353.226562;-78650.265625;-54421.332031;39169.289062;-78644.890625;-54269.347656;39169.296875;-78645.171875;-54421.347656;39364.523438;-78242.140625;-54270.089844;39364.53125;-78242.421875;-54422.089844;39180.59375;-78237.046875;-54270.105469;39180.601562;-78237.328125;-54422.105469;744;665;776;654;776;680;704;654;704;680;782;650;782;676;712;650;712;676
J0:19:20:57:742;Hatchback_Car_AI_C_15;211;39086.867188;-70763.8125;-54096.660156;-1;-1;666.749939;0.088951;-0.964769;-0.247604;39090.082031;-70796.78125;-54023.585938;204.0;92.0;76.0;39201.726562;-71003.820312;-54000.664062;39197.9375;-70966.367188;-54147.929688;39018.515625;-71020.820312;-54000.265625;39014.726562;-70983.367188;-54147.53125;39165.4375;-70610.195312;-53899.640625;39161.648438;-70572.742188;-54046.90625;38982.226562;-70627.195312;-53899.242188;38978.4375;-70589.742188;-54046.507812;-1;-1;-1;-1;-1;-1;-1;-1;-1;-1;-1;-1;-1;-1;-1;-1;-1;-1
