Time;ID;Cat;XPos;YPos;ZPos;2D_XPos;2D_YPos;Vel;XDir;YDir;ZDir;BBox_XPos;BBox_YPos;BBox_ZPos;BBox_Ext_X;BBox_Ext_Y;BBox_Ext_Z;Corner_XYZ_X;Corner_XYZ_Y;Corner_XYZ_Z;Corner_XY-Z_X;Corner_XY-Z_Y;Corner_XY-Z_Z;Corner_X-YZ_X;Corner_X-YZ_Y;Corner_X-YZ_Z;Corner_X-Y-Z_X;Corner_X-Y-Z_Y;Corner_X-Y-Z_Z;Corner_-XYZ_X;Corner_-XYZ_Y;Corner_-XYZ_Z;Corner_-XY-Z_X;Corner_-XY-Z_Y;Corner_-XY-Z_Z;Corner_-X-YZ_X;Corner_-X-YZ_Y;Corner_-X-YZ_Z;Corner_-X-Y-Z_X;Corner_-X-Y-Z_Y;Corner_-X-Y-Z_Z;BBox_2D_XPos;BBox_2D_YPos;Corner_2D_XYZ_X;Corner_2D_XYZ_Y;Corner_2D_XY-Z_X;Corner_2D_XY-Z_Y;Corner_2D_X-YZ_X;Corner_2D_X-YZ_Y;Corner_2D_X-Y-Z_X;Corner_2D_X-Y-Z_Y;Corner_2D_-XYZ_X;Corner_2D_-XYZ_Y;Corner_-2D_XY-Z_X;Corner_2D_-XY-Z_Y;Corner_2D_-X-YZ_X;Corner_2D_-X-YZ_Y;Corner_2D_-X-Y-Z_X;Corner_2D_-X-Y-Z_Y;
J0:19:19:52:947;Hatchback_Car_AI_C_7;211;39381.550781;-73641.804688;-54478.757812;-1;-1;666.191406;0.081;-0.996714;0.000331;39382.695312;-73655.734375;-54399.753906;204.0;92.0;76.0;39490.925781;-73851.585938;-54323.699219;39490.910156;-73851.632812;-54475.699219;39307.527344;-73866.492188;-54323.675781;39307.511719;-73866.539062;-54475.675781;39457.878906;-73444.929688;-54323.832031;39457.863281;-73444.976562;-54475.832031;39274.480469;-73459.835938;-54323.808594;39274.464844;-73459.882812;-54475.808594;-1;-1;-1;-1;-1;-1;-1;-1;-1;-1;-1;-1;-1;-1;-1;-1;-1;-1
J0:19:19:52:947;Hatchback_Car_AI_C_11;211;39088.664062;-70770.507812;-54098.375;-1;-1;708.732178;0.090701;-0.964994;-0.246089;39091.890625;-70803.359375;-54025.25;204.0;92.0;76.0;39203.871094;-71010.179688;-54001.941406;39200.105469;-70972.960938;-54149.269531;39020.683594;-71027.476562;-54001.636719;39016.917969;-70990.257812;-54148.964844;39166.863281;-70616.460938;-53901.535156;39163.097656;-70579.242188;-54048.863281;38983.675781;-70633.757812;-53901.230469;38979.910156;-70596.539062;-54048.558594;-1;-1;-1;-1;-1;-1;-1;-1;-1;-1;-1;-1;-1;-1;-1;-1;-1;-1
