Time;ID;Cat;XPos;YPos;ZPos;2D_XPos;2D_YPos;Vel;XDir;YDir;ZDir;BBox_XPos;BBox_YPos;BBox_ZPos;BBox_Ext_X;BBox_Ext_Y;BBox_Ext_Z;Corner_XYZ_X;Corner_XYZ_Y;Corner_XYZ_Z;Corner_XY-Z_X;Corner_XY-Z_Y;Corner_XY-Z_Z;Corner_X-YZ_X;Corner_X-YZ_Y;Corner_X-YZ_Z;Corner_X-Y-Z_X;Corner_X-Y-Z_Y;Corner_X-Y-Z_Z;Corner_-XYZ_X;Corner_-XYZ_Y;Corner_-XYZ_Z;Corner_-XY-Z_X;Corner_-XY-Z_Y;Corner_-XY-Z_Z;Corner_-X-YZ_X;Corner_-X-YZ_Y;Corner_-X-YZ_Z;Corner_-X-Y-Z_X;Corner_-X-Y-Z_Y;Corner_-X-Y-Z_Z;BBox_2D_XPos;BBox_2D_YPos;Corner_2D_XYZ_X;Corner_2D_XYZ_Y;Corner_2D_XY-Z_X;Corner_2D_XY-Z_Y;Corner_2D_X-YZ_X;Corner_2D_X-YZ_Y;Corner_2D_X-Y-Z_X;Corner_2D_X-Y-Z_Y;Corner_2D_-XYZ_X;Corner_2D_-XYZ_Y;Corner_-2D_XY-Z_X;Corner_2D_-XY-Z_Y;Corner_2D_-X-YZ_X;Corner_2D_-X-YZ_Y;Corner_2D_-X-Y-Z_X;Corner_2D_-X-Y-Z_Y;
J0:19:19:31:752;Hatchback_Car_AI_C_7;211;39265.125;-72482.117188;-54421.21875;-1;-1;654.321838;0.11503;-0.987401;-0.108663;39267.28125;-72504.515625;-54344.210938;204.0;92.0;76.0;39382.660156;-72703.609375;-54290.3125;39381.605469;-72687.109375;-54441.40625;39199.886719;-72724.78125;-54291.351562;39198.832031;-72708.28125;-54442.445312;39335.730469;-72300.75;-54245.976562;39334.675781;-72284.25;-54397.070312;39152.957031;-72321.921875;-54247.015625;39151.902344;-72305.421875;-54398.109375;-1;-1;-1;-1;-1;-1;-1;-1;-1;-1;-1;-1;-1;-1;-1;-1;-1;-1
J0:19:19:31:752;Hatchback_Car_AI_C_11;211;38997.917969;-69601.085938;-53797.480469;-1;-1;723.757202;0.04784;-0.96838;-0.24485;38999.660156;-69633.953125;-53724.3125;204.0;92.0;76.0;39102.335938;-69845.507812;-53700.707031;39100.273438;-69808.351562;-53848.082031;38918.5625;-69854.648438;-53700.441406;38916.5;-69817.492188;-53847.816406;39082.820312;-69450.414062;-53600.808594;39080.757812;-69413.257812;-53748.183594;38899.046875;-69459.554688;-53600.542969;38896.984375;-69422.398438;-53747.917969;-1;-1;-1;-1;-1;-1;-1;-1;-1;-1;-1;-1;-1;-1;-1;-1;-1;-1
