Time;ID;Cat;XPos;YPos;ZPos;2D_XPos;2D_YPos;Vel;XDir;YDir;ZDir;BBox_XPos;BBox_YPos;BBox_ZPos;BBox_Ext_X;BBox_Ext_Y;BBox_Ext_Z;Corner_XYZ_X;Corner_XYZ_Y;Corner_XYZ_Z;Corner_XY-Z_X;Corner_XY-Z_Y;Corner_XY-Z_Z;Corner_X-YZ_X;Corner_X-YZ_Y;Corner_X-YZ_Z;Corner_X-Y-Z_X;Corner_X-Y-Z_Y;Corner_X-Y-Z_Z;Corner_-XYZ_X;Corner_-XYZ_Y;Corner_-XYZ_Z;Corner_-XY-Z_X;Corner_-XY-Z_Y;Corner_-XY-Z_Z;Corner_-X-YZ_X;Corner_-X-YZ_Y;Corner_-X-YZ_Z;Corner_-X-Y-Z_X;Corner_-X-Y-Z_Y;Corner_-X-Y-Z_Z;BBox_2D_XPos;BBox_2D_YPos;Corner_2D_XYZ_X;Corner_2D_XYZ_Y;Corner_2D_XY-Z_X;Corner_2D_XY-Z_Y;Corner_2D_X-YZ_X;Corner_2D_X-YZ_Y;Corner_2D_X-Y-Z_X;Corner_2D_X-Y-Z_Y;Corner_2D_-XYZ_X;Corner_2D_-XYZ_Y;Corner_-2D_XY-Z_X;Corner_2D_-XY-Z_Y;Corner_2D_-X-YZ_X;Corner_2D_-X-YZ_Y;Corner_2D_-X-Y-Z_X;Corner_2D_-X-Y-Z_Y;
J0:19:20:53:744;Hatchback_Car_AI_C_3;211;39274.378906;-78174.523438;-54424.769531;697;679;726.700684;-0.031004;-0.999518;0.00149;39273.945312;-78188.398438;-54345.75;204.0;92.0;76.0;39359.578125;-78395.039062;-54269.441406;39359.578125;-78395.257812;-54421.441406;39175.664062;-78389.335938;-54269.449219;39175.664062;-78389.554688;-54421.449219;39372.226562;-77987.242188;-54270.050781;39372.226562;-77987.460938;-54422.050781;39188.3125;-77981.539062;-54270.058594;39188.3125;-77981.757812;-54422.058594;699;665;731;654;731;681;659;654;659;681;738;650;738;676;668;650;668;676
J0:19:20:53:744;Hatchback_Car_AI_C_7;211;39273.773438;-76904.234375;-54425.0;476;679;569.219788;-0.132415;-0.991194;-0.000156;39271.9375;-76918.125;-54346.003906;204.0;92.0;76.0;39336.136719;-77132.523438;-54270.058594;39336.097656;-77132.492188;-54422.058594;39153.753906;-77108.164062;-54270.011719;39153.714844;-77108.132812;-54422.011719;39390.160156;-76728.117188;-54269.996094;39390.121094;-76728.085938;-54421.996094;39207.777344;-76703.757812;-54269.949219;39207.738281;-76703.726562;-54421.949219;479;665;511;653;511;680;436;653;436;680;521;651;521;677;448;651;448;677
J0:19:20:53:744;Hatchback_Car_AI_C_15;211;39066.726562;-70545.539062;-54041.101562;-1;-1;687.812439;0.086103;-0.964129;-0.251082;39069.824219;-70578.78125;-53968.148438;204.0;92.0;76.0;39180.84375;-70786.234375;-53945.945312;39177.203125;-70748.25;-54093.078125;38997.578125;-70802.671875;-53945.65625;38993.9375;-70764.6875;-54092.789062;39145.710938;-70392.875;-53843.507812;39142.070312;-70354.890625;-53990.640625;38962.445312;-70409.3125;-53843.21875;38958.804688;-70371.328125;-53990.351562;-1;-1;-1;-1;-1;-1;-1;-1;-1;-1;-1;-1;-1;-1;-1;-1;-1;-1
