Time;ID;Cat;XPos;YPos;ZPos;2D_XPos;2D_YPos;Vel;XDir;YDir;ZDir;BBox_XPos;BBox_YPos;BBox_ZPos;BBox_Ext_X;BBox_Ext_Y;BBox_Ext_Z;Corner_XYZ_X;Corner_XYZ_Y;Corner_XYZ_Z;Corner_XY-Z_X;Corner_XY-Z_Y;Corner_XY-Z_Z;Corner_X-YZ_X;Corner_X-YZ_Y;Corner_X-YZ_Z;Corner_X-Y-Z_X;Corner_X-Y-Z_Y;Corner_X-Y-Z_Z;Corner_-XYZ_X;Corner_-XYZ_Y;Corner_-XYZ_Z;Corner_-XY-Z_X;Corner_-XY-Z_Y;Corner_-XY-Z_Z;Corner_-X-YZ_X;Corner_-X-YZ_Y;Corner_-X-YZ_Z;Corner_-X-Y-Z_X;Corner_-X-Y-Z_Y;Corner_-X-Y-Z_Z;BBox_2D_XPos;BBox_2D_YPos;Corner_2D_XYZ_X;Corner_2D_XYZ_Y;Corner_2D_XY-Z_X;Corner_2D_XY-Z_Y;Corner_2D_X-YZ_X;Corner_2D_X-YZ_Y;Corner_2D_X-Y-Z_X;Corner_2D_X-Y-Z_Y;Corner_2D_-XYZ_X;Corner_2D_-XYZ_Y;Corner_-2D_XY-Z_X;Corner_2D_-XY-Z_Y;Corner_2D_-X-YZ_X;Corner_2D_-X-YZ_Y;Corner_2D_-X-Y-Z_X;Corner_2D_-X-Y-Z_Y;
J0:19:20:28:946;Hatchback_Car_AI_C_3;211;39317.417969;-76911.882812;-54424.835938;474;680;538.427429;-0.043948;-0.999034;0.000105;39316.800781;-76925.859375;-54345.835938;204.0;92.0;76.0;39399.742188;-77133.703125;-54269.8125;39399.75;-77133.71875;-54421.8125;39215.921875;-77125.609375;-54269.820312;39215.929688;-77125.625;-54421.820312;39417.671875;-76726.09375;-54269.851562;39417.679688;-76726.109375;-54421.851562;39233.851562;-76718.0;-54269.859375;39233.859375;-76718.015625;-54421.859375;476;666;506;655;506;682;432;655;432;682;519;651;519;677;448;651;448;677
J0:19:20:28:946;Hatchback_Car_AI_C_11;211;39296.222656;-72763.210938;-54446.519531;-1;-1;700.326721;0.111014;-0.99066;-0.079178;39298.097656;-72783.335938;-54368.875;204.0;92.0;76.0;39412.484375;-72981.242188;-54308.824219;39411.867188;-72969.195312;-54460.347656;39229.625;-73001.664062;-54309.707031;39229.007812;-72989.617188;-54461.230469;39367.1875;-72577.054688;-54276.519531;39366.570312;-72565.007812;-54428.042969;39184.328125;-72597.476562;-54277.402344;39183.710938;-72585.429688;-54428.925781;-1;-1;-1;-1;-1;-1;-1;-1;-1;-1;-1;-1;-1;-1;-1;-1;-1;-1
J0:19:20:28:946;Hatchback_Car_AI_C_15;211;38980.65625;-69169.515625;-53691.84375;-1;-1;658.798889;0.020645;-0.972223;-0.233144;38981.460938;-69201.539062;-53618.285156;204.0;92.0;76.0;39078.144531;-69415.601562;-53592.082031;39077.152344;-69380.179688;-53739.894531;38894.191406;-69419.570312;-53591.800781;38893.199219;-69384.148438;-53739.613281;39069.722656;-69018.929688;-53496.957031;39068.730469;-68983.507812;-53644.769531;38885.769531;-69022.898438;-53496.675781;38884.777344;-68987.476562;-53644.488281;-1;-1;-1;-1;-1;-1;-1;-1;-1;-1;-1;-1;-1;-1;-1;-1;-1;-1
