Time;ID;Cat;XPos;YPos;ZPos;2D_XPos;2D_YPos;Vel;XDir;YDir;ZDir;BBox_XPos;BBox_YPos;BBox_ZPos;BBox_Ext_X;BBox_Ext_Y;BBox_Ext_Z;Corner_XYZ_X;Corner_XYZ_Y;Corner_XYZ_Z;Corner_XY-Z_X;Corner_XY-Z_Y;Corner_XY-Z_Z;Corner_X-YZ_X;Corner_X-YZ_Y;Corner_X-YZ_Z;Corner_X-Y-Z_X;Corner_X-Y-Z_Y;Corner_X-Y-Z_Z;Corner_-XYZ_X;Corner_-XYZ_Y;Corner_-XYZ_Z;Corner_-XY-Z_X;Corner_-XY-Z_Y;Corner_-XY-Z_Z;Corner_-X-YZ_X;Corner_-X-YZ_Y;Corner_-X-YZ_Z;Corner_-X-Y-Z_X;Corner_-X-Y-Z_Y;Corner_-X-Y-Z_Z;BBox_2D_XPos;BBox_2D_YPos;Corner_2D_XYZ_X;Corner_2D_XYZ_Y;Corner_2D_XY-Z_X;Corner_2D_XY-Z_Y;Corner_2D_X-YZ_X;Corner_2D_X-YZ_Y;Corner_2D_X-Y-Z_X;Corner_2D_X-Y-Z_Y;Corner_2D_-XYZ_X;Corner_2D_-XYZ_Y;Corner_-2D_XY-Z_X;Corner_2D_-XY-Z_Y;Corner_2D_-X-YZ_X;Corner_2D_-X-YZ_Y;Corner_2D_-X-Y-Z_X;Corner_2D_-X-Y-Z_Y;
J0:19:20:38:946;Hatchback_Car_AI_C_3;211;39300.175781;-77374.640625;-54424.898438;556;680;580.995117;-0.037576;-0.999293;0.001145;39299.648438;-77388.539062;-54345.882812;204.0;92.0;76.0;39383.917969;-77595.765625;-54269.644531;39383.917969;-77595.9375;-54421.644531;39200.050781;-77588.859375;-54269.652344;39200.050781;-77589.03125;-54421.652344;39399.246094;-77188.046875;-54270.113281;39399.246094;-77188.21875;-54422.113281;39215.378906;-77181.140625;-54270.121094;39215.378906;-77181.3125;-54422.121094;558;666;589;654;589;681;516;654;516;681;600;651;600;677;529;651;529;677
J0:19:20:38:946;Hatchback_Car_AI_C_11;211;39353.515625;-73323.523438;-54475.28125;-1;-1;708.963623;0.095643;-0.995069;-0.026277;39354.894531;-73339.539062;-54396.675781;204.0;92.0;76.0;39466.023438;-73535.734375;-54325.875;39465.945312;-73531.734375;-54477.820312;39282.867188;-73553.328125;-54326.25;39282.789062;-73549.328125;-54478.195312;39427.0;-73129.75;-54315.15625;39426.921875;-73125.75;-54467.101562;39243.84375;-73147.34375;-54315.53125;39243.765625;-73143.34375;-54467.476562;-1;-1;-1;-1;-1;-1;-1;-1;-1;-1;-1;-1;-1;-1;-1;-1;-1;-1
J0:19:20:38:946;Hatchback_Car_AI_C_15;211;39004.765625;-69727.71875;-53829.6875;-1;-1;671.605164;0.053035;-0.96682;-0.249892;39006.757812;-69760.953125;-53756.691406;204.0;92.0;76.0;39110.640625;-69972.054688;-53734.269531;39108.234375;-69934.148438;-53881.449219;38926.921875;-69982.226562;-53733.886719;38924.515625;-69944.320312;-53881.066406;39089.0;-69577.585938;-53632.316406;39086.59375;-69539.679688;-53779.496094;38905.28125;-69587.757812;-53631.933594;38902.875;-69549.851562;-53779.113281;-1;-1;-1;-1;-1;-1;-1;-1;-1;-1;-1;-1;-1;-1;-1;-1;-1;-1
