Time;ID;Cat;XPos;YPos;ZPos;2D_XPos;2D_YPos;Vel;XDir;YDir;ZDir;BBox_XPos;BBox_YPos;BBox_ZPos;BBox_Ext_X;BBox_Ext_Y;BBox_Ext_Z;Corner_XYZ_X;Corner_XYZ_Y;Corner_XYZ_Z;Corner_XY-Z_X;Corner_XY-Z_Y;Corner_XY-Z_Z;Corner_X-YZ_X;Corner_X-YZ_Y;Corner_X-YZ_Z;Corner_X-Y-Z_X;Corner_X-Y-Z_Y;Corner_X-Y-Z_Z;Corner_-XYZ_X;Corner_-XYZ_Y;Corner_-XYZ_Z;Corner_-XY-Z_X;Corner_-XY-Z_Y;Corner_-XY-Z_Z;Corner_-X-YZ_X;Corner_-X-YZ_Y;Corner_-X-YZ_Z;Corner_-X-Y-Z_X;Corner_-X-Y-Z_Y;Corner_-X-Y-Z_Z;BBox_2D_XPos;BBox_2D_YPos;Corner_2D_XYZ_X;Corner_2D_XYZ_Y;Corner_2D_XY-Z_X;Corner_2D_XY-Z_Y;Corner_2D_X-YZ_X;Corner_2D_X-YZ_Y;Corner_2D_X-Y-Z_X;Corner_2D_X-Y-Z_Y;Corner_2D_-XYZ_X;Corner_2D_-XYZ_Y;Corner_-2D_XY-Z_X;Corner_2D_-XY-Z_Y;Corner_2D_-X-YZ_X;Corner_2D_-X-YZ_Y;Corner_2D_-X-Y-Z_X;Corner_2D_-X-Y-Z_Y;
J0:19:20:55:343;Hatchback_Car_AI_C_3;211;39271.550781;-78274.210938;-54424.765625;714;679;748.43103;-0.029858;-0.999553;0.00156;39271.128906;-78288.078125;-54345.742188;204.0;92.0;76.0;39356.996094;-78494.617188;-54269.417969;39357.003906;-78494.851562;-54421.417969;39173.074219;-78489.117188;-54269.433594;39173.082031;-78489.351562;-54421.433594;39369.175781;-78086.804688;-54270.050781;39369.183594;-78087.039062;-54422.050781;39185.253906;-78081.304688;-54270.066406;39185.261719;-78081.539062;-54422.066406;716;665;749;654;749;681;676;654;676;681;755;650;755;676;685;650;685;676
J0:19:20:55:343;Hatchback_Car_AI_C_7;211;39263.363281;-76977.414062;-54425.0;490;679;561.533264;-0.136253;-0.990674;-0.000152;39261.476562;-76991.296875;-54346.003906;204.0;92.0;76.0;39324.839844;-77205.945312;-54270.058594;39324.800781;-77205.914062;-54422.058594;39142.558594;-77180.867188;-54270.011719;39142.519531;-77180.835938;-54422.011719;39380.433594;-76801.757812;-54269.996094;39380.394531;-76801.726562;-54421.996094;39198.152344;-76776.679688;-54269.949219;39198.113281;-76776.648438;-54421.949219;492;665;525;653;525;680;450;653;450;680;534;651;534;676;461;651;461;676
J0:19:20:55:343;Hatchback_Car_AI_C_15;211;39074.863281;-70634.765625;-54063.832031;-1;-1;690.538513;0.087462;-0.964453;-0.249362;39078.0;-70667.875;-53990.820312;204.0;92.0;76.0;39189.304688;-70875.140625;-53968.242188;39185.625;-70837.421875;-54115.4375;39006.0625;-70891.828125;-53967.945312;39002.382812;-70854.109375;-54115.140625;39153.617188;-70481.640625;-53866.5;39149.9375;-70443.921875;-54013.695312;38970.375;-70498.328125;-53866.203125;38966.695312;-70460.609375;-54013.398438;-1;-1;-1;-1;-1;-1;-1;-1;-1;-1;-1;-1;-1;-1;-1;-1;-1;-1
