Time;ID;Cat;XPos;YPos;ZPos;2D_XPos;2D_YPos;Vel;XDir;YDir;ZDir;BBox_XPos;BBox_YPos;BBox_ZPos;BBox_Ext_X;BBox_Ext_Y;BBox_Ext_Z;Corner_XYZ_X;Corner_XYZ_Y;Corner_XYZ_Z;Corner_XY-Z_X;Corner_XY-Z_Y;Corner_XY-Z_Z;Corner_X-YZ_X;Corner_X-YZ_Y;Corner_X-YZ_Z;Corner_X-Y-Z_X;Corner_X-Y-Z_Y;Corner_X-Y-Z_Z;Corner_-XYZ_X;Corner_-XYZ_Y;Corner_-XYZ_Z;Corner_-XY-Z_X;Corner_-XY-Z_Y;Corner_-XY-Z_Z;Corner_-X-YZ_X;Corner_-X-YZ_Y;Corner_-X-YZ_Z;Corner_-X-Y-Z_X;Corner_-X-Y-Z_Y;Corner_-X-Y-Z_Z;BBox_2D_XPos;BBox_2D_YPos;Corner_2D_XYZ_X;Corner_2D_XYZ_Y;Corner_2D_XY-Z_X;Corner_2D_XY-Z_Y;Corner_2D_X-YZ_X;Corner_2D_X-YZ_Y;Corner_2D_X-Y-Z_X;Corner_2D_X-Y-Z_Y;Corner_2D_-XYZ_X;Corner_2D_-XYZ_Y;Corner_-2D_XY-Z_X;Corner_2D_-XY-Z_Y;Corner_2D_-X-YZ_X;Corner_2D_-X-YZ_Y;Corner_2D_-X-Y-Z_X;Corner_2D_-X-Y-Z_Y;
J0:19:19:40:147;Hatchback_Car_AI_C_7;211;39317.214844;-72947.367188;-54459.296875;-1;-1;680.20813;0.108692;-0.992109;-0.062503;39318.929688;-72966.203125;-54381.328125;204.0;92.0;76.0;39432.742188;-73163.359375;-54317.824219;39432.367188;-73153.84375;-54469.527344;39249.835938;-73183.34375;-54318.628906;39249.460938;-73173.828125;-54470.332031;39388.398438;-72758.578125;-54292.324219;39388.023438;-72749.0625;-54444.027344;39205.492188;-72778.5625;-54293.128906;39205.117188;-72769.046875;-54444.832031;-1;-1;-1;-1;-1;-1;-1;-1;-1;-1;-1;-1;-1;-1;-1;-1;-1;-1
J0:19:19:40:147;Hatchback_Car_AI_C_11;211;39028.382812;-70066.9375;-53917.070312;-1;-1;678.413513;0.071738;-0.964723;-0.253306;39030.96875;-70100.390625;-53844.191406;204.0;92.0;76.0;39138.871094;-70309.53125;-53822.457031;39135.824219;-70271.15625;-53969.496094;38955.378906;-70323.234375;-53822.238281;38952.332031;-70284.859375;-53969.277344;39109.605469;-69915.921875;-53719.105469;39106.558594;-69877.546875;-53866.144531;38926.113281;-69929.625;-53718.886719;38923.066406;-69891.25;-53865.925781;-1;-1;-1;-1;-1;-1;-1;-1;-1;-1;-1;-1;-1;-1;-1;-1;-1;-1
