Time;ID;Cat;XPos;YPos;ZPos;2D_XPos;2D_YPos;Vel;XDir;YDir;ZDir;BBox_XPos;BBox_YPos;BBox_ZPos;BBox_Ext_X;BBox_Ext_Y;BBox_Ext_Z;Corner_XYZ_X;Corner_XYZ_Y;Corner_XYZ_Z;Corner_XY-Z_X;Corner_XY-Z_Y;Corner_XY-Z_Z;Corner_X-YZ_X;Corner_X-YZ_Y;Corner_X-YZ_Z;Corner_X-Y-Z_X;Corner_X-Y-Z_Y;Corner_X-Y-Z_Z;Corner_-XYZ_X;Corner_-XYZ_Y;Corner_-XYZ_Z;Corner_-XY-Z_X;Corner_-XY-Z_Y;Corner_-XY-Z_Z;Corner_-X-YZ_X;Corner_-X-YZ_Y;Corner_-X-YZ_Z;Corner_-X-Y-Z_X;Corner_-X-Y-Z_Y;Corner_-X-Y-Z_Z;BBox_2D_XPos;BBox_2D_YPos;Corner_2D_XYZ_X;Corner_2D_XYZ_Y;Corner_2D_XY-Z_X;Corner_2D_XY-Z_Y;Corner_2D_X-YZ_X;Corner_2D_X-YZ_Y;Corner_2D_X-Y-Z_X;Corner_2D_X-Y-Z_Y;Corner_2D_-XYZ_X;Corner_2D_-XYZ_Y;Corner_-2D_XY-Z_X;Corner_2D_-XY-Z_Y;Corner_2D_-X-YZ_X;Corner_2D_-X-YZ_Y;Corner_2D_-X-Y-Z_X;Corner_2D_-X-Y-Z_Y;
J0:19:19:56:545;Hatchback_Car_AI_C_7;211;39395.976562;-73845.757812;-54476.703125;-1;-1;663.746338;0.06825;-0.997556;0.01495;39396.972656;-73858.539062;-54397.503906;204.0;92.0;76.0;39502.71875;-74054.617188;-54318.605469;39502.640625;-74056.898438;-54470.589844;39319.148438;-74067.179688;-54318.316406;39319.070312;-74069.460938;-54470.300781;39474.875;-73647.617188;-54324.707031;39474.796875;-73649.898438;-54476.691406;39291.304688;-73660.179688;-54324.417969;39291.226562;-73662.460938;-54476.402344;-1;-1;-1;-1;-1;-1;-1;-1;-1;-1;-1;-1;-1;-1;-1;-1;-1;-1
J0:19:19:56:545;Hatchback_Car_AI_C_11;211;39107.539062;-70968.0625;-54147.644531;-1;-1;697.017944;0.090172;-0.966341;-0.240944;39110.785156;-71000.523438;-54074.34375;204.0;92.0;76.0;39222.6875;-71207.257812;-54049.980469;39218.867188;-71170.835938;-54197.503906;39039.492188;-71224.476562;-54049.488281;39035.671875;-71188.054688;-54197.011719;39185.898438;-70812.992188;-53951.675781;39182.078125;-70776.570312;-54099.199219;39002.703125;-70830.210938;-53951.183594;38998.882812;-70793.789062;-54098.707031;-1;-1;-1;-1;-1;-1;-1;-1;-1;-1;-1;-1;-1;-1;-1;-1;-1;-1
