Time;ID;Cat;XPos;YPos;ZPos;2D_XPos;2D_YPos;Vel;XDir;YDir;ZDir;BBox_XPos;BBox_YPos;BBox_ZPos;BBox_Ext_X;BBox_Ext_Y;BBox_Ext_Z;Corner_XYZ_X;Corner_XYZ_Y;Corner_XYZ_Z;Corner_XY-Z_X;Corner_XY-Z_Y;Corner_XY-Z_Z;Corner_X-YZ_X;Corner_X-YZ_Y;Corner_X-YZ_Z;Corner_X-Y-Z_X;Corner_X-Y-Z_Y;Corner_X-Y-Z_Z;Corner_-XYZ_X;Corner_-XYZ_Y;Corner_-XYZ_Z;Corner_-XY-Z_X;Corner_-XY-Z_Y;Corner_-XY-Z_Z;Corner_-X-YZ_X;Corner_-X-YZ_Y;Corner_-X-YZ_Z;Corner_-X-Y-Z_X;Corner_-X-Y-Z_Y;Corner_-X-Y-Z_Z;BBox_2D_XPos;BBox_2D_YPos;Corner_2D_XYZ_X;Corner_2D_XYZ_Y;Corner_2D_XY-Z_X;Corner_2D_XY-Z_Y;Corner_2D_X-YZ_X;Corner_2D_X-YZ_Y;Corner_2D_X-Y-Z_X;Corner_2D_X-Y-Z_Y;Corner_2D_-XYZ_X;Corner_2D_-XYZ_Y;Corner_-2D_XY-Z_X;Corner_2D_-XY-Z_Y;Corner_2D_-X-YZ_X;Corner_2D_-X-YZ_Y;Corner_2D_-X-Y-Z_X;Corner_2D_-X-Y-Z_Y;
J0:19:20:40:146;Hatchback_Car_AI_C_3;211;39298.128906;-77432.359375;-54424.851562;566;679;572.362366;-0.038804;-0.999247;0.000358;39297.589844;-77446.320312;-54345.847656;204.0;92.0;76.0;39381.605469;-77653.710938;-54269.777344;39381.597656;-77653.757812;-54421.777344;39197.746094;-77646.570312;-54269.769531;39197.738281;-77646.617188;-54421.769531;39397.441406;-77246.023438;-54269.925781;39397.433594;-77246.070312;-54421.925781;39213.582031;-77238.882812;-54269.917969;39213.574219;-77238.929688;-54421.917969;569;666;599;654;599;681;526;654;526;681;610;651;610;677;539;651;539;677
J0:19:20:40:146;Hatchback_Car_AI_C_11;211;39359.660156;-73391.28125;-54476.824219;-1;-1;662.991577;0.094757;-0.995251;-0.022258;39361.03125;-73406.976562;-54398.15625;204.0;92.0;76.0;39471.992188;-73602.984375;-54326.570312;39471.90625;-73599.59375;-54478.53125;39288.820312;-73620.421875;-54326.859375;39288.734375;-73617.03125;-54478.820312;39433.328125;-73196.921875;-54317.492188;39433.242188;-73193.53125;-54469.453125;39250.15625;-73214.359375;-54317.78125;39250.070312;-73210.96875;-54469.742188;-1;-1;-1;-1;-1;-1;-1;-1;-1;-1;-1;-1;-1;-1;-1;-1;-1;-1
J0:19:20:40:146;Hatchback_Car_AI_C_15;211;39008.789062;-69792.984375;-53846.402344;-1;-1;677.165466;0.057714;-0.966311;-0.250821;39010.898438;-69826.289062;-53773.4375;204.0;92.0;76.0;39115.761719;-70036.914062;-53751.171875;39113.253906;-69998.867188;-53898.3125;38932.089844;-70047.960938;-53750.898438;38929.582031;-70009.914062;-53898.039062;39092.214844;-69642.664062;-53648.835938;39089.707031;-69604.617188;-53795.976562;38908.542969;-69653.710938;-53648.5625;38906.035156;-69615.664062;-53795.703125;-1;-1;-1;-1;-1;-1;-1;-1;-1;-1;-1;-1;-1;-1;-1;-1;-1;-1
