Time;ID;Cat;XPos;YPos;ZPos;2D_XPos;2D_YPos;Vel;XDir;YDir;ZDir;BBox_XPos;BBox_YPos;BBox_ZPos;BBox_Ext_X;BBox_Ext_Y;BBox_Ext_Z;Corner_XYZ_X;Corner_XYZ_Y;Corner_XYZ_Z;Corner_XY-Z_X;Corner_XY-Z_Y;Corner_XY-Z_Z;Corner_X-YZ_X;Corner_X-YZ_Y;Corner_X-YZ_Z;Corner_X-Y-Z_X;Corner_X-Y-Z_Y;Corner_X-Y-Z_Z;Corner_-XYZ_X;Corner_-XYZ_Y;Corner_-XYZ_Z;Corner_-XY-Z_X;Corner_-XY-Z_Y;Corner_-XY-Z_Z;Corner_-X-YZ_X;Corner_-X-YZ_Y;Corner_-X-YZ_Z;Corner_-X-Y-Z_X;Corner_-X-Y-Z_Y;Corner_-X-Y-Z_Z;BBox_2D_XPos;BBox_2D_YPos;Corner_2D_XYZ_X;Corner_2D_XYZ_Y;Corner_2D_XY-Z_X;Corner_2D_XY-Z_Y;Corner_2D_X-YZ_X;Corner_2D_X-YZ_Y;Corner_2D_X-Y-Z_X;Corner_2D_X-Y-Z_Y;Corner_2D_-XYZ_X;Corner_2D_-XYZ_Y;Corner_-2D_XY-Z_X;Corner_2D_-XY-Z_Y;Corner_2D_-X-YZ_X;Corner_2D_-X-YZ_Y;Corner_2D_-X-Y-Z_X;Corner_2D_-X-Y-Z_Y;
J0:19:19:41:340;Hatchback_Car_AI_C_7;211;39324.179688;-73011.851562;-54463.074219;-1;-1;631.926819;0.108182;-0.992419;-0.058326;39325.902344;-73030.359375;-54385.027344;204.0;92.0;76.0;39439.632812;-73227.296875;-54320.714844;39439.234375;-73218.421875;-54472.457031;39256.710938;-73247.203125;-54321.394531;39256.3125;-73238.328125;-54473.136719;39395.492188;-72822.390625;-54296.917969;39395.09375;-72813.515625;-54448.660156;39212.570312;-72842.296875;-54297.597656;39212.171875;-72833.421875;-54449.339844;-1;-1;-1;-1;-1;-1;-1;-1;-1;-1;-1;-1;-1;-1;-1;-1;-1;-1
J0:19:19:41:340;Hatchback_Car_AI_C_11;211;39033.183594;-70130.59375;-53933.675781;-1;-1;651.062927;0.073043;-0.96428;-0.254617;39035.855469;-70164.140625;-53860.84375;204.0;92.0;76.0;39144.078125;-70373.15625;-53839.433594;39140.90625;-70334.578125;-53986.425781;38960.609375;-70387.125;-53839.144531;38957.4375;-70348.546875;-53986.136719;39114.273438;-69979.734375;-53735.550781;39111.101562;-69941.15625;-53882.542969;38930.804688;-69993.703125;-53735.261719;38927.632812;-69955.125;-53882.253906;-1;-1;-1;-1;-1;-1;-1;-1;-1;-1;-1;-1;-1;-1;-1;-1;-1;-1
