Time;ID;Cat;XPos;YPos;ZPos;2D_XPos;2D_YPos;Vel;XDir;YDir;ZDir;BBox_XPos;BBox_YPos;BBox_ZPos;BBox_Ext_X;BBox_Ext_Y;BBox_Ext_Z;Corner_XYZ_X;Corner_XYZ_Y;Corner_XYZ_Z;Corner_XY-Z_X;Corner_XY-Z_Y;Corner_XY-Z_Z;Corner_X-YZ_X;Corner_X-YZ_Y;Corner_X-YZ_Z;Corner_X-Y-Z_X;Corner_X-Y-Z_Y;Corner_X-Y-Z_Z;Corner_-XYZ_X;Corner_-XYZ_Y;Corner_-XYZ_Z;Corner_-XY-Z_X;Corner_-XY-Z_Y;Corner_-XY-Z_Z;Corner_-X-YZ_X;Corner_-X-YZ_Y;Corner_-X-YZ_Z;Corner_-X-Y-Z_X;Corner_-X-Y-Z_Y;Corner_-X-Y-Z_Z;BBox_2D_XPos;BBox_2D_YPos;Corner_2D_XYZ_X;Corner_2D_XYZ_Y;Corner_2D_XY-Z_X;Corner_2D_XY-Z_Y;Corner_2D_X-YZ_X;Corner_2D_X-YZ_Y;Corner_2D_X-Y-Z_X;Corner_2D_X-Y-Z_Y;Corner_2D_-XYZ_X;Corner_2D_-XYZ_Y;Corner_-2D_XY-Z_X;Corner_2D_-XY-Z_Y;Corner_2D_-X-YZ_X;Corner_2D_-X-YZ_Y;Corner_2D_-X-Y-Z_X;Corner_2D_-X-Y-Z_Y;
J0:19:20:56:150;Hatchback_Car_AI_C_3;211;39270.132812;-78325.203125;-54424.761719;723;679;760.094849;-0.029213;-0.999572;0.001608;39269.722656;-78339.070312;-54345.738281;204.0;92.0;76.0;39355.722656;-78545.546875;-54269.40625;39355.722656;-78545.796875;-54421.40625;39171.800781;-78540.171875;-54269.414062;39171.800781;-78540.421875;-54421.414062;39367.644531;-78137.71875;-54270.0625;39367.644531;-78137.96875;-54422.0625;39183.722656;-78132.34375;-54270.070312;39183.722656;-78132.59375;-54422.070312;725;665;758;654;758;680;685;654;685;680;764;650;764;676;694;650;694;676
J0:19:20:56:150;Hatchback_Car_AI_C_15;211;39078.898438;-70678.25;-54074.941406;-1;-1;671.111145;0.088;-0.964416;-0.249314;39082.070312;-70711.351562;-54001.925781;204.0;92.0;76.0;39193.503906;-70918.546875;-53979.355469;39189.769531;-70880.828125;-54126.558594;39010.277344;-70935.359375;-53979.011719;39006.542969;-70897.640625;-54126.214844;39157.597656;-70525.0625;-53877.636719;39153.863281;-70487.34375;-54024.839844;38974.371094;-70541.875;-53877.292969;38970.636719;-70504.15625;-54024.496094;-1;-1;-1;-1;-1;-1;-1;-1;-1;-1;-1;-1;-1;-1;-1;-1;-1;-1
