Time;ID;Cat;XPos;YPos;ZPos;2D_XPos;2D_YPos;Vel;XDir;YDir;ZDir;BBox_XPos;BBox_YPos;BBox_ZPos;BBox_Ext_X;BBox_Ext_Y;BBox_Ext_Z;Corner_XYZ_X;Corner_XYZ_Y;Corner_XYZ_Z;Corner_XY-Z_X;Corner_XY-Z_Y;Corner_XY-Z_Z;Corner_X-YZ_X;Corner_X-YZ_Y;Corner_X-YZ_Z;Corner_X-Y-Z_X;Corner_X-Y-Z_Y;Corner_X-Y-Z_Z;Corner_-XYZ_X;Corner_-XYZ_Y;Corner_-XYZ_Z;Corner_-XY-Z_X;Corner_-XY-Z_Y;Corner_-XY-Z_Z;Corner_-X-YZ_X;Corner_-X-YZ_Y;Corner_-X-YZ_Z;Corner_-X-Y-Z_X;Corner_-X-Y-Z_Y;Corner_-X-Y-Z_Z;BBox_2D_XPos;BBox_2D_YPos;Corner_2D_XYZ_X;Corner_2D_XYZ_Y;Corner_2D_XY-Z_X;Corner_2D_XY-Z_Y;Corner_2D_X-YZ_X;Corner_2D_X-YZ_Y;Corner_2D_X-Y-Z_X;Corner_2D_X-Y-Z_Y;Corner_2D_-XYZ_X;Corner_2D_-XYZ_Y;Corner_-2D_XY-Z_X;Corner_2D_-XY-Z_Y;Corner_2D_-X-YZ_X;Corner_2D_-X-YZ_Y;Corner_2D_-X-Y-Z_X;Corner_2D_-X-Y-Z_Y;
J0:19:18:51:749;Hatchback_Car_AI_C_3;211;39371.371094;-73513.835938;-54478.398438;-1;-1;699.219727;0.084563;-0.996382;-0.008503;39372.59375;-73528.453125;-54399.519531;204.0;92.0;76.0;39481.550781;-73724.585938;-54325.234375;39481.480469;-73723.289062;-54477.226562;39298.207031;-73740.148438;-54325.28125;39298.136719;-73738.851562;-54477.273438;39447.050781;-73318.054688;-54321.765625;39446.980469;-73316.757812;-54473.757812;39263.707031;-73333.617188;-54321.8125;39263.636719;-73332.320312;-54473.804688;-1;-1;-1;-1;-1;-1;-1;-1;-1;-1;-1;-1;-1;-1;-1;-1;-1;-1
J0:19:18:51:749;Hatchback_Car_AI_C_7;211;39044.28125;-70274.109375;-53970.855469;-1;-1;672.543762;0.075663;-0.964309;-0.253738;39047.078125;-70307.578125;-53897.992188;204.0;92.0;76.0;39155.898438;-70516.257812;-53876.433594;39152.554688;-70477.835938;-54023.457031;38972.46875;-70530.757812;-53876.050781;38969.125;-70492.335938;-54023.074219;39125.03125;-70122.820312;-53772.910156;39121.6875;-70084.398438;-53919.933594;38941.601562;-70137.320312;-53772.527344;38938.257812;-70098.898438;-53919.550781;-1;-1;-1;-1;-1;-1;-1;-1;-1;-1;-1;-1;-1;-1;-1;-1;-1;-1
