Time;ID;Cat;XPos;YPos;ZPos;2D_XPos;2D_YPos;Vel;XDir;YDir;ZDir;BBox_XPos;BBox_YPos;BBox_ZPos;BBox_Ext_X;BBox_Ext_Y;BBox_Ext_Z;Corner_XYZ_X;Corner_XYZ_Y;Corner_XYZ_Z;Corner_XY-Z_X;Corner_XY-Z_Y;Corner_XY-Z_Z;Corner_X-YZ_X;Corner_X-YZ_Y;Corner_X-YZ_Z;Corner_X-Y-Z_X;Corner_X-Y-Z_Y;Corner_X-Y-Z_Z;Corner_-XYZ_X;Corner_-XYZ_Y;Corner_-XYZ_Z;Corner_-XY-Z_X;Corner_-XY-Z_Y;Corner_-XY-Z_Z;Corner_-X-YZ_X;Corner_-X-YZ_Y;Corner_-X-YZ_Z;Corner_-X-Y-Z_X;Corner_-X-Y-Z_Y;Corner_-X-Y-Z_Z;BBox_2D_XPos;BBox_2D_YPos;Corner_2D_XYZ_X;Corner_2D_XYZ_Y;Corner_2D_XY-Z_X;Corner_2D_XY-Z_Y;Corner_2D_X-YZ_X;Corner_2D_X-YZ_Y;Corner_2D_X-Y-Z_X;Corner_2D_X-Y-Z_Y;Corner_2D_-XYZ_X;Corner_2D_-XYZ_Y;Corner_-2D_XY-Z_X;Corner_2D_-XY-Z_Y;Corner_2D_-X-YZ_X;Corner_2D_-X-YZ_Y;Corner_2D_-X-Y-Z_X;Corner_2D_-X-Y-Z_Y;
J0:19:20:01:342;Hatchback_Car_AI_C_3;211;39366.96875;-75959.265625;-54424.328125;301;681;215.621902;-0.074404;-0.997222;-0.003531;39365.972656;-75973.507812;-54345.378906;204.0;92.0;76.0;39442.585938;-76184.054688;-54270.175781;39442.492188;-76183.507812;-54422.175781;39259.09375;-76170.367188;-54270.019531;39259.0;-76169.820312;-54422.019531;39472.945312;-75777.195312;-54268.738281;39472.851562;-75776.648438;-54420.738281;39289.453125;-75763.507812;-54268.582031;39289.359375;-75762.960938;-54420.582031;304;667;332;656;332;682;257;656;257;682;350;652;350;679;277;652;277;679
J0:19:20:01:342;Hatchback_Car_AI_C_11;211;39132.953125;-71230.046875;-54210.503906;-1;-1;691.831848;0.094402;-0.968693;-0.229615;39136.1875;-71261.648438;-54136.828125;204.0;92.0;76.0;39248.851562;-71467.648438;-54109.875;39245.164062;-71432.945312;-54257.8125;39065.726562;-71485.585938;-54109.523438;39062.039062;-71450.882812;-54257.460938;39210.335938;-71072.414062;-54016.195312;39206.648438;-71037.710938;-54164.132812;39027.210938;-71090.351562;-54015.84375;39023.523438;-71055.648438;-54163.78125;-1;-1;-1;-1;-1;-1;-1;-1;-1;-1;-1;-1;-1;-1;-1;-1;-1;-1
