Time;ID;Cat;XPos;YPos;ZPos;2D_XPos;2D_YPos;Vel;XDir;YDir;ZDir;BBox_XPos;BBox_YPos;BBox_ZPos;BBox_Ext_X;BBox_Ext_Y;BBox_Ext_Z;Corner_XYZ_X;Corner_XYZ_Y;Corner_XYZ_Z;Corner_XY-Z_X;Corner_XY-Z_Y;Corner_XY-Z_Z;Corner_X-YZ_X;Corner_X-YZ_Y;Corner_X-YZ_Z;Corner_X-Y-Z_X;Corner_X-Y-Z_Y;Corner_X-Y-Z_Z;Corner_-XYZ_X;Corner_-XYZ_Y;Corner_-XYZ_Z;Corner_-XY-Z_X;Corner_-XY-Z_Y;Corner_-XY-Z_Z;Corner_-X-YZ_X;Corner_-X-YZ_Y;Corner_-X-YZ_Z;Corner_-X-Y-Z_X;Corner_-X-Y-Z_Y;Corner_-X-Y-Z_Z;BBox_2D_XPos;BBox_2D_YPos;Corner_2D_XYZ_X;Corner_2D_XYZ_Y;Corner_2D_XY-Z_X;Corner_2D_XY-Z_Y;Corner_2D_X-YZ_X;Corner_2D_X-YZ_Y;Corner_2D_X-Y-Z_X;Corner_2D_X-Y-Z_Y;Corner_2D_-XYZ_X;Corner_2D_-XYZ_Y;Corner_-2D_XY-Z_X;Corner_2D_-XY-Z_Y;Corner_2D_-X-YZ_X;Corner_2D_-X-YZ_Y;Corner_2D_-X-Y-Z_X;Corner_2D_-X-Y-Z_Y;
J0:19:20:54:544;Hatchback_Car_AI_C_3;211;39272.960938;-78224.0;-54424.765625;705;679;737.043152;-0.030448;-0.999535;0.001498;39272.535156;-78237.875;-54345.746094;204.0;92.0;76.0;39358.28125;-78444.46875;-54269.4375;39358.28125;-78444.703125;-54421.4375;39174.367188;-78438.859375;-54269.445312;39174.367188;-78439.09375;-54421.445312;39370.703125;-78036.65625;-54270.046875;39370.703125;-78036.890625;-54422.046875;39186.789062;-78031.046875;-54270.054688;39186.789062;-78031.28125;-54422.054688;708;665;740;654;740;681;667;654;667;681;747;650;747;676;676;650;676;676
J0:19:20:54:544;Hatchback_Car_AI_C_7;211;39268.621094;-76940.8125;-54425.007812;483;679;561.60437;-0.134691;-0.990888;-0.000278;39266.757812;-76954.710938;-54346.011719;204.0;92.0;76.0;39330.460938;-77169.265625;-54270.09375;39330.421875;-77169.21875;-54422.09375;39148.140625;-77144.484375;-54270.039062;39148.101562;-77144.4375;-54422.039062;39385.414062;-76764.984375;-54269.984375;39385.375;-76764.9375;-54421.984375;39203.09375;-76740.203125;-54269.929688;39203.054688;-76740.15625;-54421.929688;486;665;518;653;518;680;443;653;443;680;528;651;528;677;454;651;454;677
J0:19:20:54:544;Hatchback_Car_AI_C_15;211;39070.722656;-70590.039062;-54052.46875;-1;-1;703.364746;0.087158;-0.964408;-0.24964;39073.839844;-70623.171875;-53979.464844;204.0;92.0;76.0;39185.070312;-70830.484375;-53956.933594;39181.421875;-70792.71875;-54104.121094;39001.820312;-70847.109375;-53956.660156;38998.171875;-70809.34375;-54103.847656;39149.507812;-70437.0;-53855.082031;39145.859375;-70399.234375;-54002.269531;38966.257812;-70453.625;-53854.808594;38962.609375;-70415.859375;-54001.996094;-1;-1;-1;-1;-1;-1;-1;-1;-1;-1;-1;-1;-1;-1;-1;-1;-1;-1
