Time;ID;Cat;XPos;YPos;ZPos;2D_XPos;2D_YPos;Vel;XDir;YDir;ZDir;BBox_XPos;BBox_YPos;BBox_ZPos;BBox_Ext_X;BBox_Ext_Y;BBox_Ext_Z;Corner_XYZ_X;Corner_XYZ_Y;Corner_XYZ_Z;Corner_XY-Z_X;Corner_XY-Z_Y;Corner_XY-Z_Z;Corner_X-YZ_X;Corner_X-YZ_Y;Corner_X-YZ_Z;Corner_X-Y-Z_X;Corner_X-Y-Z_Y;Corner_X-Y-Z_Z;Corner_-XYZ_X;Corner_-XYZ_Y;Corner_-XYZ_Z;Corner_-XY-Z_X;Corner_-XY-Z_Y;Corner_-XY-Z_Z;Corner_-X-YZ_X;Corner_-X-YZ_Y;Corner_-X-YZ_Z;Corner_-X-Y-Z_X;Corner_-X-Y-Z_Y;Corner_-X-Y-Z_Z;BBox_2D_XPos;BBox_2D_YPos;Corner_2D_XYZ_X;Corner_2D_XYZ_Y;Corner_2D_XY-Z_X;Corner_2D_XY-Z_Y;Corner_2D_X-YZ_X;Corner_2D_X-YZ_Y;Corner_2D_X-Y-Z_X;Corner_2D_X-Y-Z_Y;Corner_2D_-XYZ_X;Corner_2D_-XYZ_Y;Corner_-2D_XY-Z_X;Corner_2D_-XY-Z_Y;Corner_2D_-X-YZ_X;Corner_2D_-X-YZ_Y;Corner_2D_-X-Y-Z_X;Corner_2D_-X-Y-Z_Y;
J0:19:20:52:545;Hatchback_Car_AI_C_3;211;39276.5;-78101.945312;-54424.800781;684;679;727.308105;-0.0307;-0.999526;0.002313;39276.070312;-78115.757812;-54345.769531;204.0;92.0;76.0;39361.765625;-78322.3125;-54269.289062;39361.765625;-78322.671875;-54421.289062;39177.851562;-78316.65625;-54269.304688;39177.851562;-78317.015625;-54421.304688;39374.289062;-77914.5;-54270.234375;39374.289062;-77914.859375;-54422.234375;39190.375;-77908.84375;-54270.25;39190.375;-77909.203125;-54422.25;686;665;718;654;718;681;646;654;646;681;726;650;726;676;655;650;655;676
J0:19:20:52:545;Hatchback_Car_AI_C_11;211;39406.15625;-74072.96875;-54471.273438;-1;-1;677.727539;0.049368;-0.998336;0.029804;39406.886719;-74084.585938;-54391.890625;204.0;92.0;76.0;39508.882812;-74281.4375;-54310.027344;39508.804688;-74285.984375;-54461.957031;39325.109375;-74290.515625;-54309.667969;39325.03125;-74295.0625;-54461.597656;39488.742188;-73874.109375;-54322.183594;39488.664062;-73878.65625;-54474.113281;39304.96875;-73883.1875;-54321.824219;39304.890625;-73887.734375;-54473.753906;-1;-1;-1;-1;-1;-1;-1;-1;-1;-1;16;660;16;688;-1;-1;-1;-1
J0:19:20:52:545;Hatchback_Car_AI_C_15;211;39061.03125;-70480.453125;-54024.257812;-1;-1;682.16095;0.082267;-0.964164;-0.252231;39064.054688;-70513.789062;-53951.34375;204.0;92.0;76.0;39174.300781;-70721.6875;-53929.460938;39170.699219;-70683.515625;-54076.546875;38990.972656;-70737.4375;-53929.054688;38987.371094;-70699.265625;-54076.140625;39140.738281;-70328.3125;-53826.546875;39137.136719;-70290.140625;-53973.632812;38957.410156;-70344.0625;-53826.140625;38953.808594;-70305.890625;-53973.226562;-1;-1;-1;-1;-1;-1;-1;-1;-1;-1;-1;-1;-1;-1;-1;-1;-1;-1
