Time;ID;Cat;XPos;YPos;ZPos;2D_XPos;2D_YPos;Vel;XDir;YDir;ZDir;BBox_XPos;BBox_YPos;BBox_ZPos;BBox_Ext_X;BBox_Ext_Y;BBox_Ext_Z;Corner_XYZ_X;Corner_XYZ_Y;Corner_XYZ_Z;Corner_XY-Z_X;Corner_XY-Z_Y;Corner_XY-Z_Z;Corner_X-YZ_X;Corner_X-YZ_Y;Corner_X-YZ_Z;Corner_X-Y-Z_X;Corner_X-Y-Z_Y;Corner_X-Y-Z_Z;Corner_-XYZ_X;Corner_-XYZ_Y;Corner_-XYZ_Z;Corner_-XY-Z_X;Corner_-XY-Z_Y;Corner_-XY-Z_Z;Corner_-X-YZ_X;Corner_-X-YZ_Y;Corner_-X-YZ_Z;Corner_-X-Y-Z_X;Corner_-X-Y-Z_Y;Corner_-X-Y-Z_Z;BBox_2D_XPos;BBox_2D_YPos;Corner_2D_XYZ_X;Corner_2D_XYZ_Y;Corner_2D_XY-Z_X;Corner_2D_XY-Z_Y;Corner_2D_X-YZ_X;Corner_2D_X-YZ_Y;Corner_2D_X-Y-Z_X;Corner_2D_X-Y-Z_Y;Corner_2D_-XYZ_X;Corner_2D_-XYZ_Y;Corner_-2D_XY-Z_X;Corner_2D_-XY-Z_Y;Corner_2D_-X-YZ_X;Corner_2D_-X-YZ_Y;Corner_2D_-X-Y-Z_X;Corner_2D_-X-Y-Z_Y;
J0:19:18:17:749;Hatchback_Car_AI_C_3;211;39174.925781;-71641.726562;-54297.765625;-1;-1;687.817078;0.0997;-0.976903;-0.188996;39177.742188;-71670.265625;-54222.835938;204.0;92.0;76.0;39290.972656;-71874.53125;-54186.648438;39288.246094;-71845.9375;-54335.90625;39107.917969;-71893.171875;-54186.875;39105.191406;-71864.578125;-54336.132812;39250.292969;-71475.953125;-54109.539062;39247.566406;-71447.359375;-54258.796875;39067.238281;-71494.59375;-54109.765625;39064.511719;-71466.0;-54259.023438;-1;-1;-1;-1;-1;-1;-1;-1;-1;-1;-1;-1;-1;-1;-1;-1;-1;-1
J0:19:18:17:749;Hatchback_Car_AI_C_7;211;38987.089844;-68389.8125;-53526.789062;-1;-1;668.772034;-0.043557;-0.983182;-0.177358;38985.859375;-68417.578125;-53451.523438;204.0;92.0;76.0;39068.285156;-68635.6875;-53412.90625;39069.480469;-68608.75;-53562.5;38884.464844;-68627.546875;-53412.90625;38885.660156;-68600.609375;-53562.5;39086.058594;-68234.546875;-53340.546875;39087.253906;-68207.609375;-53490.140625;38902.238281;-68226.40625;-53340.546875;38903.433594;-68199.46875;-53490.140625;-1;-1;-1;-1;-1;-1;-1;-1;-1;-1;-1;-1;-1;-1;-1;-1;-1;-1
