Time;ID;Cat;XPos;YPos;ZPos;2D_XPos;2D_YPos;Vel;XDir;YDir;ZDir;BBox_XPos;BBox_YPos;BBox_ZPos;BBox_Ext_X;BBox_Ext_Y;BBox_Ext_Z;Corner_XYZ_X;Corner_XYZ_Y;Corner_XYZ_Z;Corner_XY-Z_X;Corner_XY-Z_Y;Corner_XY-Z_Z;Corner_X-YZ_X;Corner_X-YZ_Y;Corner_X-YZ_Z;Corner_X-Y-Z_X;Corner_X-Y-Z_Y;Corner_X-Y-Z_Z;Corner_-XYZ_X;Corner_-XYZ_Y;Corner_-XYZ_Z;Corner_-XY-Z_X;Corner_-XY-Z_Y;Corner_-XY-Z_Z;Corner_-X-YZ_X;Corner_-X-YZ_Y;Corner_-X-YZ_Z;Corner_-X-Y-Z_X;Corner_-X-Y-Z_Y;Corner_-X-Y-Z_Z;BBox_2D_XPos;BBox_2D_YPos;Corner_2D_XYZ_X;Corner_2D_XYZ_Y;Corner_2D_XY-Z_X;Corner_2D_XY-Z_Y;Corner_2D_X-YZ_X;Corner_2D_X-YZ_Y;Corner_2D_X-Y-Z_X;Corner_2D_X-Y-Z_Y;Corner_2D_-XYZ_X;Corner_2D_-XYZ_Y;Corner_-2D_XY-Z_X;Corner_2D_-XY-Z_Y;Corner_2D_-X-YZ_X;Corner_2D_-X-YZ_Y;Corner_2D_-X-Y-Z_X;Corner_2D_-X-Y-Z_Y;
J0:19:20:58:948;Hatchback_Car_AI_C_3;211;39265.179688;-78510.882812;-54424.761719;755;679;822.158325;-0.026611;-0.999642;0.002753;39264.804688;-78524.65625;-54345.722656;204.0;92.0;76.0;39351.339844;-78730.820312;-54269.148438;39351.347656;-78731.242188;-54421.148438;39167.402344;-78725.929688;-54269.171875;39167.410156;-78726.351562;-54421.171875;39362.199219;-78322.960938;-54270.273438;39362.207031;-78323.382812;-54422.273438;39178.261719;-78318.070312;-54270.296875;39178.269531;-78318.492188;-54422.296875;758;665;791;653;791;680;718;653;718;680;796;650;796;676;726;650;726;676
J0:19:20:58:948;Hatchback_Car_AI_C_15;211;39093.011719;-70830.3125;-54113.300781;-1;-1;679.864319;0.088895;-0.96538;-0.245233;39096.242188;-70863.101562;-54040.148438;204.0;92.0;76.0;39207.890625;-71070.085938;-54016.734375;39204.070312;-71033.007812;-54164.09375;39024.679688;-71087.070312;-54016.257812;39020.859375;-71049.992188;-54163.617188;39171.625;-70676.210938;-53916.679688;39167.804688;-70639.132812;-54064.039062;38988.414062;-70693.195312;-53916.203125;38984.59375;-70656.117188;-54063.5625;-1;-1;-1;-1;-1;-1;-1;-1;-1;-1;-1;-1;-1;-1;-1;-1;-1;-1
