Time;ID;Cat;XPos;YPos;ZPos;2D_XPos;2D_YPos;Vel;XDir;YDir;ZDir;BBox_XPos;BBox_YPos;BBox_ZPos;BBox_Ext_X;BBox_Ext_Y;BBox_Ext_Z;Corner_XYZ_X;Corner_XYZ_Y;Corner_XYZ_Z;Corner_XY-Z_X;Corner_XY-Z_Y;Corner_XY-Z_Z;Corner_X-YZ_X;Corner_X-YZ_Y;Corner_X-YZ_Z;Corner_X-Y-Z_X;Corner_X-Y-Z_Y;Corner_X-Y-Z_Z;Corner_-XYZ_X;Corner_-XYZ_Y;Corner_-XYZ_Z;Corner_-XY-Z_X;Corner_-XY-Z_Y;Corner_-XY-Z_Z;Corner_-X-YZ_X;Corner_-X-YZ_Y;Corner_-X-YZ_Z;Corner_-X-Y-Z_X;Corner_-X-Y-Z_Y;Corner_-X-Y-Z_Z;BBox_2D_XPos;BBox_2D_YPos;Corner_2D_XYZ_X;Corner_2D_XYZ_Y;Corner_2D_XY-Z_X;Corner_2D_XY-Z_Y;Corner_2D_X-YZ_X;Corner_2D_X-YZ_Y;Corner_2D_X-Y-Z_X;Corner_2D_X-Y-Z_Y;Corner_2D_-XYZ_X;Corner_2D_-XYZ_Y;Corner_-2D_XY-Z_X;Corner_2D_-XY-Z_Y;Corner_2D_-X-YZ_X;Corner_2D_-X-YZ_Y;Corner_2D_-X-Y-Z_X;Corner_2D_-X-Y-Z_Y;
J0:19:20:20:151;Hatchback_Car_AI_C_7;211;39419.359375;-75159.953125;-54430.644531;153;684;665.535034;-0.022347;-0.999253;0.031516;39419.125;-75171.453125;-54351.242188;204.0;92.0;76.0;39506.617188;-75374.96875;-54268.878906;39506.46875;-75379.75;-54420.800781;39322.664062;-75370.859375;-54268.824219;39322.515625;-75375.640625;-54420.746094;39515.734375;-74967.265625;-54281.738281;39515.585938;-74972.046875;-54433.660156;39331.78125;-74963.15625;-54281.683594;39331.632812;-74967.9375;-54433.605469;155;670;178;657;178;687;105;657;105;687;203;653;203;682;132;653;132;682
J0:19:20:20:151;Hatchback_Car_AI_C_11;211;39242.445312;-72276.234375;-54397.382812;-1;-1;685.49292;0.109699;-0.985942;-0.126035;39244.6875;-72299.976562;-54320.777344;204.0;92.0;76.0;39359.1875;-72500.554688;-54270.636719;39357.828125;-72481.429688;-54421.425781;39176.304688;-72520.789062;-54271.550781;39174.945312;-72501.664062;-54422.339844;39314.429688;-72098.289062;-54219.214844;39313.070312;-72079.164062;-54370.003906;39131.546875;-72118.523438;-54220.128906;39130.1875;-72099.398438;-54370.917969;-1;-1;-1;-1;-1;-1;-1;-1;-1;-1;-1;-1;-1;-1;-1;-1;-1;-1
