Time;ID;Cat;XPos;YPos;ZPos;2D_XPos;2D_YPos;Vel;XDir;YDir;ZDir;BBox_XPos;BBox_YPos;BBox_ZPos;BBox_Ext_X;BBox_Ext_Y;BBox_Ext_Z;Corner_XYZ_X;Corner_XYZ_Y;Corner_XYZ_Z;Corner_XY-Z_X;Corner_XY-Z_Y;Corner_XY-Z_Z;Corner_X-YZ_X;Corner_X-YZ_Y;Corner_X-YZ_Z;Corner_X-Y-Z_X;Corner_X-Y-Z_Y;Corner_X-Y-Z_Z;Corner_-XYZ_X;Corner_-XYZ_Y;Corner_-XYZ_Z;Corner_-XY-Z_X;Corner_-XY-Z_Y;Corner_-XY-Z_Z;Corner_-X-YZ_X;Corner_-X-YZ_Y;Corner_-X-YZ_Z;Corner_-X-Y-Z_X;Corner_-X-Y-Z_Y;Corner_-X-Y-Z_Z;BBox_2D_XPos;BBox_2D_YPos;Corner_2D_XYZ_X;Corner_2D_XYZ_Y;Corner_2D_XY-Z_X;Corner_2D_XY-Z_Y;Corner_2D_X-YZ_X;Corner_2D_X-YZ_Y;Corner_2D_X-Y-Z_X;Corner_2D_X-Y-Z_Y;Corner_2D_-XYZ_X;Corner_2D_-XYZ_Y;Corner_-2D_XY-Z_X;Corner_2D_-XY-Z_Y;Corner_2D_-X-YZ_X;Corner_2D_-X-YZ_Y;Corner_2D_-X-Y-Z_X;Corner_2D_-X-Y-Z_Y;
J0:19:21:06:943;Hatchback_Car_AI_C_7;211;39111.320312;-77450.164062;-54424.910156;582;675;524.994324;-0.52136;-0.853337;-0.000141;39104.804688;-77462.601562;-54345.917969;204.0;92.0;76.0;39077.699219;-77685.117188;-54271.027344;39076.191406;-77684.164062;-54423.019531;38920.699219;-77589.195312;-54268.871094;38919.191406;-77588.242188;-54420.863281;39290.417969;-77336.960938;-54270.972656;39288.910156;-77336.007812;-54422.964844;39133.417969;-77241.039062;-54268.816406;39131.910156;-77240.085938;-54420.808594;585;661;624;648;624;673;549;648;549;673;620;649;620;675;545;649;545;675
J0:19:21:06:943;Hatchback_Car_AI_C_11;211;39420.0625;-74868.132812;-54441.121094;101;686;616.932373;-0.004251;-0.999258;0.038274;39420.078125;-74879.101562;-54361.644531;204.0;92.0;76.0;39511.28125;-75080.4375;-54277.960938;39511.140625;-75086.25;-54429.851562;39327.28125;-75079.65625;-54277.820312;39327.140625;-75085.46875;-54429.710938;39513.015625;-74672.734375;-54293.578125;39512.875;-74678.546875;-54445.46875;39329.015625;-74671.953125;-54293.4375;39328.875;-74677.765625;-54445.328125;103;671;124;659;124;689;51;659;51;689;152;655;152;684;82;655;82;684
J0:19:21:06:943;Hatchback_Car_AI_C_15;211;39136.15625;-71273.96875;-54220.714844;-1;-1;659.753479;0.093295;-0.969209;-0.227883;39139.367188;-71305.4375;-54146.984375;204.0;92.0;76.0;39251.800781;-71511.523438;-54119.675781;39248.136719;-71477.070312;-54267.675781;39068.660156;-71529.242188;-54119.269531;39064.996094;-71494.789062;-54267.269531;39213.738281;-71116.085938;-54026.699219;39210.074219;-71081.632812;-54174.699219;39030.597656;-71133.804688;-54026.292969;39026.933594;-71099.351562;-54174.292969;-1;-1;-1;-1;-1;-1;-1;-1;-1;-1;-1;-1;-1;-1;-1;-1;-1;-1
