Time;ID;Cat;XPos;YPos;ZPos;2D_XPos;2D_YPos;Vel;XDir;YDir;ZDir;BBox_XPos;BBox_YPos;BBox_ZPos;BBox_Ext_X;BBox_Ext_Y;BBox_Ext_Z;Corner_XYZ_X;Corner_XYZ_Y;Corner_XYZ_Z;Corner_XY-Z_X;Corner_XY-Z_Y;Corner_XY-Z_Z;Corner_X-YZ_X;Corner_X-YZ_Y;Corner_X-YZ_Z;Corner_X-Y-Z_X;Corner_X-Y-Z_Y;Corner_X-Y-Z_Z;Corner_-XYZ_X;Corner_-XYZ_Y;Corner_-XYZ_Z;Corner_-XY-Z_X;Corner_-XY-Z_Y;Corner_-XY-Z_Z;Corner_-X-YZ_X;Corner_-X-YZ_Y;Corner_-X-YZ_Z;Corner_-X-Y-Z_X;Corner_-X-Y-Z_Y;Corner_-X-Y-Z_Z;BBox_2D_XPos;BBox_2D_YPos;Corner_2D_XYZ_X;Corner_2D_XYZ_Y;Corner_2D_XY-Z_X;Corner_2D_XY-Z_Y;Corner_2D_X-YZ_X;Corner_2D_X-YZ_Y;Corner_2D_X-Y-Z_X;Corner_2D_X-Y-Z_Y;Corner_2D_-XYZ_X;Corner_2D_-XYZ_Y;Corner_-2D_XY-Z_X;Corner_2D_-XY-Z_Y;Corner_2D_-X-YZ_X;Corner_2D_-X-YZ_Y;Corner_2D_-X-Y-Z_X;Corner_2D_-X-Y-Z_Y;
J0:19:21:13:739;Hatchback_Car_AI_C_15;211;39174.511719;-71656.070312;-54300.554688;-1;-1;648.767517;0.102058;-0.976311;-0.190789;39177.375;-71684.742188;-54225.675781;204.0;92.0;76.0;39291.078125;-71888.804688;-54189.839844;39288.320312;-71859.929688;-54339.050781;39108.070312;-71907.882812;-54190.144531;39105.3125;-71879.007812;-54339.355469;39249.4375;-71490.476562;-54111.996094;39246.679688;-71461.601562;-54261.207031;39066.429688;-71509.554688;-54112.300781;39063.671875;-71480.679688;-54261.511719;-1;-1;-1;-1;-1;-1;-1;-1;-1;-1;-1;-1;-1;-1;-1;-1;-1;-1
J0:19:21:13:739;Hatchback_Car_AI_C_19;211;38981.839844;-68520.6875;-53551.027344;-1;-1;691.747925;-0.035202;-0.981609;-0.187629;38980.84375;-68549.242188;-53476.058594;204.0;92.0;76.0;39065.121094;-68767.03125;-53439.71875;39066.089844;-68738.53125;-53589.015625;38881.238281;-68760.453125;-53439.65625;38882.207031;-68731.953125;-53588.953125;39079.480469;-68366.53125;-53363.164062;39080.449219;-68338.03125;-53512.460938;38895.597656;-68359.953125;-53363.101562;38896.566406;-68331.453125;-53512.398438;-1;-1;-1;-1;-1;-1;-1;-1;-1;-1;-1;-1;-1;-1;-1;-1;-1;-1
