Time;ID;Cat;XPos;YPos;ZPos;2D_XPos;2D_YPos;Vel;XDir;YDir;ZDir;BBox_XPos;BBox_YPos;BBox_ZPos;BBox_Ext_X;BBox_Ext_Y;BBox_Ext_Z;Corner_XYZ_X;Corner_XYZ_Y;Corner_XYZ_Z;Corner_XY-Z_X;Corner_XY-Z_Y;Corner_XY-Z_Z;Corner_X-YZ_X;Corner_X-YZ_Y;Corner_X-YZ_Z;Corner_X-Y-Z_X;Corner_X-Y-Z_Y;Corner_X-Y-Z_Z;Corner_-XYZ_X;Corner_-XYZ_Y;Corner_-XYZ_Z;Corner_-XY-Z_X;Corner_-XY-Z_Y;Corner_-XY-Z_Z;Corner_-X-YZ_X;Corner_-X-YZ_Y;Corner_-X-YZ_Z;Corner_-X-Y-Z_X;Corner_-X-Y-Z_Y;Corner_-X-Y-Z_Z;BBox_2D_XPos;BBox_2D_YPos;Corner_2D_XYZ_X;Corner_2D_XYZ_Y;Corner_2D_XY-Z_X;Corner_2D_XY-Z_Y;Corner_2D_X-YZ_X;Corner_2D_X-YZ_Y;Corner_2D_X-Y-Z_X;Corner_2D_X-Y-Z_Y;Corner_2D_-XYZ_X;Corner_2D_-XYZ_Y;Corner_-2D_XY-Z_X;Corner_2D_-XY-Z_Y;Corner_2D_-X-YZ_X;Corner_2D_-X-YZ_Y;Corner_2D_-X-Y-Z_X;Corner_2D_-X-Y-Z_Y;
J0:19:20:17:739;Hatchback_Car_AI_C_7;211;39422.15625;-75025.179688;-54435.101562;128;685;669.523438;-0.013665;-0.999242;0.036442;39422.058594;-75036.289062;-54355.644531;204.0;92.0;76.0;39511.351562;-75238.625;-54272.324219;39511.171875;-75244.15625;-54424.222656;39327.367188;-75236.109375;-54272.199219;39327.1875;-75241.640625;-54424.097656;39516.929688;-74830.9375;-54287.191406;39516.75;-74836.46875;-54439.089844;39332.945312;-74828.421875;-54287.066406;39332.765625;-74833.953125;-54438.964844;130;670;153;657;153;688;80;657;80;688;179;654;179;683;108;654;108;683
J0:19:20:17:739;Hatchback_Car_AI_C_11;211;39227.929688;-72143.585938;-54379.988281;-1;-1;656.196045;0.10765;-0.984198;-0.140591;39230.320312;-72168.4375;-54303.742188;204.0;92.0;76.0;39344.589844;-72369.914062;-54256.800781;39342.894531;-72348.601562;-54407.292969;39161.667969;-72389.820312;-54257.550781;39159.972656;-72368.507812;-54408.042969;39300.667969;-71968.367188;-54199.441406;39298.972656;-71947.054688;-54349.933594;39117.746094;-71988.273438;-54200.191406;39116.050781;-71966.960938;-54350.683594;-1;-1;-1;-1;-1;-1;-1;-1;-1;-1;-1;-1;-1;-1;-1;-1;-1;-1
