Time;ID;Cat;XPos;YPos;ZPos;2D_XPos;2D_YPos;Vel;XDir;YDir;ZDir;BBox_XPos;BBox_YPos;BBox_ZPos;BBox_Ext_X;BBox_Ext_Y;BBox_Ext_Z;Corner_XYZ_X;Corner_XYZ_Y;Corner_XYZ_Z;Corner_XY-Z_X;Corner_XY-Z_Y;Corner_XY-Z_Z;Corner_X-YZ_X;Corner_X-YZ_Y;Corner_X-YZ_Z;Corner_X-Y-Z_X;Corner_X-Y-Z_Y;Corner_X-Y-Z_Z;Corner_-XYZ_X;Corner_-XYZ_Y;Corner_-XYZ_Z;Corner_-XY-Z_X;Corner_-XY-Z_Y;Corner_-XY-Z_Z;Corner_-X-YZ_X;Corner_-X-YZ_Y;Corner_-X-YZ_Z;Corner_-X-Y-Z_X;Corner_-X-Y-Z_Y;Corner_-X-Y-Z_Z;BBox_2D_XPos;BBox_2D_YPos;Corner_2D_XYZ_X;Corner_2D_XYZ_Y;Corner_2D_XY-Z_X;Corner_2D_XY-Z_Y;Corner_2D_X-YZ_X;Corner_2D_X-YZ_Y;Corner_2D_X-Y-Z_X;Corner_2D_X-Y-Z_Y;Corner_2D_-XYZ_X;Corner_2D_-XYZ_Y;Corner_-2D_XY-Z_X;Corner_2D_-XY-Z_Y;Corner_2D_-X-YZ_X;Corner_2D_-X-YZ_Y;Corner_2D_-X-Y-Z_X;Corner_2D_-X-Y-Z_Y;
J0:19:20:03:341;Hatchback_Car_AI_C_3;211;39364.347656;-75998.554688;-54424.425781;309;681;250.605957;-0.072194;-0.99739;0.001552;39363.429688;-76012.398438;-54345.402344;204.0;92.0;76.0;39440.554688;-76222.398438;-54269.183594;39440.375;-76222.617188;-54421.183594;39257.03125;-76209.117188;-54268.988281;39256.851562;-76209.335938;-54420.988281;39470.007812;-75815.460938;-54269.816406;39469.828125;-75815.679688;-54421.816406;39286.484375;-75802.179688;-54269.621094;39286.304688;-75802.398438;-54421.621094;311;667;339;655;339;683;264;655;264;683;357;652;357;679;284;652;284;679
J0:19:20:03:341;Hatchback_Car_AI_C_11;211;39144.140625;-71342.085938;-54236.035156;-1;-1;711.100952;0.097322;-0.970885;-0.218886;39147.335938;-71372.875;-54162.015625;204.0;92.0;76.0;39260.492188;-71578.273438;-54132.632812;39256.96875;-71545.195312;-54280.945312;39077.414062;-71596.679688;-54132.390625;39073.890625;-71563.601562;-54280.703125;39220.78125;-71182.148438;-54043.328125;39217.257812;-71149.070312;-54191.640625;39037.703125;-71200.554688;-54043.085938;39034.179688;-71167.476562;-54191.398438;-1;-1;-1;-1;-1;-1;-1;-1;-1;-1;-1;-1;-1;-1;-1;-1;-1;-1
