Time;ID;Cat;XPos;YPos;ZPos;2D_XPos;2D_YPos;Vel;XDir;YDir;ZDir;BBox_XPos;BBox_YPos;BBox_ZPos;BBox_Ext_X;BBox_Ext_Y;BBox_Ext_Z;Corner_XYZ_X;Corner_XYZ_Y;Corner_XYZ_Z;Corner_XY-Z_X;Corner_XY-Z_Y;Corner_XY-Z_Z;Corner_X-YZ_X;Corner_X-YZ_Y;Corner_X-YZ_Z;Corner_X-Y-Z_X;Corner_X-Y-Z_Y;Corner_X-Y-Z_Z;Corner_-XYZ_X;Corner_-XYZ_Y;Corner_-XYZ_Z;Corner_-XY-Z_X;Corner_-XY-Z_Y;Corner_-XY-Z_Z;Corner_-X-YZ_X;Corner_-X-YZ_Y;Corner_-X-YZ_Z;Corner_-X-Y-Z_X;Corner_-X-Y-Z_Y;Corner_-X-Y-Z_Z;BBox_2D_XPos;BBox_2D_YPos;Corner_2D_XYZ_X;Corner_2D_XYZ_Y;Corner_2D_XY-Z_X;Corner_2D_XY-Z_Y;Corner_2D_X-YZ_X;Corner_2D_X-YZ_Y;Corner_2D_X-Y-Z_X;Corner_2D_X-Y-Z_Y;Corner_2D_-XYZ_X;Corner_2D_-XYZ_Y;Corner_-2D_XY-Z_X;Corner_2D_-XY-Z_Y;Corner_2D_-X-YZ_X;Corner_2D_-X-YZ_Y;Corner_2D_-X-Y-Z_X;Corner_2D_-X-Y-Z_Y;
J0:19:20:53:345;Hatchback_Car_AI_C_3;211;39275.085938;-78150.351562;-54424.800781;692;679;737.138245;-0.030212;-0.999541;0.002327;39274.660156;-78164.164062;-54345.769531;204.0;92.0;76.0;39360.453125;-78370.671875;-54269.285156;39360.453125;-78371.03125;-54421.285156;39176.539062;-78365.109375;-54269.300781;39176.539062;-78365.46875;-54421.300781;39372.78125;-77962.859375;-54270.238281;39372.78125;-77963.21875;-54422.238281;39188.867188;-77957.296875;-54270.253906;39188.867188;-77957.65625;-54422.253906;695;665;727;654;727;681;654;654;654;681;734;650;734;676;664;650;664;676
J0:19:20:53:345;Hatchback_Car_AI_C_7;211;39276.390625;-76885.398438;-54424.980469;473;679;555.027771;-0.129312;-0.991603;-0.000995;39274.605469;-76899.367188;-54345.996094;204.0;92.0;76.0;39339.476562;-77113.632812;-54270.242188;39339.429688;-77113.476562;-54422.242188;39157.023438;-77089.835938;-54270.15625;39156.976562;-77089.679688;-54422.15625;39392.234375;-76709.054688;-54269.835938;39392.1875;-76708.898438;-54421.835938;39209.78125;-76685.257812;-54269.75;39209.734375;-76685.101562;-54421.75;475;665;507;653;507;680;432;653;432;680;518;651;518;677;444;651;444;677
J0:19:20:53:345;Hatchback_Car_AI_C_15;211;39064.757812;-70523.367188;-54035.375;-1;-1;662.815247;0.083668;-0.963989;-0.252438;39067.832031;-70556.71875;-53962.46875;204.0;92.0;76.0;39178.378906;-70764.46875;-53940.625;39174.722656;-70726.265625;-54087.703125;38995.074219;-70780.484375;-53940.226562;38991.417969;-70742.28125;-54087.304688;39144.246094;-70371.15625;-53837.632812;39140.589844;-70332.953125;-53984.710938;38960.941406;-70387.171875;-53837.234375;38957.285156;-70348.96875;-53984.3125;-1;-1;-1;-1;-1;-1;-1;-1;-1;-1;-1;-1;-1;-1;-1;-1;-1;-1
