Time;ID;Cat;XPos;YPos;ZPos;2D_XPos;2D_YPos;Vel;XDir;YDir;ZDir;BBox_XPos;BBox_YPos;BBox_ZPos;BBox_Ext_X;BBox_Ext_Y;BBox_Ext_Z;Corner_XYZ_X;Corner_XYZ_Y;Corner_XYZ_Z;Corner_XY-Z_X;Corner_XY-Z_Y;Corner_XY-Z_Z;Corner_X-YZ_X;Corner_X-YZ_Y;Corner_X-YZ_Z;Corner_X-Y-Z_X;Corner_X-Y-Z_Y;Corner_X-Y-Z_Z;Corner_-XYZ_X;Corner_-XYZ_Y;Corner_-XYZ_Z;Corner_-XY-Z_X;Corner_-XY-Z_Y;Corner_-XY-Z_Z;Corner_-X-YZ_X;Corner_-X-YZ_Y;Corner_-X-YZ_Z;Corner_-X-Y-Z_X;Corner_-X-Y-Z_Y;Corner_-X-Y-Z_Z;BBox_2D_XPos;BBox_2D_YPos;Corner_2D_XYZ_X;Corner_2D_XYZ_Y;Corner_2D_XY-Z_X;Corner_2D_XY-Z_Y;Corner_2D_X-YZ_X;Corner_2D_X-YZ_Y;Corner_2D_X-Y-Z_X;Corner_2D_X-Y-Z_Y;Corner_2D_-XYZ_X;Corner_2D_-XYZ_Y;Corner_-2D_XY-Z_X;Corner_2D_-XY-Z_Y;Corner_2D_-X-YZ_X;Corner_2D_-X-YZ_Y;Corner_2D_-X-Y-Z_X;Corner_2D_-X-Y-Z_Y;
J0:19:21:14:146;Hatchback_Car_AI_C_15;211;39176.640625;-71676.882812;-54304.472656;-1;-1;636.399353;0.100844;-0.976756;-0.189153;39179.460938;-71705.4375;-54229.546875;204.0;92.0;76.0;39292.902344;-71909.585938;-54193.359375;39290.191406;-71880.960938;-54342.617188;39109.871094;-71928.429688;-54193.648438;39107.160156;-71899.804688;-54342.90625;39251.761719;-71511.070312;-54116.1875;39249.050781;-71482.445312;-54265.445312;39068.730469;-71529.914062;-54116.476562;39066.019531;-71501.289062;-54265.734375;-1;-1;-1;-1;-1;-1;-1;-1;-1;-1;-1;-1;-1;-1;-1;-1;-1;-1
J0:19:21:14:146;Hatchback_Car_AI_C_19;211;38981.128906;-68542.875;-53555.335938;-1;-1;681.076599;-0.034631;-0.981228;-0.189714;38980.199219;-68571.59375;-53480.425781;204.0;92.0;76.0;39064.644531;-68789.40625;-53444.601562;39065.503906;-68760.578125;-53593.84375;38880.761719;-68782.953125;-53444.414062;38881.621094;-68754.125;-53593.65625;39078.777344;-68389.0625;-53367.195312;39079.636719;-68360.234375;-53516.4375;38894.894531;-68382.609375;-53367.007812;38895.753906;-68353.78125;-53516.25;-1;-1;-1;-1;-1;-1;-1;-1;-1;-1;-1;-1;-1;-1;-1;-1;-1;-1
