Time;ID;Cat;XPos;YPos;ZPos;2D_XPos;2D_YPos;Vel;XDir;YDir;ZDir;BBox_XPos;BBox_YPos;BBox_ZPos;BBox_Ext_X;BBox_Ext_Y;BBox_Ext_Z;Corner_XYZ_X;Corner_XYZ_Y;Corner_XYZ_Z;Corner_XY-Z_X;Corner_XY-Z_Y;Corner_XY-Z_Z;Corner_X-YZ_X;Corner_X-YZ_Y;Corner_X-YZ_Z;Corner_X-Y-Z_X;Corner_X-Y-Z_Y;Corner_X-Y-Z_Z;Corner_-XYZ_X;Corner_-XYZ_Y;Corner_-XYZ_Z;Corner_-XY-Z_X;Corner_-XY-Z_Y;Corner_-XY-Z_Z;Corner_-X-YZ_X;Corner_-X-YZ_Y;Corner_-X-YZ_Z;Corner_-X-Y-Z_X;Corner_-X-Y-Z_Y;Corner_-X-Y-Z_Z;BBox_2D_XPos;BBox_2D_YPos;Corner_2D_XYZ_X;Corner_2D_XYZ_Y;Corner_2D_XY-Z_X;Corner_2D_XY-Z_Y;Corner_2D_X-YZ_X;Corner_2D_X-YZ_Y;Corner_2D_X-Y-Z_X;Corner_2D_X-Y-Z_Y;Corner_2D_-XYZ_X;Corner_2D_-XYZ_Y;Corner_-2D_XY-Z_X;Corner_2D_-XY-Z_Y;Corner_2D_-X-YZ_X;Corner_2D_-X-YZ_Y;Corner_2D_-X-Y-Z_X;Corner_2D_-X-Y-Z_Y;
J0:19:19:57:344;Hatchback_Car_AI_C_7;211;39398.714844;-73890.867188;-54475.871094;-1;-1;669.284485;0.065341;-0.997701;0.01797;39399.675781;-73903.40625;-54396.632812;204.0;92.0;76.0;39504.851562;-74099.554688;-54317.140625;39504.765625;-74102.304688;-54469.117188;39321.242188;-74111.570312;-54316.820312;39321.15625;-74114.320312;-54468.796875;39478.195312;-73692.492188;-54324.46875;39478.109375;-73695.242188;-54476.445312;39294.585938;-73704.507812;-54324.148438;39294.5;-73707.257812;-54476.125;-1;-1;-1;-1;-1;-1;-1;-1;-1;-1;-1;-1;-1;-1;-1;-1;-1;-1
J0:19:19:57:344;Hatchback_Car_AI_C_11;211;39111.734375;-71012.453125;-54158.46875;-1;-1;683.271362;0.091265;-0.966471;-0.240008;39115.011719;-71044.84375;-54085.136719;204.0;92.0;76.0;39227.136719;-71251.429688;-54060.566406;39223.292969;-71215.148438;-54208.121094;39043.964844;-71268.851562;-54060.074219;39040.121094;-71232.570312;-54207.628906;39189.902344;-70857.117188;-53962.644531;39186.058594;-70820.835938;-54110.199219;39006.730469;-70874.539062;-53962.152344;39002.886719;-70838.257812;-54109.707031;-1;-1;-1;-1;-1;-1;-1;-1;-1;-1;-1;-1;-1;-1;-1;-1;-1;-1
