Time;ID;Cat;XPos;YPos;ZPos;2D_XPos;2D_YPos;Vel;XDir;YDir;ZDir;BBox_XPos;BBox_YPos;BBox_ZPos;BBox_Ext_X;BBox_Ext_Y;BBox_Ext_Z;Corner_XYZ_X;Corner_XYZ_Y;Corner_XYZ_Z;Corner_XY-Z_X;Corner_XY-Z_Y;Corner_XY-Z_Z;Corner_X-YZ_X;Corner_X-YZ_Y;Corner_X-YZ_Z;Corner_X-Y-Z_X;Corner_X-Y-Z_Y;Corner_X-Y-Z_Z;Corner_-XYZ_X;Corner_-XYZ_Y;Corner_-XYZ_Z;Corner_-XY-Z_X;Corner_-XY-Z_Y;Corner_-XY-Z_Z;Corner_-X-YZ_X;Corner_-X-YZ_Y;Corner_-X-YZ_Z;Corner_-X-Y-Z_X;Corner_-X-Y-Z_Y;Corner_-X-Y-Z_Z;BBox_2D_XPos;BBox_2D_YPos;Corner_2D_XYZ_X;Corner_2D_XYZ_Y;Corner_2D_XY-Z_X;Corner_2D_XY-Z_Y;Corner_2D_X-YZ_X;Corner_2D_X-YZ_Y;Corner_2D_X-Y-Z_X;Corner_2D_X-Y-Z_Y;Corner_2D_-XYZ_X;Corner_2D_-XYZ_Y;Corner_-2D_XY-Z_X;Corner_2D_-XY-Z_Y;Corner_2D_-X-YZ_X;Corner_2D_-X-YZ_Y;Corner_2D_-X-Y-Z_X;Corner_2D_-X-Y-Z_Y;
J0:19:20:16:146;Hatchback_Car_AI_C_7;211;39423.367188;-74934.960938;-54438.402344;112;685;670.563416;-0.007804;-0.999215;0.038846;39423.347656;-74945.882812;-54358.917969;204.0;92.0;76.0;39513.835938;-75147.484375;-54275.128906;39513.664062;-75153.390625;-54427.011719;39329.84375;-75146.046875;-54274.972656;39329.671875;-75151.953125;-54426.855469;39517.023438;-74739.8125;-54290.980469;39516.851562;-74745.71875;-54442.863281;39333.03125;-74738.375;-54290.824219;39332.859375;-74744.28125;-54442.707031;114;671;136;658;136;688;63;658;63;688;163;654;163;683;93;654;93;683
J0:19:20:16:146;Hatchback_Car_AI_C_11;211;39218.65625;-72057.757812;-54367.835938;-1;-1;625.968811;0.106091;-0.982806;-0.151122;39221.109375;-72083.421875;-54291.859375;204.0;92.0;76.0;39335.152344;-72285.546875;-54247.199219;39333.292969;-72262.640625;-54397.449219;39152.207031;-72305.1875;-54247.925781;39150.347656;-72282.28125;-54398.175781;39291.871094;-71884.5625;-54185.542969;39290.011719;-71861.65625;-54335.792969;39108.925781;-71904.203125;-54186.269531;39107.066406;-71881.296875;-54336.519531;-1;-1;-1;-1;-1;-1;-1;-1;-1;-1;-1;-1;-1;-1;-1;-1;-1;-1
