Time;ID;Cat;XPos;YPos;ZPos;2D_XPos;2D_YPos;Vel;XDir;YDir;ZDir;BBox_XPos;BBox_YPos;BBox_ZPos;BBox_Ext_X;BBox_Ext_Y;BBox_Ext_Z;Corner_XYZ_X;Corner_XYZ_Y;Corner_XYZ_Z;Corner_XY-Z_X;Corner_XY-Z_Y;Corner_XY-Z_Z;Corner_X-YZ_X;Corner_X-YZ_Y;Corner_X-YZ_Z;Corner_X-Y-Z_X;Corner_X-Y-Z_Y;Corner_X-Y-Z_Z;Corner_-XYZ_X;Corner_-XYZ_Y;Corner_-XYZ_Z;Corner_-XY-Z_X;Corner_-XY-Z_Y;Corner_-XY-Z_Z;Corner_-X-YZ_X;Corner_-X-YZ_Y;Corner_-X-YZ_Z;Corner_-X-Y-Z_X;Corner_-X-Y-Z_Y;Corner_-X-Y-Z_Z;BBox_2D_XPos;BBox_2D_YPos;Corner_2D_XYZ_X;Corner_2D_XYZ_Y;Corner_2D_XY-Z_X;Corner_2D_XY-Z_Y;Corner_2D_X-YZ_X;Corner_2D_X-YZ_Y;Corner_2D_X-Y-Z_X;Corner_2D_X-Y-Z_Y;Corner_2D_-XYZ_X;Corner_2D_-XYZ_Y;Corner_-2D_XY-Z_X;Corner_2D_-XY-Z_Y;Corner_2D_-X-YZ_X;Corner_2D_-X-YZ_Y;Corner_2D_-X-Y-Z_X;Corner_2D_-X-Y-Z_Y;
J0:19:19:58:150;Hatchback_Car_AI_C_7;211;39401.324219;-73936.179688;-54474.886719;-1;-1;670.922974;0.062436;-0.997837;0.020569;39402.230469;-73948.515625;-54395.617188;204.0;92.0;76.0;39506.820312;-74144.765625;-54315.59375;39506.757812;-74147.90625;-54467.5625;39323.179688;-74156.25;-54315.28125;39323.117188;-74159.390625;-54467.25;39481.34375;-73737.640625;-54323.984375;39481.28125;-73740.78125;-54475.953125;39297.703125;-73749.125;-54323.671875;39297.640625;-73752.265625;-54475.640625;-1;-1;-1;-1;-1;-1;-1;-1;-1;-1;-1;-1;-1;-1;-1;-1;-1;-1
J0:19:19:58:150;Hatchback_Car_AI_C_11;211;39115.851562;-71055.585938;-54169.019531;-1;-1;663.722046;0.092124;-0.966559;-0.239327;39119.136719;-71087.921875;-54095.667969;204.0;92.0;76.0;39231.429688;-71294.398438;-54070.929688;39227.585938;-71258.226562;-54218.515625;39048.273438;-71311.976562;-54070.46875;39044.429688;-71275.804688;-54218.054688;39193.84375;-70900.039062;-53973.28125;39190.0;-70863.867188;-54120.867188;39010.6875;-70917.617188;-53972.820312;39006.84375;-70881.445312;-54120.40625;-1;-1;-1;-1;-1;-1;-1;-1;-1;-1;-1;-1;-1;-1;-1;-1;-1;-1
