Time;ID;Cat;XPos;YPos;ZPos;2D_XPos;2D_YPos;Vel;XDir;YDir;ZDir;BBox_XPos;BBox_YPos;BBox_ZPos;BBox_Ext_X;BBox_Ext_Y;BBox_Ext_Z;Corner_XYZ_X;Corner_XYZ_Y;Corner_XYZ_Z;Corner_XY-Z_X;Corner_XY-Z_Y;Corner_XY-Z_Z;Corner_X-YZ_X;Corner_X-YZ_Y;Corner_X-YZ_Z;Corner_X-Y-Z_X;Corner_X-Y-Z_Y;Corner_X-Y-Z_Z;Corner_-XYZ_X;Corner_-XYZ_Y;Corner_-XYZ_Z;Corner_-XY-Z_X;Corner_-XY-Z_Y;Corner_-XY-Z_Z;Corner_-X-YZ_X;Corner_-X-YZ_Y;Corner_-X-YZ_Z;Corner_-X-Y-Z_X;Corner_-X-Y-Z_Y;Corner_-X-Y-Z_Z;BBox_2D_XPos;BBox_2D_YPos;Corner_2D_XYZ_X;Corner_2D_XYZ_Y;Corner_2D_XY-Z_X;Corner_2D_XY-Z_Y;Corner_2D_X-YZ_X;Corner_2D_X-YZ_Y;Corner_2D_X-Y-Z_X;Corner_2D_X-Y-Z_Y;Corner_2D_-XYZ_X;Corner_2D_-XYZ_Y;Corner_-2D_XY-Z_X;Corner_2D_-XY-Z_Y;Corner_2D_-X-YZ_X;Corner_2D_-X-YZ_Y;Corner_2D_-X-Y-Z_X;Corner_2D_-X-Y-Z_Y;
J0:19:20:19:344;Hatchback_Car_AI_C_7;211;39420.417969;-75115.125;-54432.058594;145;684;667.124023;-0.019456;-0.999254;0.033365;39420.230469;-75126.476562;-54352.636719;204.0;92.0;76.0;39508.328125;-75329.585938;-54269.914062;39508.164062;-75334.648438;-54421.828125;39324.359375;-75326.007812;-54269.835938;39324.195312;-75331.070312;-54421.75;39516.265625;-74921.882812;-54283.523438;39516.101562;-74926.945312;-54435.4375;39332.296875;-74918.304688;-54283.445312;39332.132812;-74923.367188;-54435.359375;147;670;170;657;170;687;96;657;96;687;195;653;195;682;124;653;124;682
J0:19:20:19:344;Hatchback_Car_AI_C_11;211;39237.535156;-72231.742188;-54391.738281;-1;-1;674.90863;0.109335;-0.985376;-0.130689;39239.824219;-72255.84375;-54315.246094;204.0;92.0;76.0;39354.304688;-72456.6875;-54266.117188;39352.84375;-72436.859375;-54416.8125;39171.414062;-72476.859375;-54267.0;39169.953125;-72457.03125;-54417.695312;39309.695312;-72054.65625;-54212.796875;39308.234375;-72034.828125;-54363.492188;39126.804688;-72074.828125;-54213.679688;39125.34375;-72055.0;-54364.375;-1;-1;-1;-1;-1;-1;-1;-1;-1;-1;-1;-1;-1;-1;-1;-1;-1;-1
