Time;ID;Cat;XPos;YPos;ZPos;2D_XPos;2D_YPos;Vel;XDir;YDir;ZDir;BBox_XPos;BBox_YPos;BBox_ZPos;BBox_Ext_X;BBox_Ext_Y;BBox_Ext_Z;Corner_XYZ_X;Corner_XYZ_Y;Corner_XYZ_Z;Corner_XY-Z_X;Corner_XY-Z_Y;Corner_XY-Z_Z;Corner_X-YZ_X;Corner_X-YZ_Y;Corner_X-YZ_Z;Corner_X-Y-Z_X;Corner_X-Y-Z_Y;Corner_X-Y-Z_Z;Corner_-XYZ_X;Corner_-XYZ_Y;Corner_-XYZ_Z;Corner_-XY-Z_X;Corner_-XY-Z_Y;Corner_-XY-Z_Z;Corner_-X-YZ_X;Corner_-X-YZ_Y;Corner_-X-YZ_Z;Corner_-X-Y-Z_X;Corner_-X-Y-Z_Y;Corner_-X-Y-Z_Z;BBox_2D_XPos;BBox_2D_YPos;Corner_2D_XYZ_X;Corner_2D_XYZ_Y;Corner_2D_XY-Z_X;Corner_2D_XY-Z_Y;Corner_2D_X-YZ_X;Corner_2D_X-YZ_Y;Corner_2D_X-Y-Z_X;Corner_2D_X-Y-Z_Y;Corner_2D_-XYZ_X;Corner_2D_-XYZ_Y;Corner_-2D_XY-Z_X;Corner_2D_-XY-Z_Y;Corner_2D_-X-YZ_X;Corner_2D_-X-YZ_Y;Corner_2D_-X-Y-Z_X;Corner_2D_-X-Y-Z_Y;
J0:19:21:01:347;Hatchback_Car_AI_C_3;211;39261.175781;-78671.765625;-54424.902344;783;679;776.438721;-0.024412;-0.999702;-0.00066;39260.824219;-78685.8125;-54345.910156;204.0;92.0;76.0;39347.804688;-78892.039062;-54270.03125;39347.828125;-78891.945312;-54422.03125;39163.859375;-78887.554688;-54270.054688;39163.882812;-78887.460938;-54422.054688;39357.765625;-78484.164062;-54269.765625;39357.789062;-78484.070312;-54421.765625;39173.820312;-78479.679688;-54269.789062;39173.84375;-78479.585938;-54421.789062;786;665;819;654;819;680;747;654;747;680;823;650;823;676;753;650;753;676
J0:19:21:01:347;Hatchback_Car_AI_C_15;211;39105.515625;-70962.226562;-54146.058594;-1;-1;696.379883;0.091157;-0.966246;-0.240954;39108.761719;-70994.6875;-54072.757812;204.0;92.0;76.0;39220.84375;-71201.328125;-54048.359375;39217.054688;-71164.890625;-54195.882812;39037.664062;-71218.71875;-54047.945312;39033.875;-71182.28125;-54195.46875;39183.648438;-70807.09375;-53950.046875;39179.859375;-70770.65625;-54097.570312;39000.46875;-70824.484375;-53949.632812;38996.679688;-70788.046875;-54097.15625;-1;-1;-1;-1;-1;-1;-1;-1;-1;-1;-1;-1;-1;-1;-1;-1;-1;-1
