Time;ID;Cat;XPos;YPos;ZPos;2D_XPos;2D_YPos;Vel;XDir;YDir;ZDir;BBox_XPos;BBox_YPos;BBox_ZPos;BBox_Ext_X;BBox_Ext_Y;BBox_Ext_Z;Corner_XYZ_X;Corner_XYZ_Y;Corner_XYZ_Z;Corner_XY-Z_X;Corner_XY-Z_Y;Corner_XY-Z_Z;Corner_X-YZ_X;Corner_X-YZ_Y;Corner_X-YZ_Z;Corner_X-Y-Z_X;Corner_X-Y-Z_Y;Corner_X-Y-Z_Z;Corner_-XYZ_X;Corner_-XYZ_Y;Corner_-XYZ_Z;Corner_-XY-Z_X;Corner_-XY-Z_Y;Corner_-XY-Z_Z;Corner_-X-YZ_X;Corner_-X-YZ_Y;Corner_-X-YZ_Z;Corner_-X-Y-Z_X;Corner_-X-Y-Z_Y;Corner_-X-Y-Z_Z;BBox_2D_XPos;BBox_2D_YPos;Corner_2D_XYZ_X;Corner_2D_XYZ_Y;Corner_2D_XY-Z_X;Corner_2D_XY-Z_Y;Corner_2D_X-YZ_X;Corner_2D_X-YZ_Y;Corner_2D_X-Y-Z_X;Corner_2D_X-Y-Z_Y;Corner_2D_-XYZ_X;Corner_2D_-XYZ_Y;Corner_-2D_XY-Z_X;Corner_2D_-XY-Z_Y;Corner_2D_-X-YZ_X;Corner_2D_-X-YZ_Y;Corner_2D_-X-Y-Z_X;Corner_2D_-X-Y-Z_Y;
J0:19:18:43:341;Hatchback_Car_AI_C_3;211;39328.84375;-73050.578125;-54465.074219;-1;-1;663.65863;0.10239;-0.993324;-0.053134;39330.445312;-73068.6875;-54386.929688;204.0;92.0;76.0;39443.007812;-73265.953125;-54321.570312;39442.6875;-73257.875;-54473.351562;39259.976562;-73284.78125;-54322.1875;39259.65625;-73276.703125;-54473.96875;39401.234375;-72860.671875;-54299.890625;39400.914062;-72852.59375;-54451.671875;39218.203125;-72879.5;-54300.507812;39217.882812;-72871.421875;-54452.289062;-1;-1;-1;-1;-1;-1;-1;-1;-1;-1;-1;-1;-1;-1;-1;-1;-1;-1
J0:19:18:43:341;Hatchback_Car_AI_C_7;211;39011.058594;-69814.453125;-53851.746094;-1;-1;705.757629;0.055469;-0.96673;-0.249714;39013.179688;-69847.671875;-53778.746094;204.0;92.0;76.0;39117.632812;-70058.484375;-53756.335938;39115.046875;-70020.609375;-53903.523438;38933.945312;-70069.15625;-53755.851562;38931.359375;-70031.28125;-53903.039062;39095.0;-69664.0625;-53654.453125;39092.414062;-69626.1875;-53801.640625;38911.3125;-69674.734375;-53653.96875;38908.726562;-69636.859375;-53801.15625;-1;-1;-1;-1;-1;-1;-1;-1;-1;-1;-1;-1;-1;-1;-1;-1;-1;-1
