Time;ID;Cat;XPos;YPos;ZPos;2D_XPos;2D_YPos;Vel;XDir;YDir;ZDir;BBox_XPos;BBox_YPos;BBox_ZPos;BBox_Ext_X;BBox_Ext_Y;BBox_Ext_Z;Corner_XYZ_X;Corner_XYZ_Y;Corner_XYZ_Z;Corner_XY-Z_X;Corner_XY-Z_Y;Corner_XY-Z_Z;Corner_X-YZ_X;Corner_X-YZ_Y;Corner_X-YZ_Z;Corner_X-Y-Z_X;Corner_X-Y-Z_Y;Corner_X-Y-Z_Z;Corner_-XYZ_X;Corner_-XYZ_Y;Corner_-XYZ_Z;Corner_-XY-Z_X;Corner_-XY-Z_Y;Corner_-XY-Z_Z;Corner_-X-YZ_X;Corner_-X-YZ_Y;Corner_-X-YZ_Z;Corner_-X-Y-Z_X;Corner_-X-Y-Z_Y;Corner_-X-Y-Z_Z;BBox_2D_XPos;BBox_2D_YPos;Corner_2D_XYZ_X;Corner_2D_XYZ_Y;Corner_2D_XY-Z_X;Corner_2D_XY-Z_Y;Corner_2D_X-YZ_X;Corner_2D_X-YZ_Y;Corner_2D_X-Y-Z_X;Corner_2D_X-Y-Z_Y;Corner_2D_-XYZ_X;Corner_2D_-XYZ_Y;Corner_-2D_XY-Z_X;Corner_2D_-XY-Z_Y;Corner_2D_-X-YZ_X;Corner_2D_-X-YZ_Y;Corner_2D_-X-Y-Z_X;Corner_2D_-X-Y-Z_Y;
J0:19:20:50:946;Hatchback_Car_AI_C_3;211;39279.335938;-78007.15625;-54424.808594;667;679;707.289124;-0.031641;-0.999497;0.002256;39278.890625;-78020.96875;-54345.777344;204.0;92.0;76.0;39364.390625;-78227.609375;-54269.308594;39364.390625;-78227.953125;-54421.308594;39180.484375;-78221.78125;-54269.324219;39180.484375;-78222.125;-54421.324219;39377.296875;-77819.8125;-54270.230469;39377.296875;-77820.15625;-54422.230469;39193.390625;-77813.984375;-54270.246094;39193.390625;-77814.328125;-54422.246094;670;665;702;654;702;681;629;654;629;681;709;650;709;676;639;650;639;676
J0:19:20:50:946;Hatchback_Car_AI_C_11;211;39402.074219;-73984.679688;-54473.753906;-1;-1;654.429443;0.054852;-0.998197;0.024357;39402.875;-73996.726562;-54394.4375;204.0;92.0;76.0;39505.960938;-74193.453125;-54313.652344;39505.898438;-74197.171875;-54465.605469;39322.234375;-74203.546875;-54313.332031;39322.171875;-74207.265625;-54465.285156;39483.578125;-73786.1875;-54323.589844;39483.515625;-73789.90625;-54475.542969;39299.851562;-73796.28125;-54323.269531;39299.789062;-73800.0;-54475.222656;-1;-1;-1;-1;-1;-1;-1;-1;-1;-1;2;660;2;688;-1;-1;-1;-1
J0:19:20:50:946;Hatchback_Car_AI_C_15;211;39053.429688;-70390.867188;-54001.132812;-1;-1;714.967407;0.078958;-0.964585;-0.251675;39056.34375;-70424.171875;-53928.199219;204.0;92.0;76.0;39165.878906;-70632.429688;-53906.195312;39162.402344;-70594.335938;-54053.304688;38982.503906;-70647.554688;-53905.773438;38979.027344;-70609.460938;-54052.882812;39133.660156;-70238.882812;-53803.515625;39130.183594;-70200.789062;-53950.625;38950.285156;-70254.007812;-53803.09375;38946.808594;-70215.914062;-53950.203125;-1;-1;-1;-1;-1;-1;-1;-1;-1;-1;-1;-1;-1;-1;-1;-1;-1;-1
