Time;ID;Cat;XPos;YPos;ZPos;2D_XPos;2D_YPos;Vel;XDir;YDir;ZDir;BBox_XPos;BBox_YPos;BBox_ZPos;BBox_Ext_X;BBox_Ext_Y;BBox_Ext_Z;Corner_XYZ_X;Corner_XYZ_Y;Corner_XYZ_Z;Corner_XY-Z_X;Corner_XY-Z_Y;Corner_XY-Z_Z;Corner_X-YZ_X;Corner_X-YZ_Y;Corner_X-YZ_Z;Corner_X-Y-Z_X;Corner_X-Y-Z_Y;Corner_X-Y-Z_Z;Corner_-XYZ_X;Corner_-XYZ_Y;Corner_-XYZ_Z;Corner_-XY-Z_X;Corner_-XY-Z_Y;Corner_-XY-Z_Z;Corner_-X-YZ_X;Corner_-X-YZ_Y;Corner_-X-YZ_Z;Corner_-X-Y-Z_X;Corner_-X-Y-Z_Y;Corner_-X-Y-Z_Z;BBox_2D_XPos;BBox_2D_YPos;Corner_2D_XYZ_X;Corner_2D_XYZ_Y;Corner_2D_XY-Z_X;Corner_2D_XY-Z_Y;Corner_2D_X-YZ_X;Corner_2D_X-YZ_Y;Corner_2D_X-Y-Z_X;Corner_2D_X-Y-Z_Y;Corner_2D_-XYZ_X;Corner_2D_-XYZ_Y;Corner_-2D_XY-Z_X;Corner_2D_-XY-Z_Y;Corner_2D_-X-YZ_X;Corner_2D_-X-YZ_Y;Corner_2D_-X-Y-Z_X;Corner_2D_-X-Y-Z_Y;
J0:19:18:31:341;Hatchback_Car_AI_C_3;211;39256.769531;-72393.96875;-54411.425781;-1;-1;664.395691;0.110769;-0.987092;-0.115668;39258.910156;-72416.914062;-54334.578125;204.0;92.0;76.0;39373.507812;-72616.859375;-54282.1875;39372.367188;-72599.296875;-54433.164062;39190.648438;-72637.265625;-54283.1875;39189.507812;-72619.703125;-54434.164062;39328.3125;-72214.125;-54234.992188;39327.171875;-72196.5625;-54385.96875;39145.453125;-72234.53125;-54235.992188;39144.3125;-72216.96875;-54386.96875;-1;-1;-1;-1;-1;-1;-1;-1;-1;-1;-1;-1;-1;-1;-1;-1;-1;-1
J0:19:18:31:341;Hatchback_Car_AI_C_7;211;38981.769531;-69147.265625;-53686.570312;-1;-1;682.154053;0.016474;-0.9729;-0.230638;38982.496094;-69179.101562;-53612.929688;204.0;92.0;76.0;39078.320312;-69393.484375;-53586.246094;39077.359375;-69358.4375;-53734.144531;38894.351562;-69396.703125;-53585.816406;38893.390625;-69361.65625;-53733.714844;39071.601562;-68996.546875;-53492.144531;39070.640625;-68961.5;-53640.042969;38887.632812;-68999.765625;-53491.714844;38886.671875;-68964.71875;-53639.613281;-1;-1;-1;-1;-1;-1;-1;-1;-1;-1;-1;-1;-1;-1;-1;-1;-1;-1
