Time;ID;Cat;XPos;YPos;ZPos;2D_XPos;2D_YPos;Vel;XDir;YDir;ZDir;BBox_XPos;BBox_YPos;BBox_ZPos;BBox_Ext_X;BBox_Ext_Y;BBox_Ext_Z;Corner_XYZ_X;Corner_XYZ_Y;Corner_XYZ_Z;Corner_XY-Z_X;Corner_XY-Z_Y;Corner_XY-Z_Z;Corner_X-YZ_X;Corner_X-YZ_Y;Corner_X-YZ_Z;Corner_X-Y-Z_X;Corner_X-Y-Z_Y;Corner_X-Y-Z_Z;Corner_-XYZ_X;Corner_-XYZ_Y;Corner_-XYZ_Z;Corner_-XY-Z_X;Corner_-XY-Z_Y;Corner_-XY-Z_Z;Corner_-X-YZ_X;Corner_-X-YZ_Y;Corner_-X-YZ_Z;Corner_-X-Y-Z_X;Corner_-X-Y-Z_Y;Corner_-X-Y-Z_Z;BBox_2D_XPos;BBox_2D_YPos;Corner_2D_XYZ_X;Corner_2D_XYZ_Y;Corner_2D_XY-Z_X;Corner_2D_XY-Z_Y;Corner_2D_X-YZ_X;Corner_2D_X-YZ_Y;Corner_2D_X-Y-Z_X;Corner_2D_X-Y-Z_Y;Corner_2D_-XYZ_X;Corner_2D_-XYZ_Y;Corner_-2D_XY-Z_X;Corner_2D_-XY-Z_Y;Corner_2D_-X-YZ_X;Corner_2D_-X-YZ_Y;Corner_2D_-X-Y-Z_X;Corner_2D_-X-Y-Z_Y;
J0:19:18:52:549;Hatchback_Car_AI_C_3;211;39375.019531;-73559.085938;-54478.671875;-1;-1;672.256165;0.081723;-0.996638;-0.005884;39376.171875;-73573.507812;-54399.753906;204.0;92.0;76.0;39484.542969;-73769.75;-54324.917969;39484.527344;-73768.859375;-54476.917969;39301.160156;-73784.78125;-54324.988281;39301.144531;-73783.890625;-54476.988281;39451.199219;-73363.125;-54322.519531;39451.183594;-73362.234375;-54474.519531;39267.816406;-73378.15625;-54322.589844;39267.800781;-73377.265625;-54474.589844;-1;-1;-1;-1;-1;-1;-1;-1;-1;-1;-1;-1;-1;-1;-1;-1;-1;-1
J0:19:18:52:549;Hatchback_Car_AI_C_7;211;39047.714844;-70316.351562;-53981.898438;-1;-1;652.248718;0.076849;-0.964047;-0.254377;39050.566406;-70349.867188;-53909.058594;204.0;92.0;76.0;39159.65625;-70558.421875;-53887.65625;39156.234375;-70519.90625;-54034.65625;38976.25;-70573.15625;-53887.25;38972.828125;-70534.640625;-54034.25;39128.304688;-70165.09375;-53783.867188;39124.882812;-70126.578125;-53930.867188;38944.898438;-70179.828125;-53783.460938;38941.476562;-70141.3125;-53930.460938;-1;-1;-1;-1;-1;-1;-1;-1;-1;-1;-1;-1;-1;-1;-1;-1;-1;-1
