Time;ID;Cat;XPos;YPos;ZPos;2D_XPos;2D_YPos;Vel;XDir;YDir;ZDir;BBox_XPos;BBox_YPos;BBox_ZPos;BBox_Ext_X;BBox_Ext_Y;BBox_Ext_Z;Corner_XYZ_X;Corner_XYZ_Y;Corner_XYZ_Z;Corner_XY-Z_X;Corner_XY-Z_Y;Corner_XY-Z_Z;Corner_X-YZ_X;Corner_X-YZ_Y;Corner_X-YZ_Z;Corner_X-Y-Z_X;Corner_X-Y-Z_Y;Corner_X-Y-Z_Z;Corner_-XYZ_X;Corner_-XYZ_Y;Corner_-XYZ_Z;Corner_-XY-Z_X;Corner_-XY-Z_Y;Corner_-XY-Z_Z;Corner_-X-YZ_X;Corner_-X-YZ_Y;Corner_-X-YZ_Z;Corner_-X-Y-Z_X;Corner_-X-Y-Z_Y;Corner_-X-Y-Z_Z;BBox_2D_XPos;BBox_2D_YPos;Corner_2D_XYZ_X;Corner_2D_XYZ_Y;Corner_2D_XY-Z_X;Corner_2D_XY-Z_Y;Corner_2D_X-YZ_X;Corner_2D_X-YZ_Y;Corner_2D_X-Y-Z_X;Corner_2D_X-Y-Z_Y;Corner_2D_-XYZ_X;Corner_2D_-XYZ_Y;Corner_-2D_XY-Z_X;Corner_2D_-XY-Z_Y;Corner_2D_-X-YZ_X;Corner_2D_-X-YZ_Y;Corner_2D_-X-Y-Z_X;Corner_2D_-X-Y-Z_Y;
J0:19:20:30:545;Hatchback_Car_AI_C_3;211;39314.566406;-76984.898438;-54424.890625;487;680;536.849915;-0.043165;-0.999068;-0.000321;39313.960938;-76998.914062;-54345.894531;204.0;92.0;76.0;39397.070312;-77206.71875;-54269.960938;39397.070312;-77206.671875;-54421.960938;39213.242188;-77198.78125;-54269.960938;39213.242188;-77198.734375;-54421.960938;39414.679688;-76799.09375;-54269.828125;39414.679688;-76799.046875;-54421.828125;39230.851562;-76791.15625;-54269.828125;39230.851562;-76791.109375;-54421.828125;489;666;519;655;519;682;445;655;445;682;532;651;532;677;461;651;461;677
J0:19:20:30:545;Hatchback_Car_AI_C_11;211;39305.835938;-72852.601562;-54453.261719;-1;-1;678.348083;0.110985;-0.991231;-0.071724;39307.671875;-72872.148438;-54375.46875;204.0;92.0;76.0;39422.011719;-73069.601562;-54313.890625;39421.472656;-73058.695312;-54465.5;39239.152344;-73090.023438;-54314.703125;39238.613281;-73079.117188;-54466.3125;39376.730469;-72665.179688;-54284.625;39376.191406;-72654.273438;-54436.234375;39193.871094;-72685.601562;-54285.4375;39193.332031;-72674.695312;-54437.046875;-1;-1;-1;-1;-1;-1;-1;-1;-1;-1;-1;-1;-1;-1;-1;-1;-1;-1
J0:19:20:30:545;Hatchback_Car_AI_C_15;211;38983.164062;-69258.546875;-53712.992188;-1;-1;693.097412;0.026387;-0.971587;-0.235208;38984.167969;-69290.71875;-53639.5;204.0;92.0;76.0;39082.125;-69504.257812;-53613.765625;39080.90625;-69468.523438;-53761.5;38898.195312;-69509.320312;-53613.46875;38896.976562;-69473.585938;-53761.203125;39071.359375;-69107.851562;-53517.796875;39070.140625;-69072.117188;-53665.53125;38887.429688;-69112.914062;-53517.5;38886.210938;-69077.179688;-53665.234375;-1;-1;-1;-1;-1;-1;-1;-1;-1;-1;-1;-1;-1;-1;-1;-1;-1;-1
