Time;ID;Cat;XPos;YPos;ZPos;2D_XPos;2D_YPos;Vel;XDir;YDir;ZDir;BBox_XPos;BBox_YPos;BBox_ZPos;BBox_Ext_X;BBox_Ext_Y;BBox_Ext_Z;Corner_XYZ_X;Corner_XYZ_Y;Corner_XYZ_Z;Corner_XY-Z_X;Corner_XY-Z_Y;Corner_XY-Z_Z;Corner_X-YZ_X;Corner_X-YZ_Y;Corner_X-YZ_Z;Corner_X-Y-Z_X;Corner_X-Y-Z_Y;Corner_X-Y-Z_Z;Corner_-XYZ_X;Corner_-XYZ_Y;Corner_-XYZ_Z;Corner_-XY-Z_X;Corner_-XY-Z_Y;Corner_-XY-Z_Z;Corner_-X-YZ_X;Corner_-X-YZ_Y;Corner_-X-YZ_Z;Corner_-X-Y-Z_X;Corner_-X-Y-Z_Y;Corner_-X-Y-Z_Z;BBox_2D_XPos;BBox_2D_YPos;Corner_2D_XYZ_X;Corner_2D_XYZ_Y;Corner_2D_XY-Z_X;Corner_2D_XY-Z_Y;Corner_2D_X-YZ_X;Corner_2D_X-YZ_Y;Corner_2D_X-Y-Z_X;Corner_2D_X-Y-Z_Y;Corner_2D_-XYZ_X;Corner_2D_-XYZ_Y;Corner_-2D_XY-Z_X;Corner_2D_-XY-Z_Y;Corner_2D_-X-YZ_X;Corner_2D_-X-YZ_Y;Corner_2D_-X-Y-Z_X;Corner_2D_-X-Y-Z_Y;
J0:19:20:40:545;Hatchback_Car_AI_C_3;211;39297.445312;-77452.164062;-54424.882812;570;679;592.985107;-0.036868;-0.999319;0.001322;39296.929688;-77466.046875;-54345.863281;204.0;92.0;76.0;39381.347656;-77673.195312;-54269.585938;39381.347656;-77673.398438;-54421.585938;39197.472656;-77666.414062;-54269.601562;39197.472656;-77666.617188;-54421.601562;39396.386719;-77265.476562;-54270.125;39396.386719;-77265.679688;-54422.125;39212.511719;-77258.695312;-54270.140625;39212.511719;-77258.898438;-54422.140625;572;666;603;654;603;681;529;654;529;681;613;651;613;677;542;651;542;677
J0:19:20:40:545;Hatchback_Car_AI_C_11;211;39361.53125;-73412.757812;-54477.242188;-1;-1;645.449402;0.092035;-0.995529;-0.021266;39362.882812;-73428.375;-54398.558594;204.0;92.0;76.0;39473.324219;-73624.609375;-54326.804688;39473.207031;-73621.375;-54478.773438;39290.105469;-73641.546875;-54327.023438;39289.988281;-73638.3125;-54478.992188;39435.777344;-73218.4375;-54318.125;39435.660156;-73215.203125;-54470.09375;39252.558594;-73235.375;-54318.34375;39252.441406;-73232.140625;-54470.3125;-1;-1;-1;-1;-1;-1;-1;-1;-1;-1;-1;-1;-1;-1;-1;-1;-1;-1
J0:19:20:40:545;Hatchback_Car_AI_C_15;211;39010.191406;-69815.679688;-53852.222656;-1;-1;703.05365;0.057153;-0.966571;-0.249947;39012.328125;-69848.914062;-53779.230469;204.0;92.0;76.0;39117.109375;-70059.570312;-53756.828125;39114.539062;-70021.664062;-53904.0;38933.4375;-70070.523438;-53756.4375;38930.867188;-70032.617188;-53903.609375;39093.789062;-69665.210938;-53654.851562;39091.21875;-69627.304688;-53802.023438;38910.117188;-69676.164062;-53654.460938;38907.546875;-69638.257812;-53801.632812;-1;-1;-1;-1;-1;-1;-1;-1;-1;-1;-1;-1;-1;-1;-1;-1;-1;-1
