Time;ID;Cat;XPos;YPos;ZPos;2D_XPos;2D_YPos;Vel;XDir;YDir;ZDir;BBox_XPos;BBox_YPos;BBox_ZPos;BBox_Ext_X;BBox_Ext_Y;BBox_Ext_Z;Corner_XYZ_X;Corner_XYZ_Y;Corner_XYZ_Z;Corner_XY-Z_X;Corner_XY-Z_Y;Corner_XY-Z_Z;Corner_X-YZ_X;Corner_X-YZ_Y;Corner_X-YZ_Z;Corner_X-Y-Z_X;Corner_X-Y-Z_Y;Corner_X-Y-Z_Z;Corner_-XYZ_X;Corner_-XYZ_Y;Corner_-XYZ_Z;Corner_-XY-Z_X;Corner_-XY-Z_Y;Corner_-XY-Z_Z;Corner_-X-YZ_X;Corner_-X-YZ_Y;Corner_-X-YZ_Z;Corner_-X-Y-Z_X;Corner_-X-Y-Z_Y;Corner_-X-Y-Z_Z;BBox_2D_XPos;BBox_2D_YPos;Corner_2D_XYZ_X;Corner_2D_XYZ_Y;Corner_2D_XY-Z_X;Corner_2D_XY-Z_Y;Corner_2D_X-YZ_X;Corner_2D_X-YZ_Y;Corner_2D_X-Y-Z_X;Corner_2D_X-Y-Z_Y;Corner_2D_-XYZ_X;Corner_2D_-XYZ_Y;Corner_-2D_XY-Z_X;Corner_2D_-XY-Z_Y;Corner_2D_-X-YZ_X;Corner_2D_-X-YZ_Y;Corner_2D_-X-Y-Z_X;Corner_2D_-X-Y-Z_Y;
J0:19:20:24:148;Hatchback_Car_AI_C_3;211;39326.636719;-76693.765625;-54424.601562;435;680;513.013489;-0.047135;-0.998888;0.00119;39325.972656;-76707.65625;-54345.585938;204.0;92.0;76.0;39408.25;-76915.671875;-54269.332031;39408.257812;-76915.859375;-54421.332031;39224.453125;-76907.0;-54269.355469;39224.460938;-76907.1875;-54421.355469;39427.484375;-76508.125;-54269.816406;39427.492188;-76508.3125;-54421.816406;39243.6875;-76499.453125;-54269.839844;39243.695312;-76499.640625;-54421.839844;437;666;466;655;466;682;392;655;392;682;481;651;481;678;409;651;409;678
J0:19:20:24:148;Hatchback_Car_AI_C_11;211;39266.617188;-72493.273438;-54422.273438;-1;-1;628.02002;0.110237;-0.988059;-0.107645;39268.707031;-72515.601562;-54345.242188;204.0;92.0;76.0;39383.160156;-72715.1875;-54291.183594;39382.105469;-72698.84375;-54442.300781;39200.285156;-72735.484375;-54292.105469;39199.230469;-72719.140625;-54443.222656;39338.183594;-72312.0625;-54247.261719;39337.128906;-72295.71875;-54398.378906;39155.308594;-72332.359375;-54248.183594;39154.253906;-72316.015625;-54399.300781;-1;-1;-1;-1;-1;-1;-1;-1;-1;-1;-1;-1;-1;-1;-1;-1;-1;-1
