Time;ID;Cat;XPos;YPos;ZPos;2D_XPos;2D_YPos;Vel;XDir;YDir;ZDir;BBox_XPos;BBox_YPos;BBox_ZPos;BBox_Ext_X;BBox_Ext_Y;BBox_Ext_Z;Corner_XYZ_X;Corner_XYZ_Y;Corner_XYZ_Z;Corner_XY-Z_X;Corner_XY-Z_Y;Corner_XY-Z_Z;Corner_X-YZ_X;Corner_X-YZ_Y;Corner_X-YZ_Z;Corner_X-Y-Z_X;Corner_X-Y-Z_Y;Corner_X-Y-Z_Z;Corner_-XYZ_X;Corner_-XYZ_Y;Corner_-XYZ_Z;Corner_-XY-Z_X;Corner_-XY-Z_Y;Corner_-XY-Z_Z;Corner_-X-YZ_X;Corner_-X-YZ_Y;Corner_-X-YZ_Z;Corner_-X-Y-Z_X;Corner_-X-Y-Z_Y;Corner_-X-Y-Z_Z;BBox_2D_XPos;BBox_2D_YPos;Corner_2D_XYZ_X;Corner_2D_XYZ_Y;Corner_2D_XY-Z_X;Corner_2D_XY-Z_Y;Corner_2D_X-YZ_X;Corner_2D_X-YZ_Y;Corner_2D_X-Y-Z_X;Corner_2D_X-Y-Z_Y;Corner_2D_-XYZ_X;Corner_2D_-XYZ_Y;Corner_-2D_XY-Z_X;Corner_2D_-XY-Z_Y;Corner_2D_-X-YZ_X;Corner_2D_-X-YZ_Y;Corner_2D_-X-Y-Z_X;Corner_2D_-X-Y-Z_Y;
J0:19:21:23:740;Hatchback_Car_AI_C_7;211;38403.8125;-77513.289062;-54424.960938;633;660;583.286255;-0.898653;0.43866;-0.00061;38390.785156;-77507.953125;-54345.976562;204.0;92.0;76.0;38166.679688;-77501.914062;-54271.171875;38167.539062;-77500.367188;-54423.164062;38247.382812;-77336.570312;-54269.039062;38248.242188;-77335.023438;-54421.03125;38533.328125;-77680.882812;-54270.921875;38534.1875;-77679.335938;-54422.914062;38614.03125;-77515.539062;-54268.789062;38614.890625;-77513.992188;-54420.78125;633;648;643;633;643;655;645;633;645;655;620;640;620;663;622;640;622;663
J0:19:21:23:740;Hatchback_Car_AI_C_15;211;39235.007812;-72214.476562;-54389.5;-1;-1;666.611084;0.10879;-0.984945;-0.134343;39237.308594;-72238.859375;-54313.097656;204.0;92.0;76.0;39351.695312;-72439.9375;-54264.742188;39350.203125;-72419.5625;-54415.359375;39168.796875;-72460.015625;-54265.648438;39167.304688;-72439.640625;-54416.265625;39307.3125;-72038.078125;-54209.929688;39305.820312;-72017.703125;-54360.546875;39124.414062;-72058.15625;-54210.835938;39122.921875;-72037.78125;-54361.453125;-1;-1;-1;-1;-1;-1;-1;-1;-1;-1;-1;-1;-1;-1;-1;-1;-1;-1
J0:19:21:23:740;Hatchback_Car_AI_C_19;211;38978.292969;-69082.570312;-53671.160156;-1;-1;713.43457;0.009708;-0.973938;-0.226607;38978.832031;-69114.101562;-53597.386719;204.0;92.0;76.0;39073.195312;-69329.023438;-53569.84375;39072.421875;-69294.585938;-53717.890625;38889.203125;-69330.976562;-53569.335938;38888.429688;-69296.539062;-53717.382812;39069.234375;-68931.664062;-53477.390625;39068.460938;-68897.226562;-53625.4375;38885.242188;-68933.617188;-53476.882812;38884.46875;-68899.179688;-53624.929688;-1;-1;-1;-1;-1;-1;-1;-1;-1;-1;-1;-1;-1;-1;-1;-1;-1;-1
