Time;ID;Cat;XPos;YPos;ZPos;2D_XPos;2D_YPos;Vel;XDir;YDir;ZDir;BBox_XPos;BBox_YPos;BBox_ZPos;BBox_Ext_X;BBox_Ext_Y;BBox_Ext_Z;Corner_XYZ_X;Corner_XYZ_Y;Corner_XYZ_Z;Corner_XY-Z_X;Corner_XY-Z_Y;Corner_XY-Z_Z;Corner_X-YZ_X;Corner_X-YZ_Y;Corner_X-YZ_Z;Corner_X-Y-Z_X;Corner_X-Y-Z_Y;Corner_X-Y-Z_Z;Corner_-XYZ_X;Corner_-XYZ_Y;Corner_-XYZ_Z;Corner_-XY-Z_X;Corner_-XY-Z_Y;Corner_-XY-Z_Z;Corner_-X-YZ_X;Corner_-X-YZ_Y;Corner_-X-YZ_Z;Corner_-X-Y-Z_X;Corner_-X-Y-Z_Y;Corner_-X-Y-Z_Z;BBox_2D_XPos;BBox_2D_YPos;Corner_2D_XYZ_X;Corner_2D_XYZ_Y;Corner_2D_XY-Z_X;Corner_2D_XY-Z_Y;Corner_2D_X-YZ_X;Corner_2D_X-YZ_Y;Corner_2D_X-Y-Z_X;Corner_2D_X-Y-Z_Y;Corner_2D_-XYZ_X;Corner_2D_-XYZ_Y;Corner_-2D_XY-Z_X;Corner_2D_-XY-Z_Y;Corner_2D_-X-YZ_X;Corner_2D_-X-YZ_Y;Corner_2D_-X-Y-Z_X;Corner_2D_-X-Y-Z_Y;
J0:19:20:01:742;Hatchback_Car_AI_C_3;211;39366.472656;-75966.632812;-54424.28125;303;681;219.963928;-0.073715;-0.997277;-0.002174;39365.503906;-75980.773438;-54345.3125;204.0;92.0;76.0;39442.277344;-76191.171875;-54269.847656;39442.152344;-76190.828125;-54421.847656;39258.777344;-76177.609375;-54269.667969;39258.652344;-76177.265625;-54421.667969;39472.355469;-75784.28125;-54268.957031;39472.230469;-75783.9375;-54420.957031;39288.855469;-75770.71875;-54268.777344;39288.730469;-75770.375;-54420.777344;305;667;334;656;334;683;258;656;258;683;351;652;351;679;278;652;278;679
J0:19:20:01:742;Hatchback_Car_AI_C_11;211;39135.183594;-71252.179688;-54215.628906;-1;-1;682.992126;0.096114;-0.968859;-0.228197;39138.429688;-71283.671875;-54141.90625;204.0;92.0;76.0;39251.410156;-71489.453125;-54114.601562;39247.753906;-71454.953125;-54262.59375;39068.316406;-71507.6875;-54114.320312;39064.660156;-71473.1875;-54262.3125;39212.199219;-71094.15625;-54021.5;39208.542969;-71059.65625;-54169.492188;39029.105469;-71112.390625;-54021.21875;39025.449219;-71077.890625;-54169.210938;-1;-1;-1;-1;-1;-1;-1;-1;-1;-1;-1;-1;-1;-1;-1;-1;-1;-1
