Time;ID;Cat;XPos;YPos;ZPos;2D_XPos;2D_YPos;Vel;XDir;YDir;ZDir;BBox_XPos;BBox_YPos;BBox_ZPos;BBox_Ext_X;BBox_Ext_Y;BBox_Ext_Z;Corner_XYZ_X;Corner_XYZ_Y;Corner_XYZ_Z;Corner_XY-Z_X;Corner_XY-Z_Y;Corner_XY-Z_Z;Corner_X-YZ_X;Corner_X-YZ_Y;Corner_X-YZ_Z;Corner_X-Y-Z_X;Corner_X-Y-Z_Y;Corner_X-Y-Z_Z;Corner_-XYZ_X;Corner_-XYZ_Y;Corner_-XYZ_Z;Corner_-XY-Z_X;Corner_-XY-Z_Y;Corner_-XY-Z_Z;Corner_-X-YZ_X;Corner_-X-YZ_Y;Corner_-X-YZ_Z;Corner_-X-Y-Z_X;Corner_-X-Y-Z_Y;Corner_-X-Y-Z_Z;BBox_2D_XPos;BBox_2D_YPos;Corner_2D_XYZ_X;Corner_2D_XYZ_Y;Corner_2D_XY-Z_X;Corner_2D_XY-Z_Y;Corner_2D_X-YZ_X;Corner_2D_X-YZ_Y;Corner_2D_X-Y-Z_X;Corner_2D_X-Y-Z_Y;Corner_2D_-XYZ_X;Corner_2D_-XYZ_Y;Corner_-2D_XY-Z_X;Corner_2D_-XY-Z_Y;Corner_2D_-X-YZ_X;Corner_2D_-X-YZ_Y;Corner_2D_-X-Y-Z_X;Corner_2D_-X-Y-Z_Y;
J0:19:18:16:943;Hatchback_Car_AI_C_3;211;39170.265625;-71597.453125;-54289.230469;-1;-1;677.354187;0.099642;-0.975918;-0.194049;39173.140625;-71626.375;-54214.449219;204.0;92.0;76.0;39286.421875;-71830.8125;-54179.394531;39283.570312;-71801.453125;-54328.503906;39103.367188;-71849.46875;-54179.566406;39100.515625;-71820.109375;-54328.675781;39245.765625;-71432.640625;-54100.222656;39242.914062;-71403.28125;-54249.332031;39062.710938;-71451.296875;-54100.394531;39059.859375;-71421.9375;-54249.503906;-1;-1;-1;-1;-1;-1;-1;-1;-1;-1;-1;-1;-1;-1;-1;-1;-1;-1
J0:19:18:16:943;Hatchback_Car_AI_C_7;211;38988.910156;-68345.695312;-53518.882812;-1;-1;659.686584;-0.047701;-0.983587;-0.174013;38987.589844;-68373.195312;-53443.523438;204.0;92.0;76.0;39069.125;-68591.507812;-53404.199219;39070.375;-68565.085938;-53553.878906;38885.34375;-68582.601562;-53404.167969;38886.59375;-68556.179688;-53553.847656;39088.585938;-68190.210938;-53333.199219;39089.835938;-68163.789062;-53482.878906;38904.804688;-68181.304688;-53333.167969;38906.054688;-68154.882812;-53482.847656;-1;-1;-1;-1;-1;-1;-1;-1;-1;-1;-1;-1;-1;-1;-1;-1;-1;-1
