Time;ID;Cat;XPos;YPos;ZPos;2D_XPos;2D_YPos;Vel;XDir;YDir;ZDir;BBox_XPos;BBox_YPos;BBox_ZPos;BBox_Ext_X;BBox_Ext_Y;BBox_Ext_Z;Corner_XYZ_X;Corner_XYZ_Y;Corner_XYZ_Z;Corner_XY-Z_X;Corner_XY-Z_Y;Corner_XY-Z_Z;Corner_X-YZ_X;Corner_X-YZ_Y;Corner_X-YZ_Z;Corner_X-Y-Z_X;Corner_X-Y-Z_Y;Corner_X-Y-Z_Z;Corner_-XYZ_X;Corner_-XYZ_Y;Corner_-XYZ_Z;Corner_-XY-Z_X;Corner_-XY-Z_Y;Corner_-XY-Z_Z;Corner_-X-YZ_X;Corner_-X-YZ_Y;Corner_-X-YZ_Z;Corner_-X-Y-Z_X;Corner_-X-Y-Z_Y;Corner_-X-Y-Z_Z;BBox_2D_XPos;BBox_2D_YPos;Corner_2D_XYZ_X;Corner_2D_XYZ_Y;Corner_2D_XY-Z_X;Corner_2D_XY-Z_Y;Corner_2D_X-YZ_X;Corner_2D_X-YZ_Y;Corner_2D_X-Y-Z_X;Corner_2D_X-Y-Z_Y;Corner_2D_-XYZ_X;Corner_2D_-XYZ_Y;Corner_-2D_XY-Z_X;Corner_2D_-XY-Z_Y;Corner_2D_-X-YZ_X;Corner_2D_-X-YZ_Y;Corner_2D_-X-Y-Z_X;Corner_2D_-X-Y-Z_Y;
J0:19:21:12:946;Hatchback_Car_AI_C_15;211;39170.132812;-71613.226562;-54292.316406;-1;-1;673.310669;0.100967;-0.975725;-0.194336;39173.035156;-71642.164062;-54217.542969;204.0;92.0;76.0;39286.574219;-71846.46875;-54182.53125;39283.714844;-71817.0625;-54331.632812;39103.550781;-71865.359375;-54182.742188;39100.691406;-71835.953125;-54331.84375;39245.378906;-71448.375;-54103.242188;39242.519531;-71418.96875;-54252.34375;39062.355469;-71467.265625;-54103.453125;39059.496094;-71437.859375;-54252.554688;-1;-1;-1;-1;-1;-1;-1;-1;-1;-1;-1;-1;-1;-1;-1;-1;-1;-1
J0:19:21:12:946;Hatchback_Car_AI_C_19;211;38983.328125;-68475.257812;-53542.46875;-1;-1;716.627686;-0.039263;-0.982349;-0.182892;38982.21875;-68503.445312;-53467.363281;204.0;92.0;76.0;39065.601562;-68721.40625;-53429.976562;39066.671875;-68693.625;-53579.414062;38881.75;-68714.0625;-53429.929688;38882.820312;-68686.28125;-53579.367188;39081.617188;-68320.609375;-53355.359375;39082.6875;-68292.828125;-53504.796875;38897.765625;-68313.265625;-53355.3125;38898.835938;-68285.484375;-53504.75;-1;-1;-1;-1;-1;-1;-1;-1;-1;-1;-1;-1;-1;-1;-1;-1;-1;-1
