Time;ID;Cat;XPos;YPos;ZPos;2D_XPos;2D_YPos;Vel;XDir;YDir;ZDir;BBox_XPos;BBox_YPos;BBox_ZPos;BBox_Ext_X;BBox_Ext_Y;BBox_Ext_Z;Corner_XYZ_X;Corner_XYZ_Y;Corner_XYZ_Z;Corner_XY-Z_X;Corner_XY-Z_Y;Corner_XY-Z_Z;Corner_X-YZ_X;Corner_X-YZ_Y;Corner_X-YZ_Z;Corner_X-Y-Z_X;Corner_X-Y-Z_Y;Corner_X-Y-Z_Z;Corner_-XYZ_X;Corner_-XYZ_Y;Corner_-XYZ_Z;Corner_-XY-Z_X;Corner_-XY-Z_Y;Corner_-XY-Z_Z;Corner_-X-YZ_X;Corner_-X-YZ_Y;Corner_-X-YZ_Z;Corner_-X-Y-Z_X;Corner_-X-Y-Z_Y;Corner_-X-Y-Z_Z;BBox_2D_XPos;BBox_2D_YPos;Corner_2D_XYZ_X;Corner_2D_XYZ_Y;Corner_2D_XY-Z_X;Corner_2D_XY-Z_Y;Corner_2D_X-YZ_X;Corner_2D_X-YZ_Y;Corner_2D_X-Y-Z_X;Corner_2D_X-Y-Z_Y;Corner_2D_-XYZ_X;Corner_2D_-XYZ_Y;Corner_-2D_XY-Z_X;Corner_2D_-XY-Z_Y;Corner_2D_-X-YZ_X;Corner_2D_-X-YZ_Y;Corner_2D_-X-Y-Z_X;Corner_2D_-X-Y-Z_Y;
J0:19:20:20:944;Hatchback_Car_AI_C_7;211;39418.183594;-75204.679688;-54429.324219;161;683;664.275879;-0.025281;-0.999239;0.029693;39417.910156;-75216.328125;-54349.945312;204.0;92.0;76.0;39504.800781;-75420.242188;-54267.945312;39504.644531;-75424.757812;-54419.875;39320.863281;-75415.585938;-54267.898438;39320.707031;-75420.101562;-54419.828125;39515.113281;-75012.554688;-54280.0625;39514.957031;-75017.070312;-54431.992188;39331.175781;-75007.898438;-54280.015625;39331.019531;-75012.414062;-54431.945312;163;669;187;657;187;686;113;657;113;686;211;653;211;682;140;653;140;682
J0:19:20:20:944;Hatchback_Car_AI_C_11;211;39247.5;-72321.726562;-54402.929688;-1;-1;699.836853;0.109925;-0.986514;-0.121274;39249.703125;-72345.101562;-54326.210938;204.0;92.0;76.0;39364.207031;-72545.421875;-54275.050781;39362.925781;-72527.015625;-54425.925781;39181.332031;-72565.6875;-54275.972656;39180.050781;-72547.28125;-54426.847656;39319.355469;-72142.921875;-54225.574219;39318.074219;-72124.515625;-54376.449219;39136.480469;-72163.1875;-54226.496094;39135.199219;-72144.78125;-54377.371094;-1;-1;-1;-1;-1;-1;-1;-1;-1;-1;-1;-1;-1;-1;-1;-1;-1;-1
