Time;ID;Cat;XPos;YPos;ZPos;2D_XPos;2D_YPos;Vel;XDir;YDir;ZDir;BBox_XPos;BBox_YPos;BBox_ZPos;BBox_Ext_X;BBox_Ext_Y;BBox_Ext_Z;Corner_XYZ_X;Corner_XYZ_Y;Corner_XYZ_Z;Corner_XY-Z_X;Corner_XY-Z_Y;Corner_XY-Z_Z;Corner_X-YZ_X;Corner_X-YZ_Y;Corner_X-YZ_Z;Corner_X-Y-Z_X;Corner_X-Y-Z_Y;Corner_X-Y-Z_Z;Corner_-XYZ_X;Corner_-XYZ_Y;Corner_-XYZ_Z;Corner_-XY-Z_X;Corner_-XY-Z_Y;Corner_-XY-Z_Z;Corner_-X-YZ_X;Corner_-X-YZ_Y;Corner_-X-YZ_Z;Corner_-X-Y-Z_X;Corner_-X-Y-Z_Y;Corner_-X-Y-Z_Z;BBox_2D_XPos;BBox_2D_YPos;Corner_2D_XYZ_X;Corner_2D_XYZ_Y;Corner_2D_XY-Z_X;Corner_2D_XY-Z_Y;Corner_2D_X-YZ_X;Corner_2D_X-YZ_Y;Corner_2D_X-Y-Z_X;Corner_2D_X-Y-Z_Y;Corner_2D_-XYZ_X;Corner_2D_-XYZ_Y;Corner_-2D_XY-Z_X;Corner_2D_-XY-Z_Y;Corner_2D_-X-YZ_X;Corner_2D_-X-YZ_Y;Corner_2D_-X-Y-Z_X;Corner_2D_-X-Y-Z_Y;
J0:19:20:25:741;Hatchback_Car_AI_C_3;211;39323.496094;-76765.132812;-54424.691406;448;680;531.58728;-0.045551;-0.998961;0.001363;39322.855469;-76779.007812;-54345.671875;204.0;92.0;76.0;39405.464844;-76986.882812;-54269.386719;39405.472656;-76987.085938;-54421.386719;39221.652344;-76978.507812;-54269.402344;39221.660156;-76978.710938;-54421.402344;39424.050781;-76579.304688;-54269.941406;39424.058594;-76579.507812;-54421.941406;39240.238281;-76570.929688;-54269.957031;39240.246094;-76571.132812;-54421.957031;450;666;479;655;479;682;405;655;405;682;494;651;494;678;422;651;422;678
J0:19:20:25:741;Hatchback_Car_AI_C_11;211;39276.164062;-72580.085938;-54430.792969;-1;-1;654.349426;0.111003;-0.989019;-0.097564;39278.183594;-72601.632812;-54353.535156;204.0;92.0;76.0;39392.707031;-72800.585938;-54297.339844;39391.808594;-72785.757812;-54448.613281;39209.847656;-72821.023438;-54298.261719;39208.949219;-72806.195312;-54449.535156;39347.417969;-72397.070312;-54257.535156;39346.519531;-72382.242188;-54408.808594;39164.558594;-72417.507812;-54258.457031;39163.660156;-72402.679688;-54409.730469;-1;-1;-1;-1;-1;-1;-1;-1;-1;-1;-1;-1;-1;-1;-1;-1;-1;-1
J0:19:20:25:741;Hatchback_Car_AI_C_15;211;38977.402344;-68991.15625;-53650.269531;-1;-1;700.303162;0.007372;-0.974624;-0.223726;38977.71875;-69022.476562;-53576.402344;204.0;92.0;76.0;39071.425781;-69237.578125;-53548.058594;39071.011719;-69203.578125;-53696.207031;38887.433594;-69239.015625;-53547.878906;38887.019531;-69205.015625;-53696.027344;39068.417969;-68839.9375;-53456.777344;39068.003906;-68805.9375;-53604.925781;38884.425781;-68841.375;-53456.597656;38884.011719;-68807.375;-53604.746094;-1;-1;-1;-1;-1;-1;-1;-1;-1;-1;-1;-1;-1;-1;-1;-1;-1;-1
