Time;ID;Cat;XPos;YPos;ZPos;2D_XPos;2D_YPos;Vel;XDir;YDir;ZDir;BBox_XPos;BBox_YPos;BBox_ZPos;BBox_Ext_X;BBox_Ext_Y;BBox_Ext_Z;Corner_XYZ_X;Corner_XYZ_Y;Corner_XYZ_Z;Corner_XY-Z_X;Corner_XY-Z_Y;Corner_XY-Z_Z;Corner_X-YZ_X;Corner_X-YZ_Y;Corner_X-YZ_Z;Corner_X-Y-Z_X;Corner_X-Y-Z_Y;Corner_X-Y-Z_Z;Corner_-XYZ_X;Corner_-XYZ_Y;Corner_-XYZ_Z;Corner_-XY-Z_X;Corner_-XY-Z_Y;Corner_-XY-Z_Z;Corner_-X-YZ_X;Corner_-X-YZ_Y;Corner_-X-YZ_Z;Corner_-X-Y-Z_X;Corner_-X-Y-Z_Y;Corner_-X-Y-Z_Z;BBox_2D_XPos;BBox_2D_YPos;Corner_2D_XYZ_X;Corner_2D_XYZ_Y;Corner_2D_XY-Z_X;Corner_2D_XY-Z_Y;Corner_2D_X-YZ_X;Corner_2D_X-YZ_Y;Corner_2D_X-Y-Z_X;Corner_2D_X-Y-Z_Y;Corner_2D_-XYZ_X;Corner_2D_-XYZ_Y;Corner_-2D_XY-Z_X;Corner_2D_-XY-Z_Y;Corner_2D_-X-YZ_X;Corner_2D_-X-YZ_Y;Corner_2D_-X-Y-Z_X;Corner_2D_-X-Y-Z_Y;
J0:19:19:50:948;Hatchback_Car_AI_C_7;211;39372.648438;-73528.578125;-54478.476562;-1;-1;676.741699;0.087957;-0.996088;-0.008453;39373.910156;-73543.1875;-54399.597656;204.0;92.0;76.0;39483.523438;-73738.9375;-54325.289062;39483.46875;-73737.65625;-54477.28125;39300.234375;-73755.125;-54325.359375;39300.179688;-73753.84375;-54477.351562;39447.640625;-73332.53125;-54321.84375;39447.585938;-73331.25;-54473.835938;39264.351562;-73348.71875;-54321.914062;39264.296875;-73347.4375;-54473.90625;-1;-1;-1;-1;-1;-1;-1;-1;-1;-1;-1;-1;-1;-1;-1;-1;-1;-1
J0:19:19:50:948;Hatchback_Car_AI_C_11;211;39078.488281;-70660.03125;-54070.289062;-1;-1;687.078369;0.086579;-0.964564;-0.24924;39081.648438;-70693.132812;-53997.273438;204.0;92.0;76.0;39192.8125;-70900.476562;-53974.726562;39189.0625;-70862.773438;-54121.929688;39009.5625;-70917.039062;-53974.304688;39005.8125;-70879.335938;-54121.507812;39157.484375;-70506.929688;-53873.039062;39153.734375;-70469.226562;-54020.242188;38974.234375;-70523.492188;-53872.617188;38970.484375;-70485.789062;-54019.820312;-1;-1;-1;-1;-1;-1;-1;-1;-1;-1;-1;-1;-1;-1;-1;-1;-1;-1
