Time;ID;Cat;XPos;YPos;ZPos;2D_XPos;2D_YPos;Vel;XDir;YDir;ZDir;BBox_XPos;BBox_YPos;BBox_ZPos;BBox_Ext_X;BBox_Ext_Y;BBox_Ext_Z;Corner_XYZ_X;Corner_XYZ_Y;Corner_XYZ_Z;Corner_XY-Z_X;Corner_XY-Z_Y;Corner_XY-Z_Z;Corner_X-YZ_X;Corner_X-YZ_Y;Corner_X-YZ_Z;Corner_X-Y-Z_X;Corner_X-Y-Z_Y;Corner_X-Y-Z_Z;Corner_-XYZ_X;Corner_-XYZ_Y;Corner_-XYZ_Z;Corner_-XY-Z_X;Corner_-XY-Z_Y;Corner_-XY-Z_Z;Corner_-X-YZ_X;Corner_-X-YZ_Y;Corner_-X-YZ_Z;Corner_-X-Y-Z_X;Corner_-X-Y-Z_Y;Corner_-X-Y-Z_Z;BBox_2D_XPos;BBox_2D_YPos;Corner_2D_XYZ_X;Corner_2D_XYZ_Y;Corner_2D_XY-Z_X;Corner_2D_XY-Z_Y;Corner_2D_X-YZ_X;Corner_2D_X-YZ_Y;Corner_2D_X-Y-Z_X;Corner_2D_X-Y-Z_Y;Corner_2D_-XYZ_X;Corner_2D_-XYZ_Y;Corner_-2D_XY-Z_X;Corner_2D_-XY-Z_Y;Corner_2D_-X-YZ_X;Corner_2D_-X-YZ_Y;Corner_2D_-X-Y-Z_X;Corner_2D_-X-Y-Z_Y;
J0:19:20:30:944;Hatchback_Car_AI_C_3;211;39313.859375;-77003.390625;-54424.9375;490;680;554.173401;-0.040782;-0.999168;0.000544;39313.285156;-77017.335938;-54345.929688;204.0;92.0;76.0;39396.882812;-77224.875;-54269.8125;39396.890625;-77224.953125;-54421.8125;39213.039062;-77217.375;-54269.828125;39213.046875;-77217.453125;-54421.828125;39413.523438;-76817.21875;-54270.03125;39413.53125;-76817.296875;-54422.03125;39229.679688;-76809.71875;-54270.046875;39229.6875;-76809.796875;-54422.046875;493;666;522;655;522;682;449;655;449;682;535;651;535;677;464;651;464;677
J0:19:20:30:944;Hatchback_Car_AI_C_11;211;39308.203125;-72874.539062;-54454.71875;-1;-1;662.075623;0.108988;-0.991522;-0.070753;39309.980469;-72894.015625;-54376.90625;204.0;92.0;76.0;39423.910156;-73091.648438;-54315.113281;39423.425781;-73080.882812;-54466.730469;39241.003906;-73111.695312;-54315.949219;39240.519531;-73100.929688;-54467.566406;39379.441406;-72687.101562;-54286.246094;39378.957031;-72676.335938;-54437.863281;39196.535156;-72707.148438;-54287.082031;39196.050781;-72696.382812;-54438.699219;-1;-1;-1;-1;-1;-1;-1;-1;-1;-1;-1;-1;-1;-1;-1;-1;-1;-1
J0:19:20:30:944;Hatchback_Car_AI_C_15;211;38983.824219;-69280.664062;-53718.3125;-1;-1;684.099915;0.026615;-0.971321;-0.236276;38984.875;-69312.914062;-53644.855469;204.0;92.0;76.0;39082.921875;-69526.445312;-53619.398438;39081.617188;-69490.554688;-53767.09375;38898.992188;-69531.570312;-53619.015625;38897.6875;-69495.679688;-53766.710938;39072.0625;-69130.148438;-53523.0;39070.757812;-69094.257812;-53670.695312;38888.132812;-69135.273438;-53522.617188;38886.828125;-69099.382812;-53670.3125;-1;-1;-1;-1;-1;-1;-1;-1;-1;-1;-1;-1;-1;-1;-1;-1;-1;-1
