Time;ID;Cat;XPos;YPos;ZPos;2D_XPos;2D_YPos;Vel;XDir;YDir;ZDir;BBox_XPos;BBox_YPos;BBox_ZPos;BBox_Ext_X;BBox_Ext_Y;BBox_Ext_Z;Corner_XYZ_X;Corner_XYZ_Y;Corner_XYZ_Z;Corner_XY-Z_X;Corner_XY-Z_Y;Corner_XY-Z_Z;Corner_X-YZ_X;Corner_X-YZ_Y;Corner_X-YZ_Z;Corner_X-Y-Z_X;Corner_X-Y-Z_Y;Corner_X-Y-Z_Z;Corner_-XYZ_X;Corner_-XYZ_Y;Corner_-XYZ_Z;Corner_-XY-Z_X;Corner_-XY-Z_Y;Corner_-XY-Z_Z;Corner_-X-YZ_X;Corner_-X-YZ_Y;Corner_-X-YZ_Z;Corner_-X-Y-Z_X;Corner_-X-Y-Z_Y;Corner_-X-Y-Z_Z;BBox_2D_XPos;BBox_2D_YPos;Corner_2D_XYZ_X;Corner_2D_XYZ_Y;Corner_2D_XY-Z_X;Corner_2D_XY-Z_Y;Corner_2D_X-YZ_X;Corner_2D_X-YZ_Y;Corner_2D_X-Y-Z_X;Corner_2D_X-Y-Z_Y;Corner_2D_-XYZ_X;Corner_2D_-XYZ_Y;Corner_-2D_XY-Z_X;Corner_2D_-XY-Z_Y;Corner_2D_-X-YZ_X;Corner_2D_-X-YZ_Y;Corner_2D_-X-Y-Z_X;Corner_2D_-X-Y-Z_Y;
J0:19:19:54:546;Hatchback_Car_AI_C_7;211;39388.316406;-73732.867188;-54478.207031;-1;-1;675.612854;0.074913;-0.997158;0.007987;39389.375;-73746.195312;-54399.097656;204.0;92.0;76.0;39496.40625;-73942.117188;-54321.539062;39496.390625;-73943.335938;-54473.53125;39312.921875;-73955.898438;-54321.40625;39312.90625;-73957.117188;-54473.398438;39465.84375;-73535.273438;-54324.796875;39465.828125;-73536.492188;-54476.789062;39282.359375;-73549.054688;-54324.664062;39282.34375;-73550.273438;-54476.65625;-1;-1;-1;-1;-1;-1;-1;-1;-1;-1;-1;-1;-1;-1;-1;-1;-1;-1
J0:19:19:54:546;Hatchback_Car_AI_C_11;211;39097.148438;-70859.335938;-54120.636719;-1;-1;674.968811;0.091075;-0.965178;-0.245228;39100.390625;-70892.125;-54047.480469;204.0;92.0;76.0;39212.453125;-71098.875;-54023.996094;39208.664062;-71061.796875;-54171.355469;39029.273438;-71116.25;-54023.660156;39025.484375;-71079.171875;-54171.019531;39175.296875;-70705.078125;-53923.941406;39171.507812;-70668.0;-54071.300781;38992.117188;-70722.453125;-53923.605469;38988.328125;-70685.375;-54070.964844;-1;-1;-1;-1;-1;-1;-1;-1;-1;-1;-1;-1;-1;-1;-1;-1;-1;-1
