Time;ID;Cat;XPos;YPos;ZPos;2D_XPos;2D_YPos;Vel;XDir;YDir;ZDir;BBox_XPos;BBox_YPos;BBox_ZPos;BBox_Ext_X;BBox_Ext_Y;BBox_Ext_Z;Corner_XYZ_X;Corner_XYZ_Y;Corner_XYZ_Z;Corner_XY-Z_X;Corner_XY-Z_Y;Corner_XY-Z_Z;Corner_X-YZ_X;Corner_X-YZ_Y;Corner_X-YZ_Z;Corner_X-Y-Z_X;Corner_X-Y-Z_Y;Corner_X-Y-Z_Z;Corner_-XYZ_X;Corner_-XYZ_Y;Corner_-XYZ_Z;Corner_-XY-Z_X;Corner_-XY-Z_Y;Corner_-XY-Z_Z;Corner_-X-YZ_X;Corner_-X-YZ_Y;Corner_-X-YZ_Z;Corner_-X-Y-Z_X;Corner_-X-Y-Z_Y;Corner_-X-Y-Z_Z;BBox_2D_XPos;BBox_2D_YPos;Corner_2D_XYZ_X;Corner_2D_XYZ_Y;Corner_2D_XY-Z_X;Corner_2D_XY-Z_Y;Corner_2D_X-YZ_X;Corner_2D_X-YZ_Y;Corner_2D_X-Y-Z_X;Corner_2D_X-Y-Z_Y;Corner_2D_-XYZ_X;Corner_2D_-XYZ_Y;Corner_-2D_XY-Z_X;Corner_2D_-XY-Z_Y;Corner_2D_-X-YZ_X;Corner_2D_-X-YZ_Y;Corner_2D_-X-Y-Z_X;Corner_2D_-X-Y-Z_Y;
J0:19:21:14:545;Hatchback_Car_AI_C_15;211;39178.894531;-71698.546875;-54308.53125;-1;-1;660.021851;0.103281;-0.977212;-0.185447;39181.710938;-71726.8125;-54233.496094;204.0;92.0;76.0;39295.59375;-71930.5625;-54196.457031;39292.953125;-71902.5;-54345.816406;39112.609375;-71949.828125;-54196.839844;39109.96875;-71921.765625;-54346.199219;39253.453125;-71531.859375;-54120.792969;39250.8125;-71503.796875;-54270.152344;39070.46875;-71551.125;-54121.175781;39067.828125;-71523.0625;-54270.535156;-1;-1;-1;-1;-1;-1;-1;-1;-1;-1;-1;-1;-1;-1;-1;-1;-1;-1
J0:19:21:14:545;Hatchback_Car_AI_C_19;211;38980.503906;-68565.828125;-53559.804688;-1;-1;703.271484;-0.030873;-0.981141;-0.190813;38979.625;-68594.632812;-53484.925781;204.0;92.0;76.0;39064.851562;-68812.171875;-53449.277344;39065.710938;-68783.1875;-53598.488281;38880.945312;-68806.390625;-53449.214844;38881.804688;-68777.40625;-53598.425781;39077.445312;-68411.859375;-53371.425781;39078.304688;-68382.875;-53520.636719;38893.539062;-68406.078125;-53371.363281;38894.398438;-68377.09375;-53520.574219;-1;-1;-1;-1;-1;-1;-1;-1;-1;-1;-1;-1;-1;-1;-1;-1;-1;-1
