Time;ID;Cat;XPos;YPos;ZPos;2D_XPos;2D_YPos;Vel;XDir;YDir;ZDir;BBox_XPos;BBox_YPos;BBox_ZPos;BBox_Ext_X;BBox_Ext_Y;BBox_Ext_Z;Corner_XYZ_X;Corner_XYZ_Y;Corner_XYZ_Z;Corner_XY-Z_X;Corner_XY-Z_Y;Corner_XY-Z_Z;Corner_X-YZ_X;Corner_X-YZ_Y;Corner_X-YZ_Z;Corner_X-Y-Z_X;Corner_X-Y-Z_Y;Corner_X-Y-Z_Z;Corner_-XYZ_X;Corner_-XYZ_Y;Corner_-XYZ_Z;Corner_-XY-Z_X;Corner_-XY-Z_Y;Corner_-XY-Z_Z;Corner_-X-YZ_X;Corner_-X-YZ_Y;Corner_-X-YZ_Z;Corner_-X-Y-Z_X;Corner_-X-Y-Z_Y;Corner_-X-Y-Z_Z;BBox_2D_XPos;BBox_2D_YPos;Corner_2D_XYZ_X;Corner_2D_XYZ_Y;Corner_2D_XY-Z_X;Corner_2D_XY-Z_Y;Corner_2D_X-YZ_X;Corner_2D_X-YZ_Y;Corner_2D_X-Y-Z_X;Corner_2D_X-Y-Z_Y;Corner_2D_-XYZ_X;Corner_2D_-XYZ_Y;Corner_-2D_XY-Z_X;Corner_2D_-XY-Z_Y;Corner_2D_-X-YZ_X;Corner_2D_-X-YZ_Y;Corner_2D_-X-Y-Z_X;Corner_2D_-X-Y-Z_Y;
J0:19:19:50:548;Hatchback_Car_AI_C_7;211;39370.808594;-73506.054688;-54478.34375;-1;-1;690.84198;0.087402;-0.996129;-0.009347;39372.039062;-73520.742188;-54399.476562;204.0;92.0;76.0;39481.523438;-73716.625;-54325.320312;39481.507812;-73715.203125;-54477.3125;39298.226562;-73732.703125;-54325.453125;39298.210938;-73731.28125;-54477.445312;39445.867188;-73310.203125;-54321.507812;39445.851562;-73308.78125;-54473.5;39262.570312;-73326.28125;-54321.640625;39262.554688;-73324.859375;-54473.632812;-1;-1;-1;-1;-1;-1;-1;-1;-1;-1;-1;-1;-1;-1;-1;-1;-1;-1
J0:19:19:50:548;Hatchback_Car_AI_C_11;211;39076.519531;-70637.9375;-54064.617188;-1;-1;696.939941;0.087581;-0.9645;-0.249138;39079.679688;-70671.03125;-53991.597656;204.0;92.0;76.0;39191.023438;-70878.265625;-53968.996094;39187.304688;-70840.578125;-54116.199219;39007.789062;-70895.0;-53968.644531;39004.070312;-70857.3125;-54115.847656;39155.289062;-70484.75;-53867.347656;39151.570312;-70447.0625;-54014.550781;38972.054688;-70501.484375;-53866.996094;38968.335938;-70463.796875;-54014.199219;-1;-1;-1;-1;-1;-1;-1;-1;-1;-1;-1;-1;-1;-1;-1;-1;-1;-1
