Time;ID;Cat;XPos;YPos;ZPos;2D_XPos;2D_YPos;Vel;XDir;YDir;ZDir;BBox_XPos;BBox_YPos;BBox_ZPos;BBox_Ext_X;BBox_Ext_Y;BBox_Ext_Z;Corner_XYZ_X;Corner_XYZ_Y;Corner_XYZ_Z;Corner_XY-Z_X;Corner_XY-Z_Y;Corner_XY-Z_Z;Corner_X-YZ_X;Corner_X-YZ_Y;Corner_X-YZ_Z;Corner_X-Y-Z_X;Corner_X-Y-Z_Y;Corner_X-Y-Z_Z;Corner_-XYZ_X;Corner_-XYZ_Y;Corner_-XYZ_Z;Corner_-XY-Z_X;Corner_-XY-Z_Y;Corner_-XY-Z_Z;Corner_-X-YZ_X;Corner_-X-YZ_Y;Corner_-X-YZ_Z;Corner_-X-Y-Z_X;Corner_-X-Y-Z_Y;Corner_-X-Y-Z_Z;BBox_2D_XPos;BBox_2D_YPos;Corner_2D_XYZ_X;Corner_2D_XYZ_Y;Corner_2D_XY-Z_X;Corner_2D_XY-Z_Y;Corner_2D_X-YZ_X;Corner_2D_X-YZ_Y;Corner_2D_X-Y-Z_X;Corner_2D_X-Y-Z_Y;Corner_2D_-XYZ_X;Corner_2D_-XYZ_Y;Corner_-2D_XY-Z_X;Corner_2D_-XY-Z_Y;Corner_2D_-X-YZ_X;Corner_2D_-X-YZ_Y;Corner_2D_-X-Y-Z_X;Corner_2D_-X-Y-Z_Y;
J0:19:18:13:345;Hatchback_Car_AI_C_3;211;39150.402344;-71402.992188;-54249.429688;-1;-1;671.783264;0.098068;-0.971709;-0.214857;39153.5625;-71433.476562;-54175.28125;204.0;92.0;76.0;39266.816406;-71638.6875;-54144.984375;39263.378906;-71606.203125;-54293.4375;39083.753906;-71657.203125;-54144.789062;39080.316406;-71624.71875;-54293.242188;39226.808594;-71242.234375;-54057.320312;39223.371094;-71209.75;-54205.773438;39043.746094;-71260.75;-54057.125;39040.308594;-71228.265625;-54205.578125;-1;-1;-1;-1;-1;-1;-1;-1;-1;-1;-1;-1;-1;-1;-1;-1;-1;-1
J0:19:18:13:345;Hatchback_Car_AI_C_7;211;38999.449219;-68144.570312;-53485.0;-1;-1;660.124207;-0.063891;-0.98542;-0.157689;38997.722656;-68170.796875;-53409.195312;204.0;92.0;76.0;39075.695312;-68389.742188;-53366.28125;39077.296875;-68365.820312;-53516.382812;38892.078125;-68377.820312;-53366.34375;38893.679688;-68353.898438;-53516.445312;39101.765625;-67987.695312;-53301.945312;39103.367188;-67963.773438;-53452.046875;38918.148438;-67975.773438;-53302.007812;38919.75;-67951.851562;-53452.109375;-1;-1;-1;-1;-1;-1;-1;-1;-1;-1;-1;-1;-1;-1;-1;-1;-1;-1
