Time;ID;Cat;XPos;YPos;ZPos;2D_XPos;2D_YPos;Vel;XDir;YDir;ZDir;BBox_XPos;BBox_YPos;BBox_ZPos;BBox_Ext_X;BBox_Ext_Y;BBox_Ext_Z;Corner_XYZ_X;Corner_XYZ_Y;Corner_XYZ_Z;Corner_XY-Z_X;Corner_XY-Z_Y;Corner_XY-Z_Z;Corner_X-YZ_X;Corner_X-YZ_Y;Corner_X-YZ_Z;Corner_X-Y-Z_X;Corner_X-Y-Z_Y;Corner_X-Y-Z_Z;Corner_-XYZ_X;Corner_-XYZ_Y;Corner_-XYZ_Z;Corner_-XY-Z_X;Corner_-XY-Z_Y;Corner_-XY-Z_Z;Corner_-X-YZ_X;Corner_-X-YZ_Y;Corner_-X-YZ_Z;Corner_-X-Y-Z_X;Corner_-X-Y-Z_Y;Corner_-X-Y-Z_Z;BBox_2D_XPos;BBox_2D_YPos;Corner_2D_XYZ_X;Corner_2D_XYZ_Y;Corner_2D_XY-Z_X;Corner_2D_XY-Z_Y;Corner_2D_X-YZ_X;Corner_2D_X-YZ_Y;Corner_2D_X-Y-Z_X;Corner_2D_X-Y-Z_Y;Corner_2D_-XYZ_X;Corner_2D_-XYZ_Y;Corner_-2D_XY-Z_X;Corner_2D_-XY-Z_Y;Corner_2D_-X-YZ_X;Corner_2D_-X-YZ_Y;Corner_2D_-X-Y-Z_X;Corner_2D_-X-Y-Z_Y;
J0:19:20:52:145;Hatchback_Car_AI_C_3;211;39277.210938;-78077.671875;-54424.773438;680;679;706.122314;-0.03206;-0.999485;0.001432;39276.761719;-78091.554688;-54345.753906;204.0;92.0;76.0;39362.175781;-78298.296875;-54269.457031;39362.175781;-78298.515625;-54421.457031;39178.269531;-78292.390625;-54269.464844;39178.269531;-78292.609375;-54421.464844;39375.253906;-77890.5;-54270.042969;39375.253906;-77890.71875;-54422.042969;39191.347656;-77884.59375;-54270.050781;39191.347656;-77884.8125;-54422.050781;682;665;714;654;714;681;641;654;641;681;722;650;722;676;651;650;651;676
J0:19:20:52:145;Hatchback_Car_AI_C_11;211;39405.160156;-74050.304688;-54471.90625;-1;-1;654.357971;0.05174;-0.998278;0.027652;39405.914062;-74062.09375;-54392.550781;204.0;92.0;76.0;39508.375;-74258.875;-54311.105469;39508.3125;-74263.09375;-54463.050781;39324.625;-74268.390625;-54310.769531;39324.5625;-74272.609375;-54462.714844;39487.265625;-73851.578125;-54322.386719;39487.203125;-73855.796875;-54474.332031;39303.515625;-73861.09375;-54322.050781;39303.453125;-73865.3125;-54473.996094;-1;-1;-1;-1;-1;-1;-1;-1;-1;-1;13;660;13;688;-1;-1;-1;-1
J0:19:20:52:145;Hatchback_Car_AI_C_15;211;39059.167969;-70458.515625;-54018.570312;-1;-1;691.485352;0.083105;-0.964114;-0.252145;39062.183594;-70491.84375;-53945.652344;204.0;92.0;76.0;39172.574219;-70699.65625;-53923.707031;39169.011719;-70661.5;-54070.792969;38989.261719;-70715.546875;-53923.386719;38985.699219;-70677.390625;-54070.472656;39138.667969;-70306.296875;-53820.832031;39135.105469;-70268.140625;-53967.917969;38955.355469;-70322.1875;-53820.511719;38951.792969;-70284.03125;-53967.597656;-1;-1;-1;-1;-1;-1;-1;-1;-1;-1;-1;-1;-1;-1;-1;-1;-1;-1
