Time;ID;Cat;XPos;YPos;ZPos;2D_XPos;2D_YPos;Vel;XDir;YDir;ZDir;BBox_XPos;BBox_YPos;BBox_ZPos;BBox_Ext_X;BBox_Ext_Y;BBox_Ext_Z;Corner_XYZ_X;Corner_XYZ_Y;Corner_XYZ_Z;Corner_XY-Z_X;Corner_XY-Z_Y;Corner_XY-Z_Z;Corner_X-YZ_X;Corner_X-YZ_Y;Corner_X-YZ_Z;Corner_X-Y-Z_X;Corner_X-Y-Z_Y;Corner_X-Y-Z_Z;Corner_-XYZ_X;Corner_-XYZ_Y;Corner_-XYZ_Z;Corner_-XY-Z_X;Corner_-XY-Z_Y;Corner_-XY-Z_Z;Corner_-X-YZ_X;Corner_-X-YZ_Y;Corner_-X-YZ_Z;Corner_-X-Y-Z_X;Corner_-X-Y-Z_Y;Corner_-X-Y-Z_Z;BBox_2D_XPos;BBox_2D_YPos;Corner_2D_XYZ_X;Corner_2D_XYZ_Y;Corner_2D_XY-Z_X;Corner_2D_XY-Z_Y;Corner_2D_X-YZ_X;Corner_2D_X-YZ_Y;Corner_2D_X-Y-Z_X;Corner_2D_X-Y-Z_Y;Corner_2D_-XYZ_X;Corner_2D_-XYZ_Y;Corner_-2D_XY-Z_X;Corner_2D_-XY-Z_Y;Corner_2D_-X-YZ_X;Corner_2D_-X-YZ_Y;Corner_2D_-X-Y-Z_X;Corner_2D_-X-Y-Z_Y;
J0:19:19:16:948;Hatchback_Car_AI_C_3;211;39418.875;-74910.28125;-54439.621094;108;685;586.689392;-0.007284;-0.999316;0.036262;39418.847656;-74921.40625;-54360.164062;204.0;92.0;76.0;39509.429688;-75123.179688;-54276.875;39509.289062;-75128.695312;-54428.773438;39325.4375;-75121.835938;-54276.757812;39325.296875;-75127.351562;-54428.65625;39512.398438;-74715.460938;-54291.671875;39512.257812;-74720.976562;-54443.570312;39328.40625;-74714.117188;-54291.554688;39328.265625;-74719.632812;-54443.453125;110;671;132;658;132;688;59;658;59;688;160;654;160;684;89;654;89;684
J0:19:19:16:948;Hatchback_Car_AI_C_7;211;39175.753906;-71664.90625;-54302.203125;-1;-1;665.548401;0.099525;-0.977039;-0.188389;39178.554688;-71693.398438;-54227.253906;204.0;92.0;76.0;39291.738281;-71897.65625;-54190.925781;39289.035156;-71869.15625;-54340.207031;39108.683594;-71916.265625;-54191.160156;39105.980469;-71887.765625;-54340.441406;39251.128906;-71499.03125;-54114.066406;39248.425781;-71470.53125;-54263.347656;39068.074219;-71517.640625;-54114.300781;39065.371094;-71489.140625;-54263.582031;-1;-1;-1;-1;-1;-1;-1;-1;-1;-1;-1;-1;-1;-1;-1;-1;-1;-1
J0:19:19:16:948;Hatchback_Car_AI_C_11;211;38976.660156;-68766.546875;-53600.585938;-1;-1;695.444946;-0.009695;-0.978265;-0.20713;38976.367188;-68796.601562;-53526.199219;204.0;92.0;76.0;39066.238281;-69012.820312;-53494.109375;39066.535156;-68981.335938;-53642.8125;38882.246094;-69010.992188;-53494.09375;38882.542969;-68979.507812;-53642.796875;39070.191406;-68613.695312;-53409.601562;39070.488281;-68582.210938;-53558.304688;38886.199219;-68611.867188;-53409.585938;38886.496094;-68580.382812;-53558.289062;-1;-1;-1;-1;-1;-1;-1;-1;-1;-1;-1;-1;-1;-1;-1;-1;-1;-1
