Time;ID;Cat;XPos;YPos;ZPos;2D_XPos;2D_YPos;Vel;XDir;YDir;ZDir;BBox_XPos;BBox_YPos;BBox_ZPos;BBox_Ext_X;BBox_Ext_Y;BBox_Ext_Z;Corner_XYZ_X;Corner_XYZ_Y;Corner_XYZ_Z;Corner_XY-Z_X;Corner_XY-Z_Y;Corner_XY-Z_Z;Corner_X-YZ_X;Corner_X-YZ_Y;Corner_X-YZ_Z;Corner_X-Y-Z_X;Corner_X-Y-Z_Y;Corner_X-Y-Z_Z;Corner_-XYZ_X;Corner_-XYZ_Y;Corner_-XYZ_Z;Corner_-XY-Z_X;Corner_-XY-Z_Y;Corner_-XY-Z_Z;Corner_-X-YZ_X;Corner_-X-YZ_Y;Corner_-X-YZ_Z;Corner_-X-Y-Z_X;Corner_-X-Y-Z_Y;Corner_-X-Y-Z_Z;BBox_2D_XPos;BBox_2D_YPos;Corner_2D_XYZ_X;Corner_2D_XYZ_Y;Corner_2D_XY-Z_X;Corner_2D_XY-Z_Y;Corner_2D_X-YZ_X;Corner_2D_X-YZ_Y;Corner_2D_X-Y-Z_X;Corner_2D_X-Y-Z_Y;Corner_2D_-XYZ_X;Corner_2D_-XYZ_Y;Corner_-2D_XY-Z_X;Corner_2D_-XY-Z_Y;Corner_2D_-X-YZ_X;Corner_2D_-X-YZ_Y;Corner_2D_-X-Y-Z_X;Corner_2D_-X-Y-Z_Y;
J0:19:21:12:547;Hatchback_Car_AI_C_15;211;39167.878906;-71591.25;-54288.03125;-1;-1;687.296875;0.098729;-0.975697;-0.19562;39170.773438;-71620.289062;-54213.296875;204.0;92.0;76.0;39283.90625;-71824.875;-54178.625;39280.992188;-71795.28125;-54327.6875;39100.835938;-71843.375;-54178.71875;39097.921875;-71813.78125;-54327.78125;39243.625;-71426.796875;-54098.8125;39240.710938;-71397.203125;-54247.875;39060.554688;-71445.296875;-54098.90625;39057.640625;-71415.703125;-54247.96875;-1;-1;-1;-1;-1;-1;-1;-1;-1;-1;-1;-1;-1;-1;-1;-1;-1;-1
J0:19:21:12:547;Hatchback_Car_AI_C_19;211;38984.136719;-68451.8125;-53538.125;-1;-1;693.761353;-0.04263;-0.982357;-0.182089;38982.957031;-68479.9375;-53462.996094;204.0;92.0;76.0;39065.613281;-68698.140625;-53425.457031;39066.738281;-68670.484375;-53574.917969;38881.785156;-68690.1875;-53425.363281;38882.910156;-68662.53125;-53574.824219;39083.003906;-68297.34375;-53351.167969;39084.128906;-68269.6875;-53500.628906;38899.175781;-68289.390625;-53351.074219;38900.300781;-68261.734375;-53500.535156;-1;-1;-1;-1;-1;-1;-1;-1;-1;-1;-1;-1;-1;-1;-1;-1;-1;-1
