Time;ID;Cat;XPos;YPos;ZPos;2D_XPos;2D_YPos;Vel;XDir;YDir;ZDir;BBox_XPos;BBox_YPos;BBox_ZPos;BBox_Ext_X;BBox_Ext_Y;BBox_Ext_Z;Corner_XYZ_X;Corner_XYZ_Y;Corner_XYZ_Z;Corner_XY-Z_X;Corner_XY-Z_Y;Corner_XY-Z_Z;Corner_X-YZ_X;Corner_X-YZ_Y;Corner_X-YZ_Z;Corner_X-Y-Z_X;Corner_X-Y-Z_Y;Corner_X-Y-Z_Z;Corner_-XYZ_X;Corner_-XYZ_Y;Corner_-XYZ_Z;Corner_-XY-Z_X;Corner_-XY-Z_Y;Corner_-XY-Z_Z;Corner_-X-YZ_X;Corner_-X-YZ_Y;Corner_-X-YZ_Z;Corner_-X-Y-Z_X;Corner_-X-Y-Z_Y;Corner_-X-Y-Z_Z;BBox_2D_XPos;BBox_2D_YPos;Corner_2D_XYZ_X;Corner_2D_XYZ_Y;Corner_2D_XY-Z_X;Corner_2D_XY-Z_Y;Corner_2D_X-YZ_X;Corner_2D_X-YZ_Y;Corner_2D_X-Y-Z_X;Corner_2D_X-Y-Z_Y;Corner_2D_-XYZ_X;Corner_2D_-XYZ_Y;Corner_-2D_XY-Z_X;Corner_2D_-XY-Z_Y;Corner_2D_-X-YZ_X;Corner_2D_-X-YZ_Y;Corner_2D_-X-Y-Z_X;Corner_2D_-X-Y-Z_Y;
J0:19:19:56:145;Hatchback_Car_AI_C_7;211;39394.566406;-73823.65625;-54477.089844;-1;-1;681.406921;0.068091;-0.997576;0.014353;39395.535156;-73836.484375;-54397.898438;204.0;92.0;76.0;39501.226562;-74032.632812;-54319.085938;39501.195312;-74034.820312;-54471.070312;39317.65625;-74045.164062;-54318.867188;39317.625;-74047.351562;-54470.851562;39473.445312;-73625.617188;-54324.945312;39473.414062;-73627.804688;-54476.929688;39289.875;-73638.148438;-54324.726562;39289.84375;-73640.335938;-54476.710938;-1;-1;-1;-1;-1;-1;-1;-1;-1;-1;-1;-1;-1;-1;-1;-1;-1;-1
J0:19:19:56:145;Hatchback_Car_AI_C_11;211;39105.386719;-70945.515625;-54142.085938;-1;-1;670.7453;0.091573;-0.965729;-0.242863;39108.667969;-70978.117188;-54068.851562;204.0;92.0;76.0;39220.851562;-71184.75;-54044.882812;39217.007812;-71148.03125;-54192.328125;39037.6875;-71202.21875;-54044.460938;39033.84375;-71165.5;-54191.90625;39183.492188;-70790.734375;-53945.796875;39179.648438;-70754.015625;-54093.242188;39000.328125;-70808.203125;-53945.375;38996.484375;-70771.484375;-54092.820312;-1;-1;-1;-1;-1;-1;-1;-1;-1;-1;-1;-1;-1;-1;-1;-1;-1;-1
