Time;ID;Cat;XPos;YPos;ZPos;2D_XPos;2D_YPos;Vel;XDir;YDir;ZDir;BBox_XPos;BBox_YPos;BBox_ZPos;BBox_Ext_X;BBox_Ext_Y;BBox_Ext_Z;Corner_XYZ_X;Corner_XYZ_Y;Corner_XYZ_Z;Corner_XY-Z_X;Corner_XY-Z_Y;Corner_XY-Z_Z;Corner_X-YZ_X;Corner_X-YZ_Y;Corner_X-YZ_Z;Corner_X-Y-Z_X;Corner_X-Y-Z_Y;Corner_X-Y-Z_Z;Corner_-XYZ_X;Corner_-XYZ_Y;Corner_-XYZ_Z;Corner_-XY-Z_X;Corner_-XY-Z_Y;Corner_-XY-Z_Z;Corner_-X-YZ_X;Corner_-X-YZ_Y;Corner_-X-YZ_Z;Corner_-X-Y-Z_X;Corner_-X-Y-Z_Y;Corner_-X-Y-Z_Z;BBox_2D_XPos;BBox_2D_YPos;Corner_2D_XYZ_X;Corner_2D_XYZ_Y;Corner_2D_XY-Z_X;Corner_2D_XY-Z_Y;Corner_2D_X-YZ_X;Corner_2D_X-YZ_Y;Corner_2D_X-Y-Z_X;Corner_2D_X-Y-Z_Y;Corner_2D_-XYZ_X;Corner_2D_-XYZ_Y;Corner_-2D_XY-Z_X;Corner_2D_-XY-Z_Y;Corner_2D_-X-YZ_X;Corner_2D_-X-YZ_Y;Corner_2D_-X-Y-Z_X;Corner_2D_-X-Y-Z_Y;
J0:19:18:20:148;Hatchback_Car_AI_C_3;211;39189.199219;-71778.46875;-54322.644531;-1;-1;689.551392;0.1025;-0.978993;-0.176257;39191.894531;-71806.046875;-54247.347656;204.0;92.0;76.0;39305.519531;-72009.5625;-54208.277344;39303.097656;-71982.875;-54357.894531;39122.511719;-72028.640625;-54208.714844;39120.089844;-72001.953125;-54358.332031;39263.699219;-71610.140625;-54136.363281;39261.277344;-71583.453125;-54285.980469;39080.691406;-71629.21875;-54136.800781;39078.269531;-71602.53125;-54286.417969;-1;-1;-1;-1;-1;-1;-1;-1;-1;-1;-1;-1;-1;-1;-1;-1;-1;-1
J0:19:18:20:148;Hatchback_Car_AI_C_7;211;38982.75;-68524.742188;-53551.816406;-1;-1;672.657227;-0.033015;-0.981554;-0.188311;38981.8125;-68553.351562;-53476.867188;204.0;92.0;76.0;39066.570312;-68770.976562;-53440.667969;39067.484375;-68742.367188;-53589.949219;38882.671875;-68764.804688;-53440.613281;38883.585938;-68736.195312;-53589.894531;39080.039062;-68370.507812;-53363.839844;39080.953125;-68341.898438;-53513.121094;38896.140625;-68364.335938;-53363.785156;38897.054688;-68335.726562;-53513.066406;-1;-1;-1;-1;-1;-1;-1;-1;-1;-1;-1;-1;-1;-1;-1;-1;-1;-1
