Time;ID;Cat;XPos;YPos;ZPos;2D_XPos;2D_YPos;Vel;XDir;YDir;ZDir;BBox_XPos;BBox_YPos;BBox_ZPos;BBox_Ext_X;BBox_Ext_Y;BBox_Ext_Z;Corner_XYZ_X;Corner_XYZ_Y;Corner_XYZ_Z;Corner_XY-Z_X;Corner_XY-Z_Y;Corner_XY-Z_Z;Corner_X-YZ_X;Corner_X-YZ_Y;Corner_X-YZ_Z;Corner_X-Y-Z_X;Corner_X-Y-Z_Y;Corner_X-Y-Z_Z;Corner_-XYZ_X;Corner_-XYZ_Y;Corner_-XYZ_Z;Corner_-XY-Z_X;Corner_-XY-Z_Y;Corner_-XY-Z_Z;Corner_-X-YZ_X;Corner_-X-YZ_Y;Corner_-X-YZ_Z;Corner_-X-Y-Z_X;Corner_-X-Y-Z_Y;Corner_-X-Y-Z_Z;BBox_2D_XPos;BBox_2D_YPos;Corner_2D_XYZ_X;Corner_2D_XYZ_Y;Corner_2D_XY-Z_X;Corner_2D_XY-Z_Y;Corner_2D_X-YZ_X;Corner_2D_X-YZ_Y;Corner_2D_X-Y-Z_X;Corner_2D_X-Y-Z_Y;Corner_2D_-XYZ_X;Corner_2D_-XYZ_Y;Corner_-2D_XY-Z_X;Corner_2D_-XY-Z_Y;Corner_2D_-X-YZ_X;Corner_2D_-X-YZ_Y;Corner_2D_-X-Y-Z_X;Corner_2D_-X-Y-Z_Y;
J0:19:19:16:148;Hatchback_Car_AI_C_3;211;39419.234375;-74870.835938;-54441.066406;101;686;611.725891;-0.004581;-0.999282;0.037612;39419.25;-74881.851562;-54361.597656;204.0;92.0;76.0;39510.394531;-75083.265625;-54278.058594;39510.238281;-75088.984375;-54429.949219;39326.394531;-75082.421875;-54277.902344;39326.238281;-75088.140625;-54429.792969;39512.261719;-74675.5625;-54293.402344;39512.105469;-74681.28125;-54445.292969;39328.261719;-74674.71875;-54293.246094;39328.105469;-74680.4375;-54445.136719;103;671;125;658;125;689;52;658;52;689;153;655;153;684;82;655;82;684
J0:19:19:16:148;Hatchback_Car_AI_C_7;211;39171.214844;-71622.085938;-54294.03125;-1;-1;654.035889;0.099463;-0.976053;-0.193465;39174.074219;-71650.960938;-54219.230469;204.0;92.0;76.0;39287.304688;-71855.40625;-54184.042969;39284.476562;-71826.140625;-54333.167969;39104.25;-71874.015625;-54184.230469;39101.421875;-71844.75;-54333.355469;39246.726562;-71457.171875;-54105.105469;39243.898438;-71427.90625;-54254.230469;39063.671875;-71475.78125;-54105.292969;39060.84375;-71446.515625;-54254.417969;-1;-1;-1;-1;-1;-1;-1;-1;-1;-1;-1;-1;-1;-1;-1;-1;-1;-1
J0:19:19:16:148;Hatchback_Car_AI_C_11;211;38976.953125;-68720.984375;-53591.035156;-1;-1;682.346924;-0.013029;-0.978926;-0.203801;38976.53125;-68750.789062;-53516.546875;204.0;92.0;76.0;39065.636719;-68967.203125;-53483.6875;39066.097656;-68936.234375;-53632.5;38881.652344;-68964.75;-53483.742188;38882.113281;-68933.78125;-53632.554688;39070.949219;-68567.796875;-53400.539062;39071.410156;-68536.828125;-53549.351562;38886.964844;-68565.34375;-53400.59375;38887.425781;-68534.375;-53549.40625;-1;-1;-1;-1;-1;-1;-1;-1;-1;-1;-1;-1;-1;-1;-1;-1;-1;-1
