Time;ID;Cat;XPos;YPos;ZPos;2D_XPos;2D_YPos;Vel;XDir;YDir;ZDir;BBox_XPos;BBox_YPos;BBox_ZPos;BBox_Ext_X;BBox_Ext_Y;BBox_Ext_Z;Corner_XYZ_X;Corner_XYZ_Y;Corner_XYZ_Z;Corner_XY-Z_X;Corner_XY-Z_Y;Corner_XY-Z_Z;Corner_X-YZ_X;Corner_X-YZ_Y;Corner_X-YZ_Z;Corner_X-Y-Z_X;Corner_X-Y-Z_Y;Corner_X-Y-Z_Z;Corner_-XYZ_X;Corner_-XYZ_Y;Corner_-XYZ_Z;Corner_-XY-Z_X;Corner_-XY-Z_Y;Corner_-XY-Z_Z;Corner_-X-YZ_X;Corner_-X-YZ_Y;Corner_-X-YZ_Z;Corner_-X-Y-Z_X;Corner_-X-Y-Z_Y;Corner_-X-Y-Z_Z;BBox_2D_XPos;BBox_2D_YPos;Corner_2D_XYZ_X;Corner_2D_XYZ_Y;Corner_2D_XY-Z_X;Corner_2D_XY-Z_Y;Corner_2D_X-YZ_X;Corner_2D_X-YZ_Y;Corner_2D_X-Y-Z_X;Corner_2D_X-Y-Z_Y;Corner_2D_-XYZ_X;Corner_2D_-XYZ_Y;Corner_-2D_XY-Z_X;Corner_2D_-XY-Z_Y;Corner_2D_-X-YZ_X;Corner_2D_-X-YZ_Y;Corner_2D_-X-Y-Z_X;Corner_2D_-X-Y-Z_Y;
J0:19:20:24:948;Hatchback_Car_AI_C_3;211;39325.070312;-76729.164062;-54424.65625;441;680;526.680237;-0.046295;-0.998927;0.001563;39324.417969;-76743.023438;-54345.632812;204.0;92.0;76.0;39406.871094;-76950.945312;-54269.300781;39406.878906;-76951.179688;-54421.300781;39223.066406;-76942.429688;-54269.324219;39223.074219;-76942.664062;-54421.324219;39425.761719;-76543.382812;-54269.941406;39425.769531;-76543.617188;-54421.941406;39241.957031;-76534.867188;-54269.964844;39241.964844;-76535.101562;-54421.964844;444;666;473;655;473;682;399;655;399;682;487;651;487;678;415;651;415;678
J0:19:20:24:948;Hatchback_Car_AI_C_11;211;39271.34375;-72536.265625;-54426.589844;-1;-1;645.516113;0.110659;-0.988556;-0.102527;39273.398438;-72558.195312;-54349.441406;204.0;92.0;76.0;39387.894531;-72757.460938;-54294.296875;39386.917969;-72741.882812;-54445.492188;39205.027344;-72777.835938;-54295.21875;39204.050781;-72762.257812;-54446.414062;39342.746094;-72354.132812;-54252.46875;39341.769531;-72338.554688;-54403.664062;39159.878906;-72374.507812;-54253.390625;39158.902344;-72358.929688;-54404.585938;-1;-1;-1;-1;-1;-1;-1;-1;-1;-1;-1;-1;-1;-1;-1;-1;-1;-1
