Time;ID;Cat;XPos;YPos;ZPos;2D_XPos;2D_YPos;Vel;XDir;YDir;ZDir;BBox_XPos;BBox_YPos;BBox_ZPos;BBox_Ext_X;BBox_Ext_Y;BBox_Ext_Z;Corner_XYZ_X;Corner_XYZ_Y;Corner_XYZ_Z;Corner_XY-Z_X;Corner_XY-Z_Y;Corner_XY-Z_Z;Corner_X-YZ_X;Corner_X-YZ_Y;Corner_X-YZ_Z;Corner_X-Y-Z_X;Corner_X-Y-Z_Y;Corner_X-Y-Z_Z;Corner_-XYZ_X;Corner_-XYZ_Y;Corner_-XYZ_Z;Corner_-XY-Z_X;Corner_-XY-Z_Y;Corner_-XY-Z_Z;Corner_-X-YZ_X;Corner_-X-YZ_Y;Corner_-X-YZ_Z;Corner_-X-Y-Z_X;Corner_-X-Y-Z_Y;Corner_-X-Y-Z_Z;BBox_2D_XPos;BBox_2D_YPos;Corner_2D_XYZ_X;Corner_2D_XYZ_Y;Corner_2D_XY-Z_X;Corner_2D_XY-Z_Y;Corner_2D_X-YZ_X;Corner_2D_X-YZ_Y;Corner_2D_X-Y-Z_X;Corner_2D_X-Y-Z_Y;Corner_2D_-XYZ_X;Corner_2D_-XYZ_Y;Corner_-2D_XY-Z_X;Corner_2D_-XY-Z_Y;Corner_2D_-X-YZ_X;Corner_2D_-X-YZ_Y;Corner_2D_-X-Y-Z_X;Corner_2D_-X-Y-Z_Y;
J0:19:20:56:943;Hatchback_Car_AI_C_3;211;39268.71875;-78377.039062;-54424.757812;732;679;773.434814;-0.028427;-0.999594;0.001724;39268.320312;-78390.898438;-54345.734375;204.0;92.0;76.0;39354.480469;-78597.296875;-54269.375;39354.480469;-78597.5625;-54421.375;39170.558594;-78592.0625;-54269.390625;39170.558594;-78592.328125;-54421.390625;39366.082031;-78189.46875;-54270.078125;39366.082031;-78189.734375;-54422.078125;39182.160156;-78184.234375;-54270.09375;39182.160156;-78184.5;-54422.09375;734;665;767;654;767;680;694;654;694;680;773;650;773;676;703;650;703;676
J0:19:20:56:943;Hatchback_Car_AI_C_15;211;39082.824219;-70720.484375;-54085.726562;-1;-1;651.807129;0.088551;-0.964395;-0.249201;39086.027344;-70753.578125;-54012.707031;204.0;92.0;76.0;39197.589844;-70960.695312;-53990.125;39193.816406;-70923.007812;-54137.328125;39014.371094;-70977.617188;-53989.757812;39010.597656;-70939.929688;-54136.960938;39161.457031;-70567.226562;-53888.453125;39157.683594;-70529.539062;-54035.65625;38978.238281;-70584.148438;-53888.085938;38974.464844;-70546.460938;-54035.289062;-1;-1;-1;-1;-1;-1;-1;-1;-1;-1;-1;-1;-1;-1;-1;-1;-1;-1
