Time;ID;Cat;XPos;YPos;ZPos;2D_XPos;2D_YPos;Vel;XDir;YDir;ZDir;BBox_XPos;BBox_YPos;BBox_ZPos;BBox_Ext_X;BBox_Ext_Y;BBox_Ext_Z;Corner_XYZ_X;Corner_XYZ_Y;Corner_XYZ_Z;Corner_XY-Z_X;Corner_XY-Z_Y;Corner_XY-Z_Z;Corner_X-YZ_X;Corner_X-YZ_Y;Corner_X-YZ_Z;Corner_X-Y-Z_X;Corner_X-Y-Z_Y;Corner_X-Y-Z_Z;Corner_-XYZ_X;Corner_-XYZ_Y;Corner_-XYZ_Z;Corner_-XY-Z_X;Corner_-XY-Z_Y;Corner_-XY-Z_Z;Corner_-X-YZ_X;Corner_-X-YZ_Y;Corner_-X-YZ_Z;Corner_-X-Y-Z_X;Corner_-X-Y-Z_Y;Corner_-X-Y-Z_Z;BBox_2D_XPos;BBox_2D_YPos;Corner_2D_XYZ_X;Corner_2D_XYZ_Y;Corner_2D_XY-Z_X;Corner_2D_XY-Z_Y;Corner_2D_X-YZ_X;Corner_2D_X-YZ_Y;Corner_2D_X-Y-Z_X;Corner_2D_X-Y-Z_Y;Corner_2D_-XYZ_X;Corner_2D_-XYZ_Y;Corner_-2D_XY-Z_X;Corner_2D_-XY-Z_Y;Corner_2D_-X-YZ_X;Corner_2D_-X-YZ_Y;Corner_2D_-X-Y-Z_X;Corner_2D_-X-Y-Z_Y;
J0:19:20:32:150;Hatchback_Car_AI_C_3;211;39311.777344;-77057.882812;-54424.90625;500;680;537.315857;-0.042432;-0.999099;-0.000439;39311.183594;-77071.90625;-54345.914062;204.0;92.0;76.0;39394.445312;-77279.65625;-54270.003906;39394.445312;-77279.59375;-54422.003906;39210.609375;-77271.84375;-54270.003906;39210.609375;-77271.78125;-54422.003906;39411.757812;-76872.03125;-54269.824219;39411.757812;-76871.96875;-54421.824219;39227.921875;-76864.21875;-54269.824219;39227.921875;-76864.15625;-54421.824219;502;666;532;655;532;681;458;655;458;681;545;651;545;677;473;651;473;677
J0:19:20:32:150;Hatchback_Car_AI_C_11;211;39315.59375;-72942.960938;-54459.101562;-1;-1;696.92926;0.108721;-0.992112;-0.06239;39317.328125;-72961.789062;-54381.128906;204.0;92.0;76.0;39431.164062;-73158.929688;-54317.625;39430.757812;-73149.429688;-54469.328125;39248.257812;-73178.929688;-54318.382812;39247.851562;-73169.429688;-54470.085938;39386.804688;-72754.148438;-54292.171875;39386.398438;-72744.648438;-54443.875;39203.898438;-72774.148438;-54292.929688;39203.492188;-72764.648438;-54444.632812;-1;-1;-1;-1;-1;-1;-1;-1;-1;-1;-1;-1;-1;-1;-1;-1;-1;-1
J0:19:20:32:150;Hatchback_Car_AI_C_15;211;38986.058594;-69346.257812;-53734.289062;-1;-1;689.679138;0.033369;-0.9706;-0.238372;38987.277344;-69378.664062;-53660.902344;204.0;92.0;76.0;39086.753906;-69591.578125;-53635.839844;39085.308594;-69555.375;-53783.457031;38902.863281;-69597.953125;-53635.605469;38901.417969;-69561.75;-53783.222656;39073.136719;-69195.578125;-53538.582031;39071.691406;-69159.375;-53686.199219;38889.246094;-69201.953125;-53538.347656;38887.800781;-69165.75;-53685.964844;-1;-1;-1;-1;-1;-1;-1;-1;-1;-1;-1;-1;-1;-1;-1;-1;-1;-1
