Time;ID;Cat;XPos;YPos;ZPos;2D_XPos;2D_YPos;Vel;XDir;YDir;ZDir;BBox_XPos;BBox_YPos;BBox_ZPos;BBox_Ext_X;BBox_Ext_Y;BBox_Ext_Z;Corner_XYZ_X;Corner_XYZ_Y;Corner_XYZ_Z;Corner_XY-Z_X;Corner_XY-Z_Y;Corner_XY-Z_Z;Corner_X-YZ_X;Corner_X-YZ_Y;Corner_X-YZ_Z;Corner_X-Y-Z_X;Corner_X-Y-Z_Y;Corner_X-Y-Z_Z;Corner_-XYZ_X;Corner_-XYZ_Y;Corner_-XYZ_Z;Corner_-XY-Z_X;Corner_-XY-Z_Y;Corner_-XY-Z_Z;Corner_-X-YZ_X;Corner_-X-YZ_Y;Corner_-X-YZ_Z;Corner_-X-Y-Z_X;Corner_-X-Y-Z_Y;Corner_-X-Y-Z_Z;BBox_2D_XPos;BBox_2D_YPos;Corner_2D_XYZ_X;Corner_2D_XYZ_Y;Corner_2D_XY-Z_X;Corner_2D_XY-Z_Y;Corner_2D_X-YZ_X;Corner_2D_X-YZ_Y;Corner_2D_X-Y-Z_X;Corner_2D_X-Y-Z_Y;Corner_2D_-XYZ_X;Corner_2D_-XYZ_Y;Corner_-2D_XY-Z_X;Corner_2D_-XY-Z_Y;Corner_2D_-X-YZ_X;Corner_2D_-X-YZ_Y;Corner_2D_-X-Y-Z_X;Corner_2D_-X-Y-Z_Y;
J0:19:19:17:747;Hatchback_Car_AI_C_3;211;39418.417969;-74948.101562;-54438.238281;115;685;562.610229;-0.009909;-0.99934;0.034959;39418.351562;-74959.328125;-54358.796875;204.0;92.0;76.0;39508.394531;-75161.453125;-54275.761719;39508.253906;-75166.765625;-54427.667969;39324.402344;-75159.625;-54275.660156;39324.261719;-75164.9375;-54427.566406;39512.441406;-74753.71875;-54290.027344;39512.300781;-74759.03125;-54441.933594;39328.449219;-74751.890625;-54289.925781;39328.308594;-74757.203125;-54441.832031;117;671;139;658;139;688;66;658;66;688;166;654;166;683;96;654;96;683
J0:19:19:17:747;Hatchback_Car_AI_C_7;211;39180.335938;-71708.382812;-54310.226562;-1;-1;675.039307;0.099961;-0.977988;-0.183157;39183.085938;-71736.484375;-54235.128906;204.0;92.0;76.0;39296.300781;-71940.523438;-54197.636719;39293.707031;-71912.804688;-54347.066406;39113.246094;-71959.179688;-54197.917969;39110.652344;-71931.460938;-54347.347656;39255.519531;-71541.507812;-54122.910156;39252.925781;-71513.789062;-54272.339844;39072.464844;-71560.164062;-54123.191406;39069.871094;-71532.445312;-54272.621094;-1;-1;-1;-1;-1;-1;-1;-1;-1;-1;-1;-1;-1;-1;-1;-1;-1;-1
J0:19:19:17:747;Hatchback_Car_AI_C_11;211;38976.480469;-68813.171875;-53610.535156;-1;-1;714.861084;-0.006175;-0.977623;-0.210277;38976.328125;-68843.46875;-53536.246094;204.0;92.0;76.0;39067.003906;-69059.460938;-53504.886719;39067.136719;-69027.492188;-53653.488281;38883.003906;-69058.320312;-53504.800781;38883.136719;-69026.351562;-53653.402344;39069.519531;-68660.585938;-53419.089844;39069.652344;-68628.617188;-53567.691406;38885.519531;-68659.445312;-53419.003906;38885.652344;-68627.476562;-53567.605469;-1;-1;-1;-1;-1;-1;-1;-1;-1;-1;-1;-1;-1;-1;-1;-1;-1;-1
