Time;ID;Cat;XPos;YPos;ZPos;2D_XPos;2D_YPos;Vel;XDir;YDir;ZDir;BBox_XPos;BBox_YPos;BBox_ZPos;BBox_Ext_X;BBox_Ext_Y;BBox_Ext_Z;Corner_XYZ_X;Corner_XYZ_Y;Corner_XYZ_Z;Corner_XY-Z_X;Corner_XY-Z_Y;Corner_XY-Z_Z;Corner_X-YZ_X;Corner_X-YZ_Y;Corner_X-YZ_Z;Corner_X-Y-Z_X;Corner_X-Y-Z_Y;Corner_X-Y-Z_Z;Corner_-XYZ_X;Corner_-XYZ_Y;Corner_-XYZ_Z;Corner_-XY-Z_X;Corner_-XY-Z_Y;Corner_-XY-Z_Z;Corner_-X-YZ_X;Corner_-X-YZ_Y;Corner_-X-YZ_Z;Corner_-X-Y-Z_X;Corner_-X-Y-Z_Y;Corner_-X-Y-Z_Z;BBox_2D_XPos;BBox_2D_YPos;Corner_2D_XYZ_X;Corner_2D_XYZ_Y;Corner_2D_XY-Z_X;Corner_2D_XY-Z_Y;Corner_2D_X-YZ_X;Corner_2D_X-YZ_Y;Corner_2D_X-Y-Z_X;Corner_2D_X-Y-Z_Y;Corner_2D_-XYZ_X;Corner_2D_-XYZ_Y;Corner_-2D_XY-Z_X;Corner_2D_-XY-Z_Y;Corner_2D_-X-YZ_X;Corner_2D_-X-YZ_Y;Corner_2D_-X-Y-Z_X;Corner_2D_-X-Y-Z_Y;
J0:19:19:42:146;Hatchback_Car_AI_C_7;211;39328.4375;-73052.164062;-54465.25;-1;-1;599.812195;0.106558;-0.992749;-0.055632;39330.117188;-73070.460938;-54387.152344;204.0;92.0;76.0;39443.511719;-73267.421875;-54322.289062;39443.152344;-73258.953125;-54474.054688;39260.558594;-73287.015625;-54322.945312;39260.199219;-73278.546875;-54474.710938;39400.035156;-72862.375;-54299.59375;39399.675781;-72853.90625;-54451.359375;39217.082031;-72881.96875;-54300.25;39216.722656;-72873.5;-54452.015625;-1;-1;-1;-1;-1;-1;-1;-1;-1;-1;-1;-1;-1;-1;-1;-1;-1;-1
J0:19:19:42:146;Hatchback_Car_AI_C_11;211;39036.589844;-70173.859375;-53944.894531;-1;-1;667.145081;0.074771;-0.964311;-0.253995;39039.304688;-70207.359375;-53872.042969;204.0;92.0;76.0;39147.886719;-70416.164062;-53850.484375;39144.675781;-70377.695312;-53997.5;38964.441406;-70430.460938;-53850.21875;38961.230469;-70391.992188;-53997.234375;39117.378906;-70022.726562;-53746.851562;39114.167969;-69984.257812;-53893.867188;38933.933594;-70037.023438;-53746.585938;38930.722656;-69998.554688;-53893.601562;-1;-1;-1;-1;-1;-1;-1;-1;-1;-1;-1;-1;-1;-1;-1;-1;-1;-1
