Time;ID;Cat;XPos;YPos;ZPos;2D_XPos;2D_YPos;Vel;XDir;YDir;ZDir;BBox_XPos;BBox_YPos;BBox_ZPos;BBox_Ext_X;BBox_Ext_Y;BBox_Ext_Z;Corner_XYZ_X;Corner_XYZ_Y;Corner_XYZ_Z;Corner_XY-Z_X;Corner_XY-Z_Y;Corner_XY-Z_Z;Corner_X-YZ_X;Corner_X-YZ_Y;Corner_X-YZ_Z;Corner_X-Y-Z_X;Corner_X-Y-Z_Y;Corner_X-Y-Z_Z;Corner_-XYZ_X;Corner_-XYZ_Y;Corner_-XYZ_Z;Corner_-XY-Z_X;Corner_-XY-Z_Y;Corner_-XY-Z_Z;Corner_-X-YZ_X;Corner_-X-YZ_Y;Corner_-X-YZ_Z;Corner_-X-Y-Z_X;Corner_-X-Y-Z_Y;Corner_-X-Y-Z_Z;BBox_2D_XPos;BBox_2D_YPos;Corner_2D_XYZ_X;Corner_2D_XYZ_Y;Corner_2D_XY-Z_X;Corner_2D_XY-Z_Y;Corner_2D_X-YZ_X;Corner_2D_X-YZ_Y;Corner_2D_X-Y-Z_X;Corner_2D_X-Y-Z_Y;Corner_2D_-XYZ_X;Corner_2D_-XYZ_Y;Corner_-2D_XY-Z_X;Corner_2D_-XY-Z_Y;Corner_2D_-X-YZ_X;Corner_2D_-X-YZ_Y;Corner_2D_-X-Y-Z_X;Corner_2D_-X-Y-Z_Y;
J0:19:20:56:549;Hatchback_Car_AI_C_3;211;39269.421875;-78351.304688;-54424.789062;727;679;782.247437;-0.028364;-0.999595;0.002515;39269.023438;-78365.101562;-54345.753906;204.0;92.0;76.0;39355.199219;-78571.4375;-54269.230469;39355.207031;-78571.8125;-54421.230469;39171.269531;-78566.21875;-54269.253906;39171.277344;-78566.59375;-54421.253906;39366.769531;-78163.609375;-54270.253906;39366.777344;-78163.984375;-54422.253906;39182.839844;-78158.390625;-54270.277344;39182.847656;-78158.765625;-54422.277344;730;665;763;654;763;680;690;654;690;680;769;650;769;676;698;650;698;676
J0:19:20:56:549;Hatchback_Car_AI_C_15;211;39080.851562;-70699.523438;-54080.371094;-1;-1;661.200317;0.086618;-0.964542;-0.249311;39084.023438;-70732.625;-54007.355469;204.0;92.0;76.0;39195.207031;-70939.953125;-53984.835938;39191.433594;-70902.25;-54132.039062;39011.957031;-70956.53125;-53984.390625;39008.183594;-70918.828125;-54131.59375;39159.863281;-70546.421875;-53883.117188;39156.089844;-70508.71875;-54030.320312;38976.613281;-70563.0;-53882.671875;38972.839844;-70525.296875;-54029.875;-1;-1;-1;-1;-1;-1;-1;-1;-1;-1;-1;-1;-1;-1;-1;-1;-1;-1
