Time;ID;Cat;XPos;YPos;ZPos;2D_XPos;2D_YPos;Vel;XDir;YDir;ZDir;BBox_XPos;BBox_YPos;BBox_ZPos;BBox_Ext_X;BBox_Ext_Y;BBox_Ext_Z;Corner_XYZ_X;Corner_XYZ_Y;Corner_XYZ_Z;Corner_XY-Z_X;Corner_XY-Z_Y;Corner_XY-Z_Z;Corner_X-YZ_X;Corner_X-YZ_Y;Corner_X-YZ_Z;Corner_X-Y-Z_X;Corner_X-Y-Z_Y;Corner_X-Y-Z_Z;Corner_-XYZ_X;Corner_-XYZ_Y;Corner_-XYZ_Z;Corner_-XY-Z_X;Corner_-XY-Z_Y;Corner_-XY-Z_Z;Corner_-X-YZ_X;Corner_-X-YZ_Y;Corner_-X-YZ_Z;Corner_-X-Y-Z_X;Corner_-X-Y-Z_Y;Corner_-X-Y-Z_Z;BBox_2D_XPos;BBox_2D_YPos;Corner_2D_XYZ_X;Corner_2D_XYZ_Y;Corner_2D_XY-Z_X;Corner_2D_XY-Z_Y;Corner_2D_X-YZ_X;Corner_2D_X-YZ_Y;Corner_2D_X-Y-Z_X;Corner_2D_X-Y-Z_Y;Corner_2D_-XYZ_X;Corner_2D_-XYZ_Y;Corner_-2D_XY-Z_X;Corner_2D_-XY-Z_Y;Corner_2D_-X-YZ_X;Corner_2D_-X-YZ_Y;Corner_2D_-X-Y-Z_X;Corner_2D_-X-Y-Z_Y;
J0:19:18:47:345;Hatchback_Car_AI_C_3;211;39349.878906;-73267.992188;-54473.820312;-1;-1;630.846741;0.096018;-0.994795;-0.034102;39351.308594;-73284.617188;-54395.34375;204.0;92.0;76.0;39462.550781;-73481.320312;-54326.140625;39462.386719;-73476.132812;-54478.054688;39279.402344;-73498.976562;-54326.546875;39279.238281;-73493.789062;-54478.460938;39423.378906;-73075.445312;-54312.226562;39423.214844;-73070.257812;-54464.140625;39240.230469;-73093.101562;-54312.632812;39240.066406;-73087.914062;-54464.546875;-1;-1;-1;-1;-1;-1;-1;-1;-1;-1;-1;-1;-1;-1;-1;-1;-1;-1
J0:19:18:47:345;Hatchback_Car_AI_C_7;211;39025.4375;-70030.289062;-53907.617188;-1;-1;678.117126;0.066404;-0.965188;-0.252987;39027.894531;-70063.726562;-53834.730469;204.0;92.0;76.0;39134.695312;-70273.4375;-53812.988281;39131.75;-70235.09375;-53960.042969;38951.132812;-70286.15625;-53812.636719;38948.1875;-70247.8125;-53959.691406;39107.601562;-69879.640625;-53709.769531;39104.65625;-69841.296875;-53856.824219;38924.039062;-69892.359375;-53709.417969;38921.09375;-69854.015625;-53856.472656;-1;-1;-1;-1;-1;-1;-1;-1;-1;-1;-1;-1;-1;-1;-1;-1;-1;-1
