Time;ID;Cat;XPos;YPos;ZPos;2D_XPos;2D_YPos;Vel;XDir;YDir;ZDir;BBox_XPos;BBox_YPos;BBox_ZPos;BBox_Ext_X;BBox_Ext_Y;BBox_Ext_Z;Corner_XYZ_X;Corner_XYZ_Y;Corner_XYZ_Z;Corner_XY-Z_X;Corner_XY-Z_Y;Corner_XY-Z_Z;Corner_X-YZ_X;Corner_X-YZ_Y;Corner_X-YZ_Z;Corner_X-Y-Z_X;Corner_X-Y-Z_Y;Corner_X-Y-Z_Z;Corner_-XYZ_X;Corner_-XYZ_Y;Corner_-XYZ_Z;Corner_-XY-Z_X;Corner_-XY-Z_Y;Corner_-XY-Z_Z;Corner_-X-YZ_X;Corner_-X-YZ_Y;Corner_-X-YZ_Z;Corner_-X-Y-Z_X;Corner_-X-Y-Z_Y;Corner_-X-Y-Z_Z;BBox_2D_XPos;BBox_2D_YPos;Corner_2D_XYZ_X;Corner_2D_XYZ_Y;Corner_2D_XY-Z_X;Corner_2D_XY-Z_Y;Corner_2D_X-YZ_X;Corner_2D_X-YZ_Y;Corner_2D_X-Y-Z_X;Corner_2D_X-Y-Z_Y;Corner_2D_-XYZ_X;Corner_2D_-XYZ_Y;Corner_-2D_XY-Z_X;Corner_2D_-XY-Z_Y;Corner_2D_-X-YZ_X;Corner_2D_-X-YZ_Y;Corner_2D_-X-Y-Z_X;Corner_2D_-X-Y-Z_Y;
J0:19:20:15:340;Hatchback_Car_AI_C_3;211;39343.769531;-76344.296875;-54425.03125;372;681;422.303375;-0.057344;-0.99835;0.002884;39342.980469;-76358.046875;-54345.992188;204.0;92.0;76.0;39423.144531;-76566.765625;-54269.40625;39423.113281;-76567.203125;-54421.40625;39239.449219;-76556.21875;-54269.398438;39239.417969;-76556.65625;-54421.398438;39446.542969;-76159.4375;-54270.585938;39446.511719;-76159.875;-54422.585938;39262.847656;-76148.890625;-54270.578125;39262.816406;-76149.328125;-54422.578125;374;667;403;655;403;682;328;655;328;682;419;652;419;678;347;652;347;678
J0:19:20:15:340;Hatchback_Car_AI_C_7;211;39423.773438;-74889.8125;-54440.125;104;685;669.63501;-0.004827;-0.999199;0.039735;39423.792969;-74900.664062;-54360.632812;204.0;92.0;76.0;39514.890625;-75101.929688;-54276.667969;39514.726562;-75107.960938;-54428.550781;39330.890625;-75101.039062;-54276.503906;39330.726562;-75107.070312;-54428.386719;39516.859375;-74694.257812;-54292.878906;39516.695312;-74700.289062;-54444.761719;39332.859375;-74693.367188;-54292.714844;39332.695312;-74699.398438;-54444.597656;106;671;128;658;128;689;55;658;55;689;155;654;155;684;85;654;85;684
J0:19:20:15:340;Hatchback_Car_AI_C_11;211;39214.128906;-72016.171875;-54361.605469;-1;-1;652.644592;0.105768;-0.98234;-0.15434;39216.601562;-72042.078125;-54285.714844;204.0;92.0;76.0;39330.609375;-72244.382812;-54241.746094;39328.703125;-72220.992188;-54391.925781;39147.65625;-72263.960938;-54242.472656;39145.75;-72240.570312;-54392.652344;39287.453125;-71843.585938;-54178.777344;39285.546875;-71820.195312;-54328.957031;39104.5;-71863.164062;-54179.503906;39102.59375;-71839.773438;-54329.683594;-1;-1;-1;-1;-1;-1;-1;-1;-1;-1;-1;-1;-1;-1;-1;-1;-1;-1
