Time;ID;Cat;XPos;YPos;ZPos;2D_XPos;2D_YPos;Vel;XDir;YDir;ZDir;BBox_XPos;BBox_YPos;BBox_ZPos;BBox_Ext_X;BBox_Ext_Y;BBox_Ext_Z;Corner_XYZ_X;Corner_XYZ_Y;Corner_XYZ_Z;Corner_XY-Z_X;Corner_XY-Z_Y;Corner_XY-Z_Z;Corner_X-YZ_X;Corner_X-YZ_Y;Corner_X-YZ_Z;Corner_X-Y-Z_X;Corner_X-Y-Z_Y;Corner_X-Y-Z_Z;Corner_-XYZ_X;Corner_-XYZ_Y;Corner_-XYZ_Z;Corner_-XY-Z_X;Corner_-XY-Z_Y;Corner_-XY-Z_Z;Corner_-X-YZ_X;Corner_-X-YZ_Y;Corner_-X-YZ_Z;Corner_-X-Y-Z_X;Corner_-X-Y-Z_Y;Corner_-X-Y-Z_Z;BBox_2D_XPos;BBox_2D_YPos;Corner_2D_XYZ_X;Corner_2D_XYZ_Y;Corner_2D_XY-Z_X;Corner_2D_XY-Z_Y;Corner_2D_X-YZ_X;Corner_2D_X-YZ_Y;Corner_2D_X-Y-Z_X;Corner_2D_X-Y-Z_Y;Corner_2D_-XYZ_X;Corner_2D_-XYZ_Y;Corner_-2D_XY-Z_X;Corner_2D_-XY-Z_Y;Corner_2D_-X-YZ_X;Corner_2D_-X-YZ_Y;Corner_2D_-X-Y-Z_X;Corner_2D_-X-Y-Z_Y;
J0:19:19:24:943;Hatchback_Car_AI_C_7;211;39222.480469;-72100.148438;-54373.882812;-1;-1;667.315796;0.106917;-0.983744;-0.14428;39224.867188;-72125.289062;-54297.730469;204.0;92.0;76.0;39339.003906;-72327.03125;-54251.5625;39337.292969;-72305.15625;-54401.96875;39156.066406;-72346.796875;-54252.359375;39154.355469;-72324.921875;-54402.765625;39295.378906;-71925.65625;-54192.695312;39293.667969;-71903.78125;-54343.101562;39112.441406;-71945.421875;-54193.492188;39110.730469;-71923.546875;-54343.898438;-1;-1;-1;-1;-1;-1;-1;-1;-1;-1;-1;-1;-1;-1;-1;-1;-1;-1
J0:19:19:24:943;Hatchback_Car_AI_C_11;211;38982.207031;-69222.492188;-53704.300781;-1;-1;711.746399;0.024601;-0.972111;-0.233227;38983.136719;-69254.515625;-53630.746094;204.0;92.0;76.0;39080.6875;-69468.1875;-53604.558594;39079.5625;-69432.75;-53752.363281;38896.75;-69472.90625;-53604.285156;38895.625;-69437.46875;-53752.089844;39070.648438;-69071.5625;-53509.402344;39069.523438;-69036.125;-53657.207031;38886.710938;-69076.28125;-53509.128906;38885.585938;-69040.84375;-53656.933594;-1;-1;-1;-1;-1;-1;-1;-1;-1;-1;-1;-1;-1;-1;-1;-1;-1;-1
