Time;ID;Cat;XPos;YPos;ZPos;2D_XPos;2D_YPos;Vel;XDir;YDir;ZDir;BBox_XPos;BBox_YPos;BBox_ZPos;BBox_Ext_X;BBox_Ext_Y;BBox_Ext_Z;Corner_XYZ_X;Corner_XYZ_Y;Corner_XYZ_Z;Corner_XY-Z_X;Corner_XY-Z_Y;Corner_XY-Z_Z;Corner_X-YZ_X;Corner_X-YZ_Y;Corner_X-YZ_Z;Corner_X-Y-Z_X;Corner_X-Y-Z_Y;Corner_X-Y-Z_Z;Corner_-XYZ_X;Corner_-XYZ_Y;Corner_-XYZ_Z;Corner_-XY-Z_X;Corner_-XY-Z_Y;Corner_-XY-Z_Z;Corner_-X-YZ_X;Corner_-X-YZ_Y;Corner_-X-YZ_Z;Corner_-X-Y-Z_X;Corner_-X-Y-Z_Y;Corner_-X-Y-Z_Z;BBox_2D_XPos;BBox_2D_YPos;Corner_2D_XYZ_X;Corner_2D_XYZ_Y;Corner_2D_XY-Z_X;Corner_2D_XY-Z_Y;Corner_2D_X-YZ_X;Corner_2D_X-YZ_Y;Corner_2D_X-Y-Z_X;Corner_2D_X-Y-Z_Y;Corner_2D_-XYZ_X;Corner_2D_-XYZ_Y;Corner_-2D_XY-Z_X;Corner_2D_-XY-Z_Y;Corner_2D_-X-YZ_X;Corner_2D_-X-YZ_Y;Corner_2D_-X-Y-Z_X;Corner_2D_-X-Y-Z_Y;
J0:19:21:04:944;Hatchback_Car_AI_C_11;211;39420.570312;-74761.28125;-54445.335938;82;686;681.545776;0.002574;-0.999109;0.042136;39420.691406;-74771.9375;-54365.816406;204.0;92.0;76.0;39513.296875;-74972.320312;-54281.394531;39513.132812;-74978.726562;-54433.261719;39329.296875;-74972.789062;-54281.175781;39329.132812;-74979.195312;-54433.042969;39512.25;-74564.679688;-54298.589844;39512.085938;-74571.085938;-54450.457031;39328.25;-74565.148438;-54298.371094;39328.085938;-74571.554688;-54450.238281;83;672;104;659;104;690;32;659;32;690;133;655;133;685;63;655;63;685
J0:19:21:04:944;Hatchback_Car_AI_C_15;211;39125.144531;-71163.703125;-54195.042969;-1;-1;706.298218;0.095232;-0.967623;-0.233745;39128.429688;-71195.609375;-54121.503906;204.0;92.0;76.0;39241.289062;-71401.625;-54095.457031;39237.53125;-71366.296875;-54243.246094;39058.179688;-71419.71875;-54095.128906;39054.421875;-71384.390625;-54242.917969;39202.4375;-71006.828125;-54000.089844;39198.679688;-70971.5;-54147.878906;39019.328125;-71024.921875;-53999.761719;39015.570312;-70989.59375;-54147.550781;-1;-1;-1;-1;-1;-1;-1;-1;-1;-1;-1;-1;-1;-1;-1;-1;-1;-1
