Time;ID;Cat;XPos;YPos;ZPos;2D_XPos;2D_YPos;Vel;XDir;YDir;ZDir;BBox_XPos;BBox_YPos;BBox_ZPos;BBox_Ext_X;BBox_Ext_Y;BBox_Ext_Z;Corner_XYZ_X;Corner_XYZ_Y;Corner_XYZ_Z;Corner_XY-Z_X;Corner_XY-Z_Y;Corner_XY-Z_Z;Corner_X-YZ_X;Corner_X-YZ_Y;Corner_X-YZ_Z;Corner_X-Y-Z_X;Corner_X-Y-Z_Y;Corner_X-Y-Z_Z;Corner_-XYZ_X;Corner_-XYZ_Y;Corner_-XYZ_Z;Corner_-XY-Z_X;Corner_-XY-Z_Y;Corner_-XY-Z_Z;Corner_-X-YZ_X;Corner_-X-YZ_Y;Corner_-X-YZ_Z;Corner_-X-Y-Z_X;Corner_-X-Y-Z_Y;Corner_-X-Y-Z_Z;BBox_2D_XPos;BBox_2D_YPos;Corner_2D_XYZ_X;Corner_2D_XYZ_Y;Corner_2D_XY-Z_X;Corner_2D_XY-Z_Y;Corner_2D_X-YZ_X;Corner_2D_X-YZ_Y;Corner_2D_X-Y-Z_X;Corner_2D_X-Y-Z_Y;Corner_2D_-XYZ_X;Corner_2D_-XYZ_Y;Corner_-2D_XY-Z_X;Corner_2D_-XY-Z_Y;Corner_2D_-X-YZ_X;Corner_2D_-X-YZ_Y;Corner_2D_-X-Y-Z_X;Corner_2D_-X-Y-Z_Y;
J0:19:19:02:943;Hatchback_Car_AI_C_3;211;39408.21875;-74131.015625;-54469.546875;-1;-1;708.86377;0.044481;-0.998486;0.032369;39408.882812;-74142.429688;-54390.136719;204.0;92.0;76.0;39509.90625;-74339.570312;-54307.753906;39509.828125;-74344.492188;-54459.675781;39326.085938;-74347.742188;-54307.394531;39326.007812;-74352.664062;-54459.316406;39491.757812;-73932.195312;-54320.957031;39491.679688;-73937.117188;-54472.878906;39307.9375;-73940.367188;-54320.597656;39307.859375;-73945.289062;-54472.519531;-1;-1;-1;-1;-1;-1;-1;-1;-1;-1;26;659;26;688;-1;-1;-1;-1
J0:19:19:02:943;Hatchback_Car_AI_C_7;211;39098.023438;-70888.742188;-54127.871094;-1;-1;669.225952;0.091239;-0.965446;-0.24411;39101.28125;-70921.445312;-54054.679688;204.0;92.0;76.0;39213.382812;-71128.148438;-54030.964844;39209.578125;-71091.242188;-54178.363281;39030.210938;-71145.554688;-54030.589844;39026.40625;-71108.648438;-54177.988281;39176.15625;-70734.242188;-53931.371094;39172.351562;-70697.335938;-54078.769531;38992.984375;-70751.648438;-53930.996094;38989.179688;-70714.742188;-54078.394531;-1;-1;-1;-1;-1;-1;-1;-1;-1;-1;-1;-1;-1;-1;-1;-1;-1;-1
