Time;ID;Cat;XPos;YPos;ZPos;2D_XPos;2D_YPos;Vel;XDir;YDir;ZDir;BBox_XPos;BBox_YPos;BBox_ZPos;BBox_Ext_X;BBox_Ext_Y;BBox_Ext_Z;Corner_XYZ_X;Corner_XYZ_Y;Corner_XYZ_Z;Corner_XY-Z_X;Corner_XY-Z_Y;Corner_XY-Z_Z;Corner_X-YZ_X;Corner_X-YZ_Y;Corner_X-YZ_Z;Corner_X-Y-Z_X;Corner_X-Y-Z_Y;Corner_X-Y-Z_Z;Corner_-XYZ_X;Corner_-XYZ_Y;Corner_-XYZ_Z;Corner_-XY-Z_X;Corner_-XY-Z_Y;Corner_-XY-Z_Z;Corner_-X-YZ_X;Corner_-X-YZ_Y;Corner_-X-YZ_Z;Corner_-X-Y-Z_X;Corner_-X-Y-Z_Y;Corner_-X-Y-Z_Z;BBox_2D_XPos;BBox_2D_YPos;Corner_2D_XYZ_X;Corner_2D_XYZ_Y;Corner_2D_XY-Z_X;Corner_2D_XY-Z_Y;Corner_2D_X-YZ_X;Corner_2D_X-YZ_Y;Corner_2D_X-Y-Z_X;Corner_2D_X-Y-Z_Y;Corner_2D_-XYZ_X;Corner_2D_-XYZ_Y;Corner_-2D_XY-Z_X;Corner_2D_-XY-Z_Y;Corner_2D_-X-YZ_X;Corner_2D_-X-YZ_Y;Corner_2D_-X-Y-Z_X;Corner_2D_-X-Y-Z_Y;
J0:19:19:02:549;Hatchback_Car_AI_C_3;211;39407.269531;-74107.320312;-54470.269531;-1;-1;685.117432;0.046033;-0.998481;0.030275;39407.949219;-74118.90625;-54390.882812;204.0;92.0;76.0;39509.277344;-74316.054688;-54308.914062;39509.207031;-74320.664062;-54460.84375;39325.472656;-74324.523438;-54308.570312;39325.402344;-74329.132812;-54460.5;39490.496094;-73908.679688;-54321.265625;39490.425781;-73913.289062;-54473.195312;39306.691406;-73917.148438;-54320.921875;39306.621094;-73921.757812;-54472.851562;-1;-1;-1;-1;-1;-1;-1;-1;-1;-1;22;659;22;688;-1;-1;-1;-1
J0:19:19:02:549;Hatchback_Car_AI_C_7;211;39095.96875;-70867.179688;-54122.488281;-1;-1;680.457336;0.089134;-0.965622;-0.244191;39099.199219;-70899.890625;-54049.296875;204.0;92.0;76.0;39210.894531;-71106.820312;-54025.652344;39207.082031;-71069.898438;-54173.050781;39027.683594;-71123.851562;-54025.175781;39023.871094;-71086.929688;-54172.574219;39174.527344;-70712.851562;-53926.019531;39170.714844;-70675.929688;-54073.417969;38991.316406;-70729.882812;-53925.542969;38987.503906;-70692.960938;-54072.941406;-1;-1;-1;-1;-1;-1;-1;-1;-1;-1;-1;-1;-1;-1;-1;-1;-1;-1
