Time;ID;Cat;XPos;YPos;ZPos;2D_XPos;2D_YPos;Vel;XDir;YDir;ZDir;BBox_XPos;BBox_YPos;BBox_ZPos;BBox_Ext_X;BBox_Ext_Y;BBox_Ext_Z;Corner_XYZ_X;Corner_XYZ_Y;Corner_XYZ_Z;Corner_XY-Z_X;Corner_XY-Z_Y;Corner_XY-Z_Z;Corner_X-YZ_X;Corner_X-YZ_Y;Corner_X-YZ_Z;Corner_X-Y-Z_X;Corner_X-Y-Z_Y;Corner_X-Y-Z_Z;Corner_-XYZ_X;Corner_-XYZ_Y;Corner_-XYZ_Z;Corner_-XY-Z_X;Corner_-XY-Z_Y;Corner_-XY-Z_Z;Corner_-X-YZ_X;Corner_-X-YZ_Y;Corner_-X-YZ_Z;Corner_-X-Y-Z_X;Corner_-X-Y-Z_Y;Corner_-X-Y-Z_Z;BBox_2D_XPos;BBox_2D_YPos;Corner_2D_XYZ_X;Corner_2D_XYZ_Y;Corner_2D_XY-Z_X;Corner_2D_XY-Z_Y;Corner_2D_X-YZ_X;Corner_2D_X-YZ_Y;Corner_2D_X-Y-Z_X;Corner_2D_X-Y-Z_Y;Corner_2D_-XYZ_X;Corner_2D_-XYZ_Y;Corner_-2D_XY-Z_X;Corner_2D_-XY-Z_Y;Corner_2D_-X-YZ_X;Corner_2D_-X-YZ_Y;Corner_2D_-X-Y-Z_X;Corner_2D_-X-Y-Z_Y;
J0:19:21:00:147;Hatchback_Car_AI_C_3;211;39263.101562;-78592.890625;-54424.734375;769;679;816.086304;-0.025593;-0.999671;0.001539;39262.738281;-78606.765625;-54345.714844;204.0;92.0;76.0;39349.480469;-78812.929688;-54269.390625;39349.488281;-78813.164062;-54421.390625;39165.542969;-78808.226562;-54269.414062;39165.550781;-78808.460938;-54421.414062;39359.925781;-78405.070312;-54270.015625;39359.933594;-78405.304688;-54422.015625;39175.988281;-78400.367188;-54270.039062;39175.996094;-78400.601562;-54422.039062;772;665;805;653;805;680;733;653;733;680;810;650;810;676;740;650;740;676
J0:19:21:00:147;Hatchback_Car_AI_C_15;211;39099.097656;-70895.320312;-54129.585938;-1;-1;685.451843;0.09215;-0.96559;-0.243197;39102.375;-70927.945312;-54056.363281;204.0;92.0;76.0;39214.660156;-71134.515625;-54032.441406;39210.839844;-71097.75;-54179.878906;39031.503906;-71152.09375;-54032.074219;39027.683594;-71115.328125;-54179.511719;39177.066406;-70740.5625;-53933.214844;39173.246094;-70703.796875;-54080.652344;38993.910156;-70758.140625;-53932.847656;38990.089844;-70721.375;-54080.285156;-1;-1;-1;-1;-1;-1;-1;-1;-1;-1;-1;-1;-1;-1;-1;-1;-1;-1
