Time;ID;Cat;XPos;YPos;ZPos;2D_XPos;2D_YPos;Vel;XDir;YDir;ZDir;BBox_XPos;BBox_YPos;BBox_ZPos;BBox_Ext_X;BBox_Ext_Y;BBox_Ext_Z;Corner_XYZ_X;Corner_XYZ_Y;Corner_XYZ_Z;Corner_XY-Z_X;Corner_XY-Z_Y;Corner_XY-Z_Z;Corner_X-YZ_X;Corner_X-YZ_Y;Corner_X-YZ_Z;Corner_X-Y-Z_X;Corner_X-Y-Z_Y;Corner_X-Y-Z_Z;Corner_-XYZ_X;Corner_-XYZ_Y;Corner_-XYZ_Z;Corner_-XY-Z_X;Corner_-XY-Z_Y;Corner_-XY-Z_Z;Corner_-X-YZ_X;Corner_-X-YZ_Y;Corner_-X-YZ_Z;Corner_-X-Y-Z_X;Corner_-X-Y-Z_Y;Corner_-X-Y-Z_Z;BBox_2D_XPos;BBox_2D_YPos;Corner_2D_XYZ_X;Corner_2D_XYZ_Y;Corner_2D_XY-Z_X;Corner_2D_XY-Z_Y;Corner_2D_X-YZ_X;Corner_2D_X-YZ_Y;Corner_2D_X-Y-Z_X;Corner_2D_X-Y-Z_Y;Corner_2D_-XYZ_X;Corner_2D_-XYZ_Y;Corner_-2D_XY-Z_X;Corner_2D_-XY-Z_Y;Corner_2D_-X-YZ_X;Corner_2D_-X-YZ_Y;Corner_2D_-X-Y-Z_X;Corner_2D_-X-Y-Z_Y;
J0:19:19:36:150;Hatchback_Car_AI_C_7;211;39292.523438;-72722.507812;-54443.417969;-1;-1;682.008301;0.111364;-0.990303;-0.083054;39294.421875;-72742.9375;-54365.855469;204.0;92.0;76.0;39408.894531;-72941.03125;-54306.597656;39408.238281;-72928.40625;-54458.074219;39226.042969;-72961.515625;-54307.519531;39225.386719;-72948.890625;-54458.996094;39363.457031;-72536.984375;-54272.714844;39362.800781;-72524.359375;-54424.191406;39180.605469;-72557.46875;-54273.636719;39179.949219;-72544.84375;-54425.113281;-1;-1;-1;-1;-1;-1;-1;-1;-1;-1;-1;-1;-1;-1;-1;-1;-1;-1
J0:19:19:36:150;Hatchback_Car_AI_C_11;211;39012.734375;-69847.671875;-53860.375;-1;-1;696.685181;0.062711;-0.965987;-0.250871;39014.953125;-69880.96875;-53787.414062;204.0;92.0;76.0;39120.839844;-70091.078125;-53765.082031;39118.261719;-70053.03125;-53912.222656;38937.230469;-70103.03125;-53764.957031;38934.652344;-70064.984375;-53912.097656;39095.253906;-69696.953125;-53662.730469;39092.675781;-69658.90625;-53809.871094;38911.644531;-69708.90625;-53662.605469;38909.066406;-69670.859375;-53809.746094;-1;-1;-1;-1;-1;-1;-1;-1;-1;-1;-1;-1;-1;-1;-1;-1;-1;-1
