Time;ID;Cat;XPos;YPos;ZPos;2D_XPos;2D_YPos;Vel;XDir;YDir;ZDir;BBox_XPos;BBox_YPos;BBox_ZPos;BBox_Ext_X;BBox_Ext_Y;BBox_Ext_Z;Corner_XYZ_X;Corner_XYZ_Y;Corner_XYZ_Z;Corner_XY-Z_X;Corner_XY-Z_Y;Corner_XY-Z_Z;Corner_X-YZ_X;Corner_X-YZ_Y;Corner_X-YZ_Z;Corner_X-Y-Z_X;Corner_X-Y-Z_Y;Corner_X-Y-Z_Z;Corner_-XYZ_X;Corner_-XYZ_Y;Corner_-XYZ_Z;Corner_-XY-Z_X;Corner_-XY-Z_Y;Corner_-XY-Z_Z;Corner_-X-YZ_X;Corner_-X-YZ_Y;Corner_-X-YZ_Z;Corner_-X-Y-Z_X;Corner_-X-Y-Z_Y;Corner_-X-Y-Z_Z;BBox_2D_XPos;BBox_2D_YPos;Corner_2D_XYZ_X;Corner_2D_XYZ_Y;Corner_2D_XY-Z_X;Corner_2D_XY-Z_Y;Corner_2D_X-YZ_X;Corner_2D_X-YZ_Y;Corner_2D_X-Y-Z_X;Corner_2D_X-Y-Z_Y;Corner_2D_-XYZ_X;Corner_2D_-XYZ_Y;Corner_-2D_XY-Z_X;Corner_2D_-XY-Z_Y;Corner_2D_-X-YZ_X;Corner_2D_-X-YZ_Y;Corner_2D_-X-Y-Z_X;Corner_2D_-X-Y-Z_Y;
J0:19:19:22:544;Hatchback_Car_AI_C_7;211;39208.308594;-71971.40625;-54354.601562;-1;-1;675.002563;0.10562;-0.981984;-0.15669;39210.796875;-71997.492188;-54278.773438;204.0;92.0;76.0;39324.792969;-72199.914062;-54235.3125;39322.847656;-72176.164062;-54385.4375;39141.839844;-72219.476562;-54236.039062;39139.894531;-72195.726562;-54386.164062;39281.699219;-71799.257812;-54171.382812;39279.753906;-71775.507812;-54321.507812;39098.746094;-71818.820312;-54172.109375;39096.800781;-71795.070312;-54322.234375;-1;-1;-1;-1;-1;-1;-1;-1;-1;-1;-1;-1;-1;-1;-1;-1;-1;-1
J0:19:19:22:544;Hatchback_Car_AI_C_11;211;38978.859375;-69086.96875;-53672.316406;-1;-1;697.727783;0.015466;-0.973578;-0.227829;38979.453125;-69118.59375;-53598.582031;204.0;92.0;76.0;39074.960938;-69333.03125;-53571.164062;39074.234375;-69298.40625;-53719.164062;38890.984375;-69336.0;-53570.953125;38890.257812;-69301.375;-53718.953125;39068.648438;-68935.8125;-53478.210938;39067.921875;-68901.1875;-53626.210938;38884.671875;-68938.78125;-53478.0;38883.945312;-68904.15625;-53626.0;-1;-1;-1;-1;-1;-1;-1;-1;-1;-1;-1;-1;-1;-1;-1;-1;-1;-1
