Time;ID;Cat;XPos;YPos;ZPos;2D_XPos;2D_YPos;Vel;XDir;YDir;ZDir;BBox_XPos;BBox_YPos;BBox_ZPos;BBox_Ext_X;BBox_Ext_Y;BBox_Ext_Z;Corner_XYZ_X;Corner_XYZ_Y;Corner_XYZ_Z;Corner_XY-Z_X;Corner_XY-Z_Y;Corner_XY-Z_Z;Corner_X-YZ_X;Corner_X-YZ_Y;Corner_X-YZ_Z;Corner_X-Y-Z_X;Corner_X-Y-Z_Y;Corner_X-Y-Z_Z;Corner_-XYZ_X;Corner_-XYZ_Y;Corner_-XYZ_Z;Corner_-XY-Z_X;Corner_-XY-Z_Y;Corner_-XY-Z_Z;Corner_-X-YZ_X;Corner_-X-YZ_Y;Corner_-X-YZ_Z;Corner_-X-Y-Z_X;Corner_-X-Y-Z_Y;Corner_-X-Y-Z_Z;BBox_2D_XPos;BBox_2D_YPos;Corner_2D_XYZ_X;Corner_2D_XYZ_Y;Corner_2D_XY-Z_X;Corner_2D_XY-Z_Y;Corner_2D_X-YZ_X;Corner_2D_X-YZ_Y;Corner_2D_X-Y-Z_X;Corner_2D_X-Y-Z_Y;Corner_2D_-XYZ_X;Corner_2D_-XYZ_Y;Corner_-2D_XY-Z_X;Corner_2D_-XY-Z_Y;Corner_2D_-X-YZ_X;Corner_2D_-X-YZ_Y;Corner_2D_-X-Y-Z_X;Corner_2D_-X-Y-Z_Y;
J0:19:20:58:548;Hatchback_Car_AI_C_3;211;39265.890625;-78483.445312;-54424.738281;750;679;800.523865;-0.026994;-0.999634;0.001924;39265.511719;-78497.289062;-54345.710938;204.0;92.0;76.0;39351.964844;-78703.546875;-54269.3125;39351.972656;-78703.84375;-54421.3125;39168.035156;-78698.578125;-54269.328125;39168.042969;-78698.875;-54421.328125;39362.980469;-78295.703125;-54270.09375;39362.988281;-78296.0;-54422.09375;39179.050781;-78290.734375;-54270.109375;39179.058594;-78291.03125;-54422.109375;753;665;786;654;786;680;713;654;713;680;791;650;791;676;721;650;721;676
J0:19:20:58:548;Hatchback_Car_AI_C_15;211;39091.007812;-70808.398438;-54107.820312;-1;-1;688.786743;0.089834;-0.965215;-0.245541;39094.242188;-70841.210938;-54034.675781;204.0;92.0;76.0;39206.066406;-71048.101562;-54011.296875;39202.261719;-71010.976562;-54158.640625;39022.871094;-71065.257812;-54010.890625;39019.066406;-71028.132812;-54158.234375;39169.417969;-70654.289062;-53911.117188;39165.613281;-70617.164062;-54058.460938;38986.222656;-70671.445312;-53910.710938;38982.417969;-70634.320312;-54058.054688;-1;-1;-1;-1;-1;-1;-1;-1;-1;-1;-1;-1;-1;-1;-1;-1;-1;-1
