Time;ID;Cat;XPos;YPos;ZPos;2D_XPos;2D_YPos;Vel;XDir;YDir;ZDir;BBox_XPos;BBox_YPos;BBox_ZPos;BBox_Ext_X;BBox_Ext_Y;BBox_Ext_Z;Corner_XYZ_X;Corner_XYZ_Y;Corner_XYZ_Z;Corner_XY-Z_X;Corner_XY-Z_Y;Corner_XY-Z_Z;Corner_X-YZ_X;Corner_X-YZ_Y;Corner_X-YZ_Z;Corner_X-Y-Z_X;Corner_X-Y-Z_Y;Corner_X-Y-Z_Z;Corner_-XYZ_X;Corner_-XYZ_Y;Corner_-XYZ_Z;Corner_-XY-Z_X;Corner_-XY-Z_Y;Corner_-XY-Z_Z;Corner_-X-YZ_X;Corner_-X-YZ_Y;Corner_-X-YZ_Z;Corner_-X-Y-Z_X;Corner_-X-Y-Z_Y;Corner_-X-Y-Z_Z;BBox_2D_XPos;BBox_2D_YPos;Corner_2D_XYZ_X;Corner_2D_XYZ_Y;Corner_2D_XY-Z_X;Corner_2D_XY-Z_Y;Corner_2D_X-YZ_X;Corner_2D_X-YZ_Y;Corner_2D_X-Y-Z_X;Corner_2D_X-Y-Z_Y;Corner_2D_-XYZ_X;Corner_2D_-XYZ_Y;Corner_-2D_XY-Z_X;Corner_2D_-XY-Z_Y;Corner_2D_-X-YZ_X;Corner_2D_-X-YZ_Y;Corner_2D_-X-Y-Z_X;Corner_2D_-X-Y-Z_Y;
J0:19:20:02:148;Hatchback_Car_AI_C_3;211;39365.964844;-75974.242188;-54424.28125;304;681;227.085693;-0.073575;-0.997289;-0.001015;39365.015625;-75988.289062;-54345.296875;204.0;92.0;76.0;39441.835938;-76198.585938;-54269.605469;39441.679688;-76198.414062;-54421.605469;39258.335938;-76185.054688;-54269.402344;39258.179688;-76184.882812;-54421.402344;39471.851562;-75791.695312;-54269.191406;39471.695312;-75791.523438;-54421.191406;39288.351562;-75778.164062;-54268.988281;39288.195312;-75777.992188;-54420.988281;307;667;335;655;335;683;260;655;260;683;352;652;352;679;279;652;279;679
J0:19:20:02:148;Hatchback_Car_AI_C_11;211;39137.34375;-71273.984375;-54220.644531;-1;-1;672.326233;0.094645;-0.969338;-0.226774;39140.558594;-71305.367188;-54146.878906;204.0;92.0;76.0;39253.246094;-71511.273438;-54119.289062;39249.613281;-71476.992188;-54267.328125;39070.121094;-71529.226562;-54118.953125;39066.488281;-71494.945312;-54266.992188;39214.628906;-71115.789062;-54026.765625;39210.996094;-71081.507812;-54174.804688;39031.503906;-71133.742188;-54026.429688;39027.871094;-71099.460938;-54174.46875;-1;-1;-1;-1;-1;-1;-1;-1;-1;-1;-1;-1;-1;-1;-1;-1;-1;-1
