Time;ID;Cat;XPos;YPos;ZPos;2D_XPos;2D_YPos;Vel;XDir;YDir;ZDir;BBox_XPos;BBox_YPos;BBox_ZPos;BBox_Ext_X;BBox_Ext_Y;BBox_Ext_Z;Corner_XYZ_X;Corner_XYZ_Y;Corner_XYZ_Z;Corner_XY-Z_X;Corner_XY-Z_Y;Corner_XY-Z_Z;Corner_X-YZ_X;Corner_X-YZ_Y;Corner_X-YZ_Z;Corner_X-Y-Z_X;Corner_X-Y-Z_Y;Corner_X-Y-Z_Z;Corner_-XYZ_X;Corner_-XYZ_Y;Corner_-XYZ_Z;Corner_-XY-Z_X;Corner_-XY-Z_Y;Corner_-XY-Z_Z;Corner_-X-YZ_X;Corner_-X-YZ_Y;Corner_-X-YZ_Z;Corner_-X-Y-Z_X;Corner_-X-Y-Z_Y;Corner_-X-Y-Z_Z;BBox_2D_XPos;BBox_2D_YPos;Corner_2D_XYZ_X;Corner_2D_XYZ_Y;Corner_2D_XY-Z_X;Corner_2D_XY-Z_Y;Corner_2D_X-YZ_X;Corner_2D_X-YZ_Y;Corner_2D_X-Y-Z_X;Corner_2D_X-Y-Z_Y;Corner_2D_-XYZ_X;Corner_2D_-XYZ_Y;Corner_-2D_XY-Z_X;Corner_2D_-XY-Z_Y;Corner_2D_-X-YZ_X;Corner_2D_-X-YZ_Y;Corner_2D_-X-Y-Z_X;Corner_2D_-X-Y-Z_Y;
J0:19:19:45:751;Hatchback_Car_AI_C_7;211;39347.070312;-73240.109375;-54472.863281;-1;-1;651.514648;0.098709;-0.994526;-0.034258;39348.535156;-73256.742188;-54394.390625;204.0;92.0;76.0;39460.300781;-73453.15625;-54325.207031;39460.144531;-73447.9375;-54477.121094;39277.199219;-73471.3125;-54325.636719;39277.042969;-73466.09375;-54477.550781;39420.027344;-73047.390625;-54311.230469;39419.871094;-73042.171875;-54463.144531;39236.925781;-73065.546875;-54311.660156;39236.769531;-73060.328125;-54463.574219;-1;-1;-1;-1;-1;-1;-1;-1;-1;-1;-1;-1;-1;-1;-1;-1;-1;-1
J0:19:19:45:751;Hatchback_Car_AI_C_11;211;39052.851562;-70367.921875;-53995.25;-1;-1;661.710327;0.080846;-0.964006;-0.253293;39055.789062;-70401.34375;-53922.371094;204.0;92.0;76.0;39165.695312;-70609.445312;-53900.671875;39162.21875;-70571.101562;-54047.71875;38982.34375;-70624.898438;-53900.367188;38978.867188;-70586.554688;-54047.414062;39132.710938;-70216.132812;-53797.328125;39129.234375;-70177.789062;-53944.375;38949.359375;-70231.585938;-53797.023438;38945.882812;-70193.242188;-53944.070312;-1;-1;-1;-1;-1;-1;-1;-1;-1;-1;-1;-1;-1;-1;-1;-1;-1;-1
