Time;ID;Cat;XPos;YPos;ZPos;2D_XPos;2D_YPos;Vel;XDir;YDir;ZDir;BBox_XPos;BBox_YPos;BBox_ZPos;BBox_Ext_X;BBox_Ext_Y;BBox_Ext_Z;Corner_XYZ_X;Corner_XYZ_Y;Corner_XYZ_Z;Corner_XY-Z_X;Corner_XY-Z_Y;Corner_XY-Z_Z;Corner_X-YZ_X;Corner_X-YZ_Y;Corner_X-YZ_Z;Corner_X-Y-Z_X;Corner_X-Y-Z_Y;Corner_X-Y-Z_Z;Corner_-XYZ_X;Corner_-XYZ_Y;Corner_-XYZ_Z;Corner_-XY-Z_X;Corner_-XY-Z_Y;Corner_-XY-Z_Z;Corner_-X-YZ_X;Corner_-X-YZ_Y;Corner_-X-YZ_Z;Corner_-X-Y-Z_X;Corner_-X-Y-Z_Y;Corner_-X-Y-Z_Z;BBox_2D_XPos;BBox_2D_YPos;Corner_2D_XYZ_X;Corner_2D_XYZ_Y;Corner_2D_XY-Z_X;Corner_2D_XY-Z_Y;Corner_2D_X-YZ_X;Corner_2D_X-YZ_Y;Corner_2D_X-Y-Z_X;Corner_2D_X-Y-Z_Y;Corner_2D_-XYZ_X;Corner_2D_-XYZ_Y;Corner_-2D_XY-Z_X;Corner_2D_-XY-Z_Y;Corner_2D_-X-YZ_X;Corner_2D_-X-YZ_Y;Corner_2D_-X-Y-Z_X;Corner_2D_-X-Y-Z_Y;
J0:19:20:34:549;Hatchback_Car_AI_C_3;211;39307.675781;-77167.960938;-54424.910156;519;680;546.825012;-0.041553;-0.999136;-0.000105;39307.085938;-77181.953125;-54345.910156;204.0;92.0;76.0;39390.523438;-77389.601562;-54269.917969;39390.539062;-77389.585938;-54421.917969;39206.679688;-77381.960938;-54269.941406;39206.695312;-77381.945312;-54421.941406;39407.476562;-76981.960938;-54269.878906;39407.492188;-76981.945312;-54421.878906;39223.632812;-76974.320312;-54269.902344;39223.648438;-76974.304688;-54421.902344;522;666;552;654;552;681;478;654;478;681;564;651;564;677;493;651;493;677
J0:19:20:34:549;Hatchback_Car_AI_C_11;211;39329.351562;-73073.890625;-54466.242188;-1;-1;644.354004;0.104711;-0.993133;-0.052185;39331.007812;-73091.921875;-54388.082031;204.0;92.0;76.0;39444.042969;-73288.859375;-54322.550781;39443.675781;-73280.921875;-54474.339844;39261.058594;-73308.125;-54323.113281;39260.691406;-73300.1875;-54474.902344;39401.324219;-72883.65625;-54301.261719;39400.957031;-72875.71875;-54453.050781;39218.339844;-72902.921875;-54301.824219;39217.972656;-72894.984375;-54453.613281;-1;-1;-1;-1;-1;-1;-1;-1;-1;-1;-1;-1;-1;-1;-1;-1;-1;-1
J0:19:20:34:549;Hatchback_Car_AI_C_15;211;38991.785156;-69482.6875;-53767.761719;-1;-1;703.121155;0.041461;-0.969301;-0.242357;38993.28125;-69515.382812;-53694.511719;204.0;92.0;76.0;39094.535156;-69727.554688;-53670.332031;39092.769531;-69690.757812;-53817.800781;38910.707031;-69735.476562;-53670.105469;38908.941406;-69698.679688;-53817.574219;39077.621094;-69332.085938;-53571.449219;39075.855469;-69295.289062;-53718.917969;38893.792969;-69340.007812;-53571.222656;38892.027344;-69303.210938;-53718.691406;-1;-1;-1;-1;-1;-1;-1;-1;-1;-1;-1;-1;-1;-1;-1;-1;-1;-1
