Time;ID;Cat;XPos;YPos;ZPos;2D_XPos;2D_YPos;Vel;XDir;YDir;ZDir;BBox_XPos;BBox_YPos;BBox_ZPos;BBox_Ext_X;BBox_Ext_Y;BBox_Ext_Z;Corner_XYZ_X;Corner_XYZ_Y;Corner_XYZ_Z;Corner_XY-Z_X;Corner_XY-Z_Y;Corner_XY-Z_Z;Corner_X-YZ_X;Corner_X-YZ_Y;Corner_X-YZ_Z;Corner_X-Y-Z_X;Corner_X-Y-Z_Y;Corner_X-Y-Z_Z;Corner_-XYZ_X;Corner_-XYZ_Y;Corner_-XYZ_Z;Corner_-XY-Z_X;Corner_-XY-Z_Y;Corner_-XY-Z_Z;Corner_-X-YZ_X;Corner_-X-YZ_Y;Corner_-X-YZ_Z;Corner_-X-Y-Z_X;Corner_-X-Y-Z_Y;Corner_-X-Y-Z_Z;BBox_2D_XPos;BBox_2D_YPos;Corner_2D_XYZ_X;Corner_2D_XYZ_Y;Corner_2D_XY-Z_X;Corner_2D_XY-Z_Y;Corner_2D_X-YZ_X;Corner_2D_X-YZ_Y;Corner_2D_X-Y-Z_X;Corner_2D_X-Y-Z_Y;Corner_2D_-XYZ_X;Corner_2D_-XYZ_Y;Corner_-2D_XY-Z_X;Corner_2D_-XY-Z_Y;Corner_2D_-X-YZ_X;Corner_2D_-X-YZ_Y;Corner_2D_-X-Y-Z_X;Corner_2D_-X-Y-Z_Y;
J0:19:20:14:547;Hatchback_Car_AI_C_3;211;39345.285156;-76316.3125;-54424.996094;367;681;412.568939;-0.058324;-0.998294;0.002724;39344.488281;-76330.078125;-54345.957031;204.0;92.0;76.0;39424.453125;-76538.890625;-54269.410156;39424.414062;-76539.296875;-54421.410156;39240.765625;-76528.15625;-54269.394531;39240.726562;-76528.5625;-54421.394531;39448.25;-76131.59375;-54270.519531;39448.210938;-76132.0;-54422.519531;39264.5625;-76120.859375;-54270.503906;39264.523438;-76121.265625;-54422.503906;369;667;398;655;398;682;323;655;323;682;414;652;414;678;342;652;342;678
J0:19:20:14:547;Hatchback_Car_AI_C_7;211;39424.054688;-74844.6875;-54441.894531;96;686;669.423828;-0.001889;-0.999175;0.040577;39424.117188;-74855.46875;-54362.390625;204.0;92.0;76.0;39515.816406;-75056.390625;-54278.269531;39515.644531;-75062.5625;-54430.144531;39331.816406;-75056.03125;-54278.082031;39331.644531;-75062.203125;-54429.957031;39516.589844;-74648.734375;-54294.824219;39516.417969;-74654.90625;-54446.699219;39332.589844;-74648.375;-54294.636719;39332.417969;-74654.546875;-54446.511719;98;672;119;659;119;689;46;659;46;689;147;655;147;684;77;655;77;684
J0:19:20:14:547;Hatchback_Car_AI_C_11;211;39209.40625;-71972.898438;-54354.945312;-1;-1;678.609131;0.105529;-0.981844;-0.157625;39211.914062;-71999.054688;-54279.140625;204.0;92.0;76.0;39325.910156;-72201.523438;-54235.898438;39323.925781;-72177.632812;-54386.0;39142.957031;-72221.070312;-54236.59375;39140.972656;-72197.179688;-54386.695312;39282.855469;-71800.929688;-54171.585938;39280.871094;-71777.039062;-54321.6875;39099.902344;-71820.476562;-54172.28125;39097.917969;-71796.585938;-54322.382812;-1;-1;-1;-1;-1;-1;-1;-1;-1;-1;-1;-1;-1;-1;-1;-1;-1;-1
