Time;ID;Cat;XPos;YPos;ZPos;2D_XPos;2D_YPos;Vel;XDir;YDir;ZDir;BBox_XPos;BBox_YPos;BBox_ZPos;BBox_Ext_X;BBox_Ext_Y;BBox_Ext_Z;Corner_XYZ_X;Corner_XYZ_Y;Corner_XYZ_Z;Corner_XY-Z_X;Corner_XY-Z_Y;Corner_XY-Z_Z;Corner_X-YZ_X;Corner_X-YZ_Y;Corner_X-YZ_Z;Corner_X-Y-Z_X;Corner_X-Y-Z_Y;Corner_X-Y-Z_Z;Corner_-XYZ_X;Corner_-XYZ_Y;Corner_-XYZ_Z;Corner_-XY-Z_X;Corner_-XY-Z_Y;Corner_-XY-Z_Z;Corner_-X-YZ_X;Corner_-X-YZ_Y;Corner_-X-YZ_Z;Corner_-X-Y-Z_X;Corner_-X-Y-Z_Y;Corner_-X-Y-Z_Z;BBox_2D_XPos;BBox_2D_YPos;Corner_2D_XYZ_X;Corner_2D_XYZ_Y;Corner_2D_XY-Z_X;Corner_2D_XY-Z_Y;Corner_2D_X-YZ_X;Corner_2D_X-YZ_Y;Corner_2D_X-Y-Z_X;Corner_2D_X-Y-Z_Y;Corner_2D_-XYZ_X;Corner_2D_-XYZ_Y;Corner_-2D_XY-Z_X;Corner_2D_-XY-Z_Y;Corner_2D_-X-YZ_X;Corner_2D_-X-YZ_Y;Corner_2D_-X-Y-Z_X;Corner_2D_-X-Y-Z_Y;
J0:19:20:18:145;Hatchback_Car_AI_C_7;211;39421.78125;-75048.007812;-54434.324219;132;684;685.356934;-0.013393;-0.999244;0.036489;39421.671875;-75059.117188;-54354.867188;204.0;92.0;76.0;39511.007812;-75261.421875;-54271.519531;39510.859375;-75266.96875;-54423.417969;39327.023438;-75258.953125;-54271.425781;39326.875;-75264.5;-54423.324219;39516.46875;-74853.734375;-54286.410156;39516.320312;-74859.28125;-54438.308594;39332.484375;-74851.265625;-54286.316406;39332.335938;-74856.8125;-54438.214844;134;670;157;657;157;688;84;657;84;688;183;653;183;683;112;653;112;683
J0:19:20:18:145;Hatchback_Car_AI_C_11;211;39230.382812;-72166.0;-54383.042969;-1;-1;678.387878;0.106394;-0.984792;-0.137352;39232.683594;-72190.617188;-54306.714844;204.0;92.0;76.0;39346.640625;-72392.101562;-54259.046875;39345.078125;-72371.273438;-54409.601562;39163.695312;-72411.757812;-54259.867188;39162.132812;-72390.929688;-54410.421875;39303.234375;-71990.304688;-54203.007812;39301.671875;-71969.476562;-54353.5625;39120.289062;-72009.960938;-54203.828125;39118.726562;-71989.132812;-54354.382812;-1;-1;-1;-1;-1;-1;-1;-1;-1;-1;-1;-1;-1;-1;-1;-1;-1;-1
