Time;ID;Cat;XPos;YPos;ZPos;2D_XPos;2D_YPos;Vel;XDir;YDir;ZDir;BBox_XPos;BBox_YPos;BBox_ZPos;BBox_Ext_X;BBox_Ext_Y;BBox_Ext_Z;Corner_XYZ_X;Corner_XYZ_Y;Corner_XYZ_Z;Corner_XY-Z_X;Corner_XY-Z_Y;Corner_XY-Z_Z;Corner_X-YZ_X;Corner_X-YZ_Y;Corner_X-YZ_Z;Corner_X-Y-Z_X;Corner_X-Y-Z_Y;Corner_X-Y-Z_Z;Corner_-XYZ_X;Corner_-XYZ_Y;Corner_-XYZ_Z;Corner_-XY-Z_X;Corner_-XY-Z_Y;Corner_-XY-Z_Z;Corner_-X-YZ_X;Corner_-X-YZ_Y;Corner_-X-YZ_Z;Corner_-X-Y-Z_X;Corner_-X-Y-Z_Y;Corner_-X-Y-Z_Z;BBox_2D_XPos;BBox_2D_YPos;Corner_2D_XYZ_X;Corner_2D_XYZ_Y;Corner_2D_XY-Z_X;Corner_2D_XY-Z_Y;Corner_2D_X-YZ_X;Corner_2D_X-YZ_Y;Corner_2D_X-Y-Z_X;Corner_2D_X-Y-Z_Y;Corner_2D_-XYZ_X;Corner_2D_-XYZ_Y;Corner_-2D_XY-Z_X;Corner_2D_-XY-Z_Y;Corner_2D_-X-YZ_X;Corner_2D_-X-YZ_Y;Corner_2D_-X-Y-Z_X;Corner_2D_-X-Y-Z_Y;
J0:19:20:20:544;Hatchback_Car_AI_C_7;211;39418.789062;-75182.632812;-54429.996094;157;684;680.77594;-0.022031;-0.999259;0.031556;39418.554688;-75194.132812;-54350.59375;204.0;92.0;76.0;39506.105469;-75397.617188;-54268.214844;39505.964844;-75402.414062;-54420.136719;39322.152344;-75393.554688;-54268.175781;39322.011719;-75398.351562;-54420.097656;39515.097656;-74989.914062;-54281.089844;39514.957031;-74994.710938;-54433.011719;39331.144531;-74985.851562;-54281.050781;39331.003906;-74990.648438;-54432.972656;159;669;183;657;183;686;109;657;109;686;207;653;207;682;136;653;136;682
J0:19:20:20:544;Hatchback_Car_AI_C_11;211;39244.9375;-72298.578125;-54400.113281;-1;-1;677.030579;0.108113;-0.986343;-0.124254;39247.125;-72322.1875;-54323.464844;204.0;92.0;76.0;39361.285156;-72522.859375;-54272.941406;39359.988281;-72504.0;-54423.761719;39178.371094;-72542.796875;-54273.863281;39177.074219;-72523.9375;-54424.683594;39317.175781;-72120.4375;-54222.246094;39315.878906;-72101.578125;-54373.066406;39134.261719;-72140.375;-54223.167969;39132.964844;-72121.515625;-54373.988281;-1;-1;-1;-1;-1;-1;-1;-1;-1;-1;-1;-1;-1;-1;-1;-1;-1;-1
