Time;ID;Cat;XPos;YPos;ZPos;2D_XPos;2D_YPos;Vel;XDir;YDir;ZDir;BBox_XPos;BBox_YPos;BBox_ZPos;BBox_Ext_X;BBox_Ext_Y;BBox_Ext_Z;Corner_XYZ_X;Corner_XYZ_Y;Corner_XYZ_Z;Corner_XY-Z_X;Corner_XY-Z_Y;Corner_XY-Z_Z;Corner_X-YZ_X;Corner_X-YZ_Y;Corner_X-YZ_Z;Corner_X-Y-Z_X;Corner_X-Y-Z_Y;Corner_X-Y-Z_Z;Corner_-XYZ_X;Corner_-XYZ_Y;Corner_-XYZ_Z;Corner_-XY-Z_X;Corner_-XY-Z_Y;Corner_-XY-Z_Z;Corner_-X-YZ_X;Corner_-X-YZ_Y;Corner_-X-YZ_Z;Corner_-X-Y-Z_X;Corner_-X-Y-Z_Y;Corner_-X-Y-Z_Z;BBox_2D_XPos;BBox_2D_YPos;Corner_2D_XYZ_X;Corner_2D_XYZ_Y;Corner_2D_XY-Z_X;Corner_2D_XY-Z_Y;Corner_2D_X-YZ_X;Corner_2D_X-YZ_Y;Corner_2D_X-Y-Z_X;Corner_2D_X-Y-Z_Y;Corner_2D_-XYZ_X;Corner_2D_-XYZ_Y;Corner_-2D_XY-Z_X;Corner_2D_-XY-Z_Y;Corner_2D_-X-YZ_X;Corner_2D_-X-YZ_Y;Corner_2D_-X-Y-Z_X;Corner_2D_-X-Y-Z_Y;
J0:19:21:14:945;Hatchback_Car_AI_C_3;211;39247.558594;-79459.75;-54424.976562;920;678;655.224365;-0.012307;-0.999924;-0.001212;39247.378906;-79473.84375;-54345.992188;204.0;92.0;76.0;39336.851562;-79679.054688;-54270.230469;39336.867188;-79678.867188;-54422.230469;39152.867188;-79676.789062;-54270.246094;39152.882812;-79676.601562;-54422.246094;39341.875;-79271.085938;-54269.738281;39341.890625;-79270.898438;-54421.738281;39157.890625;-79268.820312;-54269.753906;39157.90625;-79268.632812;-54421.753906;922;665;957;653;957;680;885;653;885;680;957;650;957;675;888;650;888;675
J0:19:21:14:945;Hatchback_Car_AI_C_15;211;39181.132812;-71719.742188;-54312.324219;-1;-1;647.436523;0.101834;-0.977615;-0.18412;39183.890625;-71747.914062;-54237.253906;204.0;92.0;76.0;39297.453125;-71951.789062;-54199.910156;39294.890625;-71923.914062;-54349.308594;39114.4375;-71970.773438;-54200.316406;39111.875;-71942.898438;-54349.714844;39255.90625;-71552.929688;-54124.792969;39253.34375;-71525.054688;-54274.191406;39072.890625;-71571.914062;-54125.199219;39070.328125;-71544.039062;-54274.597656;-1;-1;-1;-1;-1;-1;-1;-1;-1;-1;-1;-1;-1;-1;-1;-1;-1;-1
J0:19:21:14:945;Hatchback_Car_AI_C_19;211;38979.890625;-68588.335938;-53564.191406;-1;-1;691.516174;-0.030451;-0.980697;-0.193147;38979.070312;-68617.320312;-53489.382812;204.0;92.0;76.0;39064.4375;-68834.890625;-53454.308594;39065.195312;-68805.546875;-53603.449219;38880.523438;-68829.21875;-53454.121094;38881.28125;-68799.875;-53603.261719;39076.859375;-68434.765625;-53375.503906;39077.617188;-68405.421875;-53524.644531;38892.945312;-68429.09375;-53375.316406;38893.703125;-68399.75;-53524.457031;-1;-1;-1;-1;-1;-1;-1;-1;-1;-1;-1;-1;-1;-1;-1;-1;-1;-1
