Time;ID;Cat;XPos;YPos;ZPos;2D_XPos;2D_YPos;Vel;XDir;YDir;ZDir;BBox_XPos;BBox_YPos;BBox_ZPos;BBox_Ext_X;BBox_Ext_Y;BBox_Ext_Z;Corner_XYZ_X;Corner_XYZ_Y;Corner_XYZ_Z;Corner_XY-Z_X;Corner_XY-Z_Y;Corner_XY-Z_Z;Corner_X-YZ_X;Corner_X-YZ_Y;Corner_X-YZ_Z;Corner_X-Y-Z_X;Corner_X-Y-Z_Y;Corner_X-Y-Z_Z;Corner_-XYZ_X;Corner_-XYZ_Y;Corner_-XYZ_Z;Corner_-XY-Z_X;Corner_-XY-Z_Y;Corner_-XY-Z_Z;Corner_-X-YZ_X;Corner_-X-YZ_Y;Corner_-X-YZ_Z;Corner_-X-Y-Z_X;Corner_-X-Y-Z_Y;Corner_-X-Y-Z_Z;BBox_2D_XPos;BBox_2D_YPos;Corner_2D_XYZ_X;Corner_2D_XYZ_Y;Corner_2D_XY-Z_X;Corner_2D_XY-Z_Y;Corner_2D_X-YZ_X;Corner_2D_X-YZ_Y;Corner_2D_X-Y-Z_X;Corner_2D_X-Y-Z_Y;Corner_2D_-XYZ_X;Corner_2D_-XYZ_Y;Corner_-2D_XY-Z_X;Corner_2D_-XY-Z_Y;Corner_2D_-X-YZ_X;Corner_2D_-X-YZ_Y;Corner_2D_-X-Y-Z_X;Corner_2D_-X-Y-Z_Y;
J0:19:18:58:145;Hatchback_Car_AI_C_3;211;39395.007812;-73858.242188;-54476.332031;-1;-1;660.654846;0.062862;-0.997872;0.017335;39395.914062;-73870.835938;-54397.101562;204.0;92.0;76.0;39500.578125;-74067.296875;-54317.707031;39500.53125;-74069.9375;-54469.683594;39316.945312;-74078.859375;-54317.449219;39316.898438;-74081.5;-54469.425781;39474.929688;-73660.171875;-54324.777344;39474.882812;-73662.8125;-54476.753906;39291.296875;-73671.734375;-54324.519531;39291.25;-73674.375;-54476.496094;-1;-1;-1;-1;-1;-1;-1;-1;-1;-1;-1;-1;-1;-1;-1;-1;-1;-1
J0:19:18:58:145;Hatchback_Car_AI_C_7;211;39074.152344;-70628.289062;-54062.148438;-1;-1;688.020874;0.085559;-0.964541;-0.249682;39077.273438;-70661.421875;-53989.144531;204.0;92.0;76.0;39188.214844;-70868.890625;-53966.6875;39184.511719;-70831.125;-54113.875;39004.941406;-70885.25;-53966.28125;39001.238281;-70847.484375;-54113.46875;39153.308594;-70475.359375;-53864.820312;39149.605469;-70437.59375;-54012.007812;38970.035156;-70491.71875;-53864.414062;38966.332031;-70453.953125;-54011.601562;-1;-1;-1;-1;-1;-1;-1;-1;-1;-1;-1;-1;-1;-1;-1;-1;-1;-1
