Time;ID;Cat;XPos;YPos;ZPos;2D_XPos;2D_YPos;Vel;XDir;YDir;ZDir;BBox_XPos;BBox_YPos;BBox_ZPos;BBox_Ext_X;BBox_Ext_Y;BBox_Ext_Z;Corner_XYZ_X;Corner_XYZ_Y;Corner_XYZ_Z;Corner_XY-Z_X;Corner_XY-Z_Y;Corner_XY-Z_Z;Corner_X-YZ_X;Corner_X-YZ_Y;Corner_X-YZ_Z;Corner_X-Y-Z_X;Corner_X-Y-Z_Y;Corner_X-Y-Z_Z;Corner_-XYZ_X;Corner_-XYZ_Y;Corner_-XYZ_Z;Corner_-XY-Z_X;Corner_-XY-Z_Y;Corner_-XY-Z_Z;Corner_-X-YZ_X;Corner_-X-YZ_Y;Corner_-X-YZ_Z;Corner_-X-Y-Z_X;Corner_-X-Y-Z_Y;Corner_-X-Y-Z_Z;BBox_2D_XPos;BBox_2D_YPos;Corner_2D_XYZ_X;Corner_2D_XYZ_Y;Corner_2D_XY-Z_X;Corner_2D_XY-Z_Y;Corner_2D_X-YZ_X;Corner_2D_X-YZ_Y;Corner_2D_X-Y-Z_X;Corner_2D_X-Y-Z_Y;Corner_2D_-XYZ_X;Corner_2D_-XYZ_Y;Corner_-2D_XY-Z_X;Corner_2D_-XY-Z_Y;Corner_2D_-X-YZ_X;Corner_2D_-X-YZ_Y;Corner_2D_-X-Y-Z_X;Corner_2D_-X-Y-Z_Y;
J0:19:20:59:341;Hatchback_Car_AI_C_3;211;39264.488281;-78537.929688;-54424.734375;760;679;812.919373;-0.026302;-0.999652;0.001931;39264.113281;-78551.773438;-54345.707031;204.0;92.0;76.0;39350.710938;-78757.976562;-54269.300781;39350.71875;-78758.273438;-54421.300781;39166.773438;-78753.132812;-54269.324219;39166.78125;-78753.429688;-54421.324219;39361.445312;-78350.117188;-54270.089844;39361.453125;-78350.414062;-54422.089844;39177.507812;-78345.273438;-54270.113281;39177.515625;-78345.570312;-54422.113281;762;665;795;653;795;680;723;653;723;680;801;650;801;676;730;650;730;676
J0:19:20:59:341;Hatchback_Car_AI_C_15;211;39095.046875;-70851.90625;-54118.71875;-1;-1;670.2771;0.091044;-0.96524;-0.244995;39098.304688;-70884.671875;-54045.554688;204.0;92.0;76.0;39210.378906;-71091.414062;-54022.039062;39206.558594;-71054.367188;-54169.40625;39027.199219;-71108.789062;-54021.664062;39023.378906;-71071.742188;-54169.03125;39173.230469;-70697.601562;-53922.078125;39169.410156;-70660.554688;-54069.445312;38990.050781;-70714.976562;-53921.703125;38986.230469;-70677.929688;-54069.070312;-1;-1;-1;-1;-1;-1;-1;-1;-1;-1;-1;-1;-1;-1;-1;-1;-1;-1
