Time;ID;Cat;XPos;YPos;ZPos;2D_XPos;2D_YPos;Vel;XDir;YDir;ZDir;BBox_XPos;BBox_YPos;BBox_ZPos;BBox_Ext_X;BBox_Ext_Y;BBox_Ext_Z;Corner_XYZ_X;Corner_XYZ_Y;Corner_XYZ_Z;Corner_XY-Z_X;Corner_XY-Z_Y;Corner_XY-Z_Z;Corner_X-YZ_X;Corner_X-YZ_Y;Corner_X-YZ_Z;Corner_X-Y-Z_X;Corner_X-Y-Z_Y;Corner_X-Y-Z_Z;Corner_-XYZ_X;Corner_-XYZ_Y;Corner_-XYZ_Z;Corner_-XY-Z_X;Corner_-XY-Z_Y;Corner_-XY-Z_Z;Corner_-X-YZ_X;Corner_-X-YZ_Y;Corner_-X-YZ_Z;Corner_-X-Y-Z_X;Corner_-X-Y-Z_Y;Corner_-X-Y-Z_Z;BBox_2D_XPos;BBox_2D_YPos;Corner_2D_XYZ_X;Corner_2D_XYZ_Y;Corner_2D_XY-Z_X;Corner_2D_XY-Z_Y;Corner_2D_X-YZ_X;Corner_2D_X-YZ_Y;Corner_2D_X-Y-Z_X;Corner_2D_X-Y-Z_Y;Corner_2D_-XYZ_X;Corner_2D_-XYZ_Y;Corner_-2D_XY-Z_X;Corner_2D_-XY-Z_Y;Corner_2D_-X-YZ_X;Corner_2D_-X-YZ_Y;Corner_2D_-X-Y-Z_X;Corner_2D_-X-Y-Z_Y;
J0:19:20:15:740;Hatchback_Car_AI_C_7;211;39423.59375;-74912.6875;-54439.273438;108;685;686.12561;-0.004623;-0.999182;0.040183;39423.613281;-74923.5;-54359.773438;204.0;92.0;76.0;39514.753906;-75124.710938;-54275.71875;39514.589844;-75130.820312;-54427.59375;39330.753906;-75123.851562;-54275.554688;39330.589844;-75129.960938;-54427.429688;39516.636719;-74717.039062;-54292.117188;39516.472656;-74723.148438;-54443.992188;39332.636719;-74716.179688;-54291.953125;39332.472656;-74722.289062;-54443.828125;110;671;132;658;132;689;59;658;59;689;159;654;159;684;89;654;89;684
J0:19:20:15:740;Hatchback_Car_AI_C_11;211;39216.394531;-72037.164062;-54364.769531;-1;-1;638.657227;0.104208;-0.982753;-0.152766;39218.832031;-72062.953125;-54288.835938;204.0;92.0;76.0;39332.523438;-72265.367188;-54244.550781;39330.640625;-72242.210938;-54394.769531;39149.539062;-72284.664062;-54245.230469;39147.65625;-72261.507812;-54395.449219;39290.007812;-71864.398438;-54182.222656;39288.125;-71841.242188;-54332.441406;39107.023438;-71883.695312;-54182.902344;39105.140625;-71860.539062;-54333.121094;-1;-1;-1;-1;-1;-1;-1;-1;-1;-1;-1;-1;-1;-1;-1;-1;-1;-1
