Time;ID;Cat;XPos;YPos;ZPos;2D_XPos;2D_YPos;Vel;XDir;YDir;ZDir;BBox_XPos;BBox_YPos;BBox_ZPos;BBox_Ext_X;BBox_Ext_Y;BBox_Ext_Z;Corner_XYZ_X;Corner_XYZ_Y;Corner_XYZ_Z;Corner_XY-Z_X;Corner_XY-Z_Y;Corner_XY-Z_Z;Corner_X-YZ_X;Corner_X-YZ_Y;Corner_X-YZ_Z;Corner_X-Y-Z_X;Corner_X-Y-Z_Y;Corner_X-Y-Z_Z;Corner_-XYZ_X;Corner_-XYZ_Y;Corner_-XYZ_Z;Corner_-XY-Z_X;Corner_-XY-Z_Y;Corner_-XY-Z_Z;Corner_-X-YZ_X;Corner_-X-YZ_Y;Corner_-X-YZ_Z;Corner_-X-Y-Z_X;Corner_-X-Y-Z_Y;Corner_-X-Y-Z_Z;BBox_2D_XPos;BBox_2D_YPos;Corner_2D_XYZ_X;Corner_2D_XYZ_Y;Corner_2D_XY-Z_X;Corner_2D_XY-Z_Y;Corner_2D_X-YZ_X;Corner_2D_X-YZ_Y;Corner_2D_X-Y-Z_X;Corner_2D_X-Y-Z_Y;Corner_2D_-XYZ_X;Corner_2D_-XYZ_Y;Corner_-2D_XY-Z_X;Corner_2D_-XY-Z_Y;Corner_2D_-X-YZ_X;Corner_2D_-X-YZ_Y;Corner_2D_-X-Y-Z_X;Corner_2D_-X-Y-Z_Y;
J0:19:21:22:947;Hatchback_Car_AI_C_7;211;38437.304688;-77534.070312;-54424.957031;635;661;573.680786;-0.924505;0.381169;-0.000951;38423.953125;-77529.523438;-54345.976562;204.0;92.0;76.0;38199.898438;-77537.570312;-54271.207031;38200.679688;-77536.054688;-54423.199219;38270.03125;-77367.476562;-54269.144531;38270.8125;-77365.960938;-54421.136719;38577.09375;-77693.085938;-54270.816406;38577.875;-77691.570312;-54422.808594;38647.226562;-77522.992188;-54268.753906;38648.007812;-77521.476562;-54420.746094;635;648;647;634;647;656;644;634;644;656;624;641;624;664;622;641;622;664
J0:19:21:22:947;Hatchback_Car_AI_C_15;211;39230.003906;-72170.070312;-54383.546875;-1;-1;694.537964;0.108776;-0.984508;-0.137518;39232.324219;-72194.695312;-54307.222656;204.0;92.0;76.0;39346.730469;-72395.921875;-54259.539062;39345.199219;-72375.0625;-54410.09375;39163.832031;-72416.0;-54260.460938;39162.300781;-72395.140625;-54411.015625;39302.347656;-71994.25;-54203.429688;39300.816406;-71973.390625;-54353.984375;39119.449219;-72014.328125;-54204.351562;39117.917969;-71993.46875;-54354.90625;-1;-1;-1;-1;-1;-1;-1;-1;-1;-1;-1;-1;-1;-1;-1;-1;-1;-1
J0:19:21:22:947;Hatchback_Car_AI_C_19;211;38977.660156;-69036.046875;-53660.363281;-1;-1;736.338684;0.006064;-0.974652;-0.223642;38978.066406;-69067.359375;-53586.496094;204.0;92.0;76.0;39071.609375;-69282.554688;-53558.285156;39070.992188;-69248.570312;-53706.433594;38887.617188;-69283.804688;-53557.808594;38887.0;-69249.820312;-53705.957031;39069.132812;-68884.898438;-53467.035156;39068.515625;-68850.914062;-53615.183594;38885.140625;-68886.148438;-53466.558594;38884.523438;-68852.164062;-53614.707031;-1;-1;-1;-1;-1;-1;-1;-1;-1;-1;-1;-1;-1;-1;-1;-1;-1;-1
