Time;ID;Cat;XPos;YPos;ZPos;2D_XPos;2D_YPos;Vel;XDir;YDir;ZDir;BBox_XPos;BBox_YPos;BBox_ZPos;BBox_Ext_X;BBox_Ext_Y;BBox_Ext_Z;Corner_XYZ_X;Corner_XYZ_Y;Corner_XYZ_Z;Corner_XY-Z_X;Corner_XY-Z_Y;Corner_XY-Z_Z;Corner_X-YZ_X;Corner_X-YZ_Y;Corner_X-YZ_Z;Corner_X-Y-Z_X;Corner_X-Y-Z_Y;Corner_X-Y-Z_Z;Corner_-XYZ_X;Corner_-XYZ_Y;Corner_-XYZ_Z;Corner_-XY-Z_X;Corner_-XY-Z_Y;Corner_-XY-Z_Z;Corner_-X-YZ_X;Corner_-X-YZ_Y;Corner_-X-YZ_Z;Corner_-X-Y-Z_X;Corner_-X-Y-Z_Y;Corner_-X-Y-Z_Z;BBox_2D_XPos;BBox_2D_YPos;Corner_2D_XYZ_X;Corner_2D_XYZ_Y;Corner_2D_XY-Z_X;Corner_2D_XY-Z_Y;Corner_2D_X-YZ_X;Corner_2D_X-YZ_Y;Corner_2D_X-Y-Z_X;Corner_2D_X-Y-Z_Y;Corner_2D_-XYZ_X;Corner_2D_-XYZ_Y;Corner_-2D_XY-Z_X;Corner_2D_-XY-Z_Y;Corner_2D_-X-YZ_X;Corner_2D_-X-YZ_Y;Corner_2D_-X-Y-Z_X;Corner_2D_-X-Y-Z_Y;
J0:19:20:18:545;Hatchback_Car_AI_C_7;211;39421.355469;-75070.203125;-54433.542969;136;684;668.178711;-0.016563;-0.99925;0.034994;39421.210938;-75081.429688;-54354.101562;204.0;92.0;76.0;39509.902344;-75284.140625;-54271.054688;39509.738281;-75289.453125;-54422.960938;39325.925781;-75281.09375;-54270.960938;39325.761719;-75286.40625;-54422.867188;39516.660156;-74876.453125;-54285.335938;39516.496094;-74881.765625;-54437.242188;39332.683594;-74873.40625;-54285.242188;39332.519531;-74878.71875;-54437.148438;138;670;161;657;161;687;88;657;88;687;187;653;187;683;116;653;116;683
J0:19:20:18:545;Hatchback_Car_AI_C_11;211;39232.773438;-72187.929688;-54385.957031;-1;-1;665.182007;0.108294;-0.984839;-0.135517;39235.097656;-72212.398438;-54309.582031;204.0;92.0;76.0;39349.421875;-72413.578125;-54261.507812;39347.867188;-72393.03125;-54412.101562;39166.515625;-72433.578125;-54262.351562;39164.960938;-72413.03125;-54412.945312;39305.234375;-72011.765625;-54206.21875;39303.679688;-71991.21875;-54356.8125;39122.328125;-72031.765625;-54207.0625;39120.773438;-72011.21875;-54357.65625;-1;-1;-1;-1;-1;-1;-1;-1;-1;-1;-1;-1;-1;-1;-1;-1;-1;-1
