Time;ID;Cat;XPos;YPos;ZPos;2D_XPos;2D_YPos;Vel;XDir;YDir;ZDir;BBox_XPos;BBox_YPos;BBox_ZPos;BBox_Ext_X;BBox_Ext_Y;BBox_Ext_Z;Corner_XYZ_X;Corner_XYZ_Y;Corner_XYZ_Z;Corner_XY-Z_X;Corner_XY-Z_Y;Corner_XY-Z_Z;Corner_X-YZ_X;Corner_X-YZ_Y;Corner_X-YZ_Z;Corner_X-Y-Z_X;Corner_X-Y-Z_Y;Corner_X-Y-Z_Z;Corner_-XYZ_X;Corner_-XYZ_Y;Corner_-XYZ_Z;Corner_-XY-Z_X;Corner_-XY-Z_Y;Corner_-XY-Z_Z;Corner_-X-YZ_X;Corner_-X-YZ_Y;Corner_-X-YZ_Z;Corner_-X-Y-Z_X;Corner_-X-Y-Z_Y;Corner_-X-Y-Z_Z;BBox_2D_XPos;BBox_2D_YPos;Corner_2D_XYZ_X;Corner_2D_XYZ_Y;Corner_2D_XY-Z_X;Corner_2D_XY-Z_Y;Corner_2D_X-YZ_X;Corner_2D_X-YZ_Y;Corner_2D_X-Y-Z_X;Corner_2D_X-Y-Z_Y;Corner_2D_-XYZ_X;Corner_2D_-XYZ_Y;Corner_-2D_XY-Z_X;Corner_2D_-XY-Z_Y;Corner_2D_-X-YZ_X;Corner_2D_-X-YZ_Y;Corner_2D_-X-Y-Z_X;Corner_2D_-X-Y-Z_Y;
J0:19:19:25:343;Hatchback_Car_AI_C_7;211;39224.851562;-72121.78125;-54376.894531;-1;-1;657.030334;0.10918;-0.983742;-0.142586;39227.269531;-72146.789062;-54300.699219;204.0;92.0;76.0;39341.84375;-72348.1875;-54254.152344;39340.132812;-72326.578125;-54404.597656;39158.953125;-72368.359375;-54254.972656;39157.242188;-72346.75;-54405.417969;39297.296875;-71946.828125;-54195.980469;39295.585938;-71925.21875;-54346.425781;39114.40625;-71967.0;-54196.800781;39112.695312;-71945.390625;-54347.246094;-1;-1;-1;-1;-1;-1;-1;-1;-1;-1;-1;-1;-1;-1;-1;-1;-1;-1
J0:19:19:25:343;Hatchback_Car_AI_C_11;211;38982.832031;-69245.1875;-53709.71875;-1;-1;702.048279;0.024769;-0.971783;-0.234573;38983.8125;-69277.3125;-53636.207031;204.0;92.0;76.0;39081.445312;-69490.984375;-53610.363281;39080.226562;-69455.34375;-53758.121094;38897.507812;-69495.765625;-53609.996094;38896.289062;-69460.125;-53757.753906;39071.335938;-69094.5;-53514.660156;39070.117188;-69058.859375;-53662.417969;38887.398438;-69099.28125;-53514.292969;38886.179688;-69063.640625;-53662.050781;-1;-1;-1;-1;-1;-1;-1;-1;-1;-1;-1;-1;-1;-1;-1;-1;-1;-1
