Time;ID;Cat;XPos;YPos;ZPos;2D_XPos;2D_YPos;Vel;XDir;YDir;ZDir;BBox_XPos;BBox_YPos;BBox_ZPos;BBox_Ext_X;BBox_Ext_Y;BBox_Ext_Z;Corner_XYZ_X;Corner_XYZ_Y;Corner_XYZ_Z;Corner_XY-Z_X;Corner_XY-Z_Y;Corner_XY-Z_Z;Corner_X-YZ_X;Corner_X-YZ_Y;Corner_X-YZ_Z;Corner_X-Y-Z_X;Corner_X-Y-Z_Y;Corner_X-Y-Z_Z;Corner_-XYZ_X;Corner_-XYZ_Y;Corner_-XYZ_Z;Corner_-XY-Z_X;Corner_-XY-Z_Y;Corner_-XY-Z_Z;Corner_-X-YZ_X;Corner_-X-YZ_Y;Corner_-X-YZ_Z;Corner_-X-Y-Z_X;Corner_-X-Y-Z_Y;Corner_-X-Y-Z_Z;BBox_2D_XPos;BBox_2D_YPos;Corner_2D_XYZ_X;Corner_2D_XYZ_Y;Corner_2D_XY-Z_X;Corner_2D_XY-Z_Y;Corner_2D_X-YZ_X;Corner_2D_X-YZ_Y;Corner_2D_X-Y-Z_X;Corner_2D_X-Y-Z_Y;Corner_2D_-XYZ_X;Corner_2D_-XYZ_Y;Corner_-2D_XY-Z_X;Corner_2D_-XY-Z_Y;Corner_2D_-X-YZ_X;Corner_2D_-X-YZ_Y;Corner_2D_-X-Y-Z_X;Corner_2D_-X-Y-Z_Y;
J0:19:18:31:747;Hatchback_Car_AI_C_3;211;39259.230469;-72415.484375;-54413.84375;218;674;651.382751;0.112165;-0.987137;-0.113926;39261.390625;-72438.296875;-54336.953125;204.0;92.0;76.0;39376.257812;-72637.992188;-54284.195312;39375.125;-72620.695312;-54435.203125;39193.421875;-72658.648438;-54285.1875;39192.289062;-72641.351562;-54436.195312;39330.492188;-72235.242188;-54237.710938;39329.359375;-72217.945312;-54388.71875;39147.65625;-72255.898438;-54238.703125;39146.523438;-72238.601562;-54389.710938;222;660;242;653;242;672;170;653;170;672;271;649;271;667;203;649;203;667
J0:19:18:31:747;Hatchback_Car_AI_C_7;211;38982.316406;-69168.984375;-53691.667969;-1;-1;671.482788;0.01957;-0.972497;-0.232092;38983.101562;-69200.929688;-53618.074219;204.0;92.0;76.0;39079.566406;-69415.0625;-53591.660156;39078.582031;-69379.796875;-53739.511719;38895.605469;-69418.84375;-53591.332031;38894.621094;-69383.578125;-53739.183594;39071.582031;-69018.28125;-53496.964844;39070.597656;-68983.015625;-53644.816406;38887.621094;-69022.0625;-53496.636719;38886.636719;-68986.796875;-53644.488281;-1;-1;-1;-1;-1;-1;-1;-1;-1;-1;-1;-1;-1;-1;-1;-1;-1;-1
