Time;ID;Cat;XPos;YPos;ZPos;2D_XPos;2D_YPos;Vel;XDir;YDir;ZDir;BBox_XPos;BBox_YPos;BBox_ZPos;BBox_Ext_X;BBox_Ext_Y;BBox_Ext_Z;Corner_XYZ_X;Corner_XYZ_Y;Corner_XYZ_Z;Corner_XY-Z_X;Corner_XY-Z_Y;Corner_XY-Z_Z;Corner_X-YZ_X;Corner_X-YZ_Y;Corner_X-YZ_Z;Corner_X-Y-Z_X;Corner_X-Y-Z_Y;Corner_X-Y-Z_Z;Corner_-XYZ_X;Corner_-XYZ_Y;Corner_-XYZ_Z;Corner_-XY-Z_X;Corner_-XY-Z_Y;Corner_-XY-Z_Z;Corner_-X-YZ_X;Corner_-X-YZ_Y;Corner_-X-YZ_Z;Corner_-X-Y-Z_X;Corner_-X-Y-Z_Y;Corner_-X-Y-Z_Z;BBox_2D_XPos;BBox_2D_YPos;Corner_2D_XYZ_X;Corner_2D_XYZ_Y;Corner_2D_XY-Z_X;Corner_2D_XY-Z_Y;Corner_2D_X-YZ_X;Corner_2D_X-YZ_Y;Corner_2D_X-Y-Z_X;Corner_2D_X-Y-Z_Y;Corner_2D_-XYZ_X;Corner_2D_-XYZ_Y;Corner_-2D_XY-Z_X;Corner_2D_-XY-Z_Y;Corner_2D_-X-YZ_X;Corner_2D_-X-YZ_Y;Corner_2D_-X-Y-Z_X;Corner_2D_-X-Y-Z_Y;
J0:19:18:32:547;Hatchback_Car_AI_C_3;211;39264.21875;-72459.546875;-54418.644531;225;675;658.777588;0.111971;-0.987679;-0.109324;39266.34375;-72482.0;-54341.648438;204.0;92.0;76.0;39381.140625;-72681.476562;-54287.921875;39380.070312;-72664.867188;-54439.007812;39198.304688;-72702.101562;-54288.890625;39197.234375;-72685.492188;-54439.976562;39335.453125;-72278.507812;-54243.320312;39334.382812;-72261.898438;-54394.40625;39152.617188;-72299.132812;-54244.289062;39151.546875;-72282.523438;-54395.375;229;661;249;654;249;673;177;654;177;673;278;649;278;668;209;649;209;668
J0:19:18:32:547;Hatchback_Car_AI_C_7;211;38983.464844;-69213.890625;-53702.289062;-1;-1;689.982666;0.022468;-0.972186;-0.233129;38984.359375;-69245.90625;-53628.730469;204.0;92.0;76.0;39081.472656;-69459.78125;-53602.558594;39080.355469;-69424.359375;-53750.371094;38897.527344;-69464.109375;-53602.207031;38896.410156;-69428.6875;-53750.019531;39072.308594;-69063.125;-53507.441406;39071.191406;-69027.703125;-53655.253906;38888.363281;-69067.453125;-53507.089844;38887.246094;-69032.03125;-53654.902344;-1;-1;-1;-1;-1;-1;-1;-1;-1;-1;-1;-1;-1;-1;-1;-1;-1;-1
