Time;ID;Cat;XPos;YPos;ZPos;2D_XPos;2D_YPos;Vel;XDir;YDir;ZDir;BBox_XPos;BBox_YPos;BBox_ZPos;BBox_Ext_X;BBox_Ext_Y;BBox_Ext_Z;Corner_XYZ_X;Corner_XYZ_Y;Corner_XYZ_Z;Corner_XY-Z_X;Corner_XY-Z_Y;Corner_XY-Z_Z;Corner_X-YZ_X;Corner_X-YZ_Y;Corner_X-YZ_Z;Corner_X-Y-Z_X;Corner_X-Y-Z_Y;Corner_X-Y-Z_Z;Corner_-XYZ_X;Corner_-XYZ_Y;Corner_-XYZ_Z;Corner_-XY-Z_X;Corner_-XY-Z_Y;Corner_-XY-Z_Z;Corner_-X-YZ_X;Corner_-X-YZ_Y;Corner_-X-YZ_Z;Corner_-X-Y-Z_X;Corner_-X-Y-Z_Y;Corner_-X-Y-Z_Z;BBox_2D_XPos;BBox_2D_YPos;Corner_2D_XYZ_X;Corner_2D_XYZ_Y;Corner_2D_XY-Z_X;Corner_2D_XY-Z_Y;Corner_2D_X-YZ_X;Corner_2D_X-YZ_Y;Corner_2D_X-Y-Z_X;Corner_2D_X-Y-Z_Y;Corner_2D_-XYZ_X;Corner_2D_-XYZ_Y;Corner_-2D_XY-Z_X;Corner_2D_-XY-Z_Y;Corner_2D_-X-YZ_X;Corner_2D_-X-YZ_Y;Corner_2D_-X-Y-Z_X;Corner_2D_-X-Y-Z_Y;
J0:19:21:01:740;Hatchback_Car_AI_C_3;211;39260.570312;-78697.171875;-54424.96875;1319;676;763.308594;-0.024021;-0.999711;-0.00129;39260.222656;-78711.265625;-54345.988281;204.0;92.0;76.0;39347.285156;-78917.515625;-54270.238281;39347.308594;-78917.3125;-54422.238281;39163.339844;-78913.09375;-54270.261719;39163.363281;-78912.890625;-54422.261719;39357.082031;-78509.640625;-54269.714844;39357.105469;-78509.4375;-54421.714844;39173.136719;-78505.21875;-54269.738281;39173.160156;-78505.015625;-54421.738281;1322;662;1364;650;1364;677;1291;650;1291;677;1352;647;1352;673;1280;647;1280;673
J0:19:21:01:740;Hatchback_Car_AI_C_15;211;39107.773438;-70985.539062;-54151.792969;-1;-1;720.914551;0.092995;-0.966513;-0.239174;39111.042969;-71017.859375;-54078.433594;204.0;92.0;76.0;39223.484375;-71224.25;-54053.613281;39219.695312;-71188.09375;-54201.199219;39040.335938;-71241.96875;-54053.253906;39036.546875;-71205.8125;-54200.839844;39185.539062;-70829.90625;-53956.027344;39181.75;-70793.75;-54103.613281;39002.390625;-70847.625;-53955.667969;38998.601562;-70811.46875;-54103.253906;0;613;15;610;15;619;-1;-1;-1;-1;52;607;52;616;-1;-1;-1;-1
J0:19:21:01:740;Hatchback_Car_AI_C_19;211;39023.890625;-67841.539062;-53439.777344;-1;-1;727.902588;-0.095738;-0.986459;-0.133167;39021.554688;-67865.820312;-53363.34375;204.0;92.0;76.0;39092.636719;-68086.015625;-53315.207031;39094.550781;-68065.859375;-53465.855469;38909.496094;-68068.25;-53315.160156;38911.410156;-68048.09375;-53465.808594;39131.699219;-67683.546875;-53260.878906;39133.613281;-67663.390625;-53411.527344;38948.558594;-67665.78125;-53260.832031;38950.472656;-67645.625;-53411.480469;-1;-1;-1;-1;-1;-1;-1;-1;-1;-1;-1;-1;-1;-1;-1;-1;-1;-1
