Time;ID;Cat;XPos;YPos;ZPos;2D_XPos;2D_YPos;Vel;XDir;YDir;ZDir;BBox_XPos;BBox_YPos;BBox_ZPos;BBox_Ext_X;BBox_Ext_Y;BBox_Ext_Z;Corner_XYZ_X;Corner_XYZ_Y;Corner_XYZ_Z;Corner_XY-Z_X;Corner_XY-Z_Y;Corner_XY-Z_Z;Corner_X-YZ_X;Corner_X-YZ_Y;Corner_X-YZ_Z;Corner_X-Y-Z_X;Corner_X-Y-Z_Y;Corner_X-Y-Z_Z;Corner_-XYZ_X;Corner_-XYZ_Y;Corner_-XYZ_Z;Corner_-XY-Z_X;Corner_-XY-Z_Y;Corner_-XY-Z_Z;Corner_-X-YZ_X;Corner_-X-YZ_Y;Corner_-X-YZ_Z;Corner_-X-Y-Z_X;Corner_-X-Y-Z_Y;Corner_-X-Y-Z_Z;BBox_2D_XPos;BBox_2D_YPos;Corner_2D_XYZ_X;Corner_2D_XYZ_Y;Corner_2D_XY-Z_X;Corner_2D_XY-Z_Y;Corner_2D_X-YZ_X;Corner_2D_X-YZ_Y;Corner_2D_X-Y-Z_X;Corner_2D_X-Y-Z_Y;Corner_2D_-XYZ_X;Corner_2D_-XYZ_Y;Corner_-2D_XY-Z_X;Corner_2D_-XY-Z_Y;Corner_2D_-X-YZ_X;Corner_2D_-X-YZ_Y;Corner_2D_-X-Y-Z_X;Corner_2D_-X-Y-Z_Y;
J0:19:19:00:544;Hatchback_Car_AI_C_3;211;39402.214844;-73994.625;-54473.378906;482;688;665.227478;0.054049;-0.998237;0.024552;39402.988281;-74006.65625;-54394.058594;204.0;92.0;76.0;39505.898438;-74203.460938;-54313.214844;39505.867188;-74207.195312;-54465.167969;39322.164062;-74213.398438;-54312.933594;39322.132812;-74217.132812;-54464.886719;39483.84375;-73796.179688;-54323.230469;39483.8125;-73799.914062;-54475.183594;39300.109375;-73806.117188;-54322.949219;39300.078125;-73809.851562;-54474.902344;484;674;511;661;511;691;439;661;439;691;528;657;528;685;459;657;459;685
J0:19:19:00:544;Hatchback_Car_AI_C_7;211;39085.683594;-70756.289062;-54094.789062;-1;-1;659.331116;0.088708;-0.964642;-0.248188;39088.890625;-70789.304688;-54021.734375;204.0;92.0;76.0;39200.488281;-70996.382812;-53998.9375;39196.707031;-70958.851562;-54146.179688;39017.269531;-71013.335938;-53998.546875;39013.488281;-70975.804688;-54145.789062;39164.292969;-70602.804688;-53897.679688;39160.511719;-70565.273438;-54044.921875;38981.074219;-70619.757812;-53897.289062;38977.292969;-70582.226562;-54044.53125;-1;-1;-1;-1;-1;-1;-1;-1;-1;-1;18;598;18;605;-1;-1;-1;-1
J0:19:19:00:544;Hatchback_Car_AI_C_11;211;39019.617188;-67849.46875;-53441.144531;-1;-1;668.789856;-0.092686;-0.986408;-0.135681;39017.332031;-67873.953125;-53364.773438;204.0;92.0;76.0;39089.074219;-68094.046875;-53317.175781;39090.972656;-68073.515625;-53467.769531;38905.878906;-68076.84375;-53317.136719;38907.777344;-68056.3125;-53467.730469;39126.886719;-67691.59375;-53261.816406;39128.785156;-67671.0625;-53412.410156;38943.691406;-67674.390625;-53261.777344;38945.589844;-67653.859375;-53412.371094;-1;-1;-1;-1;-1;-1;-1;-1;-1;-1;-1;-1;-1;-1;-1;-1;-1;-1
