Time;ID;Cat;XPos;YPos;ZPos;2D_XPos;2D_YPos;Vel;XDir;YDir;ZDir;BBox_XPos;BBox_YPos;BBox_ZPos;BBox_Ext_X;BBox_Ext_Y;BBox_Ext_Z;Corner_XYZ_X;Corner_XYZ_Y;Corner_XYZ_Z;Corner_XY-Z_X;Corner_XY-Z_Y;Corner_XY-Z_Z;Corner_X-YZ_X;Corner_X-YZ_Y;Corner_X-YZ_Z;Corner_X-Y-Z_X;Corner_X-Y-Z_Y;Corner_X-Y-Z_Z;Corner_-XYZ_X;Corner_-XYZ_Y;Corner_-XYZ_Z;Corner_-XY-Z_X;Corner_-XY-Z_Y;Corner_-XY-Z_Z;Corner_-X-YZ_X;Corner_-X-YZ_Y;Corner_-X-YZ_Z;Corner_-X-Y-Z_X;Corner_-X-Y-Z_Y;Corner_-X-Y-Z_Z;BBox_2D_XPos;BBox_2D_YPos;Corner_2D_XYZ_X;Corner_2D_XYZ_Y;Corner_2D_XY-Z_X;Corner_2D_XY-Z_Y;Corner_2D_X-YZ_X;Corner_2D_X-YZ_Y;Corner_2D_X-Y-Z_X;Corner_2D_X-Y-Z_Y;Corner_2D_-XYZ_X;Corner_2D_-XYZ_Y;Corner_-2D_XY-Z_X;Corner_2D_-XY-Z_Y;Corner_2D_-X-YZ_X;Corner_2D_-X-YZ_Y;Corner_2D_-X-Y-Z_X;Corner_2D_-X-Y-Z_Y;
J0:19:18:30:948;Hatchback_Car_AI_C_3;211;39254.273438;-72372.03125;-54408.972656;211;673;676.687805;0.112386;-0.986714;-0.117324;39256.46875;-72395.101562;-54332.160156;204.0;92.0;76.0;39371.410156;-72594.945312;-54280.125;39370.207031;-72577.132812;-54431.070312;39188.582031;-72615.648438;-54281.117188;39187.378906;-72597.835938;-54432.0625;39325.558594;-72192.367188;-54232.257812;39324.355469;-72174.554688;-54383.203125;39142.730469;-72213.070312;-54233.25;39141.527344;-72195.257812;-54384.195312;215;659;235;652;235;671;163;652;163;671;264;648;264;666;196;648;196;666
J0:19:18:30:948;Hatchback_Car_AI_C_7;211;38981.289062;-69125.140625;-53681.335938;-1;-1;658.576599;0.016874;-0.972888;-0.230662;38981.964844;-69156.976562;-53607.695312;204.0;92.0;76.0;39077.8125;-69371.34375;-53580.941406;39076.96875;-69336.296875;-53728.839844;38893.84375;-69374.59375;-53580.660156;38893.0;-69339.546875;-53728.558594;39070.929688;-68974.40625;-53486.832031;39070.085938;-68939.359375;-53634.730469;38886.960938;-68977.65625;-53486.550781;38886.117188;-68942.609375;-53634.449219;-1;-1;-1;-1;-1;-1;-1;-1;-1;-1;-1;-1;-1;-1;-1;-1;-1;-1
