Time;ID;Cat;XPos;YPos;ZPos;2D_XPos;2D_YPos;Vel;XDir;YDir;ZDir;BBox_XPos;BBox_YPos;BBox_ZPos;BBox_Ext_X;BBox_Ext_Y;BBox_Ext_Z;Corner_XYZ_X;Corner_XYZ_Y;Corner_XYZ_Z;Corner_XY-Z_X;Corner_XY-Z_Y;Corner_XY-Z_Z;Corner_X-YZ_X;Corner_X-YZ_Y;Corner_X-YZ_Z;Corner_X-Y-Z_X;Corner_X-Y-Z_Y;Corner_X-Y-Z_Z;Corner_-XYZ_X;Corner_-XYZ_Y;Corner_-XYZ_Z;Corner_-XY-Z_X;Corner_-XY-Z_Y;Corner_-XY-Z_Z;Corner_-X-YZ_X;Corner_-X-YZ_Y;Corner_-X-YZ_Z;Corner_-X-Y-Z_X;Corner_-X-Y-Z_Y;Corner_-X-Y-Z_Z;BBox_2D_XPos;BBox_2D_YPos;Corner_2D_XYZ_X;Corner_2D_XYZ_Y;Corner_2D_XY-Z_X;Corner_2D_XY-Z_Y;Corner_2D_X-YZ_X;Corner_2D_X-YZ_Y;Corner_2D_X-Y-Z_X;Corner_2D_X-Y-Z_Y;Corner_2D_-XYZ_X;Corner_2D_-XYZ_Y;Corner_-2D_XY-Z_X;Corner_2D_-XY-Z_Y;Corner_2D_-X-YZ_X;Corner_2D_-X-YZ_Y;Corner_2D_-X-Y-Z_X;Corner_2D_-X-Y-Z_Y;
J0:19:17:26:434;Hatchback_Car_AI_C_3;211;38976.960938;-68702.53125;-53587.144531;-1;-1;707.644836;-0.01861;-0.979295;-0.201579;38976.492188;-68732.164062;-53512.589844;204.0;92.0;76.0;39064.476562;-68948.984375;-53479.375;39064.882812;-68918.34375;-53628.257812;38880.507812;-68945.53125;-53479.164062;38880.914062;-68914.890625;-53628.046875;39072.070312;-68549.4375;-53397.132812;39072.476562;-68518.796875;-53546.015625;38888.101562;-68545.984375;-53396.921875;38888.507812;-68515.34375;-53545.804688;-1;-1;-1;-1;-1;-1;-1;-1;-1;-1;-1;-1;-1;-1;-1;-1;-1;-1
J0:19:17:26:434;Hatchback_Car_AI_C_7;211;39412.164062;-65497.832031;-53284.929688;-1;-1;677.648254;-0.232502;-0.972485;-0.014689;39408.621094;-65512.570312;-53206.144531;204.0;92.0;76.0;39450.390625;-65733.429688;-53133.128906;39450.945312;-65731.273438;-53285.113281;39271.4375;-65690.648438;-53133.167969;39271.992188;-65688.492188;-53285.152344;39545.25;-65336.660156;-53127.136719;39545.804688;-65334.496094;-53279.121094;39366.296875;-65293.871094;-53127.175781;39366.851562;-65291.707031;-53279.160156;-1;-1;-1;-1;-1;-1;-1;-1;-1;-1;-1;-1;-1;-1;-1;-1;-1;-1
