Time;ID;Cat;XPos;YPos;ZPos;2D_XPos;2D_YPos;Vel;XDir;YDir;ZDir;BBox_XPos;BBox_YPos;BBox_ZPos;BBox_Ext_X;BBox_Ext_Y;BBox_Ext_Z;Corner_XYZ_X;Corner_XYZ_Y;Corner_XYZ_Z;Corner_XY-Z_X;Corner_XY-Z_Y;Corner_XY-Z_Z;Corner_X-YZ_X;Corner_X-YZ_Y;Corner_X-YZ_Z;Corner_X-Y-Z_X;Corner_X-Y-Z_Y;Corner_X-Y-Z_Z;Corner_-XYZ_X;Corner_-XYZ_Y;Corner_-XYZ_Z;Corner_-XY-Z_X;Corner_-XY-Z_Y;Corner_-XY-Z_Z;Corner_-X-YZ_X;Corner_-X-YZ_Y;Corner_-X-YZ_Z;Corner_-X-Y-Z_X;Corner_-X-Y-Z_Y;Corner_-X-Y-Z_Z;BBox_2D_XPos;BBox_2D_YPos;Corner_2D_XYZ_X;Corner_2D_XYZ_Y;Corner_2D_XY-Z_X;Corner_2D_XY-Z_Y;Corner_2D_X-YZ_X;Corner_2D_X-YZ_Y;Corner_2D_X-Y-Z_X;Corner_2D_X-Y-Z_Y;Corner_2D_-XYZ_X;Corner_2D_-XYZ_Y;Corner_-2D_XY-Z_X;Corner_2D_-XY-Z_Y;Corner_2D_-X-YZ_X;Corner_2D_-X-YZ_Y;Corner_2D_-X-Y-Z_X;Corner_2D_-X-Y-Z_Y;
J0:19:19:35:750;Hatchback_Car_AI_C_7;211;39289.992188;-72699.851562;-54441.527344;264;679;662.611694;0.113213;-0.989813;-0.086331;39291.972656;-72720.53125;-54364.03125;204.0;92.0;76.0;39406.851562;-72918.601562;-54305.484375;39406.09375;-72905.476562;-54456.914062;39224.039062;-72939.429688;-54306.375;39223.28125;-72926.304688;-54457.804688;39360.664062;-72514.757812;-54270.257812;39359.90625;-72501.632812;-54421.6875;39177.851562;-72535.585938;-54271.148438;39177.09375;-72522.460938;-54422.578125;267;666;288;658;288;679;217;658;217;679;316;653;316;673;247;653;247;673
J0:19:19:35:750;Hatchback_Car_AI_C_11;211;39011.191406;-69825.25;-53854.617188;-1;-1;705.378418;0.06034;-0.966281;-0.250321;39013.367188;-69858.507812;-53781.636719;204.0;92.0;76.0;39118.773438;-70068.851562;-53759.230469;39116.21875;-70030.882812;-53906.394531;38935.132812;-70080.382812;-53759.011719;38932.578125;-70042.414062;-53906.175781;39094.15625;-69674.601562;-53657.097656;39091.601562;-69636.632812;-53804.261719;38910.515625;-69686.132812;-53656.878906;38907.960938;-69648.164062;-53804.042969;-1;-1;-1;-1;-1;-1;-1;-1;-1;-1;-1;-1;-1;-1;-1;-1;-1;-1
