Time;ID;Cat;XPos;YPos;ZPos;2D_XPos;2D_YPos;Vel;XDir;YDir;ZDir;BBox_XPos;BBox_YPos;BBox_ZPos;BBox_Ext_X;BBox_Ext_Y;BBox_Ext_Z;Corner_XYZ_X;Corner_XYZ_Y;Corner_XYZ_Z;Corner_XY-Z_X;Corner_XY-Z_Y;Corner_XY-Z_Z;Corner_X-YZ_X;Corner_X-YZ_Y;Corner_X-YZ_Z;Corner_X-Y-Z_X;Corner_X-Y-Z_Y;Corner_X-Y-Z_Z;Corner_-XYZ_X;Corner_-XYZ_Y;Corner_-XYZ_Z;Corner_-XY-Z_X;Corner_-XY-Z_Y;Corner_-XY-Z_Z;Corner_-X-YZ_X;Corner_-X-YZ_Y;Corner_-X-YZ_Z;Corner_-X-Y-Z_X;Corner_-X-Y-Z_Y;Corner_-X-Y-Z_Z;BBox_2D_XPos;BBox_2D_YPos;Corner_2D_XYZ_X;Corner_2D_XYZ_Y;Corner_2D_XY-Z_X;Corner_2D_XY-Z_Y;Corner_2D_X-YZ_X;Corner_2D_X-YZ_Y;Corner_2D_X-Y-Z_X;Corner_2D_X-Y-Z_Y;Corner_2D_-XYZ_X;Corner_2D_-XYZ_Y;Corner_-2D_XY-Z_X;Corner_2D_-XY-Z_Y;Corner_2D_-X-YZ_X;Corner_2D_-X-YZ_Y;Corner_2D_-X-Y-Z_X;Corner_2D_-X-Y-Z_Y;
J0:19:18:18:149;Hatchback_Car_AI_C_3;211;39177.21875;-71663.796875;-54301.867188;99;652;675.203613;0.101834;-0.976923;-0.187755;39180.070312;-71692.234375;-54226.902344;204.0;92.0;76.0;39293.722656;-71896.210938;-54190.425781;39290.980469;-71867.804688;-54339.722656;39110.707031;-71915.242188;-54190.683594;39107.964844;-71886.835938;-54339.980469;39252.175781;-71497.632812;-54113.824219;39249.433594;-71469.226562;-54263.121094;39069.160156;-71516.664062;-54114.082031;39066.417969;-71488.257812;-54263.378906;104;639;122;635;122;648;50;635;50;648;155;631;155;644;86;631;86;644
J0:19:18:18:149;Hatchback_Car_AI_C_7;211;38986.261719;-68412.460938;-53530.894531;-1;-1;692.079224;-0.039963;-0.983163;-0.178304;38985.078125;-68440.296875;-53455.65625;204.0;92.0;76.0;39068.246094;-68658.148438;-53417.191406;39069.449219;-68631.070312;-53566.753906;38884.402344;-68650.648438;-53417.308594;38885.605469;-68623.570312;-53566.871094;39084.550781;-68257.023438;-53344.441406;39085.753906;-68229.945312;-53494.003906;38900.707031;-68249.523438;-53344.558594;38901.910156;-68222.445312;-53494.121094;-1;-1;-1;-1;-1;-1;-1;-1;-1;-1;-1;-1;-1;-1;-1;-1;-1;-1
