Time;ID;Cat;XPos;YPos;ZPos;2D_XPos;2D_YPos;Vel;XDir;YDir;ZDir;BBox_XPos;BBox_YPos;BBox_ZPos;BBox_Ext_X;BBox_Ext_Y;BBox_Ext_Z;Corner_XYZ_X;Corner_XYZ_Y;Corner_XYZ_Z;Corner_XY-Z_X;Corner_XY-Z_Y;Corner_XY-Z_Z;Corner_X-YZ_X;Corner_X-YZ_Y;Corner_X-YZ_Z;Corner_X-Y-Z_X;Corner_X-Y-Z_Y;Corner_X-Y-Z_Z;Corner_-XYZ_X;Corner_-XYZ_Y;Corner_-XYZ_Z;Corner_-XY-Z_X;Corner_-XY-Z_Y;Corner_-XY-Z_Z;Corner_-X-YZ_X;Corner_-X-YZ_Y;Corner_-X-YZ_Z;Corner_-X-Y-Z_X;Corner_-X-Y-Z_Y;Corner_-X-Y-Z_Z;BBox_2D_XPos;BBox_2D_YPos;Corner_2D_XYZ_X;Corner_2D_XYZ_Y;Corner_2D_XY-Z_X;Corner_2D_XY-Z_Y;Corner_2D_X-YZ_X;Corner_2D_X-YZ_Y;Corner_2D_X-Y-Z_X;Corner_2D_X-Y-Z_Y;Corner_2D_-XYZ_X;Corner_2D_-XYZ_Y;Corner_-2D_XY-Z_X;Corner_2D_-XY-Z_Y;Corner_2D_-X-YZ_X;Corner_2D_-X-YZ_Y;Corner_2D_-X-Y-Z_X;Corner_2D_-X-Y-Z_Y;
J0:19:18:09:747;Hatchback_Car_AI_C_3;211;39130.402344;-71202.5;-54204.125;27;635;703.622925;0.094136;-0.968228;-0.231673;39133.640625;-71234.257812;-54130.519531;204.0;92.0;76.0;39246.25;-71440.335938;-54104.015625;39242.5625;-71405.320312;-54251.882812;39063.125;-71458.226562;-54103.679688;39059.4375;-71423.210938;-54251.546875;39207.84375;-71045.304688;-54009.492188;39204.15625;-71010.289062;-54157.359375;39024.71875;-71063.195312;-54009.15625;39021.03125;-71028.179688;-54157.023438;32;622;49;619;49;628;-1;-1;-1;-1;85;616;85;625;16;616;16;625
J0:19:18:09:747;Hatchback_Car_AI_C_7;211;39012.351562;-67954.570312;-53456.019531;-1;-1;629.534607;-0.081537;-0.986006;-0.145411;39010.269531;-67979.820312;-53379.894531;204.0;92.0;76.0;39084.421875;-68199.5625;-53334.375;39086.226562;-68177.53125;-53484.757812;38901.046875;-68184.40625;-53334.359375;38902.851562;-68162.375;-53484.742188;39117.6875;-67797.265625;-53275.046875;39119.492188;-67775.234375;-53425.429688;38934.3125;-67782.109375;-53275.03125;38936.117188;-67760.078125;-53425.414062;-1;-1;-1;-1;-1;-1;-1;-1;-1;-1;-1;-1;-1;-1;-1;-1;-1;-1
