Time;ID;Cat;XPos;YPos;ZPos;2D_XPos;2D_YPos;Vel;XDir;YDir;ZDir;BBox_XPos;BBox_YPos;BBox_ZPos;BBox_Ext_X;BBox_Ext_Y;BBox_Ext_Z;Corner_XYZ_X;Corner_XYZ_Y;Corner_XYZ_Z;Corner_XY-Z_X;Corner_XY-Z_Y;Corner_XY-Z_Z;Corner_X-YZ_X;Corner_X-YZ_Y;Corner_X-YZ_Z;Corner_X-Y-Z_X;Corner_X-Y-Z_Y;Corner_X-Y-Z_Z;Corner_-XYZ_X;Corner_-XYZ_Y;Corner_-XYZ_Z;Corner_-XY-Z_X;Corner_-XY-Z_Y;Corner_-XY-Z_Z;Corner_-X-YZ_X;Corner_-X-YZ_Y;Corner_-X-YZ_Z;Corner_-X-Y-Z_X;Corner_-X-Y-Z_Y;Corner_-X-Y-Z_Z;BBox_2D_XPos;BBox_2D_YPos;Corner_2D_XYZ_X;Corner_2D_XYZ_Y;Corner_2D_XY-Z_X;Corner_2D_XY-Z_Y;Corner_2D_X-YZ_X;Corner_2D_X-YZ_Y;Corner_2D_X-Y-Z_X;Corner_2D_X-Y-Z_Y;Corner_2D_-XYZ_X;Corner_2D_-XYZ_Y;Corner_-2D_XY-Z_X;Corner_2D_-XY-Z_Y;Corner_2D_-X-YZ_X;Corner_2D_-X-YZ_Y;Corner_2D_-X-Y-Z_X;Corner_2D_-X-Y-Z_Y;
J0:19:19:39:748;Hatchback_Car_AI_C_7;211;39314.753906;-72924.804688;-54457.941406;301;683;695.280029;0.111035;-0.991756;-0.063963;39316.53125;-72943.75;-54380.0;204.0;92.0;76.0;39430.828125;-73140.726562;-54316.804688;39430.398438;-73130.992188;-54468.492188;39247.96875;-73161.148438;-54317.601562;39247.539062;-73151.414062;-54469.289062;39385.523438;-72736.085938;-54290.710938;39385.09375;-72726.351562;-54442.398438;39202.664062;-72756.507812;-54291.507812;39202.234375;-72746.773438;-54443.195312;304;669;325;660;325;683;254;660;254;683;351;655;351;677;283;655;283;677
J0:19:19:39:748;Hatchback_Car_AI_C_11;211;39026.742188;-70045.132812;-53911.414062;-1;-1;687.890747;0.069113;-0.965048;-0.252796;39029.277344;-70078.554688;-53838.519531;204.0;92.0;76.0;39136.644531;-70287.960938;-53816.71875;39133.628906;-70249.648438;-53963.78125;38953.121094;-70301.195312;-53816.398438;38950.105469;-70262.882812;-53963.460938;39108.449219;-69894.226562;-53713.578125;39105.433594;-69855.914062;-53860.640625;38924.925781;-69907.460938;-53713.257812;38921.910156;-69869.148438;-53860.320312;-1;-1;-1;-1;-1;-1;-1;-1;-1;-1;-1;-1;-1;-1;-1;-1;-1;-1
