Time;ID;Cat;XPos;YPos;ZPos;2D_XPos;2D_YPos;Vel;XDir;YDir;ZDir;BBox_XPos;BBox_YPos;BBox_ZPos;BBox_Ext_X;BBox_Ext_Y;BBox_Ext_Z;Corner_XYZ_X;Corner_XYZ_Y;Corner_XYZ_Z;Corner_XY-Z_X;Corner_XY-Z_Y;Corner_XY-Z_Z;Corner_X-YZ_X;Corner_X-YZ_Y;Corner_X-YZ_Z;Corner_X-Y-Z_X;Corner_X-Y-Z_Y;Corner_X-Y-Z_Z;Corner_-XYZ_X;Corner_-XYZ_Y;Corner_-XYZ_Z;Corner_-XY-Z_X;Corner_-XY-Z_Y;Corner_-XY-Z_Z;Corner_-X-YZ_X;Corner_-X-YZ_Y;Corner_-X-YZ_Z;Corner_-X-Y-Z_X;Corner_-X-Y-Z_Y;Corner_-X-Y-Z_Z;BBox_2D_XPos;BBox_2D_YPos;Corner_2D_XYZ_X;Corner_2D_XYZ_Y;Corner_2D_XY-Z_X;Corner_2D_XY-Z_Y;Corner_2D_X-YZ_X;Corner_2D_X-YZ_Y;Corner_2D_X-Y-Z_X;Corner_2D_X-Y-Z_Y;Corner_2D_-XYZ_X;Corner_2D_-XYZ_Y;Corner_-2D_XY-Z_X;Corner_2D_-XY-Z_Y;Corner_2D_-X-YZ_X;Corner_2D_-X-YZ_Y;Corner_2D_-X-Y-Z_X;Corner_2D_-X-Y-Z_Y;
J0:19:19:06:947;Hatchback_Car_AI_C_7;211;39118.972656;-71108.195312;-54181.8125;13;631;671.079285;0.095997;-0.966693;-0.237254;39122.292969;-71140.367188;-54108.390625;204.0;92.0;76.0;39235.324219;-71346.375;-54083.101562;39231.519531;-71310.515625;-54230.757812;39052.230469;-71364.625;-54082.820312;39048.425781;-71328.765625;-54230.476562;39196.160156;-70951.96875;-53986.304688;39192.355469;-70916.109375;-54133.960938;39013.066406;-70970.21875;-53986.023438;39009.261719;-70934.359375;-54133.679688;18;618;35;615;35;624;-1;-1;-1;-1;71;612;71;621;2;612;2;621
J0:19:19:06:947;Hatchback_Car_AI_C_11;211;38993.929688;-68206.546875;-53495.234375;-1;-1;673.183838;-0.061689;-0.984642;-0.163324;38992.261719;-68233.210938;-53419.582031;204.0;92.0;76.0;39070.722656;-68452.21875;-53377.921875;39072.269531;-68427.4375;-53527.882812;38887.082031;-68440.71875;-53377.914062;38888.628906;-68415.9375;-53527.875;39095.894531;-68050.484375;-53311.289062;39097.441406;-68025.703125;-53461.25;38912.253906;-68038.984375;-53311.28125;38913.800781;-68014.203125;-53461.242188;-1;-1;-1;-1;-1;-1;-1;-1;-1;-1;-1;-1;-1;-1;-1;-1;-1;-1
