Time;ID;Cat;XPos;YPos;ZPos;2D_XPos;2D_YPos;Vel;XDir;YDir;ZDir;BBox_XPos;BBox_YPos;BBox_ZPos;BBox_Ext_X;BBox_Ext_Y;BBox_Ext_Z;Corner_XYZ_X;Corner_XYZ_Y;Corner_XYZ_Z;Corner_XY-Z_X;Corner_XY-Z_Y;Corner_XY-Z_Z;Corner_X-YZ_X;Corner_X-YZ_Y;Corner_X-YZ_Z;Corner_X-Y-Z_X;Corner_X-Y-Z_Y;Corner_X-Y-Z_Z;Corner_-XYZ_X;Corner_-XYZ_Y;Corner_-XYZ_Z;Corner_-XY-Z_X;Corner_-XY-Z_Y;Corner_-XY-Z_Z;Corner_-X-YZ_X;Corner_-X-YZ_Y;Corner_-X-YZ_Z;Corner_-X-Y-Z_X;Corner_-X-Y-Z_Y;Corner_-X-Y-Z_Z;BBox_2D_XPos;BBox_2D_YPos;Corner_2D_XYZ_X;Corner_2D_XYZ_Y;Corner_2D_XY-Z_X;Corner_2D_XY-Z_Y;Corner_2D_X-YZ_X;Corner_2D_X-YZ_Y;Corner_2D_X-Y-Z_X;Corner_2D_X-Y-Z_Y;Corner_2D_-XYZ_X;Corner_2D_-XYZ_Y;Corner_-2D_XY-Z_X;Corner_2D_-XY-Z_Y;Corner_2D_-X-YZ_X;Corner_2D_-X-YZ_Y;Corner_2D_-X-Y-Z_X;Corner_2D_-X-Y-Z_Y;
J0:19:18:27:750;Hatchback_Car_AI_C_3;211;39235.023438;-72199.890625;-54387.558594;184;668;670.508545;0.110396;-0.984651;-0.135182;39237.378906;-72224.328125;-54311.175781;204.0;92.0;76.0;39352.113281;-72425.257812;-54263.015625;39350.550781;-72404.757812;-54413.617188;39169.246094;-72445.632812;-54263.890625;39167.683594;-72425.132812;-54414.492188;39307.074219;-72023.523438;-54207.859375;39305.511719;-72003.023438;-54358.460938;39124.207031;-72043.898438;-54208.734375;39122.644531;-72023.398438;-54359.335938;188;655;207;649;207;666;135;649;135;666;238;645;238;661;169;645;169;661
J0:19:18:27:750;Hatchback_Car_AI_C_7;211;38978.59375;-68949.789062;-53640.84375;-1;-1;671.287354;0.00421;-0.975025;-0.222054;38978.792969;-68980.984375;-53566.925781;204.0;92.0;76.0;39071.785156;-69196.351562;-53538.195312;39071.519531;-69162.601562;-53686.398438;38887.785156;-69197.179688;-53538.054688;38887.519531;-69163.429688;-53686.257812;39070.066406;-68798.539062;-53447.59375;39069.800781;-68764.789062;-53595.796875;38886.066406;-68799.367188;-53447.453125;38885.800781;-68765.617188;-53595.65625;-1;-1;-1;-1;-1;-1;-1;-1;-1;-1;-1;-1;-1;-1;-1;-1;-1;-1
