Time;ID;Cat;XPos;YPos;ZPos;2D_XPos;2D_YPos;Vel;XDir;YDir;ZDir;BBox_XPos;BBox_YPos;BBox_ZPos;BBox_Ext_X;BBox_Ext_Y;BBox_Ext_Z;Corner_XYZ_X;Corner_XYZ_Y;Corner_XYZ_Z;Corner_XY-Z_X;Corner_XY-Z_Y;Corner_XY-Z_Z;Corner_X-YZ_X;Corner_X-YZ_Y;Corner_X-YZ_Z;Corner_X-Y-Z_X;Corner_X-Y-Z_Y;Corner_X-Y-Z_Z;Corner_-XYZ_X;Corner_-XYZ_Y;Corner_-XYZ_Z;Corner_-XY-Z_X;Corner_-XY-Z_Y;Corner_-XY-Z_Z;Corner_-X-YZ_X;Corner_-X-YZ_Y;Corner_-X-YZ_Z;Corner_-X-Y-Z_X;Corner_-X-Y-Z_Y;Corner_-X-Y-Z_Z;BBox_2D_XPos;BBox_2D_YPos;Corner_2D_XYZ_X;Corner_2D_XYZ_Y;Corner_2D_XY-Z_X;Corner_2D_XY-Z_Y;Corner_2D_X-YZ_X;Corner_2D_X-YZ_Y;Corner_2D_X-Y-Z_X;Corner_2D_X-Y-Z_Y;Corner_2D_-XYZ_X;Corner_2D_-XYZ_Y;Corner_-2D_XY-Z_X;Corner_2D_-XY-Z_Y;Corner_2D_-X-YZ_X;Corner_2D_-X-YZ_Y;Corner_2D_-X-Y-Z_X;Corner_2D_-X-Y-Z_Y;
J0:19:19:28:548;Hatchback_Car_AI_C_7;211;39245.011719;-72303.875;-54400.738281;200;671;699.715515;0.112598;-0.985937;-0.123494;39247.28125;-72327.421875;-54324.074219;204.0;92.0;76.0;39362.328125;-72527.539062;-54273.367188;39360.992188;-72508.804688;-54424.203125;39179.507812;-72548.304688;-54274.328125;39178.171875;-72529.570312;-54425.164062;39316.390625;-72125.273438;-54222.984375;39315.054688;-72106.539062;-54373.820312;39133.570312;-72146.039062;-54223.945312;39132.234375;-72127.304688;-54374.78125;204;658;224;651;224;669;152;651;152;669;254;646;254;664;185;646;185;664
J0:19:19:28:548;Hatchback_Car_AI_C_11;211;38989.175781;-69419.859375;-53752.398438;-1;-1;693.837585;0.03726;-0.969883;-0.240703;38990.550781;-69452.4375;-53679.089844;204.0;92.0;76.0;39090.902344;-69665.007812;-53654.566406;39089.261719;-69628.460938;-53802.097656;38907.042969;-69672.132812;-53654.285156;38905.402344;-69635.585938;-53801.816406;39075.699219;-69269.289062;-53556.363281;39074.058594;-69232.742188;-53703.894531;38891.839844;-69276.414062;-53556.082031;38890.199219;-69239.867188;-53703.613281;-1;-1;-1;-1;-1;-1;-1;-1;-1;-1;-1;-1;-1;-1;-1;-1;-1;-1
J0:19:19:28:548;Hatchback_Car_AI_C_15;211;39337.601562;-65826.078125;-53292.332031;-1;-1;662.049805;-0.21459;-0.976367;-0.025665;39334.148438;-65841.726562;-53213.71875;204.0;92.0;76.0;39379.796875;-66062.554688;-53142.960938;39380.65625;-66058.757812;-53294.914062;39200.085938;-66023.054688;-53142.992188;39200.945312;-66019.257812;-53294.945312;39467.351562;-65664.195312;-53132.492188;39468.210938;-65660.398438;-53284.445312;39287.640625;-65624.695312;-53132.523438;39288.5;-65620.898438;-53284.476562;-1;-1;-1;-1;-1;-1;-1;-1;-1;-1;-1;-1;-1;-1;-1;-1;-1;-1
