Time;ID;Cat;XPos;YPos;ZPos;2D_XPos;2D_YPos;Vel;XDir;YDir;ZDir;BBox_XPos;BBox_YPos;BBox_ZPos;BBox_Ext_X;BBox_Ext_Y;BBox_Ext_Z;Corner_XYZ_X;Corner_XYZ_Y;Corner_XYZ_Z;Corner_XY-Z_X;Corner_XY-Z_Y;Corner_XY-Z_Z;Corner_X-YZ_X;Corner_X-YZ_Y;Corner_X-YZ_Z;Corner_X-Y-Z_X;Corner_X-Y-Z_Y;Corner_X-Y-Z_Z;Corner_-XYZ_X;Corner_-XYZ_Y;Corner_-XYZ_Z;Corner_-XY-Z_X;Corner_-XY-Z_Y;Corner_-XY-Z_Z;Corner_-X-YZ_X;Corner_-X-YZ_Y;Corner_-X-YZ_Z;Corner_-X-Y-Z_X;Corner_-X-Y-Z_Y;Corner_-X-Y-Z_Z;BBox_2D_XPos;BBox_2D_YPos;Corner_2D_XYZ_X;Corner_2D_XYZ_Y;Corner_2D_XY-Z_X;Corner_2D_XY-Z_Y;Corner_2D_X-YZ_X;Corner_2D_X-YZ_Y;Corner_2D_X-Y-Z_X;Corner_2D_X-Y-Z_Y;Corner_2D_-XYZ_X;Corner_2D_-XYZ_Y;Corner_-2D_XY-Z_X;Corner_2D_-XY-Z_Y;Corner_2D_-X-YZ_X;Corner_2D_-X-YZ_Y;Corner_2D_-X-Y-Z_X;Corner_2D_-X-Y-Z_Y;
J0:19:19:16:548;Hatchback_Car_AI_C_7;211;39173.453125;-71643.09375;-54298.082031;96;652;642.804016;0.101314;-0.976277;-0.191359;39176.316406;-71671.8125;-54223.222656;204.0;92.0;76.0;39289.886719;-71875.984375;-54187.539062;39287.105469;-71847.03125;-54336.726562;39106.863281;-71894.921875;-54187.796875;39104.082031;-71865.96875;-54336.984375;39248.550781;-71477.65625;-54109.460938;39245.769531;-71448.703125;-54258.648438;39065.527344;-71496.59375;-54109.71875;39062.746094;-71467.640625;-54258.90625;101;639;119;634;119;647;47;634;47;647;152;631;152;643;83;631;83;643
J0:19:19:16:548;Hatchback_Car_AI_C_11;211;38976.761719;-68743.96875;-53595.863281;-1;-1;705.588867;-0.012918;-0.978778;-0.204517;38976.414062;-68773.828125;-53521.394531;204.0;92.0;76.0;39065.609375;-68990.242188;-53488.777344;39065.929688;-68959.164062;-53637.566406;38881.625;-68987.835938;-53488.667969;38881.945312;-68956.757812;-53637.457031;39070.882812;-68590.898438;-53405.332031;39071.203125;-68559.820312;-53554.121094;38886.898438;-68588.492188;-53405.222656;38887.21875;-68557.414062;-53554.011719;-1;-1;-1;-1;-1;-1;-1;-1;-1;-1;-1;-1;-1;-1;-1;-1;-1;-1
