Time;ID;Cat;XPos;YPos;ZPos;2D_XPos;2D_YPos;Vel;XDir;YDir;ZDir;BBox_XPos;BBox_YPos;BBox_ZPos;BBox_Ext_X;BBox_Ext_Y;BBox_Ext_Z;Corner_XYZ_X;Corner_XYZ_Y;Corner_XYZ_Z;Corner_XY-Z_X;Corner_XY-Z_Y;Corner_XY-Z_Z;Corner_X-YZ_X;Corner_X-YZ_Y;Corner_X-YZ_Z;Corner_X-Y-Z_X;Corner_X-Y-Z_Y;Corner_X-Y-Z_Z;Corner_-XYZ_X;Corner_-XYZ_Y;Corner_-XYZ_Z;Corner_-XY-Z_X;Corner_-XY-Z_Y;Corner_-XY-Z_Z;Corner_-X-YZ_X;Corner_-X-YZ_Y;Corner_-X-YZ_Z;Corner_-X-Y-Z_X;Corner_-X-Y-Z_Y;Corner_-X-Y-Z_Z;BBox_2D_XPos;BBox_2D_YPos;Corner_2D_XYZ_X;Corner_2D_XYZ_Y;Corner_2D_XY-Z_X;Corner_2D_XY-Z_Y;Corner_2D_X-YZ_X;Corner_2D_X-YZ_Y;Corner_2D_X-Y-Z_X;Corner_2D_X-Y-Z_Y;Corner_2D_-XYZ_X;Corner_2D_-XYZ_Y;Corner_-2D_XY-Z_X;Corner_2D_-XY-Z_Y;Corner_2D_-X-YZ_X;Corner_2D_-X-YZ_Y;Corner_2D_-X-Y-Z_X;Corner_2D_-X-Y-Z_Y;
J0:19:18:08:948;Hatchback_Car_AI_C_3;211;39125.835938;-71156.59375;-54193.351562;20;633;690.185242;0.093841;-0.96751;-0.234772;39129.09375;-71188.585938;-54119.847656;204.0;92.0;76.0;39241.675781;-71394.78125;-54094.042969;39237.933594;-71359.296875;-54241.792969;39058.542969;-71412.625;-54093.691406;39054.800781;-71377.140625;-54241.441406;39203.386719;-71000.03125;-53998.253906;39199.644531;-70964.546875;-54146.003906;39020.253906;-71017.875;-53997.902344;39016.511719;-70982.390625;-54145.652344;25;620;42;617;42;626;-1;-1;-1;-1;78;614;78;623;9;614;9;623
J0:19:18:08:948;Hatchback_Car_AI_C_7;211;39015.605469;-67912.898438;-53449.902344;-1;-1;657.744873;-0.085168;-0.986347;-0.140947;39013.460938;-67937.804688;-53373.664062;204.0;92.0;76.0;39086.832031;-68157.601562;-53327.183594;39088.660156;-68136.257812;-53477.667969;38903.511719;-68141.773438;-53327.167969;38905.339844;-68120.429688;-53477.652344;39121.582031;-67755.179688;-53269.675781;39123.410156;-67733.835938;-53420.160156;38938.261719;-67739.351562;-53269.660156;38940.089844;-67718.007812;-53420.144531;-1;-1;-1;-1;-1;-1;-1;-1;-1;-1;-1;-1;-1;-1;-1;-1;-1;-1
