Time;ID;Cat;XPos;YPos;ZPos;2D_XPos;2D_YPos;Vel;XDir;YDir;ZDir;BBox_XPos;BBox_YPos;BBox_ZPos;BBox_Ext_X;BBox_Ext_Y;BBox_Ext_Z;Corner_XYZ_X;Corner_XYZ_Y;Corner_XYZ_Z;Corner_XY-Z_X;Corner_XY-Z_Y;Corner_XY-Z_Z;Corner_X-YZ_X;Corner_X-YZ_Y;Corner_X-YZ_Z;Corner_X-Y-Z_X;Corner_X-Y-Z_Y;Corner_X-Y-Z_Z;Corner_-XYZ_X;Corner_-XYZ_Y;Corner_-XYZ_Z;Corner_-XY-Z_X;Corner_-XY-Z_Y;Corner_-XY-Z_Z;Corner_-X-YZ_X;Corner_-X-YZ_Y;Corner_-X-YZ_Z;Corner_-X-Y-Z_X;Corner_-X-Y-Z_Y;Corner_-X-Y-Z_Z;BBox_2D_XPos;BBox_2D_YPos;Corner_2D_XYZ_X;Corner_2D_XYZ_Y;Corner_2D_XY-Z_X;Corner_2D_XY-Z_Y;Corner_2D_X-YZ_X;Corner_2D_X-YZ_Y;Corner_2D_X-Y-Z_X;Corner_2D_X-Y-Z_Y;Corner_2D_-XYZ_X;Corner_2D_-XYZ_Y;Corner_-2D_XY-Z_X;Corner_2D_-XY-Z_Y;Corner_2D_-X-YZ_X;Corner_2D_-X-YZ_Y;Corner_2D_-X-Y-Z_X;Corner_2D_-X-Y-Z_Y;
J0:19:19:49:342;Hatchback_Car_AI_C_7;211;39365.023438;-73437.75;-54477.488281;386;688;664.33136;0.092297;-0.995594;-0.016532;39366.355469;-73453.0;-54398.730469;204.0;92.0;76.0;39476.828125;-73648.867188;-54326.019531;39476.75;-73646.351562;-54477.996094;39293.617188;-73665.851562;-54326.207031;39293.539062;-73663.335938;-54478.183594;39439.171875;-73242.664062;-54319.277344;39439.09375;-73240.148438;-54471.253906;39255.960938;-73259.648438;-54319.464844;39255.882812;-73257.132812;-54471.441406;389;674;412;663;412;690;341;663;341;690;434;658;434;684;366;658;366;684
J0:19:19:49:342;Hatchback_Car_AI_C_11;211;39070.4375;-70569.757812;-54047.195312;-1;-1;720.613159;0.083922;-0.964873;-0.248953;39073.507812;-70602.84375;-53974.167969;204.0;92.0;76.0;39184.101562;-70810.492188;-53951.5625;39180.453125;-70772.820312;-54098.773438;39000.804688;-70826.539062;-53951.132812;38997.15625;-70788.867188;-54098.34375;39149.859375;-70416.820312;-53849.992188;39146.210938;-70379.148438;-53997.203125;38966.5625;-70432.867188;-53849.5625;38962.914062;-70395.195312;-53996.773438;-1;-1;-1;-1;-1;-1;-1;-1;-1;-1;-1;-1;-1;-1;-1;-1;-1;-1
