Time;ID;Cat;XPos;YPos;ZPos;2D_XPos;2D_YPos;Vel;XDir;YDir;ZDir;BBox_XPos;BBox_YPos;BBox_ZPos;BBox_Ext_X;BBox_Ext_Y;BBox_Ext_Z;Corner_XYZ_X;Corner_XYZ_Y;Corner_XYZ_Z;Corner_XY-Z_X;Corner_XY-Z_Y;Corner_XY-Z_Z;Corner_X-YZ_X;Corner_X-YZ_Y;Corner_X-YZ_Z;Corner_X-Y-Z_X;Corner_X-Y-Z_Y;Corner_X-Y-Z_Z;Corner_-XYZ_X;Corner_-XYZ_Y;Corner_-XYZ_Z;Corner_-XY-Z_X;Corner_-XY-Z_Y;Corner_-XY-Z_Z;Corner_-X-YZ_X;Corner_-X-YZ_Y;Corner_-X-YZ_Z;Corner_-X-Y-Z_X;Corner_-X-Y-Z_Y;Corner_-X-Y-Z_Z;BBox_2D_XPos;BBox_2D_YPos;Corner_2D_XYZ_X;Corner_2D_XYZ_Y;Corner_2D_XY-Z_X;Corner_2D_XY-Z_Y;Corner_2D_X-YZ_X;Corner_2D_X-YZ_Y;Corner_2D_X-Y-Z_X;Corner_2D_X-Y-Z_Y;Corner_2D_-XYZ_X;Corner_2D_-XYZ_Y;Corner_-2D_XY-Z_X;Corner_2D_-XY-Z_Y;Corner_2D_-X-YZ_X;Corner_2D_-X-YZ_Y;Corner_2D_-X-Y-Z_X;Corner_2D_-X-Y-Z_Y;
J0:19:19:26:549;Hatchback_Car_AI_C_7;211;39232.269531;-72189.015625;-54386.105469;182;668;689.542236;0.108689;-0.984967;-0.134265;39234.574219;-72213.390625;-54309.703125;204.0;92.0;76.0;39348.949219;-72414.46875;-54261.339844;39347.441406;-72394.109375;-54411.964844;39166.050781;-72434.53125;-54262.222656;39164.542969;-72414.171875;-54412.847656;39304.605469;-72012.609375;-54206.558594;39303.097656;-71992.25;-54357.183594;39121.707031;-72032.671875;-54207.441406;39120.199219;-72012.3125;-54358.066406;186;655;205;649;205;666;134;649;134;666;236;644;236;661;167;644;167;661
J0:19:19:26:549;Hatchback_Car_AI_C_11;211;38984.980469;-69311.34375;-53725.78125;-1;-1;673.103516;0.031586;-0.970685;-0.238273;38986.125;-69343.742188;-53652.390625;204.0;92.0;76.0;39085.195312;-69556.84375;-53627.289062;39083.84375;-69520.65625;-53774.914062;38901.296875;-69562.875;-53627.085938;38899.945312;-69526.6875;-53774.710938;39072.304688;-69160.796875;-53530.070312;39070.953125;-69124.609375;-53677.695312;38888.40625;-69166.828125;-53529.867188;38887.054688;-69130.640625;-53677.492188;-1;-1;-1;-1;-1;-1;-1;-1;-1;-1;-1;-1;-1;-1;-1;-1;-1;-1
J0:19:19:26:549;Hatchback_Car_AI_C_15;211;39360.800781;-65718.960938;-53289.753906;-1;-1;653.346436;-0.21824;-0.975625;-0.022985;39357.316406;-65734.382812;-53211.097656;204.0;92.0;76.0;39402.167969;-65955.195312;-53139.765625;39402.988281;-65951.804688;-53291.726562;39222.605469;-65915.023438;-53139.84375;39223.425781;-65911.632812;-53291.804688;39491.207031;-65557.132812;-53130.390625;39492.027344;-65553.742188;-53282.351562;39311.644531;-65516.96875;-53130.46875;39312.464844;-65513.570312;-53282.429688;-1;-1;-1;-1;-1;-1;-1;-1;-1;-1;-1;-1;-1;-1;-1;-1;-1;-1
