Time;ID;Cat;XPos;YPos;ZPos;2D_XPos;2D_YPos;Vel;XDir;YDir;ZDir;BBox_XPos;BBox_YPos;BBox_ZPos;BBox_Ext_X;BBox_Ext_Y;BBox_Ext_Z;Corner_XYZ_X;Corner_XYZ_Y;Corner_XYZ_Z;Corner_XY-Z_X;Corner_XY-Z_Y;Corner_XY-Z_Z;Corner_X-YZ_X;Corner_X-YZ_Y;Corner_X-YZ_Z;Corner_X-Y-Z_X;Corner_X-Y-Z_Y;Corner_X-Y-Z_Z;Corner_-XYZ_X;Corner_-XYZ_Y;Corner_-XYZ_Z;Corner_-XY-Z_X;Corner_-XY-Z_Y;Corner_-XY-Z_Z;Corner_-X-YZ_X;Corner_-X-YZ_Y;Corner_-X-YZ_Z;Corner_-X-Y-Z_X;Corner_-X-Y-Z_Y;Corner_-X-Y-Z_Z;BBox_2D_XPos;BBox_2D_YPos;Corner_2D_XYZ_X;Corner_2D_XYZ_Y;Corner_2D_XY-Z_X;Corner_2D_XY-Z_Y;Corner_2D_X-YZ_X;Corner_2D_X-YZ_Y;Corner_2D_X-Y-Z_X;Corner_2D_X-Y-Z_Y;Corner_2D_-XYZ_X;Corner_2D_-XYZ_Y;Corner_-2D_XY-Z_X;Corner_2D_-XY-Z_Y;Corner_2D_-X-YZ_X;Corner_2D_-X-YZ_Y;Corner_2D_-X-Y-Z_X;Corner_2D_-X-Y-Z_Y;
J0:19:17:31:232;Hatchback_Car_AI_C_3;211;38976.453125;-68971.296875;-53645.777344;-1;-1;661.828003;0.006013;-0.974577;-0.223974;38976.738281;-69002.632812;-53571.921875;204.0;92.0;76.0;39070.15625;-69217.875;-53543.648438;39069.765625;-69183.828125;-53691.789062;38886.164062;-69219.0625;-53543.4375;38885.773438;-69185.015625;-53691.578125;39067.703125;-68820.25;-53452.265625;39067.3125;-68786.203125;-53600.40625;38883.710938;-68821.4375;-53452.054688;38883.320312;-68787.390625;-53600.195312;-1;-1;-1;-1;-1;-1;-1;-1;-1;-1;-1;-1;-1;-1;-1;-1;-1;-1
J0:19:17:31:232;Hatchback_Car_AI_C_7;211;39351.992188;-65762.289062;-53290.730469;-1;-1;645.382568;-0.219613;-0.975251;-0.025581;39348.457031;-65777.914062;-53212.113281;204.0;92.0;76.0;39392.96875;-65998.96875;-53141.335938;39393.851562;-65995.1875;-53293.289062;39213.460938;-65958.546875;-53141.375;39214.34375;-65954.765625;-53293.328125;39482.570312;-65601.0625;-53130.898438;39483.453125;-65597.28125;-53282.851562;39303.0625;-65560.640625;-53130.9375;39303.945312;-65556.859375;-53282.890625;-1;-1;-1;-1;-1;-1;-1;-1;-1;-1;-1;-1;-1;-1;-1;-1;-1;-1
