Time;ID;Cat;XPos;YPos;ZPos;2D_XPos;2D_YPos;Vel;XDir;YDir;ZDir;BBox_XPos;BBox_YPos;BBox_ZPos;BBox_Ext_X;BBox_Ext_Y;BBox_Ext_Z;Corner_XYZ_X;Corner_XYZ_Y;Corner_XYZ_Z;Corner_XY-Z_X;Corner_XY-Z_Y;Corner_XY-Z_Z;Corner_X-YZ_X;Corner_X-YZ_Y;Corner_X-YZ_Z;Corner_X-Y-Z_X;Corner_X-Y-Z_Y;Corner_X-Y-Z_Z;Corner_-XYZ_X;Corner_-XYZ_Y;Corner_-XYZ_Z;Corner_-XY-Z_X;Corner_-XY-Z_Y;Corner_-XY-Z_Z;Corner_-X-YZ_X;Corner_-X-YZ_Y;Corner_-X-YZ_Z;Corner_-X-Y-Z_X;Corner_-X-Y-Z_Y;Corner_-X-Y-Z_Z;BBox_2D_XPos;BBox_2D_YPos;Corner_2D_XYZ_X;Corner_2D_XYZ_Y;Corner_2D_XY-Z_X;Corner_2D_XY-Z_Y;Corner_2D_X-YZ_X;Corner_2D_X-YZ_Y;Corner_2D_X-Y-Z_X;Corner_2D_X-Y-Z_Y;Corner_2D_-XYZ_X;Corner_2D_-XYZ_Y;Corner_-2D_XY-Z_X;Corner_2D_-XY-Z_Y;Corner_2D_-X-YZ_X;Corner_2D_-X-YZ_Y;Corner_2D_-X-Y-Z_X;Corner_2D_-X-Y-Z_Y;
J0:19:18:48:151;Hatchback_Car_AI_C_3;211;39353.878906;-73311.226562;-54475.007812;365;687;643.858398;0.093753;-0.99516;-0.029424;39355.25;-73327.484375;-54396.453125;204.0;92.0;76.0;39466.027344;-73524.117188;-54326.300781;39465.910156;-73519.632812;-54478.238281;39282.839844;-73541.367188;-54326.675781;39282.722656;-73536.882812;-54478.613281;39427.777344;-73118.085938;-54314.292969;39427.660156;-73113.601562;-54466.230469;39244.589844;-73135.335938;-54314.667969;39244.472656;-73130.851562;-54466.605469;367;673;391;663;391;688;319;663;319;688;414;658;414;682;345;658;345;682
J0:19:18:48:151;Hatchback_Car_AI_C_7;211;39028.726562;-70075.085938;-53919.144531;-1;-1;688.684326;0.068084;-0.965129;-0.252766;39031.261719;-70108.507812;-53846.25;204.0;92.0;76.0;39138.445312;-70318.015625;-53824.484375;39135.398438;-70279.71875;-53971.546875;38954.90625;-70331.0625;-53824.078125;38951.859375;-70292.765625;-53971.140625;39110.664062;-69924.25;-53721.359375;39107.617188;-69885.953125;-53868.421875;38927.125;-69937.296875;-53720.953125;38924.078125;-69899.0;-53868.015625;-1;-1;-1;-1;-1;-1;-1;-1;-1;-1;-1;-1;-1;-1;-1;-1;-1;-1
