Time;ID;Cat;XPos;YPos;ZPos;2D_XPos;2D_YPos;Vel;XDir;YDir;ZDir;BBox_XPos;BBox_YPos;BBox_ZPos;BBox_Ext_X;BBox_Ext_Y;BBox_Ext_Z;Corner_XYZ_X;Corner_XYZ_Y;Corner_XYZ_Z;Corner_XY-Z_X;Corner_XY-Z_Y;Corner_XY-Z_Z;Corner_X-YZ_X;Corner_X-YZ_Y;Corner_X-YZ_Z;Corner_X-Y-Z_X;Corner_X-Y-Z_Y;Corner_X-Y-Z_Z;Corner_-XYZ_X;Corner_-XYZ_Y;Corner_-XYZ_Z;Corner_-XY-Z_X;Corner_-XY-Z_Y;Corner_-XY-Z_Z;Corner_-X-YZ_X;Corner_-X-YZ_Y;Corner_-X-YZ_Z;Corner_-X-Y-Z_X;Corner_-X-Y-Z_Y;Corner_-X-Y-Z_Z;BBox_2D_XPos;BBox_2D_YPos;Corner_2D_XYZ_X;Corner_2D_XYZ_Y;Corner_2D_XY-Z_X;Corner_2D_XY-Z_Y;Corner_2D_X-YZ_X;Corner_2D_X-YZ_Y;Corner_2D_X-Y-Z_X;Corner_2D_X-Y-Z_Y;Corner_2D_-XYZ_X;Corner_2D_-XYZ_Y;Corner_-2D_XY-Z_X;Corner_2D_-XY-Z_Y;Corner_2D_-X-YZ_X;Corner_2D_-X-YZ_Y;Corner_2D_-X-Y-Z_X;Corner_2D_-X-Y-Z_Y;
J0:19:20:00:149;Hatchback_Car_AI_C_7;211;39407.101562;-74048.117188;-54472.089844;491;688;656.776794;0.054047;-0.998203;0.025899;39407.894531;-74060.039062;-54392.753906;204.0;92.0;76.0;39510.824219;-74256.726562;-54311.667969;39510.753906;-74260.679688;-54463.613281;39327.089844;-74266.664062;-54311.324219;39327.019531;-74270.617188;-54463.269531;39488.769531;-73849.460938;-54322.238281;39488.699219;-73853.414062;-54474.183594;39305.035156;-73859.398438;-54321.894531;39304.964844;-73863.351562;-54473.839844;494;674;521;661;521;691;448;661;448;691;537;657;537;685;468;657;468;685
J0:19:20:00:149;Hatchback_Car_AI_C_11;211;39126.253906;-71162.679688;-54194.847656;21;633;685.30072;0.095684;-0.967539;-0.23391;39129.546875;-71194.601562;-54121.3125;204.0;92.0;76.0;39242.496094;-71400.5625;-54095.292969;39238.738281;-71365.203125;-54243.074219;39059.394531;-71418.75;-54094.988281;39055.636719;-71383.390625;-54242.769531;39203.457031;-71005.8125;-53999.855469;39199.699219;-70970.453125;-54147.636719;39020.355469;-71024.0;-53999.550781;39016.597656;-70988.640625;-54147.332031;26;620;43;617;43;627;-1;-1;-1;-1;79;614;79;623;10;614;10;623
J0:19:20:00:149;Hatchback_Car_AI_C_15;211;39048.777344;-67560.515625;-53404.296875;-1;-1;674.54126;-0.113998;-0.986936;-0.113853;39046.136719;-67583.265625;-53327.40625;204.0;92.0;76.0;39113.269531;-67803.75;-53275.113281;39115.277344;-67786.5625;-53426.121094;38930.488281;-67782.640625;-53275.144531;38932.496094;-67765.453125;-53426.152344;39159.777344;-67401.078125;-53228.660156;39161.785156;-67383.890625;-53379.667969;38976.996094;-67379.96875;-53228.691406;38979.003906;-67362.78125;-53379.699219;-1;-1;-1;-1;-1;-1;-1;-1;-1;-1;-1;-1;-1;-1;-1;-1;-1;-1
