Time;ID;Cat;XPos;YPos;ZPos;2D_XPos;2D_YPos;Vel;XDir;YDir;ZDir;BBox_XPos;BBox_YPos;BBox_ZPos;BBox_Ext_X;BBox_Ext_Y;BBox_Ext_Z;Corner_XYZ_X;Corner_XYZ_Y;Corner_XYZ_Z;Corner_XY-Z_X;Corner_XY-Z_Y;Corner_XY-Z_Z;Corner_X-YZ_X;Corner_X-YZ_Y;Corner_X-YZ_Z;Corner_X-Y-Z_X;Corner_X-Y-Z_Y;Corner_X-Y-Z_Z;Corner_-XYZ_X;Corner_-XYZ_Y;Corner_-XYZ_Z;Corner_-XY-Z_X;Corner_-XY-Z_Y;Corner_-XY-Z_Z;Corner_-X-YZ_X;Corner_-X-YZ_Y;Corner_-X-YZ_Z;Corner_-X-Y-Z_X;Corner_-X-Y-Z_Y;Corner_-X-Y-Z_Z;BBox_2D_XPos;BBox_2D_YPos;Corner_2D_XYZ_X;Corner_2D_XYZ_Y;Corner_2D_XY-Z_X;Corner_2D_XY-Z_Y;Corner_2D_X-YZ_X;Corner_2D_X-YZ_Y;Corner_2D_X-Y-Z_X;Corner_2D_X-Y-Z_Y;Corner_2D_-XYZ_X;Corner_2D_-XYZ_Y;Corner_-2D_XY-Z_X;Corner_2D_-XY-Z_Y;Corner_2D_-X-YZ_X;Corner_2D_-X-YZ_Y;Corner_2D_-X-Y-Z_X;Corner_2D_-X-Y-Z_Y;
J0:19:18:10:147;Hatchback_Car_AI_C_3;211;39132.664062;-71224.9375;-54209.371094;31;636;692.983887;0.095714;-0.968369;-0.230436;39135.925781;-71256.601562;-54135.722656;204.0;92.0;76.0;39248.851562;-71462.476562;-54108.925781;39245.15625;-71427.648438;-54256.832031;39065.75;-71480.648438;-54108.628906;39062.054688;-71445.820312;-54256.535156;39209.796875;-71067.382812;-54014.910156;39206.101562;-71032.554688;-54162.816406;39026.695312;-71085.554688;-54014.613281;39023.0;-71050.726562;-54162.519531;36;623;53;620;53;629;-1;-1;-1;-1;88;617;88;626;19;617;19;626
J0:19:18:10:147;Hatchback_Car_AI_C_7;211;39010.867188;-67974.75;-53459.050781;-1;-1;616.446411;-0.077755;-0.986031;-0.147296;39008.816406;-68000.148438;-53382.976562;204.0;92.0;76.0;39083.742188;-68219.695312;-53337.796875;39085.59375;-68197.382812;-53488.140625;38900.3125;-68205.210938;-53337.90625;38902.164062;-68182.898438;-53488.25;39115.46875;-67817.398438;-53277.703125;39117.320312;-67795.085938;-53428.046875;38932.039062;-67802.914062;-53277.8125;38933.890625;-67780.601562;-53428.15625;-1;-1;-1;-1;-1;-1;-1;-1;-1;-1;-1;-1;-1;-1;-1;-1;-1;-1
