Time;ID;Cat;XPos;YPos;ZPos;2D_XPos;2D_YPos;Vel;XDir;YDir;ZDir;BBox_XPos;BBox_YPos;BBox_ZPos;BBox_Ext_X;BBox_Ext_Y;BBox_Ext_Z;Corner_XYZ_X;Corner_XYZ_Y;Corner_XYZ_Z;Corner_XY-Z_X;Corner_XY-Z_Y;Corner_XY-Z_Z;Corner_X-YZ_X;Corner_X-YZ_Y;Corner_X-YZ_Z;Corner_X-Y-Z_X;Corner_X-Y-Z_Y;Corner_X-Y-Z_Z;Corner_-XYZ_X;Corner_-XYZ_Y;Corner_-XYZ_Z;Corner_-XY-Z_X;Corner_-XY-Z_Y;Corner_-XY-Z_Z;Corner_-X-YZ_X;Corner_-X-YZ_Y;Corner_-X-YZ_Z;Corner_-X-Y-Z_X;Corner_-X-Y-Z_Y;Corner_-X-Y-Z_Z;BBox_2D_XPos;BBox_2D_YPos;Corner_2D_XYZ_X;Corner_2D_XYZ_Y;Corner_2D_XY-Z_X;Corner_2D_XY-Z_Y;Corner_2D_X-YZ_X;Corner_2D_X-YZ_Y;Corner_2D_X-Y-Z_X;Corner_2D_X-Y-Z_Y;Corner_2D_-XYZ_X;Corner_2D_-XYZ_Y;Corner_-2D_XY-Z_X;Corner_2D_-XY-Z_Y;Corner_2D_-X-YZ_X;Corner_2D_-X-YZ_Y;Corner_2D_-X-Y-Z_X;Corner_2D_-X-Y-Z_Y;
J0:19:17:28:040;Hatchback_Car_AI_C_3;211;38976.070312;-68792.140625;-53606.175781;-1;-1;700.076416;-0.009835;-0.977726;-0.209653;38975.835938;-68822.390625;-53531.867188;204.0;92.0;76.0;39065.734375;-69038.679688;-53500.40625;39065.914062;-69006.820312;-53649.03125;38881.742188;-69036.867188;-53500.242188;38881.921875;-69005.007812;-53648.867188;39069.75;-68639.773438;-53414.867188;39069.929688;-68607.914062;-53563.492188;38885.757812;-68637.960938;-53414.703125;38885.9375;-68606.101562;-53563.328125;-1;-1;-1;-1;-1;-1;-1;-1;-1;-1;-1;-1;-1;-1;-1;-1;-1;-1
J0:19:17:28:040;Hatchback_Car_AI_C_7;211;39391.761719;-65585.765625;-53286.585938;-1;-1;691.83374;-0.228266;-0.973446;-0.017231;39388.242188;-65600.71875;-53207.839844;204.0;92.0;76.0;39430.933594;-65821.578125;-53135.351562;39431.558594;-65819.03125;-53287.328125;39251.792969;-65779.578125;-53135.382812;39252.417969;-65777.03125;-53287.359375;39524.066406;-65424.414062;-53128.320312;39524.691406;-65421.867188;-53280.296875;39344.925781;-65382.40625;-53128.351562;39345.550781;-65379.859375;-53280.328125;-1;-1;-1;-1;-1;-1;-1;-1;-1;-1;-1;-1;-1;-1;-1;-1;-1;-1
