Time;ID;Cat;XPos;YPos;ZPos;2D_XPos;2D_YPos;Vel;XDir;YDir;ZDir;BBox_XPos;BBox_YPos;BBox_ZPos;BBox_Ext_X;BBox_Ext_Y;BBox_Ext_Z;Corner_XYZ_X;Corner_XYZ_Y;Corner_XYZ_Z;Corner_XY-Z_X;Corner_XY-Z_Y;Corner_XY-Z_Z;Corner_X-YZ_X;Corner_X-YZ_Y;Corner_X-YZ_Z;Corner_X-Y-Z_X;Corner_X-Y-Z_Y;Corner_X-Y-Z_Z;Corner_-XYZ_X;Corner_-XYZ_Y;Corner_-XYZ_Z;Corner_-XY-Z_X;Corner_-XY-Z_Y;Corner_-XY-Z_Z;Corner_-X-YZ_X;Corner_-X-YZ_Y;Corner_-X-YZ_Z;Corner_-X-Y-Z_X;Corner_-X-Y-Z_Y;Corner_-X-Y-Z_Z;BBox_2D_XPos;BBox_2D_YPos;Corner_2D_XYZ_X;Corner_2D_XYZ_Y;Corner_2D_XY-Z_X;Corner_2D_XY-Z_Y;Corner_2D_X-YZ_X;Corner_2D_X-YZ_Y;Corner_2D_X-Y-Z_X;Corner_2D_X-Y-Z_Y;Corner_2D_-XYZ_X;Corner_2D_-XYZ_Y;Corner_-2D_XY-Z_X;Corner_2D_-XY-Z_Y;Corner_2D_-X-YZ_X;Corner_2D_-X-YZ_Y;Corner_2D_-X-Y-Z_X;Corner_2D_-X-Y-Z_Y;
J0:19:21:04:944;Hatchback_Car_AI_C_15;211;39125.144531;-71163.703125;-54195.042969;21;633;706.298218;0.095232;-0.967623;-0.233745;39128.429688;-71195.609375;-54121.503906;204.0;92.0;76.0;39241.289062;-71401.625;-54095.457031;39237.53125;-71366.296875;-54243.246094;39058.179688;-71419.71875;-54095.128906;39054.421875;-71384.390625;-54242.917969;39202.4375;-71006.828125;-54000.089844;39198.679688;-70971.5;-54147.878906;39019.328125;-71024.921875;-53999.761719;39015.570312;-70989.59375;-54147.550781;26;620;43;618;43;627;-1;-1;-1;-1;79;614;79;623;10;614;10;623
J0:19:21:04:944;Hatchback_Car_AI_C_19;211;39008.828125;-68020.375;-53465.761719;-1;-1;664.792603;-0.080376;-0.985467;-0.149651;39006.753906;-68045.953125;-53389.746094;204.0;92.0;76.0;39081.136719;-68265.804688;-53345.144531;39082.964844;-68243.132812;-53495.433594;38897.746094;-68250.851562;-53345.113281;38899.574219;-68228.179688;-53495.402344;39113.933594;-67863.726562;-53284.089844;39115.761719;-67841.054688;-53434.378906;38930.542969;-67848.773438;-53284.058594;38932.371094;-67826.101562;-53434.347656;-1;-1;-1;-1;-1;-1;-1;-1;-1;-1;-1;-1;-1;-1;-1;-1;-1;-1
