Time;ID;Cat;XPos;YPos;ZPos;2D_XPos;2D_YPos;Vel;XDir;YDir;ZDir;BBox_XPos;BBox_YPos;BBox_ZPos;BBox_Ext_X;BBox_Ext_Y;BBox_Ext_Z;Corner_XYZ_X;Corner_XYZ_Y;Corner_XYZ_Z;Corner_XY-Z_X;Corner_XY-Z_Y;Corner_XY-Z_Z;Corner_X-YZ_X;Corner_X-YZ_Y;Corner_X-YZ_Z;Corner_X-Y-Z_X;Corner_X-Y-Z_Y;Corner_X-Y-Z_Z;Corner_-XYZ_X;Corner_-XYZ_Y;Corner_-XYZ_Z;Corner_-XY-Z_X;Corner_-XY-Z_Y;Corner_-XY-Z_Z;Corner_-X-YZ_X;Corner_-X-YZ_Y;Corner_-X-YZ_Z;Corner_-X-Y-Z_X;Corner_-X-Y-Z_Y;Corner_-X-Y-Z_Z;BBox_2D_XPos;BBox_2D_YPos;Corner_2D_XYZ_X;Corner_2D_XYZ_Y;Corner_2D_XY-Z_X;Corner_2D_XY-Z_Y;Corner_2D_X-YZ_X;Corner_2D_X-YZ_Y;Corner_2D_X-Y-Z_X;Corner_2D_X-Y-Z_Y;Corner_2D_-XYZ_X;Corner_2D_-XYZ_Y;Corner_-2D_XY-Z_X;Corner_2D_-XY-Z_Y;Corner_2D_-X-YZ_X;Corner_2D_-X-YZ_Y;Corner_2D_-X-Y-Z_X;Corner_2D_-X-Y-Z_Y;
J0:19:19:32:945;Hatchback_Car_AI_C_7;211;39272.527344;-72546.679688;-54427.683594;239;676;651.066406;0.113074;-0.988321;-0.102156;39274.570312;-72568.585938;-54350.527344;204.0;92.0;76.0;39389.488281;-72767.5625;-54295.230469;39388.605469;-72752.03125;-54446.433594;39206.667969;-72788.375;-54296.300781;39205.785156;-72772.84375;-54447.503906;39343.355469;-72364.328125;-54253.550781;39342.472656;-72348.796875;-54404.753906;39160.535156;-72385.140625;-54254.621094;39159.652344;-72369.609375;-54405.824219;243;663;263;656;263;675;192;656;192;675;292;651;292;670;223;651;223;670
J0:19:19:32:945;Hatchback_Car_AI_C_11;211;39001.683594;-69669.554688;-53814.777344;-1;-1;698.724976;0.053579;-0.967365;-0.247659;39003.589844;-69702.625;-53741.707031;204.0;92.0;76.0;39107.488281;-69913.648438;-53718.679688;39105.269531;-69876.070312;-53865.945312;38923.769531;-69923.867188;-53718.515625;38921.550781;-69886.289062;-53865.78125;39085.628906;-69518.960938;-53617.632812;39083.410156;-69481.382812;-53764.898438;38901.910156;-69529.179688;-53617.46875;38899.691406;-69491.601562;-53764.734375;-1;-1;-1;-1;-1;-1;-1;-1;-1;-1;-1;-1;-1;-1;-1;-1;-1;-1
J0:19:19:32:945;Hatchback_Car_AI_C_15;211;39287.777344;-66065.21875;-53299.871094;-1;-1;660.157471;-0.201679;-0.978853;-0.034233;39284.398438;-66081.570312;-53221.398438;204.0;92.0;76.0;39332.824219;-66302.367188;-53152.414062;39333.894531;-66297.273438;-53304.328125;39152.613281;-66265.242188;-53152.4375;39153.683594;-66260.148438;-53304.351562;39415.113281;-65902.992188;-53138.445312;39416.183594;-65897.898438;-53290.359375;39234.902344;-65865.867188;-53138.46875;39235.972656;-65860.773438;-53290.382812;-1;-1;-1;-1;-1;-1;-1;-1;-1;-1;-1;-1;-1;-1;-1;-1;-1;-1
