Time;ID;Cat;XPos;YPos;ZPos;2D_XPos;2D_YPos;Vel;XDir;YDir;ZDir;BBox_XPos;BBox_YPos;BBox_ZPos;BBox_Ext_X;BBox_Ext_Y;BBox_Ext_Z;Corner_XYZ_X;Corner_XYZ_Y;Corner_XYZ_Z;Corner_XY-Z_X;Corner_XY-Z_Y;Corner_XY-Z_Z;Corner_X-YZ_X;Corner_X-YZ_Y;Corner_X-YZ_Z;Corner_X-Y-Z_X;Corner_X-Y-Z_Y;Corner_X-Y-Z_Z;Corner_-XYZ_X;Corner_-XYZ_Y;Corner_-XYZ_Z;Corner_-XY-Z_X;Corner_-XY-Z_Y;Corner_-XY-Z_Z;Corner_-X-YZ_X;Corner_-X-YZ_Y;Corner_-X-YZ_Z;Corner_-X-Y-Z_X;Corner_-X-Y-Z_Y;Corner_-X-Y-Z_Z;BBox_2D_XPos;BBox_2D_YPos;Corner_2D_XYZ_X;Corner_2D_XYZ_Y;Corner_2D_XY-Z_X;Corner_2D_XY-Z_Y;Corner_2D_X-YZ_X;Corner_2D_X-YZ_Y;Corner_2D_X-Y-Z_X;Corner_2D_X-Y-Z_Y;Corner_2D_-XYZ_X;Corner_2D_-XYZ_Y;Corner_-2D_XY-Z_X;Corner_2D_-XY-Z_Y;Corner_2D_-X-YZ_X;Corner_2D_-X-YZ_Y;Corner_2D_-X-Y-Z_X;Corner_2D_-X-Y-Z_Y;
J0:19:19:54:146;Hatchback_Car_AI_C_7;211;39386.699219;-73710.359375;-54478.429688;433;688;693.225037;0.078055;-0.996924;0.007071;39387.800781;-73723.757812;-54399.332031;204.0;92.0;76.0;39495.449219;-73919.414062;-54321.949219;39495.433594;-73920.492188;-54473.949219;39312.011719;-73933.773438;-54321.832031;39311.996094;-73934.851562;-54473.832031;39463.605469;-73512.664062;-54324.832031;39463.589844;-73513.742188;-54476.832031;39280.167969;-73527.023438;-54324.714844;39280.152344;-73528.101562;-54476.714844;435;674;460;663;460;691;388;663;388;691;480;658;480;685;411;658;411;685
J0:19:19:54:146;Hatchback_Car_AI_C_11;211;39095.039062;-70837.601562;-54115.171875;-1;-1;684.811096;0.089262;-0.9653;-0.245416;39098.269531;-70870.40625;-54042.023438;204.0;92.0;76.0;39209.992188;-71077.359375;-54018.636719;39206.179688;-71040.25;-54165.988281;39026.78125;-71094.40625;-54018.191406;39022.96875;-71057.296875;-54165.542969;39173.570312;-70683.515625;-53918.503906;39169.757812;-70646.40625;-54065.855469;38990.359375;-70700.5625;-53918.058594;38986.546875;-70663.453125;-54065.410156;-1;-1;-1;-1;-1;-1;-1;-1;-1;-1;30;601;30;609;-1;-1;-1;-1
