Time;ID;Cat;XPos;YPos;ZPos;2D_XPos;2D_YPos;Vel;XDir;YDir;ZDir;BBox_XPos;BBox_YPos;BBox_ZPos;BBox_Ext_X;BBox_Ext_Y;BBox_Ext_Z;Corner_XYZ_X;Corner_XYZ_Y;Corner_XYZ_Z;Corner_XY-Z_X;Corner_XY-Z_Y;Corner_XY-Z_Z;Corner_X-YZ_X;Corner_X-YZ_Y;Corner_X-YZ_Z;Corner_X-Y-Z_X;Corner_X-Y-Z_Y;Corner_X-Y-Z_Z;Corner_-XYZ_X;Corner_-XYZ_Y;Corner_-XYZ_Z;Corner_-XY-Z_X;Corner_-XY-Z_Y;Corner_-XY-Z_Z;Corner_-X-YZ_X;Corner_-X-YZ_Y;Corner_-X-YZ_Z;Corner_-X-Y-Z_X;Corner_-X-Y-Z_Y;Corner_-X-Y-Z_Z;BBox_2D_XPos;BBox_2D_YPos;Corner_2D_XYZ_X;Corner_2D_XYZ_Y;Corner_2D_XY-Z_X;Corner_2D_XY-Z_Y;Corner_2D_X-YZ_X;Corner_2D_X-YZ_Y;Corner_2D_X-Y-Z_X;Corner_2D_X-Y-Z_Y;Corner_2D_-XYZ_X;Corner_2D_-XYZ_Y;Corner_-2D_XY-Z_X;Corner_2D_-XY-Z_Y;Corner_2D_-X-YZ_X;Corner_2D_-X-YZ_Y;Corner_2D_-X-Y-Z_X;Corner_2D_-X-Y-Z_Y;
J0:19:18:02:145;Hatchback_Car_AI_C_3;211;39089.539062;-70779.851562;-54100.710938;-1;-1;727.226013;0.091475;-0.965044;-0.245607;39092.78125;-70812.664062;-54027.570312;204.0;92.0;76.0;39204.914062;-71019.382812;-54004.152344;39201.140625;-70982.242188;-54151.496094;39021.742188;-71036.820312;-54003.855469;39017.96875;-70999.679688;-54151.199219;39167.59375;-70625.648438;-53903.941406;39163.820312;-70588.507812;-54051.285156;38984.421875;-70643.085938;-53903.644531;38980.648438;-70605.945312;-54050.988281;-1;-1;-1;-1;-1;-1;-1;-1;-1;-1;21;599;21;607;-1;-1;-1;-1
J0:19:18:02:145;Hatchback_Car_AI_C_7;211;39051.148438;-67537.6875;-53401.683594;-1;-1;663.310913;-0.113215;-0.986983;-0.114227;39048.496094;-67560.46875;-53324.800781;204.0;92.0;76.0;39115.769531;-67780.921875;-53272.554688;39117.824219;-67763.6875;-53423.5625;38932.972656;-67759.9375;-53272.640625;38935.027344;-67742.703125;-53423.648438;39161.964844;-67378.234375;-53225.953125;39164.019531;-67361.0;-53376.960938;38979.167969;-67357.25;-53226.039062;38981.222656;-67340.015625;-53377.046875;-1;-1;-1;-1;-1;-1;-1;-1;-1;-1;-1;-1;-1;-1;-1;-1;-1;-1
