Time;ID;Cat;XPos;YPos;ZPos;2D_XPos;2D_YPos;Vel;XDir;YDir;ZDir;BBox_XPos;BBox_YPos;BBox_ZPos;BBox_Ext_X;BBox_Ext_Y;BBox_Ext_Z;Corner_XYZ_X;Corner_XYZ_Y;Corner_XYZ_Z;Corner_XY-Z_X;Corner_XY-Z_Y;Corner_XY-Z_Z;Corner_X-YZ_X;Corner_X-YZ_Y;Corner_X-YZ_Z;Corner_X-Y-Z_X;Corner_X-Y-Z_Y;Corner_X-Y-Z_Z;Corner_-XYZ_X;Corner_-XYZ_Y;Corner_-XYZ_Z;Corner_-XY-Z_X;Corner_-XY-Z_Y;Corner_-XY-Z_Z;Corner_-X-YZ_X;Corner_-X-YZ_Y;Corner_-X-YZ_Z;Corner_-X-Y-Z_X;Corner_-X-Y-Z_Y;Corner_-X-Y-Z_Z;BBox_2D_XPos;BBox_2D_YPos;Corner_2D_XYZ_X;Corner_2D_XYZ_Y;Corner_2D_XY-Z_X;Corner_2D_XY-Z_Y;Corner_2D_X-YZ_X;Corner_2D_X-YZ_Y;Corner_2D_X-Y-Z_X;Corner_2D_X-Y-Z_Y;Corner_2D_-XYZ_X;Corner_2D_-XYZ_Y;Corner_-2D_XY-Z_X;Corner_2D_-XY-Z_Y;Corner_2D_-X-YZ_X;Corner_2D_-X-YZ_Y;Corner_2D_-X-Y-Z_X;Corner_2D_-X-Y-Z_Y;
J0:19:18:10:946;Hatchback_Car_AI_C_3;211;39137.054688;-71268.671875;-54219.503906;37;637;669.423279;0.095783;-0.96893;-0.228035;39140.292969;-71300.148438;-54145.777344;204.0;92.0;76.0;39253.207031;-71505.960938;-54118.441406;39249.558594;-71471.492188;-54266.433594;39070.105469;-71524.132812;-54118.160156;39066.457031;-71489.664062;-54266.152344;39214.128906;-71110.632812;-54025.402344;39210.480469;-71076.164062;-54173.394531;39031.027344;-71128.804688;-54025.121094;39027.378906;-71094.335938;-54173.113281;42;625;60;622;60;631;-1;-1;-1;-1;95;618;95;628;26;618;26;628
J0:19:18:10:946;Hatchback_Car_AI_C_7;211;39007.90625;-68016.125;-53465.207031;-1;-1;623.592041;-0.074586;-0.985859;-0.150061;39005.921875;-68041.742188;-53389.203125;204.0;92.0;76.0;39081.539062;-68261.171875;-53344.621094;39083.351562;-68238.4375;-53494.902344;38898.0625;-68247.28125;-53344.730469;38899.875;-68224.546875;-53495.011719;39111.96875;-67858.9375;-53283.394531;39113.78125;-67836.203125;-53433.675781;38928.492188;-67845.046875;-53283.503906;38930.304688;-67822.3125;-53433.785156;-1;-1;-1;-1;-1;-1;-1;-1;-1;-1;-1;-1;-1;-1;-1;-1;-1;-1
