Time;ID;Cat;XPos;YPos;ZPos;2D_XPos;2D_YPos;Vel;XDir;YDir;ZDir;BBox_XPos;BBox_YPos;BBox_ZPos;BBox_Ext_X;BBox_Ext_Y;BBox_Ext_Z;Corner_XYZ_X;Corner_XYZ_Y;Corner_XYZ_Z;Corner_XY-Z_X;Corner_XY-Z_Y;Corner_XY-Z_Z;Corner_X-YZ_X;Corner_X-YZ_Y;Corner_X-YZ_Z;Corner_X-Y-Z_X;Corner_X-Y-Z_Y;Corner_X-Y-Z_Z;Corner_-XYZ_X;Corner_-XYZ_Y;Corner_-XYZ_Z;Corner_-XY-Z_X;Corner_-XY-Z_Y;Corner_-XY-Z_Z;Corner_-X-YZ_X;Corner_-X-YZ_Y;Corner_-X-YZ_Z;Corner_-X-Y-Z_X;Corner_-X-Y-Z_Y;Corner_-X-Y-Z_Z;BBox_2D_XPos;BBox_2D_YPos;Corner_2D_XYZ_X;Corner_2D_XYZ_Y;Corner_2D_XY-Z_X;Corner_2D_XY-Z_Y;Corner_2D_X-YZ_X;Corner_2D_X-YZ_Y;Corner_2D_X-Y-Z_X;Corner_2D_X-Y-Z_Y;Corner_2D_-XYZ_X;Corner_2D_-XYZ_Y;Corner_-2D_XY-Z_X;Corner_2D_-XY-Z_Y;Corner_2D_-X-YZ_X;Corner_2D_-X-YZ_Y;Corner_2D_-X-Y-Z_X;Corner_2D_-X-Y-Z_Y;
J0:19:20:10:550;Hatchback_Car_AI_C_11;211;39185.433594;-71746.953125;-54317.097656;112;655;732.436218;0.102066;-0.978764;-0.177775;39188.160156;-71774.640625;-54241.84375;204.0;92.0;76.0;39301.734375;-71978.25;-54203.136719;39299.242188;-71951.34375;-54352.714844;39118.71875;-71997.265625;-54203.503906;39116.226562;-71970.359375;-54353.082031;39260.09375;-71578.921875;-54130.605469;39257.601562;-71552.015625;-54280.183594;39077.078125;-71597.9375;-54130.972656;39074.585938;-71571.03125;-54280.550781;117;642;135;637;135;651;63;637;63;651;168;633;168;647;99;633;99;647
J0:19:20:10:550;Hatchback_Car_AI_C_15;211;38998.699219;-68136.109375;-53483.636719;-1;-1;671.765442;-0.066629;-0.985258;-0.157569;38996.90625;-68162.320312;-53407.828125;204.0;92.0;76.0;39074.277344;-68381.46875;-53364.902344;39075.925781;-68357.578125;-53515.003906;38890.699219;-68369.046875;-53364.941406;38892.347656;-68345.15625;-53515.042969;39101.464844;-67979.484375;-53300.613281;39103.113281;-67955.59375;-53450.714844;38917.886719;-67967.0625;-53300.652344;38919.535156;-67943.171875;-53450.753906;-1;-1;-1;-1;-1;-1;-1;-1;-1;-1;-1;-1;-1;-1;-1;-1;-1;-1
