Time;ID;Cat;XPos;YPos;ZPos;2D_XPos;2D_YPos;Vel;XDir;YDir;ZDir;BBox_XPos;BBox_YPos;BBox_ZPos;BBox_Ext_X;BBox_Ext_Y;BBox_Ext_Z;Corner_XYZ_X;Corner_XYZ_Y;Corner_XYZ_Z;Corner_XY-Z_X;Corner_XY-Z_Y;Corner_XY-Z_Z;Corner_X-YZ_X;Corner_X-YZ_Y;Corner_X-YZ_Z;Corner_X-Y-Z_X;Corner_X-Y-Z_Y;Corner_X-Y-Z_Z;Corner_-XYZ_X;Corner_-XYZ_Y;Corner_-XYZ_Z;Corner_-XY-Z_X;Corner_-XY-Z_Y;Corner_-XY-Z_Z;Corner_-X-YZ_X;Corner_-X-YZ_Y;Corner_-X-YZ_Z;Corner_-X-Y-Z_X;Corner_-X-Y-Z_Y;Corner_-X-Y-Z_Z;BBox_2D_XPos;BBox_2D_YPos;Corner_2D_XYZ_X;Corner_2D_XYZ_Y;Corner_2D_XY-Z_X;Corner_2D_XY-Z_Y;Corner_2D_X-YZ_X;Corner_2D_X-YZ_Y;Corner_2D_X-Y-Z_X;Corner_2D_X-Y-Z_Y;Corner_2D_-XYZ_X;Corner_2D_-XYZ_Y;Corner_-2D_XY-Z_X;Corner_2D_-XY-Z_Y;Corner_2D_-X-YZ_X;Corner_2D_-X-YZ_Y;Corner_2D_-X-Y-Z_X;Corner_2D_-X-Y-Z_Y;
J0:19:19:48:549;Hatchback_Car_AI_C_7;211;39361.097656;-73392.953125;-54476.746094;378;687;660.270386;0.094612;-0.995307;-0.020336;39362.464844;-73408.5;-54398.046875;204.0;92.0;76.0;39473.394531;-73604.382812;-54326.082031;39473.308594;-73601.289062;-54478.050781;39290.222656;-73621.789062;-54326.339844;39290.136719;-73618.695312;-54478.308594;39434.792969;-73198.304688;-54317.785156;39434.707031;-73195.210938;-54469.753906;39251.621094;-73215.710938;-54318.042969;39251.535156;-73212.617188;-54470.011719;381;673;405;663;405;689;333;663;333;689;427;658;427;683;359;658;359;683
J0:19:19:48:549;Hatchback_Car_AI_C_11;211;39066.390625;-70524.164062;-54035.511719;-1;-1;704.490845;0.08301;-0.964676;-0.250019;39069.429688;-70557.335938;-53962.519531;204.0;92.0;76.0;39179.824219;-70765.109375;-53940.144531;39176.214844;-70727.28125;-54087.316406;38996.511719;-70780.984375;-53939.730469;38992.902344;-70743.15625;-54086.902344;39145.957031;-70371.515625;-53838.136719;39142.347656;-70333.6875;-53985.308594;38962.644531;-70387.390625;-53837.722656;38959.035156;-70349.5625;-53984.894531;-1;-1;-1;-1;-1;-1;-1;-1;-1;-1;-1;-1;-1;-1;-1;-1;-1;-1
