Time;ID;Cat;XPos;YPos;ZPos;2D_XPos;2D_YPos;Vel;XDir;YDir;ZDir;BBox_XPos;BBox_YPos;BBox_ZPos;BBox_Ext_X;BBox_Ext_Y;BBox_Ext_Z;Corner_XYZ_X;Corner_XYZ_Y;Corner_XYZ_Z;Corner_XY-Z_X;Corner_XY-Z_Y;Corner_XY-Z_Z;Corner_X-YZ_X;Corner_X-YZ_Y;Corner_X-YZ_Z;Corner_X-Y-Z_X;Corner_X-Y-Z_Y;Corner_X-Y-Z_Z;Corner_-XYZ_X;Corner_-XYZ_Y;Corner_-XYZ_Z;Corner_-XY-Z_X;Corner_-XY-Z_Y;Corner_-XY-Z_Z;Corner_-X-YZ_X;Corner_-X-YZ_Y;Corner_-X-YZ_Z;Corner_-X-Y-Z_X;Corner_-X-Y-Z_Y;Corner_-X-Y-Z_Z;BBox_2D_XPos;BBox_2D_YPos;Corner_2D_XYZ_X;Corner_2D_XYZ_Y;Corner_2D_XY-Z_X;Corner_2D_XY-Z_Y;Corner_2D_X-YZ_X;Corner_2D_X-YZ_Y;Corner_2D_X-Y-Z_X;Corner_2D_X-Y-Z_Y;Corner_2D_-XYZ_X;Corner_2D_-XYZ_Y;Corner_-2D_XY-Z_X;Corner_2D_-XY-Z_Y;Corner_2D_-X-YZ_X;Corner_2D_-X-YZ_Y;Corner_2D_-X-Y-Z_X;Corner_2D_-X-Y-Z_Y;
J0:19:19:07:340;Hatchback_Car_AI_C_7;211;39121.074219;-71129.5;-54186.890625;16;631;659.84552;0.094512;-0.966882;-0.23708;39124.359375;-71161.664062;-54113.460938;204.0;92.0;76.0;39237.085938;-71367.835938;-54088.152344;39233.3125;-71331.992188;-54235.816406;39053.96875;-71385.820312;-54087.832031;39050.195312;-71349.976562;-54235.496094;39198.523438;-70973.351562;-53991.425781;39194.75;-70937.507812;-54139.089844;39015.40625;-70991.335938;-53991.105469;39011.632812;-70955.492188;-54138.769531;21;619;38;616;38;625;-1;-1;-1;-1;74;613;74;622;5;613;5;622
J0:19:19:07:340;Hatchback_Car_AI_C_11;211;38992.769531;-68228.1875;-53498.8125;-1;-1;661.542053;-0.058269;-0.984509;-0.165372;38991.15625;-68255.007812;-53423.214844;204.0;92.0;76.0;39070.339844;-68473.828125;-53381.964844;39071.878906;-68448.734375;-53531.871094;38886.660156;-68462.953125;-53382.027344;38888.199219;-68437.859375;-53531.933594;39094.113281;-68072.15625;-53314.496094;39095.652344;-68047.0625;-53464.402344;38910.433594;-68061.28125;-53314.558594;38911.972656;-68036.1875;-53464.464844;-1;-1;-1;-1;-1;-1;-1;-1;-1;-1;-1;-1;-1;-1;-1;-1;-1;-1
