Time;ID;Cat;XPos;YPos;ZPos;2D_XPos;2D_YPos;Vel;XDir;YDir;ZDir;BBox_XPos;BBox_YPos;BBox_ZPos;BBox_Ext_X;BBox_Ext_Y;BBox_Ext_Z;Corner_XYZ_X;Corner_XYZ_Y;Corner_XYZ_Z;Corner_XY-Z_X;Corner_XY-Z_Y;Corner_XY-Z_Z;Corner_X-YZ_X;Corner_X-YZ_Y;Corner_X-YZ_Z;Corner_X-Y-Z_X;Corner_X-Y-Z_Y;Corner_X-Y-Z_Z;Corner_-XYZ_X;Corner_-XYZ_Y;Corner_-XYZ_Z;Corner_-XY-Z_X;Corner_-XY-Z_Y;Corner_-XY-Z_Z;Corner_-X-YZ_X;Corner_-X-YZ_Y;Corner_-X-YZ_Z;Corner_-X-Y-Z_X;Corner_-X-Y-Z_Y;Corner_-X-Y-Z_Z;BBox_2D_XPos;BBox_2D_YPos;Corner_2D_XYZ_X;Corner_2D_XYZ_Y;Corner_2D_XY-Z_X;Corner_2D_XY-Z_Y;Corner_2D_X-YZ_X;Corner_2D_X-YZ_Y;Corner_2D_X-Y-Z_X;Corner_2D_X-Y-Z_Y;Corner_2D_-XYZ_X;Corner_2D_-XYZ_Y;Corner_-2D_XY-Z_X;Corner_2D_-XY-Z_Y;Corner_2D_-X-YZ_X;Corner_2D_-X-YZ_Y;Corner_2D_-X-Y-Z_X;Corner_2D_-X-Y-Z_Y;
J0:19:21:02:146;Hatchback_Car_AI_C_3;211;39259.984375;-78722.15625;-54425.023438;1323;676;750.335083;-0.023615;-0.999719;-0.001857;39259.640625;-78736.296875;-54346.050781;204.0;92.0;76.0;39346.785156;-78942.554688;-54270.417969;39346.808594;-78942.273438;-54422.417969;39162.839844;-78938.210938;-54270.441406;39162.863281;-78937.929688;-54422.441406;39356.417969;-78534.664062;-54269.660156;39356.441406;-78534.382812;-54421.660156;39172.472656;-78530.320312;-54269.683594;39172.496094;-78530.039062;-54421.683594;1326;662;1369;650;1369;677;1295;650;1295;677;1356;647;1356;673;1285;647;1285;673
J0:19:21:02:146;Hatchback_Car_AI_C_15;211;39109.964844;-71008.351562;-54157.335938;-1;-1;707.432983;0.091685;-0.966639;-0.239171;39113.226562;-71040.679688;-54083.976562;204.0;92.0;76.0;39225.414062;-71247.210938;-54059.195312;39221.609375;-71211.054688;-54206.78125;39042.25;-71264.695312;-54058.75;39038.445312;-71228.539062;-54206.335938;39188.007812;-70852.820312;-53961.617188;39184.203125;-70816.664062;-54109.203125;39004.84375;-70870.304688;-53961.171875;39001.039062;-70834.148438;-54108.757812;2;614;19;611;19;620;-1;-1;-1;-1;56;608;56;616;-1;-1;-1;-1
J0:19:21:02:146;Hatchback_Car_AI_C_19;211;39021.746094;-67865.054688;-53442.988281;-1;-1;717.819458;-0.095517;-0.98617;-0.13544;39019.433594;-67889.515625;-53366.613281;204.0;92.0;76.0;39090.585938;-68109.804688;-53319.007812;39092.460938;-68089.304688;-53469.609375;38907.4375;-68092.085938;-53318.875;38909.3125;-68071.585938;-53469.476562;39129.554688;-67707.445312;-53263.75;39131.429688;-67686.945312;-53414.351562;38946.40625;-67689.726562;-53263.617188;38948.28125;-67669.226562;-53414.21875;-1;-1;-1;-1;-1;-1;-1;-1;-1;-1;-1;-1;-1;-1;-1;-1;-1;-1
