Time;ID;Cat;XPos;YPos;ZPos;2D_XPos;2D_YPos;Vel;XDir;YDir;ZDir;BBox_XPos;BBox_YPos;BBox_ZPos;BBox_Ext_X;BBox_Ext_Y;BBox_Ext_Z;Corner_XYZ_X;Corner_XYZ_Y;Corner_XYZ_Z;Corner_XY-Z_X;Corner_XY-Z_Y;Corner_XY-Z_Z;Corner_X-YZ_X;Corner_X-YZ_Y;Corner_X-YZ_Z;Corner_X-Y-Z_X;Corner_X-Y-Z_Y;Corner_X-Y-Z_Z;Corner_-XYZ_X;Corner_-XYZ_Y;Corner_-XYZ_Z;Corner_-XY-Z_X;Corner_-XY-Z_Y;Corner_-XY-Z_Z;Corner_-X-YZ_X;Corner_-X-YZ_Y;Corner_-X-YZ_Z;Corner_-X-Y-Z_X;Corner_-X-Y-Z_Y;Corner_-X-Y-Z_Z;BBox_2D_XPos;BBox_2D_YPos;Corner_2D_XYZ_X;Corner_2D_XYZ_Y;Corner_2D_XY-Z_X;Corner_2D_XY-Z_Y;Corner_2D_X-YZ_X;Corner_2D_X-YZ_Y;Corner_2D_X-Y-Z_X;Corner_2D_X-Y-Z_Y;Corner_2D_-XYZ_X;Corner_2D_-XYZ_Y;Corner_-2D_XY-Z_X;Corner_2D_-XY-Z_Y;Corner_2D_-X-YZ_X;Corner_2D_-X-YZ_Y;Corner_2D_-X-Y-Z_X;Corner_2D_-X-Y-Z_Y;
J0:19:18:02:944;Hatchback_Car_AI_C_3;211;39093.984375;-70825.96875;-54112.226562;-1;-1;710.294678;0.091413;-0.96514;-0.245252;39097.230469;-70858.757812;-54039.074219;204.0;92.0;76.0;39209.355469;-71065.484375;-54015.582031;39205.574219;-71028.390625;-54162.941406;39026.183594;-71082.90625;-54015.269531;39022.402344;-71045.8125;-54162.628906;39172.058594;-70671.703125;-53915.519531;39168.277344;-70634.609375;-54062.878906;38988.886719;-70689.125;-53915.207031;38985.105469;-70652.03125;-54062.566406;-1;-1;-1;-1;-1;-1;-1;-1;-1;-1;28;601;28;609;-1;-1;-1;-1
J0:19:18:02:944;Hatchback_Car_AI_C_7;211;39046.515625;-67580.1875;-53406.722656;-1;-1;642.974182;-0.109129;-0.986989;-0.118082;39043.917969;-67603.273438;-53329.929688;204.0;92.0;76.0;39112.070312;-67823.648438;-53278.5;39114.125;-67805.820312;-53429.4375;38929.1875;-67803.414062;-53278.601562;38931.242188;-67785.585938;-53429.539062;39156.59375;-67420.960938;-53230.320312;39158.648438;-67403.132812;-53381.257812;38973.710938;-67400.726562;-53230.421875;38975.765625;-67382.898438;-53381.359375;-1;-1;-1;-1;-1;-1;-1;-1;-1;-1;-1;-1;-1;-1;-1;-1;-1;-1
