Time;ID;Cat;XPos;YPos;ZPos;2D_XPos;2D_YPos;Vel;XDir;YDir;ZDir;BBox_XPos;BBox_YPos;BBox_ZPos;BBox_Ext_X;BBox_Ext_Y;BBox_Ext_Z;Corner_XYZ_X;Corner_XYZ_Y;Corner_XYZ_Z;Corner_XY-Z_X;Corner_XY-Z_Y;Corner_XY-Z_Z;Corner_X-YZ_X;Corner_X-YZ_Y;Corner_X-YZ_Z;Corner_X-Y-Z_X;Corner_X-Y-Z_Y;Corner_X-Y-Z_Z;Corner_-XYZ_X;Corner_-XYZ_Y;Corner_-XYZ_Z;Corner_-XY-Z_X;Corner_-XY-Z_Y;Corner_-XY-Z_Z;Corner_-X-YZ_X;Corner_-X-YZ_Y;Corner_-X-YZ_Z;Corner_-X-Y-Z_X;Corner_-X-Y-Z_Y;Corner_-X-Y-Z_Z;BBox_2D_XPos;BBox_2D_YPos;Corner_2D_XYZ_X;Corner_2D_XYZ_Y;Corner_2D_XY-Z_X;Corner_2D_XY-Z_Y;Corner_2D_X-YZ_X;Corner_2D_X-YZ_Y;Corner_2D_X-Y-Z_X;Corner_2D_X-Y-Z_Y;Corner_2D_-XYZ_X;Corner_2D_-XYZ_Y;Corner_-2D_XY-Z_X;Corner_2D_-XY-Z_Y;Corner_2D_-X-YZ_X;Corner_2D_-X-YZ_Y;Corner_2D_-X-Y-Z_X;Corner_2D_-X-Y-Z_Y;
J0:19:19:40:547;Hatchback_Car_AI_C_7;211;39319.613281;-72969.390625;-54460.605469;308;683;663.988342;0.109517;-0.9921;-0.061187;39321.359375;-72988.117188;-54382.609375;204.0;92.0;76.0;39435.347656;-73185.09375;-54318.863281;39434.941406;-73175.78125;-54470.574219;39252.457031;-73205.234375;-54319.605469;39252.050781;-73195.921875;-54471.316406;39390.667969;-72780.3125;-54293.902344;39390.261719;-72771.0;-54445.613281;39207.777344;-72800.453125;-54294.644531;39207.371094;-72791.140625;-54446.355469;311;670;333;661;333;684;261;661;261;684;359;656;359;678;290;656;290;678
J0:19:19:40:547;Hatchback_Car_AI_C_11;211;39029.96875;-70088.453125;-53922.675781;-1;-1;669.331299;0.071143;-0.96464;-0.253786;39032.578125;-70121.945312;-53849.816406;204.0;92.0;76.0;39140.386719;-70331.15625;-53828.234375;39137.285156;-70292.703125;-53975.257812;38956.894531;-70344.765625;-53827.921875;38953.792969;-70306.3125;-53974.945312;39111.363281;-69937.578125;-53724.6875;39108.261719;-69899.125;-53871.710938;38927.871094;-69951.1875;-53724.375;38924.769531;-69912.734375;-53871.398438;-1;-1;-1;-1;-1;-1;-1;-1;-1;-1;-1;-1;-1;-1;-1;-1;-1;-1
