Time;ID;Cat;XPos;YPos;ZPos;2D_XPos;2D_YPos;Vel;XDir;YDir;ZDir;BBox_XPos;BBox_YPos;BBox_ZPos;BBox_Ext_X;BBox_Ext_Y;BBox_Ext_Z;Corner_XYZ_X;Corner_XYZ_Y;Corner_XYZ_Z;Corner_XY-Z_X;Corner_XY-Z_Y;Corner_XY-Z_Z;Corner_X-YZ_X;Corner_X-YZ_Y;Corner_X-YZ_Z;Corner_X-Y-Z_X;Corner_X-Y-Z_Y;Corner_X-Y-Z_Z;Corner_-XYZ_X;Corner_-XYZ_Y;Corner_-XYZ_Z;Corner_-XY-Z_X;Corner_-XY-Z_Y;Corner_-XY-Z_Z;Corner_-X-YZ_X;Corner_-X-YZ_Y;Corner_-X-YZ_Z;Corner_-X-Y-Z_X;Corner_-X-Y-Z_Y;Corner_-X-Y-Z_Z;BBox_2D_XPos;BBox_2D_YPos;Corner_2D_XYZ_X;Corner_2D_XYZ_Y;Corner_2D_XY-Z_X;Corner_2D_XY-Z_Y;Corner_2D_X-YZ_X;Corner_2D_X-YZ_Y;Corner_2D_X-Y-Z_X;Corner_2D_X-Y-Z_Y;Corner_2D_-XYZ_X;Corner_2D_-XYZ_Y;Corner_-2D_XY-Z_X;Corner_2D_-XY-Z_Y;Corner_2D_-X-YZ_X;Corner_2D_-X-YZ_Y;Corner_2D_-X-Y-Z_X;Corner_2D_-X-Y-Z_Y;
J0:19:19:23:344;Hatchback_Car_AI_C_7;211;39213.03125;-72014.4375;-54361.230469;154;663;648.620056;0.105938;-0.982437;-0.153608;39215.5;-72040.289062;-54285.320312;204.0;92.0;76.0;39329.53125;-72242.539062;-54241.191406;39327.640625;-72219.257812;-54391.386719;39146.578125;-72262.148438;-54241.925781;39144.6875;-72238.867188;-54392.121094;39286.3125;-71841.710938;-54178.519531;39284.421875;-71818.429688;-54328.714844;39103.359375;-71861.320312;-54179.253906;39101.46875;-71838.039062;-54329.449219;159;650;178;645;178;660;106;645;106;660;209;640;209;655;140;640;140;655
J0:19:19:23:344;Hatchback_Car_AI_C_11;211;38979.820312;-69131.132812;-53682.707031;-1;-1;677.50708;0.018695;-0.972842;-0.230714;38980.535156;-69162.976562;-53609.070312;204.0;92.0;76.0;39076.761719;-69377.171875;-53582.300781;39075.894531;-69342.109375;-53730.199219;38892.800781;-69380.765625;-53582.074219;38891.933594;-69345.703125;-53729.972656;39069.136719;-68980.25;-53488.167969;39068.269531;-68945.1875;-53636.066406;38885.175781;-68983.84375;-53487.941406;38884.308594;-68948.78125;-53635.839844;-1;-1;-1;-1;-1;-1;-1;-1;-1;-1;-1;-1;-1;-1;-1;-1;-1;-1
J0:19:19:23:344;Hatchback_Car_AI_C_15;211;39397.898438;-65554.65625;-53286.074219;-1;-1;658.143433;-0.22811;-0.97345;-0.019007;39394.339844;-65569.742188;-53207.355469;204.0;92.0;76.0;39437.027344;-65790.71875;-53135.222656;39437.730469;-65787.921875;-53287.191406;39257.878906;-65748.734375;-53135.277344;39258.582031;-65745.9375;-53287.246094;39530.097656;-65393.554688;-53127.464844;39530.800781;-65390.75;-53279.433594;39350.949219;-65351.570312;-53127.519531;39351.652344;-65348.765625;-53279.488281;-1;-1;-1;-1;-1;-1;-1;-1;-1;-1;-1;-1;-1;-1;-1;-1;-1;-1
