Time;ID;Cat;XPos;YPos;ZPos;2D_XPos;2D_YPos;Vel;XDir;YDir;ZDir;BBox_XPos;BBox_YPos;BBox_ZPos;BBox_Ext_X;BBox_Ext_Y;BBox_Ext_Z;Corner_XYZ_X;Corner_XYZ_Y;Corner_XYZ_Z;Corner_XY-Z_X;Corner_XY-Z_Y;Corner_XY-Z_Z;Corner_X-YZ_X;Corner_X-YZ_Y;Corner_X-YZ_Z;Corner_X-Y-Z_X;Corner_X-Y-Z_Y;Corner_X-Y-Z_Z;Corner_-XYZ_X;Corner_-XYZ_Y;Corner_-XYZ_Z;Corner_-XY-Z_X;Corner_-XY-Z_Y;Corner_-XY-Z_Z;Corner_-X-YZ_X;Corner_-X-YZ_Y;Corner_-X-YZ_Z;Corner_-X-Y-Z_X;Corner_-X-Y-Z_Y;Corner_-X-Y-Z_Z;BBox_2D_XPos;BBox_2D_YPos;Corner_2D_XYZ_X;Corner_2D_XYZ_Y;Corner_2D_XY-Z_X;Corner_2D_XY-Z_Y;Corner_2D_X-YZ_X;Corner_2D_X-YZ_Y;Corner_2D_X-Y-Z_X;Corner_2D_X-Y-Z_Y;Corner_2D_-XYZ_X;Corner_2D_-XYZ_Y;Corner_-2D_XY-Z_X;Corner_2D_-XY-Z_Y;Corner_2D_-X-YZ_X;Corner_2D_-X-YZ_Y;Corner_2D_-X-Y-Z_X;Corner_2D_-X-Y-Z_Y;
J0:19:17:28:833;Hatchback_Car_AI_C_3;211;38975.929688;-68837.84375;-53616.03125;-1;-1;715.990662;-0.006207;-0.977058;-0.212884;38975.816406;-68868.34375;-53541.824219;204.0;92.0;76.0;39066.527344;-69084.40625;-53511.089844;39066.574219;-69052.046875;-53659.605469;38882.527344;-69083.28125;-53510.902344;38882.574219;-69050.921875;-53659.417969;39069.058594;-68685.765625;-53424.230469;39069.105469;-68653.40625;-53572.746094;38885.058594;-68684.640625;-53424.042969;38885.105469;-68652.28125;-53572.558594;-1;-1;-1;-1;-1;-1;-1;-1;-1;-1;-1;-1;-1;-1;-1;-1;-1;-1
J0:19:17:28:833;Hatchback_Car_AI_C_7;211;39381.554688;-65630.398438;-53287.515625;-1;-1;697.672241;-0.226095;-0.973927;-0.018626;39378.039062;-65645.460938;-53208.789062;204.0;92.0;76.0;39421.195312;-65866.320312;-53136.582031;39421.867188;-65863.570312;-53288.558594;39241.960938;-65824.710938;-53136.621094;39242.632812;-65821.960938;-53288.597656;39513.445312;-65468.960938;-53128.980469;39514.117188;-65466.210938;-53280.957031;39334.210938;-65427.351562;-53129.019531;39334.882812;-65424.601562;-53280.996094;-1;-1;-1;-1;-1;-1;-1;-1;-1;-1;-1;-1;-1;-1;-1;-1;-1;-1
