Time;ID;Cat;XPos;YPos;ZPos;2D_XPos;2D_YPos;Vel;XDir;YDir;ZDir;BBox_XPos;BBox_YPos;BBox_ZPos;BBox_Ext_X;BBox_Ext_Y;BBox_Ext_Z;Corner_XYZ_X;Corner_XYZ_Y;Corner_XYZ_Z;Corner_XY-Z_X;Corner_XY-Z_Y;Corner_XY-Z_Z;Corner_X-YZ_X;Corner_X-YZ_Y;Corner_X-YZ_Z;Corner_X-Y-Z_X;Corner_X-Y-Z_Y;Corner_X-Y-Z_Z;Corner_-XYZ_X;Corner_-XYZ_Y;Corner_-XYZ_Z;Corner_-XY-Z_X;Corner_-XY-Z_Y;Corner_-XY-Z_Z;Corner_-X-YZ_X;Corner_-X-YZ_Y;Corner_-X-YZ_Z;Corner_-X-Y-Z_X;Corner_-X-Y-Z_Y;Corner_-X-Y-Z_Z;BBox_2D_XPos;BBox_2D_YPos;Corner_2D_XYZ_X;Corner_2D_XYZ_Y;Corner_2D_XY-Z_X;Corner_2D_XY-Z_Y;Corner_2D_X-YZ_X;Corner_2D_X-YZ_Y;Corner_2D_X-Y-Z_X;Corner_2D_X-Y-Z_Y;Corner_2D_-XYZ_X;Corner_2D_-XYZ_Y;Corner_-2D_XY-Z_X;Corner_2D_-XY-Z_Y;Corner_2D_-X-YZ_X;Corner_2D_-X-YZ_Y;Corner_2D_-X-Y-Z_X;Corner_2D_-X-Y-Z_Y;
J0:19:18:03:751;Hatchback_Car_AI_C_3;211;39098.28125;-70870.578125;-54123.4375;-1;-1;686.94873;0.091637;-0.965153;-0.245116;39101.542969;-70903.351562;-54050.277344;204.0;92.0;76.0;39213.722656;-71110.03125;-54026.769531;39209.917969;-71072.96875;-54174.128906;39030.558594;-71127.515625;-54026.433594;39026.753906;-71090.453125;-54173.792969;39176.332031;-70716.25;-53926.761719;39172.527344;-70679.1875;-54074.121094;38993.167969;-70733.734375;-53926.425781;38989.363281;-70696.671875;-54073.785156;-1;-1;-1;-1;-1;-1;-1;-1;-1;-1;35;603;35;610;-1;-1;-1;-1
J0:19:18:03:751;Hatchback_Car_AI_C_7;211;39041.972656;-67623.734375;-53411.914062;-1;-1;657.351807;-0.105401;-0.987111;-0.120423;39039.429688;-67647.007812;-53335.175781;204.0;92.0;76.0;39108.382812;-67867.242188;-53284.226562;39110.4375;-67849.054688;-53435.117188;38925.421875;-67847.695312;-53284.367188;38927.476562;-67829.507812;-53435.257812;39151.382812;-67464.507812;-53235.09375;39153.4375;-67446.320312;-53385.984375;38968.421875;-67444.960938;-53235.234375;38970.476562;-67426.773438;-53386.125;-1;-1;-1;-1;-1;-1;-1;-1;-1;-1;-1;-1;-1;-1;-1;-1;-1;-1
