Time;ID;Cat;XPos;YPos;ZPos;2D_XPos;2D_YPos;Vel;XDir;YDir;ZDir;BBox_XPos;BBox_YPos;BBox_ZPos;BBox_Ext_X;BBox_Ext_Y;BBox_Ext_Z;Corner_XYZ_X;Corner_XYZ_Y;Corner_XYZ_Z;Corner_XY-Z_X;Corner_XY-Z_Y;Corner_XY-Z_Z;Corner_X-YZ_X;Corner_X-YZ_Y;Corner_X-YZ_Z;Corner_X-Y-Z_X;Corner_X-Y-Z_Y;Corner_X-Y-Z_Z;Corner_-XYZ_X;Corner_-XYZ_Y;Corner_-XYZ_Z;Corner_-XY-Z_X;Corner_-XY-Z_Y;Corner_-XY-Z_Z;Corner_-X-YZ_X;Corner_-X-YZ_Y;Corner_-X-YZ_Z;Corner_-X-Y-Z_X;Corner_-X-Y-Z_Y;Corner_-X-Y-Z_Z;BBox_2D_XPos;BBox_2D_YPos;Corner_2D_XYZ_X;Corner_2D_XYZ_Y;Corner_2D_XY-Z_X;Corner_2D_XY-Z_Y;Corner_2D_X-YZ_X;Corner_2D_X-YZ_Y;Corner_2D_X-Y-Z_X;Corner_2D_X-Y-Z_Y;Corner_2D_-XYZ_X;Corner_2D_-XYZ_Y;Corner_-2D_XY-Z_X;Corner_2D_-XY-Z_Y;Corner_2D_-X-YZ_X;Corner_2D_-X-YZ_Y;Corner_2D_-X-Y-Z_X;Corner_2D_-X-Y-Z_Y;
J0:19:19:38:548;Hatchback_Car_AI_C_7;211;39307.242188;-72856.46875;-54453.445312;289;682;665.713257;0.110945;-0.991248;-0.071545;39309.0625;-72876.0;-54375.648438;204.0;92.0;76.0;39423.378906;-73073.453125;-54314.011719;39422.871094;-73062.5625;-54465.621094;39240.519531;-73093.859375;-54314.863281;39240.011719;-73082.96875;-54466.472656;39378.113281;-72669.03125;-54284.824219;39377.605469;-72658.140625;-54436.433594;39195.253906;-72689.4375;-54285.675781;39194.746094;-72678.546875;-54437.285156;293;668;314;660;314;682;243;660;243;682;341;655;341;676;272;655;272;676
J0:19:19:38:548;Hatchback_Car_AI_C_11;211;39021.867188;-69978.0;-53894.097656;-1;-1;674.377747;0.067781;-0.965048;-0.253156;39024.3125;-70011.453125;-53821.214844;204.0;92.0;76.0;39131.355469;-70221.03125;-53799.441406;39128.472656;-70182.65625;-53946.488281;38947.808594;-70233.984375;-53799.230469;38944.925781;-70195.609375;-53946.277344;39103.699219;-69827.296875;-53696.152344;39100.816406;-69788.921875;-53843.199219;38920.152344;-69840.25;-53695.941406;38917.269531;-69801.875;-53842.988281;-1;-1;-1;-1;-1;-1;-1;-1;-1;-1;-1;-1;-1;-1;-1;-1;-1;-1
