Time;ID;Cat;XPos;YPos;ZPos;2D_XPos;2D_YPos;Vel;XDir;YDir;ZDir;BBox_XPos;BBox_YPos;BBox_ZPos;BBox_Ext_X;BBox_Ext_Y;BBox_Ext_Z;Corner_XYZ_X;Corner_XYZ_Y;Corner_XYZ_Z;Corner_XY-Z_X;Corner_XY-Z_Y;Corner_XY-Z_Z;Corner_X-YZ_X;Corner_X-YZ_Y;Corner_X-YZ_Z;Corner_X-Y-Z_X;Corner_X-Y-Z_Y;Corner_X-Y-Z_Z;Corner_-XYZ_X;Corner_-XYZ_Y;Corner_-XYZ_Z;Corner_-XY-Z_X;Corner_-XY-Z_Y;Corner_-XY-Z_Z;Corner_-X-YZ_X;Corner_-X-YZ_Y;Corner_-X-YZ_Z;Corner_-X-Y-Z_X;Corner_-X-Y-Z_Y;Corner_-X-Y-Z_Z;BBox_2D_XPos;BBox_2D_YPos;Corner_2D_XYZ_X;Corner_2D_XYZ_Y;Corner_2D_XY-Z_X;Corner_2D_XY-Z_Y;Corner_2D_X-YZ_X;Corner_2D_X-YZ_Y;Corner_2D_X-Y-Z_X;Corner_2D_X-Y-Z_Y;Corner_2D_-XYZ_X;Corner_2D_-XYZ_Y;Corner_-2D_XY-Z_X;Corner_2D_-XY-Z_Y;Corner_2D_-X-YZ_X;Corner_2D_-X-YZ_Y;Corner_2D_-X-Y-Z_X;Corner_2D_-X-Y-Z_Y;
J0:19:17:26:041;Hatchback_Car_AI_C_3;211;38977.34375;-68679.523438;-53582.371094;-1;-1;715.553772;-0.01928;-0.979682;-0.199627;38976.792969;-68709.007812;-53507.757812;204.0;92.0;76.0;39064.570312;-68925.835938;-53474.046875;39065.109375;-68895.492188;-53622.984375;38880.609375;-68922.226562;-53473.976562;38881.148438;-68891.882812;-53622.914062;39072.4375;-68526.132812;-53392.601562;39072.976562;-68495.789062;-53541.539062;38888.476562;-68522.523438;-53392.53125;38889.015625;-68492.179688;-53541.46875;-1;-1;-1;-1;-1;-1;-1;-1;-1;-1;-1;-1;-1;-1;-1;-1;-1;-1
J0:19:17:26:041;Hatchback_Car_AI_C_7;211;39417.316406;-65475.832031;-53284.523438;-1;-1;657.604675;-0.235016;-0.971876;-0.014958;39413.738281;-65490.582031;-53205.742188;204.0;92.0;76.0;39454.941406;-65711.570312;-53132.785156;39455.496094;-65709.367188;-53284.769531;39276.097656;-65668.320312;-53132.816406;39276.652344;-65666.117188;-53284.800781;39550.824219;-65315.046875;-53126.683594;39551.378906;-65312.84375;-53278.667969;39371.980469;-65271.796875;-53126.714844;39372.535156;-65269.59375;-53278.699219;-1;-1;-1;-1;-1;-1;-1;-1;-1;-1;-1;-1;-1;-1;-1;-1;-1;-1
