Time;ID;Cat;XPos;YPos;ZPos;2D_XPos;2D_YPos;Vel;XDir;YDir;ZDir;BBox_XPos;BBox_YPos;BBox_ZPos;BBox_Ext_X;BBox_Ext_Y;BBox_Ext_Z;Corner_XYZ_X;Corner_XYZ_Y;Corner_XYZ_Z;Corner_XY-Z_X;Corner_XY-Z_Y;Corner_XY-Z_Z;Corner_X-YZ_X;Corner_X-YZ_Y;Corner_X-YZ_Z;Corner_X-Y-Z_X;Corner_X-Y-Z_Y;Corner_X-Y-Z_Z;Corner_-XYZ_X;Corner_-XYZ_Y;Corner_-XYZ_Z;Corner_-XY-Z_X;Corner_-XY-Z_Y;Corner_-XY-Z_Z;Corner_-X-YZ_X;Corner_-X-YZ_Y;Corner_-X-YZ_Z;Corner_-X-Y-Z_X;Corner_-X-Y-Z_Y;Corner_-X-Y-Z_Z;BBox_2D_XPos;BBox_2D_YPos;Corner_2D_XYZ_X;Corner_2D_XYZ_Y;Corner_2D_XY-Z_X;Corner_2D_XY-Z_Y;Corner_2D_X-YZ_X;Corner_2D_X-YZ_Y;Corner_2D_X-Y-Z_X;Corner_2D_X-Y-Z_Y;Corner_2D_-XYZ_X;Corner_2D_-XYZ_Y;Corner_-2D_XY-Z_X;Corner_2D_-XY-Z_Y;Corner_2D_-X-YZ_X;Corner_2D_-X-YZ_Y;Corner_2D_-X-Y-Z_X;Corner_2D_-X-Y-Z_Y;
J0:19:17:25:635;Hatchback_Car_AI_C_3;211;38977.695312;-68656.265625;-53577.699219;-1;-1;729.518677;-0.022672;-0.980167;-0.196871;38977.078125;-68685.539062;-53503.0;204.0;92.0;76.0;39064.140625;-68902.570312;-53468.714844;39064.71875;-68872.648438;-53617.738281;38880.1875;-68898.335938;-53468.582031;38880.765625;-68868.414062;-53617.605469;39073.390625;-68502.664062;-53388.394531;39073.96875;-68472.742188;-53537.417969;38889.4375;-68498.429688;-53388.261719;38890.015625;-68468.507812;-53537.285156;-1;-1;-1;-1;-1;-1;-1;-1;-1;-1;-1;-1;-1;-1;-1;-1;-1;-1
J0:19:17:25:635;Hatchback_Car_AI_C_7;211;39422.335938;-65454.5625;-53284.203125;-1;-1;668.363892;-0.234613;-0.971995;-0.013541;39418.777344;-65469.207031;-53205.398438;204.0;92.0;76.0;39460.085938;-65690.070312;-53132.140625;39460.609375;-65688.085938;-53284.125;39281.226562;-65646.898438;-53132.195312;39281.75;-65644.914062;-53284.179688;39555.804688;-65293.503906;-53126.617188;39556.328125;-65291.511719;-53278.601562;39376.945312;-65250.332031;-53126.671875;39377.46875;-65248.339844;-53278.65625;-1;-1;-1;-1;-1;-1;-1;-1;-1;-1;-1;-1;-1;-1;-1;-1;-1;-1
