Time;ID;Cat;XPos;YPos;ZPos;2D_XPos;2D_YPos;Vel;XDir;YDir;ZDir;BBox_XPos;BBox_YPos;BBox_ZPos;BBox_Ext_X;BBox_Ext_Y;BBox_Ext_Z;Corner_XYZ_X;Corner_XYZ_Y;Corner_XYZ_Z;Corner_XY-Z_X;Corner_XY-Z_Y;Corner_XY-Z_Z;Corner_X-YZ_X;Corner_X-YZ_Y;Corner_X-YZ_Z;Corner_X-Y-Z_X;Corner_X-Y-Z_Y;Corner_X-Y-Z_Z;Corner_-XYZ_X;Corner_-XYZ_Y;Corner_-XYZ_Z;Corner_-XY-Z_X;Corner_-XY-Z_Y;Corner_-XY-Z_Z;Corner_-X-YZ_X;Corner_-X-YZ_Y;Corner_-X-YZ_Z;Corner_-X-Y-Z_X;Corner_-X-Y-Z_Y;Corner_-X-Y-Z_Z;BBox_2D_XPos;BBox_2D_YPos;Corner_2D_XYZ_X;Corner_2D_XYZ_Y;Corner_2D_XY-Z_X;Corner_2D_XY-Z_Y;Corner_2D_X-YZ_X;Corner_2D_X-YZ_Y;Corner_2D_X-Y-Z_X;Corner_2D_X-Y-Z_Y;Corner_2D_-XYZ_X;Corner_2D_-XYZ_Y;Corner_-2D_XY-Z_X;Corner_2D_-XY-Z_Y;Corner_2D_-X-YZ_X;Corner_2D_-X-YZ_Y;Corner_2D_-X-Y-Z_X;Corner_2D_-X-Y-Z_Y;
J0:19:18:59:345;Hatchback_Car_AI_C_3;211;39398.765625;-73926.992188;-54474.957031;470;688;699.164612;0.058129;-0.998048;0.02285;39399.585938;-73939.15625;-54395.65625;204.0;92.0;76.0;39503.296875;-74135.671875;-54315.148438;39503.28125;-74139.15625;-54467.109375;39319.609375;-74146.359375;-54314.882812;39319.59375;-74149.84375;-54466.84375;39479.578125;-73728.46875;-54324.46875;39479.5625;-73731.953125;-54476.429688;39295.890625;-73739.15625;-54324.203125;39295.875;-73742.640625;-54476.164062;473;674;499;662;499;691;427;662;427;691;517;657;517;685;447;657;447;685
J0:19:18:59:345;Hatchback_Car_AI_C_7;211;39079.847656;-70692.648438;-54078.652344;-1;-1;656.308716;0.085769;-0.964497;-0.249778;39083.003906;-70725.789062;-54005.652344;204.0;92.0;76.0;39194.015625;-70933.226562;-53983.253906;39190.25;-70895.445312;-54130.433594;39010.75;-70949.648438;-53982.777344;39006.984375;-70911.867188;-54129.957031;39159.023438;-70539.710938;-53881.347656;39155.257812;-70501.929688;-54028.527344;38975.757812;-70556.132812;-53880.871094;38971.992188;-70518.351562;-54028.050781;-1;-1;-1;-1;-1;-1;-1;-1;-1;-1;8;595;8;603;-1;-1;-1;-1
J0:19:18:59:345;Hatchback_Car_AI_C_11;211;39025.464844;-67784.859375;-53432.386719;-1;-1;631.244995;-0.09651;-0.986446;-0.132699;39023.074219;-67809.101562;-53355.941406;204.0;92.0;76.0;39093.949219;-68029.335938;-53307.664062;39095.949219;-68009.257812;-53458.320312;38910.824219;-68011.414062;-53307.703125;38912.824219;-67991.335938;-53458.359375;39133.324219;-67626.867188;-53253.523438;39135.324219;-67606.789062;-53404.179688;38950.199219;-67608.945312;-53253.5625;38952.199219;-67588.867188;-53404.21875;-1;-1;-1;-1;-1;-1;-1;-1;-1;-1;-1;-1;-1;-1;-1;-1;-1;-1
