Time;ID;Cat;XPos;YPos;ZPos;2D_XPos;2D_YPos;Vel;XDir;YDir;ZDir;BBox_XPos;BBox_YPos;BBox_ZPos;BBox_Ext_X;BBox_Ext_Y;BBox_Ext_Z;Corner_XYZ_X;Corner_XYZ_Y;Corner_XYZ_Z;Corner_XY-Z_X;Corner_XY-Z_Y;Corner_XY-Z_Z;Corner_X-YZ_X;Corner_X-YZ_Y;Corner_X-YZ_Z;Corner_X-Y-Z_X;Corner_X-Y-Z_Y;Corner_X-Y-Z_Z;Corner_-XYZ_X;Corner_-XYZ_Y;Corner_-XYZ_Z;Corner_-XY-Z_X;Corner_-XY-Z_Y;Corner_-XY-Z_Z;Corner_-X-YZ_X;Corner_-X-YZ_Y;Corner_-X-YZ_Z;Corner_-X-Y-Z_X;Corner_-X-Y-Z_Y;Corner_-X-Y-Z_Z;BBox_2D_XPos;BBox_2D_YPos;Corner_2D_XYZ_X;Corner_2D_XYZ_Y;Corner_2D_XY-Z_X;Corner_2D_XY-Z_Y;Corner_2D_X-YZ_X;Corner_2D_X-YZ_Y;Corner_2D_X-Y-Z_X;Corner_2D_X-Y-Z_Y;Corner_2D_-XYZ_X;Corner_2D_-XYZ_Y;Corner_-2D_XY-Z_X;Corner_2D_-XY-Z_Y;Corner_2D_-X-YZ_X;Corner_2D_-X-YZ_Y;Corner_2D_-X-Y-Z_X;Corner_2D_-X-Y-Z_Y;
J0:19:18:08:148;Hatchback_Car_AI_C_3;211;39121.40625;-71111.703125;-54182.640625;13;631;672.432251;0.093533;-0.966892;-0.237427;39124.691406;-71143.890625;-54109.222656;204.0;92.0;76.0;39237.238281;-71350.171875;-54084.019531;39233.441406;-71314.28125;-54231.675781;39054.105469;-71367.984375;-54083.636719;39050.308594;-71332.09375;-54231.292969;39199.074219;-70955.6875;-53987.152344;39195.277344;-70919.796875;-54134.808594;39015.941406;-70973.5;-53986.769531;39012.144531;-70937.609375;-54134.425781;18;618;35;615;35;624;-1;-1;-1;-1;71;612;71;621;2;612;2;621
J0:19:18:08:148;Hatchback_Car_AI_C_7;211;39019.136719;-67869.367188;-53443.703125;-1;-1;685.360535;-0.088362;-0.98668;-0.136586;39016.925781;-67893.929688;-53367.355469;204.0;92.0;76.0;39089.59375;-68113.757812;-53319.917969;39091.46875;-68093.085938;-53470.496094;38906.328125;-68097.335938;-53319.941406;38908.203125;-68076.664062;-53470.519531;39125.648438;-67711.195312;-53264.191406;39127.523438;-67690.523438;-53414.769531;38942.382812;-67694.773438;-53264.214844;38944.257812;-67674.101562;-53414.792969;-1;-1;-1;-1;-1;-1;-1;-1;-1;-1;-1;-1;-1;-1;-1;-1;-1;-1
