Time;ID;Cat;XPos;YPos;ZPos;2D_XPos;2D_YPos;Vel;XDir;YDir;ZDir;BBox_XPos;BBox_YPos;BBox_ZPos;BBox_Ext_X;BBox_Ext_Y;BBox_Ext_Z;Corner_XYZ_X;Corner_XYZ_Y;Corner_XYZ_Z;Corner_XY-Z_X;Corner_XY-Z_Y;Corner_XY-Z_Z;Corner_X-YZ_X;Corner_X-YZ_Y;Corner_X-YZ_Z;Corner_X-Y-Z_X;Corner_X-Y-Z_Y;Corner_X-Y-Z_Z;Corner_-XYZ_X;Corner_-XYZ_Y;Corner_-XYZ_Z;Corner_-XY-Z_X;Corner_-XY-Z_Y;Corner_-XY-Z_Z;Corner_-X-YZ_X;Corner_-X-YZ_Y;Corner_-X-YZ_Z;Corner_-X-Y-Z_X;Corner_-X-Y-Z_Y;Corner_-X-Y-Z_Z;BBox_2D_XPos;BBox_2D_YPos;Corner_2D_XYZ_X;Corner_2D_XYZ_Y;Corner_2D_XY-Z_X;Corner_2D_XY-Z_Y;Corner_2D_X-YZ_X;Corner_2D_X-YZ_Y;Corner_2D_X-Y-Z_X;Corner_2D_X-Y-Z_Y;Corner_2D_-XYZ_X;Corner_2D_-XYZ_Y;Corner_-2D_XY-Z_X;Corner_2D_-XY-Z_Y;Corner_2D_-X-YZ_X;Corner_2D_-X-YZ_Y;Corner_2D_-X-Y-Z_X;Corner_2D_-X-Y-Z_Y;
J0:19:21:14:146;Hatchback_Car_AI_C_3;211;39248.082031;-79415.703125;-54424.910156;1444;675;681.147095;-0.012889;-0.999917;-0.000153;39247.890625;-79429.710938;-54345.914062;204.0;92.0;76.0;39337.246094;-79634.890625;-54269.933594;39337.261719;-79634.875;-54421.933594;39153.261719;-79632.515625;-54269.957031;39153.277344;-79632.5;-54421.957031;39342.503906;-79226.921875;-54269.871094;39342.519531;-79226.90625;-54421.871094;39158.519531;-79224.546875;-54269.894531;39158.535156;-79224.53125;-54421.894531;1446;661;1491;650;1491;677;1418;650;1418;677;1474;646;1474;673;1403;646;1403;673
J0:19:21:14:146;Hatchback_Car_AI_C_15;211;39176.640625;-71676.882812;-54304.472656;101;653;636.399353;0.100844;-0.976756;-0.189153;39179.460938;-71705.4375;-54229.546875;204.0;92.0;76.0;39292.902344;-71909.585938;-54193.359375;39290.191406;-71880.960938;-54342.617188;39109.871094;-71928.429688;-54193.648438;39107.160156;-71899.804688;-54342.90625;39251.761719;-71511.070312;-54116.1875;39249.050781;-71482.445312;-54265.445312;39068.730469;-71529.914062;-54116.476562;39066.019531;-71501.289062;-54265.734375;106;640;124;636;124;648;52;636;52;648;158;632;158;644;88;632;88;644
J0:19:21:14:146;Hatchback_Car_AI_C_19;211;38981.128906;-68542.875;-53555.335938;-1;-1;681.076599;-0.034631;-0.981228;-0.189714;38980.199219;-68571.59375;-53480.425781;204.0;92.0;76.0;39064.644531;-68789.40625;-53444.601562;39065.503906;-68760.578125;-53593.84375;38880.761719;-68782.953125;-53444.414062;38881.621094;-68754.125;-53593.65625;39078.777344;-68389.0625;-53367.195312;39079.636719;-68360.234375;-53516.4375;38894.894531;-68382.609375;-53367.007812;38895.753906;-68353.78125;-53516.25;-1;-1;-1;-1;-1;-1;-1;-1;-1;-1;-1;-1;-1;-1;-1;-1;-1;-1
