Time;ID;Cat;XPos;YPos;ZPos;2D_XPos;2D_YPos;Vel;XDir;YDir;ZDir;BBox_XPos;BBox_YPos;BBox_ZPos;BBox_Ext_X;BBox_Ext_Y;BBox_Ext_Z;Corner_XYZ_X;Corner_XYZ_Y;Corner_XYZ_Z;Corner_XY-Z_X;Corner_XY-Z_Y;Corner_XY-Z_Z;Corner_X-YZ_X;Corner_X-YZ_Y;Corner_X-YZ_Z;Corner_X-Y-Z_X;Corner_X-Y-Z_Y;Corner_X-Y-Z_Z;Corner_-XYZ_X;Corner_-XYZ_Y;Corner_-XYZ_Z;Corner_-XY-Z_X;Corner_-XY-Z_Y;Corner_-XY-Z_Z;Corner_-X-YZ_X;Corner_-X-YZ_Y;Corner_-X-YZ_Z;Corner_-X-Y-Z_X;Corner_-X-Y-Z_Y;Corner_-X-Y-Z_Z;BBox_2D_XPos;BBox_2D_YPos;Corner_2D_XYZ_X;Corner_2D_XYZ_Y;Corner_2D_XY-Z_X;Corner_2D_XY-Z_Y;Corner_2D_X-YZ_X;Corner_2D_X-YZ_Y;Corner_2D_X-Y-Z_X;Corner_2D_X-Y-Z_Y;Corner_2D_-XYZ_X;Corner_2D_-XYZ_Y;Corner_-2D_XY-Z_X;Corner_2D_-XY-Z_Y;Corner_2D_-X-YZ_X;Corner_2D_-X-YZ_Y;Corner_2D_-X-Y-Z_X;Corner_2D_-X-Y-Z_Y;
J0:19:18:04:150;Hatchback_Car_AI_C_3;211;39100.34375;-70892.34375;-54128.902344;-1;-1;675.805481;0.089993;-0.965363;-0.244898;39103.601562;-70925.101562;-54055.738281;204.0;92.0;76.0;39215.480469;-71131.960938;-54032.246094;39211.636719;-71094.929688;-54179.613281;39032.285156;-71149.148438;-54031.785156;39028.441406;-71112.117188;-54179.152344;39178.761719;-70738.085938;-53932.324219;39174.917969;-70701.054688;-54079.691406;38995.566406;-70755.273438;-53931.863281;38991.722656;-70718.242188;-54079.230469;-1;-1;1;606;1;614;-1;-1;-1;-1;38;604;38;611;-1;-1;-1;-1
J0:19:18:04:150;Hatchback_Car_AI_C_7;211;39039.675781;-67646.125;-53414.640625;-1;-1;680.481506;-0.105008;-0.987112;-0.120762;39037.167969;-67669.429688;-53337.910156;204.0;92.0;76.0;39106.234375;-67889.65625;-53287.070312;39108.226562;-67871.40625;-53437.960938;38923.265625;-67870.1875;-53287.132812;38925.257812;-67851.9375;-53438.023438;39149.078125;-67486.921875;-53237.796875;39151.070312;-67468.671875;-53388.6875;38966.109375;-67467.453125;-53237.859375;38968.101562;-67449.203125;-53388.75;-1;-1;-1;-1;-1;-1;-1;-1;-1;-1;-1;-1;-1;-1;-1;-1;-1;-1
