Time;ID;Cat;XPos;YPos;ZPos;2D_XPos;2D_YPos;Vel;XDir;YDir;ZDir;BBox_XPos;BBox_YPos;BBox_ZPos;BBox_Ext_X;BBox_Ext_Y;BBox_Ext_Z;Corner_XYZ_X;Corner_XYZ_Y;Corner_XYZ_Z;Corner_XY-Z_X;Corner_XY-Z_Y;Corner_XY-Z_Z;Corner_X-YZ_X;Corner_X-YZ_Y;Corner_X-YZ_Z;Corner_X-Y-Z_X;Corner_X-Y-Z_Y;Corner_X-Y-Z_Z;Corner_-XYZ_X;Corner_-XYZ_Y;Corner_-XYZ_Z;Corner_-XY-Z_X;Corner_-XY-Z_Y;Corner_-XY-Z_Z;Corner_-X-YZ_X;Corner_-X-YZ_Y;Corner_-X-YZ_Z;Corner_-X-Y-Z_X;Corner_-X-Y-Z_Y;Corner_-X-Y-Z_Z;BBox_2D_XPos;BBox_2D_YPos;Corner_2D_XYZ_X;Corner_2D_XYZ_Y;Corner_2D_XY-Z_X;Corner_2D_XY-Z_Y;Corner_2D_X-YZ_X;Corner_2D_X-YZ_Y;Corner_2D_X-Y-Z_X;Corner_2D_X-Y-Z_Y;Corner_2D_-XYZ_X;Corner_2D_-XYZ_Y;Corner_-2D_XY-Z_X;Corner_2D_-XY-Z_Y;Corner_2D_-X-YZ_X;Corner_2D_-X-YZ_Y;Corner_2D_-X-Y-Z_X;Corner_2D_-X-Y-Z_Y;
J0:19:18:40:149;Hatchback_Car_AI_C_3;211;39309.894531;-72871.523438;-54454.371094;292;682;666.429565;0.108043;-0.991739;-0.069135;39311.652344;-72890.875;-54376.527344;204.0;92.0;76.0;39425.386719;-73088.507812;-54314.410156;39424.917969;-73077.992188;-54466.042969;39242.464844;-73108.382812;-54315.222656;39241.996094;-73097.867188;-54466.855469;39381.308594;-72683.882812;-54286.199219;39380.839844;-72673.367188;-54437.832031;39198.386719;-72703.757812;-54287.011719;39197.917969;-72693.242188;-54438.644531;295;668;316;660;316;682;245;660;245;682;343;655;343;676;274;655;274;676
J0:19:18:40:149;Hatchback_Car_AI_C_7;211;39000.5;-69633.023438;-53805.648438;-1;-1;678.483398;0.047469;-0.967841;-0.247042;39002.28125;-69666.054688;-53732.554688;204.0;92.0;76.0;39104.925781;-69877.679688;-53709.488281;39102.777344;-69840.195312;-53856.777344;38921.152344;-69886.789062;-53709.128906;38919.003906;-69849.304688;-53856.417969;39085.558594;-69482.804688;-53608.691406;39083.410156;-69445.320312;-53755.980469;38901.785156;-69491.914062;-53608.332031;38899.636719;-69454.429688;-53755.621094;-1;-1;-1;-1;-1;-1;-1;-1;-1;-1;-1;-1;-1;-1;-1;-1;-1;-1
