Time;ID;Cat;XPos;YPos;ZPos;2D_XPos;2D_YPos;Vel;XDir;YDir;ZDir;BBox_XPos;BBox_YPos;BBox_ZPos;BBox_Ext_X;BBox_Ext_Y;BBox_Ext_Z;Corner_XYZ_X;Corner_XYZ_Y;Corner_XYZ_Z;Corner_XY-Z_X;Corner_XY-Z_Y;Corner_XY-Z_Z;Corner_X-YZ_X;Corner_X-YZ_Y;Corner_X-YZ_Z;Corner_X-Y-Z_X;Corner_X-Y-Z_Y;Corner_X-Y-Z_Z;Corner_-XYZ_X;Corner_-XYZ_Y;Corner_-XYZ_Z;Corner_-XY-Z_X;Corner_-XY-Z_Y;Corner_-XY-Z_Z;Corner_-X-YZ_X;Corner_-X-YZ_Y;Corner_-X-YZ_Z;Corner_-X-Y-Z_X;Corner_-X-Y-Z_Y;Corner_-X-Y-Z_Z;BBox_2D_XPos;BBox_2D_YPos;Corner_2D_XYZ_X;Corner_2D_XYZ_Y;Corner_2D_XY-Z_X;Corner_2D_XY-Z_Y;Corner_2D_X-YZ_X;Corner_2D_X-YZ_Y;Corner_2D_X-Y-Z_X;Corner_2D_X-Y-Z_Y;Corner_2D_-XYZ_X;Corner_2D_-XYZ_Y;Corner_-2D_XY-Z_X;Corner_2D_-XY-Z_Y;Corner_2D_-X-YZ_X;Corner_2D_-X-YZ_Y;Corner_2D_-X-Y-Z_X;Corner_2D_-X-Y-Z_Y;
J0:19:18:28:943;Hatchback_Car_AI_C_3;211;39242.019531;-72263.445312;-54395.898438;194;670;628.437683;0.110038;-0.985288;-0.130761;39244.300781;-72287.554688;-54319.410156;204.0;92.0;76.0;39358.898438;-72488.328125;-54270.265625;39357.476562;-72468.484375;-54420.960938;39176.023438;-72508.625;-54271.210938;39174.601562;-72488.78125;-54421.90625;39314.0;-72086.328125;-54216.914062;39312.578125;-72066.484375;-54367.609375;39131.125;-72106.625;-54217.859375;39129.703125;-72086.78125;-54368.554688;198;657;217;650;217;668;146;650;146;668;248;646;248;663;179;646;179;663
J0:19:18:28:943;Hatchback_Car_AI_C_7;211;38979.242188;-69015.140625;-53655.757812;-1;-1;672.419922;0.007877;-0.974213;-0.225493;38979.617188;-69046.59375;-53581.949219;204.0;92.0;76.0;39073.472656;-69261.695312;-53554.042969;39072.964844;-69227.429688;-53702.128906;38889.480469;-69263.242188;-53553.769531;38888.972656;-69228.976562;-53701.855469;39070.261719;-68864.210938;-53462.042969;39069.753906;-68829.945312;-53610.128906;38886.269531;-68865.757812;-53461.769531;38885.761719;-68831.492188;-53609.855469;-1;-1;-1;-1;-1;-1;-1;-1;-1;-1;-1;-1;-1;-1;-1;-1;-1;-1
