Time;ID;Cat;XPos;YPos;ZPos;2D_XPos;2D_YPos;Vel;XDir;YDir;ZDir;BBox_XPos;BBox_YPos;BBox_ZPos;BBox_Ext_X;BBox_Ext_Y;BBox_Ext_Z;Corner_XYZ_X;Corner_XYZ_Y;Corner_XYZ_Z;Corner_XY-Z_X;Corner_XY-Z_Y;Corner_XY-Z_Z;Corner_X-YZ_X;Corner_X-YZ_Y;Corner_X-YZ_Z;Corner_X-Y-Z_X;Corner_X-Y-Z_Y;Corner_X-Y-Z_Z;Corner_-XYZ_X;Corner_-XYZ_Y;Corner_-XYZ_Z;Corner_-XY-Z_X;Corner_-XY-Z_Y;Corner_-XY-Z_Z;Corner_-X-YZ_X;Corner_-X-YZ_Y;Corner_-X-YZ_Z;Corner_-X-Y-Z_X;Corner_-X-Y-Z_Y;Corner_-X-Y-Z_Z;BBox_2D_XPos;BBox_2D_YPos;Corner_2D_XYZ_X;Corner_2D_XYZ_Y;Corner_2D_XY-Z_X;Corner_2D_XY-Z_Y;Corner_2D_X-YZ_X;Corner_2D_X-YZ_Y;Corner_2D_X-Y-Z_X;Corner_2D_X-Y-Z_Y;Corner_2D_-XYZ_X;Corner_2D_-XYZ_Y;Corner_-2D_XY-Z_X;Corner_2D_-XY-Z_Y;Corner_2D_-X-YZ_X;Corner_2D_-X-YZ_Y;Corner_2D_-X-Y-Z_X;Corner_2D_-X-Y-Z_Y;
J0:19:18:06:942;Hatchback_Car_AI_C_3;211;39115.128906;-71046.523438;-54166.839844;3;628;671.897034;0.093944;-0.966251;-0.239861;39118.441406;-71078.898438;-54093.503906;204.0;92.0;76.0;39231.089844;-71285.195312;-54068.84375;39227.246094;-71248.945312;-54216.40625;39047.964844;-71303.085938;-54068.46875;39044.121094;-71266.835938;-54216.03125;39192.761719;-70890.960938;-53970.976562;39188.917969;-70854.710938;-54118.539062;39009.636719;-70908.851562;-53970.601562;39005.792969;-70872.601562;-54118.164062;8;615;25;613;25;621;-1;-1;-1;-1;61;610;61;618;-1;-1;-1;-1
J0:19:18:06:942;Hatchback_Car_AI_C_7;211;39024.90625;-67801.71875;-53434.523438;-1;-1;687.734802;-0.091245;-0.98712;-0.131411;39022.605469;-67825.867188;-53358.046875;204.0;92.0;76.0;39094.617188;-68045.65625;-53309.4375;39096.585938;-68025.78125;-53460.117188;38911.398438;-68028.703125;-53309.59375;38913.367188;-68008.828125;-53460.273438;39131.84375;-67642.90625;-53255.820312;39133.8125;-67623.03125;-53406.5;38948.625;-67625.953125;-53255.976562;38950.59375;-67606.078125;-53406.65625;-1;-1;-1;-1;-1;-1;-1;-1;-1;-1;-1;-1;-1;-1;-1;-1;-1;-1
