Time;ID;Cat;XPos;YPos;ZPos;2D_XPos;2D_YPos;Vel;XDir;YDir;ZDir;BBox_XPos;BBox_YPos;BBox_ZPos;BBox_Ext_X;BBox_Ext_Y;BBox_Ext_Z;Corner_XYZ_X;Corner_XYZ_Y;Corner_XYZ_Z;Corner_XY-Z_X;Corner_XY-Z_Y;Corner_XY-Z_Z;Corner_X-YZ_X;Corner_X-YZ_Y;Corner_X-YZ_Z;Corner_X-Y-Z_X;Corner_X-Y-Z_Y;Corner_X-Y-Z_Z;Corner_-XYZ_X;Corner_-XYZ_Y;Corner_-XYZ_Z;Corner_-XY-Z_X;Corner_-XY-Z_Y;Corner_-XY-Z_Z;Corner_-X-YZ_X;Corner_-X-YZ_Y;Corner_-X-YZ_Z;Corner_-X-Y-Z_X;Corner_-X-Y-Z_Y;Corner_-X-Y-Z_Z;BBox_2D_XPos;BBox_2D_YPos;Corner_2D_XYZ_X;Corner_2D_XYZ_Y;Corner_2D_XY-Z_X;Corner_2D_XY-Z_Y;Corner_2D_X-YZ_X;Corner_2D_X-YZ_Y;Corner_2D_X-Y-Z_X;Corner_2D_X-Y-Z_Y;Corner_2D_-XYZ_X;Corner_2D_-XYZ_Y;Corner_-2D_XY-Z_X;Corner_2D_-XY-Z_Y;Corner_2D_-X-YZ_X;Corner_2D_-X-YZ_Y;Corner_2D_-X-Y-Z_X;Corner_2D_-X-Y-Z_Y;
J0:19:19:25:749;Hatchback_Car_AI_C_7;211;39227.328125;-72144.226562;-54380.039062;175;667;679.45874;0.107827;-0.98438;-0.139173;39229.675781;-72168.976562;-54303.757812;204.0;92.0;76.0;39343.9375;-72370.382812;-54256.476562;39342.320312;-72349.273438;-54406.992188;39161.023438;-72390.304688;-54257.304688;39159.40625;-72369.195312;-54407.820312;39299.945312;-71968.757812;-54199.695312;39298.328125;-71947.648438;-54350.210938;39117.03125;-71988.679688;-54200.523438;39115.414062;-71967.570312;-54351.039062;179;654;198;648;198;664;127;648;127;664;229;643;229;659;160;643;160;659
J0:19:19:25:749;Hatchback_Car_AI_C_11;211;38983.546875;-69267.570312;-53715.125;-1;-1;692.801514;0.028102;-0.971409;-0.235745;38984.582031;-69299.78125;-53641.652344;204.0;92.0;76.0;39082.894531;-69513.164062;-53616.003906;39081.660156;-69477.351562;-53763.722656;38898.972656;-69518.539062;-53615.769531;38897.738281;-69482.726562;-53763.488281;39071.425781;-69116.835938;-53519.816406;39070.191406;-69081.023438;-53667.535156;38887.503906;-69122.210938;-53519.582031;38886.269531;-69086.398438;-53667.300781;-1;-1;-1;-1;-1;-1;-1;-1;-1;-1;-1;-1;-1;-1;-1;-1;-1;-1
J0:19:19:25:749;Hatchback_Car_AI_C_15;211;39370.011719;-65677.15625;-53288.84375;-1;-1;640.493042;-0.22019;-0.975192;-0.022723;39366.5;-65692.554688;-53210.183594;204.0;92.0;76.0;39410.910156;-65913.4375;-53138.796875;39411.738281;-65910.078125;-53290.757812;39231.425781;-65872.90625;-53138.882812;39232.253906;-65869.546875;-53290.84375;39500.746094;-65515.554688;-53129.523438;39501.574219;-65512.203125;-53281.484375;39321.261719;-65475.03125;-53129.609375;39322.089844;-65471.679688;-53281.570312;-1;-1;-1;-1;-1;-1;-1;-1;-1;-1;-1;-1;-1;-1;-1;-1;-1;-1
