Time;ID;Cat;XPos;YPos;ZPos;2D_XPos;2D_YPos;Vel;XDir;YDir;ZDir;BBox_XPos;BBox_YPos;BBox_ZPos;BBox_Ext_X;BBox_Ext_Y;BBox_Ext_Z;Corner_XYZ_X;Corner_XYZ_Y;Corner_XYZ_Z;Corner_XY-Z_X;Corner_XY-Z_Y;Corner_XY-Z_Z;Corner_X-YZ_X;Corner_X-YZ_Y;Corner_X-YZ_Z;Corner_X-Y-Z_X;Corner_X-Y-Z_Y;Corner_X-Y-Z_Z;Corner_-XYZ_X;Corner_-XYZ_Y;Corner_-XYZ_Z;Corner_-XY-Z_X;Corner_-XY-Z_Y;Corner_-XY-Z_Z;Corner_-X-YZ_X;Corner_-X-YZ_Y;Corner_-X-YZ_Z;Corner_-X-Y-Z_X;Corner_-X-Y-Z_Y;Corner_-X-Y-Z_Z;BBox_2D_XPos;BBox_2D_YPos;Corner_2D_XYZ_X;Corner_2D_XYZ_Y;Corner_2D_XY-Z_X;Corner_2D_XY-Z_Y;Corner_2D_X-YZ_X;Corner_2D_X-YZ_Y;Corner_2D_X-Y-Z_X;Corner_2D_X-Y-Z_Y;Corner_2D_-XYZ_X;Corner_2D_-XYZ_Y;Corner_-2D_XY-Z_X;Corner_2D_-XY-Z_Y;Corner_2D_-X-YZ_X;Corner_2D_-X-YZ_Y;Corner_2D_-X-Y-Z_X;Corner_2D_-X-Y-Z_Y;
J0:19:19:01:750;Hatchback_Car_AI_C_3;211;39405.3125;-74061.335938;-54471.648438;494;688;667.424683;0.049151;-0.998409;0.027629;39406.035156;-74073.125;-54392.292969;204.0;92.0;76.0;39507.984375;-74270.179688;-54310.847656;39507.921875;-74274.382812;-54462.792969;39324.203125;-74279.210938;-54310.519531;39324.140625;-74283.414062;-54462.464844;39487.929688;-73862.835938;-54322.121094;39487.867188;-73867.039062;-54474.066406;39304.148438;-73871.867188;-54321.792969;39304.085938;-73876.070312;-54473.738281;496;673;523;661;523;691;451;661;451;691;540;656;540;685;470;656;470;685
J0:19:19:01:750;Hatchback_Car_AI_C_7;211;39091.847656;-70823.039062;-54111.503906;-1;-1;703.447083;0.088393;-0.965627;-0.244438;39095.046875;-70855.773438;-54038.324219;204.0;92.0;76.0;39206.578125;-71062.796875;-54014.722656;39202.804688;-71025.828125;-54162.113281;39023.351562;-71079.6875;-54014.269531;39019.578125;-71042.71875;-54161.660156;39170.515625;-70668.828125;-53914.988281;39166.742188;-70631.859375;-54062.378906;38987.289062;-70685.71875;-53914.535156;38983.515625;-70648.75;-54061.925781;-1;-1;-1;-1;-1;-1;-1;-1;-1;-1;28;601;28;608;-1;-1;-1;-1
J0:19:19:01:750;Hatchback_Car_AI_C_11;211;39014.015625;-67915.835938;-53450.320312;-1;-1;675.877319;-0.085677;-0.986425;-0.140092;39011.84375;-67940.671875;-53374.0625;204.0;92.0;76.0;39085.085938;-68160.476562;-53327.371094;39086.960938;-68139.257812;-53477.871094;38901.773438;-68144.554688;-53327.410156;38903.648438;-68123.335938;-53477.910156;39120.039062;-67758.007812;-53270.214844;39121.914062;-67736.789062;-53420.714844;38936.726562;-67742.085938;-53270.253906;38938.601562;-67720.867188;-53420.753906;-1;-1;-1;-1;-1;-1;-1;-1;-1;-1;-1;-1;-1;-1;-1;-1;-1;-1
