Time;ID;Cat;XPos;YPos;ZPos;2D_XPos;2D_YPos;Vel;XDir;YDir;ZDir;BBox_XPos;BBox_YPos;BBox_ZPos;BBox_Ext_X;BBox_Ext_Y;BBox_Ext_Z;Corner_XYZ_X;Corner_XYZ_Y;Corner_XYZ_Z;Corner_XY-Z_X;Corner_XY-Z_Y;Corner_XY-Z_Z;Corner_X-YZ_X;Corner_X-YZ_Y;Corner_X-YZ_Z;Corner_X-Y-Z_X;Corner_X-Y-Z_Y;Corner_X-Y-Z_Z;Corner_-XYZ_X;Corner_-XYZ_Y;Corner_-XYZ_Z;Corner_-XY-Z_X;Corner_-XY-Z_Y;Corner_-XY-Z_Z;Corner_-X-YZ_X;Corner_-X-YZ_Y;Corner_-X-YZ_Z;Corner_-X-Y-Z_X;Corner_-X-Y-Z_Y;Corner_-X-Y-Z_Z;BBox_2D_XPos;BBox_2D_YPos;Corner_2D_XYZ_X;Corner_2D_XYZ_Y;Corner_2D_XY-Z_X;Corner_2D_XY-Z_Y;Corner_2D_X-YZ_X;Corner_2D_X-YZ_Y;Corner_2D_X-Y-Z_X;Corner_2D_X-Y-Z_Y;Corner_2D_-XYZ_X;Corner_2D_-XYZ_Y;Corner_-2D_XY-Z_X;Corner_2D_-XY-Z_Y;Corner_2D_-X-YZ_X;Corner_2D_-X-YZ_Y;Corner_2D_-X-Y-Z_X;Corner_2D_-X-Y-Z_Y;
J0:19:20:08:151;Hatchback_Car_AI_C_11;211;39171.132812;-71608.109375;-54291.265625;90;650;692.952759;0.099522;-0.976149;-0.192946;39174.023438;-71636.945312;-54216.453125;204.0;92.0;76.0;39287.289062;-71841.351562;-54181.183594;39284.414062;-71812.164062;-54330.324219;39104.234375;-71859.992188;-54181.300781;39101.359375;-71830.804688;-54330.441406;39246.6875;-71443.085938;-54102.464844;39243.8125;-71413.898438;-54251.605469;39063.632812;-71461.726562;-54102.582031;39060.757812;-71432.539062;-54251.722656;95;637;113;633;113;646;41;633;41;646;147;630;147;641;78;630;78;641
J0:19:20:08:151;Hatchback_Car_AI_C_15;211;39007.945312;-67999.929688;-53462.570312;-1;-1;699.249023;-0.07779;-0.986292;-0.145519;39005.921875;-68025.195312;-53386.449219;204.0;92.0;76.0;39080.867188;-68244.664062;-53340.910156;39082.664062;-68222.617188;-53491.292969;38897.4375;-68230.179688;-53340.980469;38899.234375;-68208.132812;-53491.363281;39112.609375;-67842.257812;-53281.535156;39114.40625;-67820.210938;-53431.917969;38929.179688;-67827.773438;-53281.605469;38930.976562;-67805.726562;-53431.988281;-1;-1;-1;-1;-1;-1;-1;-1;-1;-1;-1;-1;-1;-1;-1;-1;-1;-1
