Time;ID;Cat;XPos;YPos;ZPos;2D_XPos;2D_YPos;Vel;XDir;YDir;ZDir;BBox_XPos;BBox_YPos;BBox_ZPos;BBox_Ext_X;BBox_Ext_Y;BBox_Ext_Z;Corner_XYZ_X;Corner_XYZ_Y;Corner_XYZ_Z;Corner_XY-Z_X;Corner_XY-Z_Y;Corner_XY-Z_Z;Corner_X-YZ_X;Corner_X-YZ_Y;Corner_X-YZ_Z;Corner_X-Y-Z_X;Corner_X-Y-Z_Y;Corner_X-Y-Z_Z;Corner_-XYZ_X;Corner_-XYZ_Y;Corner_-XYZ_Z;Corner_-XY-Z_X;Corner_-XY-Z_Y;Corner_-XY-Z_Z;Corner_-X-YZ_X;Corner_-X-YZ_Y;Corner_-X-YZ_Z;Corner_-X-Y-Z_X;Corner_-X-Y-Z_Y;Corner_-X-Y-Z_Z;BBox_2D_XPos;BBox_2D_YPos;Corner_2D_XYZ_X;Corner_2D_XYZ_Y;Corner_2D_XY-Z_X;Corner_2D_XY-Z_Y;Corner_2D_X-YZ_X;Corner_2D_X-YZ_Y;Corner_2D_X-Y-Z_X;Corner_2D_X-Y-Z_Y;Corner_2D_-XYZ_X;Corner_2D_-XYZ_Y;Corner_-2D_XY-Z_X;Corner_2D_-XY-Z_Y;Corner_2D_-X-YZ_X;Corner_2D_-X-YZ_Y;Corner_2D_-X-Y-Z_X;Corner_2D_-X-Y-Z_Y;
J0:19:18:51:343;Hatchback_Car_AI_C_3;211;39369.476562;-73490.46875;-54478.148438;395;688;678.925049;0.084397;-0.996363;-0.011697;39370.679688;-73505.34375;-54399.316406;204.0;92.0;76.0;39479.589844;-73701.726562;-54325.640625;39479.550781;-73699.945312;-54477.632812;39296.246094;-73717.257812;-54325.773438;39296.207031;-73715.476562;-54477.765625;39445.152344;-73295.210938;-54320.867188;39445.113281;-73293.429688;-54472.859375;39261.808594;-73310.742188;-54321.0;39261.769531;-73308.960938;-54472.992188;398;674;422;663;422;690;350;663;350;690;443;658;443;684;374;658;374;684
J0:19:18:51:343;Hatchback_Car_AI_C_7;211;39042.507812;-70252.507812;-53965.214844;-1;-1;683.049683;0.073387;-0.964606;-0.253276;39045.261719;-70285.945312;-53892.335938;204.0;92.0;76.0;39153.625;-70494.867188;-53870.714844;39150.304688;-70456.507812;-54017.761719;38970.164062;-70508.945312;-53870.246094;38966.84375;-70470.585938;-54017.292969;39123.679688;-70101.304688;-53767.378906;39120.359375;-70062.945312;-53914.425781;38940.21875;-70115.382812;-53766.910156;38936.898438;-70077.023438;-53913.957031;-1;-1;-1;-1;-1;-1;-1;-1;-1;-1;-1;-1;-1;-1;-1;-1;-1;-1
J0:19:18:51:343;Hatchback_Car_AI_C_11;211;39073.457031;-67351.125;-53381.414062;-1;-1;651.527344;-0.130233;-0.986345;-0.100809;39070.578125;-67372.828125;-53304.226562;204.0;92.0;76.0;39134.203125;-67593.679688;-53249.164062;39136.234375;-67578.492188;-53400.390625;38951.789062;-67569.585938;-53249.195312;38953.820312;-67554.398438;-53400.421875;39187.335938;-67191.257812;-53208.03125;39189.367188;-67176.070312;-53359.257812;39004.921875;-67167.164062;-53208.0625;39006.953125;-67151.976562;-53359.289062;-1;-1;-1;-1;-1;-1;-1;-1;-1;-1;-1;-1;-1;-1;-1;-1;-1;-1
