Time;ID;Cat;XPos;YPos;ZPos;2D_XPos;2D_YPos;Vel;XDir;YDir;ZDir;BBox_XPos;BBox_YPos;BBox_ZPos;BBox_Ext_X;BBox_Ext_Y;BBox_Ext_Z;Corner_XYZ_X;Corner_XYZ_Y;Corner_XYZ_Z;Corner_XY-Z_X;Corner_XY-Z_Y;Corner_XY-Z_Z;Corner_X-YZ_X;Corner_X-YZ_Y;Corner_X-YZ_Z;Corner_X-Y-Z_X;Corner_X-Y-Z_Y;Corner_X-Y-Z_Z;Corner_-XYZ_X;Corner_-XYZ_Y;Corner_-XYZ_Z;Corner_-XY-Z_X;Corner_-XY-Z_Y;Corner_-XY-Z_Z;Corner_-X-YZ_X;Corner_-X-YZ_Y;Corner_-X-YZ_Z;Corner_-X-Y-Z_X;Corner_-X-Y-Z_Y;Corner_-X-Y-Z_Z;BBox_2D_XPos;BBox_2D_YPos;Corner_2D_XYZ_X;Corner_2D_XYZ_Y;Corner_2D_XY-Z_X;Corner_2D_XY-Z_Y;Corner_2D_X-YZ_X;Corner_2D_X-YZ_Y;Corner_2D_X-Y-Z_X;Corner_2D_X-Y-Z_Y;Corner_2D_-XYZ_X;Corner_2D_-XYZ_Y;Corner_-2D_XY-Z_X;Corner_2D_-XY-Z_Y;Corner_2D_-X-YZ_X;Corner_2D_-X-YZ_Y;Corner_2D_-X-Y-Z_X;Corner_2D_-X-Y-Z_Y;
J0:19:19:51:341;Hatchback_Car_AI_C_7;211;39374.550781;-73551.828125;-54478.65625;405;688;695.751831;0.085215;-0.996348;-0.005376;39375.742188;-73566.203125;-54399.734375;204.0;92.0;76.0;39484.785156;-73762.039062;-54324.785156;39484.792969;-73761.210938;-54476.785156;39301.457031;-73777.710938;-54324.878906;39301.464844;-73776.882812;-54476.878906;39450.019531;-73355.523438;-54322.589844;39450.027344;-73354.695312;-54474.589844;39266.691406;-73371.195312;-54322.683594;39266.699219;-73370.367188;-54474.683594;408;674;432;663;432;690;361;663;361;690;453;658;453;684;385;658;385;684
J0:19:19:51:341;Hatchback_Car_AI_C_11;211;39080.496094;-70681.8125;-54075.867188;-1;-1;677.239746;0.088791;-0.964344;-0.249312;39083.675781;-70714.914062;-54002.851562;204.0;92.0;76.0;39195.261719;-70922.03125;-53980.253906;39191.535156;-70884.3125;-54127.457031;39012.042969;-70938.96875;-53979.964844;39008.316406;-70901.25;-54127.167969;39159.035156;-70528.578125;-53878.535156;39155.308594;-70490.859375;-54025.738281;38975.816406;-70545.515625;-53878.246094;38972.089844;-70507.796875;-54025.449219;-1;-1;-1;-1;-1;-1;-1;-1;-1;-1;6;595;6;602;-1;-1;-1;-1
