Time;ID;Cat;XPos;YPos;ZPos;2D_XPos;2D_YPos;Vel;XDir;YDir;ZDir;BBox_XPos;BBox_YPos;BBox_ZPos;BBox_Ext_X;BBox_Ext_Y;BBox_Ext_Z;Corner_XYZ_X;Corner_XYZ_Y;Corner_XYZ_Z;Corner_XY-Z_X;Corner_XY-Z_Y;Corner_XY-Z_Z;Corner_X-YZ_X;Corner_X-YZ_Y;Corner_X-YZ_Z;Corner_X-Y-Z_X;Corner_X-Y-Z_Y;Corner_X-Y-Z_Z;Corner_-XYZ_X;Corner_-XYZ_Y;Corner_-XYZ_Z;Corner_-XY-Z_X;Corner_-XY-Z_Y;Corner_-XY-Z_Z;Corner_-X-YZ_X;Corner_-X-YZ_Y;Corner_-X-YZ_Z;Corner_-X-Y-Z_X;Corner_-X-Y-Z_Y;Corner_-X-Y-Z_Z;BBox_2D_XPos;BBox_2D_YPos;Corner_2D_XYZ_X;Corner_2D_XYZ_Y;Corner_2D_XY-Z_X;Corner_2D_XY-Z_Y;Corner_2D_X-YZ_X;Corner_2D_X-YZ_Y;Corner_2D_X-Y-Z_X;Corner_2D_X-Y-Z_Y;Corner_2D_-XYZ_X;Corner_2D_-XYZ_Y;Corner_-2D_XY-Z_X;Corner_2D_-XY-Z_Y;Corner_2D_-X-YZ_X;Corner_2D_-X-YZ_Y;Corner_2D_-X-Y-Z_X;Corner_2D_-X-Y-Z_Y;
J0:19:19:27:748;Hatchback_Car_AI_C_7;211;39239.820312;-72257.304688;-54394.929688;193;670;689.15271;0.111795;-0.985416;-0.128286;39242.125;-72281.21875;-54318.378906;204.0;92.0;76.0;39357.058594;-72481.664062;-54268.710938;39355.636719;-72462.195312;-54419.453125;39174.222656;-72502.289062;-54269.648438;39172.800781;-72482.820312;-54420.390625;39311.449219;-72079.617188;-54216.367188;39310.027344;-72060.148438;-54367.109375;39128.613281;-72100.242188;-54217.304688;39127.191406;-72080.773438;-54368.046875;197;656;216;650;216;668;145;650;145;668;247;646;247;663;178;646;178;663
J0:19:19:27:748;Hatchback_Car_AI_C_11;211;38987.355469;-69375.8125;-53741.609375;-1;-1;678.583313;0.034548;-0.970115;-0.240174;38988.625;-69408.351562;-53668.285156;204.0;92.0;76.0;39088.371094;-69621.1875;-53643.628906;39086.855469;-69584.71875;-53791.183594;38904.488281;-69627.796875;-53643.378906;38902.972656;-69591.328125;-53790.933594;39074.277344;-69225.375;-53545.636719;39072.761719;-69188.90625;-53693.191406;38890.394531;-69231.984375;-53545.386719;38888.878906;-69195.515625;-53692.941406;-1;-1;-1;-1;-1;-1;-1;-1;-1;-1;-1;-1;-1;-1;-1;-1;-1;-1
J0:19:19:27:748;Hatchback_Car_AI_C_15;211;39346.957031;-65782.554688;-53291.21875;-1;-1;653.371582;-0.216613;-0.975943;-0.024759;39343.480469;-65798.125;-53212.589844;204.0;92.0;76.0;39388.679688;-66018.992188;-53141.640625;39389.53125;-66015.320312;-53293.59375;39209.054688;-65979.117188;-53141.6875;39209.90625;-65975.445312;-53293.640625;39477.054688;-65620.804688;-53131.539062;39477.90625;-65617.132812;-53283.492188;39297.429688;-65580.929688;-53131.585938;39298.28125;-65577.257812;-53283.539062;-1;-1;-1;-1;-1;-1;-1;-1;-1;-1;-1;-1;-1;-1;-1;-1;-1;-1
