Time;ID;Cat;XPos;YPos;ZPos;2D_XPos;2D_YPos;Vel;XDir;YDir;ZDir;BBox_XPos;BBox_YPos;BBox_ZPos;BBox_Ext_X;BBox_Ext_Y;BBox_Ext_Z;Corner_XYZ_X;Corner_XYZ_Y;Corner_XYZ_Z;Corner_XY-Z_X;Corner_XY-Z_Y;Corner_XY-Z_Z;Corner_X-YZ_X;Corner_X-YZ_Y;Corner_X-YZ_Z;Corner_X-Y-Z_X;Corner_X-Y-Z_Y;Corner_X-Y-Z_Z;Corner_-XYZ_X;Corner_-XYZ_Y;Corner_-XYZ_Z;Corner_-XY-Z_X;Corner_-XY-Z_Y;Corner_-XY-Z_Z;Corner_-X-YZ_X;Corner_-X-YZ_Y;Corner_-X-YZ_Z;Corner_-X-Y-Z_X;Corner_-X-Y-Z_Y;Corner_-X-Y-Z_Z;BBox_2D_XPos;BBox_2D_YPos;Corner_2D_XYZ_X;Corner_2D_XYZ_Y;Corner_2D_XY-Z_X;Corner_2D_XY-Z_Y;Corner_2D_X-YZ_X;Corner_2D_X-YZ_Y;Corner_2D_X-Y-Z_X;Corner_2D_X-Y-Z_Y;Corner_2D_-XYZ_X;Corner_2D_-XYZ_Y;Corner_-2D_XY-Z_X;Corner_2D_-XY-Z_Y;Corner_2D_-X-YZ_X;Corner_2D_-X-YZ_Y;Corner_2D_-X-Y-Z_X;Corner_2D_-X-Y-Z_Y;
J0:19:19:00:151;Hatchback_Car_AI_C_3;211;39401.101562;-73972.453125;-54473.890625;478;688;676.267822;0.055438;-0.998175;0.023923;39401.902344;-73984.53125;-54394.578125;204.0;92.0;76.0;39505.09375;-74181.234375;-54313.875;39505.046875;-74184.875;-54465.828125;39321.375;-74191.4375;-54313.570312;39321.328125;-74195.078125;-54465.523438;39482.476562;-73773.984375;-54323.632812;39482.429688;-73777.625;-54475.585938;39298.757812;-73784.1875;-54323.328125;39298.710938;-73787.828125;-54475.28125;481;674;507;662;507;691;435;662;435;691;524;657;524;685;455;657;455;685
J0:19:19:00:151;Hatchback_Car_AI_C_7;211;39083.722656;-70735.054688;-54089.46875;-1;-1;670.108337;0.0866;-0.964835;-0.24818;39086.890625;-70768.070312;-54016.414062;204.0;92.0;76.0;39198.066406;-70975.382812;-53993.652344;39194.300781;-70937.851562;-54140.894531;39014.816406;-70991.945312;-53993.191406;39011.050781;-70954.414062;-54140.433594;39162.730469;-70581.726562;-53892.394531;39158.964844;-70544.195312;-54039.636719;38979.480469;-70598.289062;-53891.933594;38975.714844;-70560.757812;-54039.175781;-1;-1;-1;-1;-1;-1;-1;-1;-1;-1;14;597;14;605;-1;-1;-1;-1
J0:19:19:00:151;Hatchback_Car_AI_C_11;211;39021.578125;-67827.492188;-53438.140625;-1;-1;644.012085;-0.09302;-0.98644;-0.135218;39019.257812;-67851.9375;-53361.757812;204.0;92.0;76.0;39090.894531;-68072.039062;-53314.023438;39092.855469;-68051.585938;-53464.625;38907.707031;-68054.757812;-53314.0625;38909.667969;-68034.304688;-53464.664062;39128.847656;-67669.570312;-53258.851562;39130.808594;-67649.117188;-53409.453125;38945.660156;-67652.289062;-53258.890625;38947.621094;-67631.835938;-53409.492188;-1;-1;-1;-1;-1;-1;-1;-1;-1;-1;-1;-1;-1;-1;-1;-1;-1;-1
