Time;ID;Cat;XPos;YPos;ZPos;2D_XPos;2D_YPos;Vel;XDir;YDir;ZDir;BBox_XPos;BBox_YPos;BBox_ZPos;BBox_Ext_X;BBox_Ext_Y;BBox_Ext_Z;Corner_XYZ_X;Corner_XYZ_Y;Corner_XYZ_Z;Corner_XY-Z_X;Corner_XY-Z_Y;Corner_XY-Z_Z;Corner_X-YZ_X;Corner_X-YZ_Y;Corner_X-YZ_Z;Corner_X-Y-Z_X;Corner_X-Y-Z_Y;Corner_X-Y-Z_Z;Corner_-XYZ_X;Corner_-XYZ_Y;Corner_-XYZ_Z;Corner_-XY-Z_X;Corner_-XY-Z_Y;Corner_-XY-Z_Z;Corner_-X-YZ_X;Corner_-X-YZ_Y;Corner_-X-YZ_Z;Corner_-X-Y-Z_X;Corner_-X-Y-Z_Y;Corner_-X-Y-Z_Z;BBox_2D_XPos;BBox_2D_YPos;Corner_2D_XYZ_X;Corner_2D_XYZ_Y;Corner_2D_XY-Z_X;Corner_2D_XY-Z_Y;Corner_2D_X-YZ_X;Corner_2D_X-YZ_Y;Corner_2D_X-Y-Z_X;Corner_2D_X-Y-Z_Y;Corner_2D_-XYZ_X;Corner_2D_-XYZ_Y;Corner_-2D_XY-Z_X;Corner_2D_-XY-Z_Y;Corner_2D_-X-YZ_X;Corner_2D_-X-YZ_Y;Corner_2D_-X-Y-Z_X;Corner_2D_-X-Y-Z_Y;
J0:19:18:20:547;Hatchback_Car_AI_C_3;211;39191.554688;-71800.679688;-54326.570312;121;657;677.94928;0.10461;-0.979107;-0.174371;39194.257812;-71828.109375;-54251.222656;204.0;92.0;76.0;39308.273438;-72031.320312;-54211.699219;39305.890625;-72004.914062;-54361.371094;39125.304688;-72050.773438;-54212.214844;39122.921875;-72024.367188;-54361.886719;39265.59375;-71631.851562;-54140.558594;39263.210938;-71605.445312;-54290.230469;39082.625;-71651.304688;-54141.074219;39080.242188;-71624.898438;-54290.746094;125;644;143;639;143;653;71;639;71;653;176;635;176;648;107;635;107;648
J0:19:18:20:547;Hatchback_Car_AI_C_7;211;38982.226562;-68546.289062;-53556.023438;-1;-1;661.553406;-0.029406;-0.981256;-0.190449;38981.339844;-68575.0625;-53481.136719;204.0;92.0;76.0;39066.839844;-68792.46875;-53445.351562;39067.753906;-68763.53125;-53594.570312;38882.925781;-68786.953125;-53445.40625;38883.839844;-68758.015625;-53594.625;39078.839844;-68392.109375;-53367.648438;39079.753906;-68363.171875;-53516.867188;38894.925781;-68386.59375;-53367.703125;38895.839844;-68357.65625;-53516.921875;-1;-1;-1;-1;-1;-1;-1;-1;-1;-1;-1;-1;-1;-1;-1;-1;-1;-1
