Time;ID;Cat;XPos;YPos;ZPos;2D_XPos;2D_YPos;Vel;XDir;YDir;ZDir;BBox_XPos;BBox_YPos;BBox_ZPos;BBox_Ext_X;BBox_Ext_Y;BBox_Ext_Z;Corner_XYZ_X;Corner_XYZ_Y;Corner_XYZ_Z;Corner_XY-Z_X;Corner_XY-Z_Y;Corner_XY-Z_Z;Corner_X-YZ_X;Corner_X-YZ_Y;Corner_X-YZ_Z;Corner_X-Y-Z_X;Corner_X-Y-Z_Y;Corner_X-Y-Z_Z;Corner_-XYZ_X;Corner_-XYZ_Y;Corner_-XYZ_Z;Corner_-XY-Z_X;Corner_-XY-Z_Y;Corner_-XY-Z_Z;Corner_-X-YZ_X;Corner_-X-YZ_Y;Corner_-X-YZ_Z;Corner_-X-Y-Z_X;Corner_-X-Y-Z_Y;Corner_-X-Y-Z_Z;BBox_2D_XPos;BBox_2D_YPos;Corner_2D_XYZ_X;Corner_2D_XYZ_Y;Corner_2D_XY-Z_X;Corner_2D_XY-Z_Y;Corner_2D_X-YZ_X;Corner_2D_X-YZ_Y;Corner_2D_X-Y-Z_X;Corner_2D_X-Y-Z_Y;Corner_2D_-XYZ_X;Corner_2D_-XYZ_Y;Corner_-2D_XY-Z_X;Corner_2D_-XY-Z_Y;Corner_2D_-X-YZ_X;Corner_2D_-X-YZ_Y;Corner_2D_-X-Y-Z_X;Corner_2D_-X-Y-Z_Y;
J0:19:19:59:343;Hatchback_Car_AI_C_7;211;39404.90625;-74003.671875;-54473.277344;484;688;658.919983;0.056848;-0.998096;0.023939;39405.742188;-74015.75;-54393.964844;204.0;92.0;76.0;39509.226562;-74212.304688;-54313.273438;39509.15625;-74215.960938;-54465.226562;39325.523438;-74222.757812;-54312.9375;39325.453125;-74226.414062;-54464.890625;39486.03125;-73805.085938;-54323.039062;39485.960938;-73808.742188;-54474.992188;39302.328125;-73815.539062;-54322.703125;39302.257812;-73819.195312;-54474.65625;486;674;513;662;513;691;440;662;440;691;530;657;530;685;460;657;460;685
J0:19:19:59:343;Hatchback_Car_AI_C_11;211;39121.984375;-71119.15625;-54184.484375;14;631;669.796082;0.095058;-0.966929;-0.236668;39125.292969;-71151.289062;-54111.042969;204.0;92.0;76.0;39238.140625;-71357.382812;-54085.652344;39234.335938;-71321.617188;-54233.332031;39055.03125;-71375.460938;-54085.316406;39051.226562;-71339.695312;-54232.996094;39199.359375;-70962.882812;-53989.089844;39195.554688;-70927.117188;-54136.769531;39016.25;-70980.960938;-53988.753906;39012.445312;-70945.195312;-54136.433594;19;619;36;616;36;625;-1;-1;-1;-1;72;613;72;621;3;613;3;621
