Time;ID;Cat;XPos;YPos;ZPos;2D_XPos;2D_YPos;Vel;XDir;YDir;ZDir;BBox_XPos;BBox_YPos;BBox_ZPos;BBox_Ext_X;BBox_Ext_Y;BBox_Ext_Z;Corner_XYZ_X;Corner_XYZ_Y;Corner_XYZ_Z;Corner_XY-Z_X;Corner_XY-Z_Y;Corner_XY-Z_Z;Corner_X-YZ_X;Corner_X-YZ_Y;Corner_X-YZ_Z;Corner_X-Y-Z_X;Corner_X-Y-Z_Y;Corner_X-Y-Z_Z;Corner_-XYZ_X;Corner_-XYZ_Y;Corner_-XYZ_Z;Corner_-XY-Z_X;Corner_-XY-Z_Y;Corner_-XY-Z_Z;Corner_-X-YZ_X;Corner_-X-YZ_Y;Corner_-X-YZ_Z;Corner_-X-Y-Z_X;Corner_-X-Y-Z_Y;Corner_-X-Y-Z_Z;BBox_2D_XPos;BBox_2D_YPos;Corner_2D_XYZ_X;Corner_2D_XYZ_Y;Corner_2D_XY-Z_X;Corner_2D_XY-Z_Y;Corner_2D_X-YZ_X;Corner_2D_X-YZ_Y;Corner_2D_X-Y-Z_X;Corner_2D_X-Y-Z_Y;Corner_2D_-XYZ_X;Corner_2D_-XYZ_Y;Corner_-2D_XY-Z_X;Corner_2D_-XY-Z_Y;Corner_2D_-X-YZ_X;Corner_2D_-X-YZ_Y;Corner_2D_-X-Y-Z_X;Corner_2D_-X-Y-Z_Y;
J0:19:19:05:341;Hatchback_Car_AI_C_3;211;39412.980469;-74266.71875;-54465.019531;530;687;670.712708;0.034726;-0.998784;0.034997;39413.527344;-74277.929688;-54385.578125;204.0;92.0;76.0;39512.617188;-74475.828125;-54302.667969;39512.5;-74481.15625;-54454.574219;39328.726562;-74482.203125;-54302.300781;39328.609375;-74487.53125;-54454.207031;39498.445312;-74068.328125;-54316.949219;39498.328125;-74073.65625;-54468.855469;39314.554688;-74074.703125;-54316.582031;39314.4375;-74080.03125;-54468.488281;532;672;561;660;561;690;488;660;488;690;575;655;575;685;505;655;505;685
J0:19:19:05:341;Hatchback_Car_AI_C_7;211;39110.738281;-71022.796875;-54160.929688;0;627;679.868469;0.093941;-0.96622;-0.239987;39114.039062;-71055.179688;-54087.597656;204.0;92.0;76.0;39226.675781;-71261.484375;-54062.949219;39222.855469;-71225.203125;-54210.503906;39043.550781;-71279.375;-54062.605469;39039.730469;-71243.09375;-54210.160156;39188.347656;-70867.265625;-53965.035156;39184.527344;-70830.984375;-54112.589844;39005.222656;-70885.15625;-53964.691406;39001.402344;-70848.875;-54112.246094;5;614;21;612;21;620;-1;-1;-1;-1;58;609;58;617;-1;-1;-1;-1
J0:19:19:05:341;Hatchback_Car_AI_C_11;211;38999.148438;-68119.703125;-53480.972656;-1;-1;683.494934;-0.069876;-0.98533;-0.155702;38997.328125;-68145.765625;-53405.117188;204.0;92.0;76.0;39074.035156;-68365.078125;-53361.839844;39075.652344;-68341.46875;-53511.988281;38890.496094;-68352.078125;-53361.769531;38892.113281;-68328.46875;-53511.917969;39102.542969;-67963.0625;-53298.316406;39104.160156;-67939.453125;-53448.464844;38919.003906;-67950.0625;-53298.246094;38920.621094;-67926.453125;-53448.394531;-1;-1;-1;-1;-1;-1;-1;-1;-1;-1;-1;-1;-1;-1;-1;-1;-1;-1
