Time;ID;Cat;XPos;YPos;ZPos;2D_XPos;2D_YPos;Vel;XDir;YDir;ZDir;BBox_XPos;BBox_YPos;BBox_ZPos;BBox_Ext_X;BBox_Ext_Y;BBox_Ext_Z;Corner_XYZ_X;Corner_XYZ_Y;Corner_XYZ_Z;Corner_XY-Z_X;Corner_XY-Z_Y;Corner_XY-Z_Z;Corner_X-YZ_X;Corner_X-YZ_Y;Corner_X-YZ_Z;Corner_X-Y-Z_X;Corner_X-Y-Z_Y;Corner_X-Y-Z_Z;Corner_-XYZ_X;Corner_-XYZ_Y;Corner_-XYZ_Z;Corner_-XY-Z_X;Corner_-XY-Z_Y;Corner_-XY-Z_Z;Corner_-X-YZ_X;Corner_-X-YZ_Y;Corner_-X-YZ_Z;Corner_-X-Y-Z_X;Corner_-X-Y-Z_Y;Corner_-X-Y-Z_Z;BBox_2D_XPos;BBox_2D_YPos;Corner_2D_XYZ_X;Corner_2D_XYZ_Y;Corner_2D_XY-Z_X;Corner_2D_XY-Z_Y;Corner_2D_X-YZ_X;Corner_2D_X-YZ_Y;Corner_2D_X-Y-Z_X;Corner_2D_X-Y-Z_Y;Corner_2D_-XYZ_X;Corner_2D_-XYZ_Y;Corner_-2D_XY-Z_X;Corner_2D_-XY-Z_Y;Corner_2D_-X-YZ_X;Corner_2D_-X-YZ_Y;Corner_2D_-X-Y-Z_X;Corner_2D_-X-Y-Z_Y;
J0:19:21:14:545;Hatchback_Car_AI_C_3;211;39247.816406;-79437.9375;-54424.933594;1448;675;667.901794;-0.012595;-0.99992;-0.000703;39247.632812;-79451.992188;-54345.945312;204.0;92.0;76.0;39337.046875;-79657.1875;-54270.078125;39337.0625;-79657.078125;-54422.078125;39153.0625;-79654.875;-54270.101562;39153.078125;-79654.765625;-54422.101562;39342.1875;-79249.21875;-54269.789062;39342.203125;-79249.109375;-54421.789062;39158.203125;-79246.90625;-54269.8125;39158.21875;-79246.796875;-54421.8125;1450;661;1495;650;1495;677;1422;650;1422;677;1478;646;1478;673;1407;646;1407;673
J0:19:21:14:545;Hatchback_Car_AI_C_15;211;39178.894531;-71698.546875;-54308.53125;105;653;660.021851;0.103281;-0.977212;-0.185447;39181.710938;-71726.8125;-54233.496094;204.0;92.0;76.0;39295.59375;-71930.5625;-54196.457031;39292.953125;-71902.5;-54345.816406;39112.609375;-71949.828125;-54196.839844;39109.96875;-71921.765625;-54346.199219;39253.453125;-71531.859375;-54120.792969;39250.8125;-71503.796875;-54270.152344;39070.46875;-71551.125;-54121.175781;39067.828125;-71523.0625;-54270.535156;109;641;127;636;127;649;56;636;56;649;161;632;161;645;92;632;92;645
J0:19:21:14:545;Hatchback_Car_AI_C_19;211;38980.503906;-68565.828125;-53559.804688;-1;-1;703.271484;-0.030873;-0.981141;-0.190813;38979.625;-68594.632812;-53484.925781;204.0;92.0;76.0;39064.851562;-68812.171875;-53449.277344;39065.710938;-68783.1875;-53598.488281;38880.945312;-68806.390625;-53449.214844;38881.804688;-68777.40625;-53598.425781;39077.445312;-68411.859375;-53371.425781;39078.304688;-68382.875;-53520.636719;38893.539062;-68406.078125;-53371.363281;38894.398438;-68377.09375;-53520.574219;-1;-1;-1;-1;-1;-1;-1;-1;-1;-1;-1;-1;-1;-1;-1;-1;-1;-1
