Time;ID;Cat;XPos;YPos;ZPos;2D_XPos;2D_YPos;Vel;XDir;YDir;ZDir;BBox_XPos;BBox_YPos;BBox_ZPos;BBox_Ext_X;BBox_Ext_Y;BBox_Ext_Z;Corner_XYZ_X;Corner_XYZ_Y;Corner_XYZ_Z;Corner_XY-Z_X;Corner_XY-Z_Y;Corner_XY-Z_Z;Corner_X-YZ_X;Corner_X-YZ_Y;Corner_X-YZ_Z;Corner_X-Y-Z_X;Corner_X-Y-Z_Y;Corner_X-Y-Z_Z;Corner_-XYZ_X;Corner_-XYZ_Y;Corner_-XYZ_Z;Corner_-XY-Z_X;Corner_-XY-Z_Y;Corner_-XY-Z_Z;Corner_-X-YZ_X;Corner_-X-YZ_Y;Corner_-X-YZ_Z;Corner_-X-Y-Z_X;Corner_-X-Y-Z_Y;Corner_-X-Y-Z_Z;BBox_2D_XPos;BBox_2D_YPos;Corner_2D_XYZ_X;Corner_2D_XYZ_Y;Corner_2D_XY-Z_X;Corner_2D_XY-Z_Y;Corner_2D_X-YZ_X;Corner_2D_X-YZ_Y;Corner_2D_X-Y-Z_X;Corner_2D_X-Y-Z_Y;Corner_2D_-XYZ_X;Corner_2D_-XYZ_Y;Corner_-2D_XY-Z_X;Corner_2D_-XY-Z_Y;Corner_2D_-X-YZ_X;Corner_2D_-X-YZ_Y;Corner_2D_-X-Y-Z_X;Corner_2D_-X-Y-Z_Y;
J0:19:19:12:943;Hatchback_Car_AI_C_7;211;39153.144531;-71447.382812;-54258.871094;66;644;678.597656;0.097505;-0.972709;-0.210548;39156.222656;-71477.546875;-54184.589844;204.0;92.0;76.0;39269.300781;-71682.703125;-54153.308594;39266.003906;-71650.875;-54301.902344;39086.222656;-71701.078125;-54153.183594;39082.925781;-71669.25;-54301.777344;39229.519531;-71285.84375;-54067.402344;39226.222656;-71254.015625;-54215.996094;39046.441406;-71304.21875;-54067.277344;39043.144531;-71272.390625;-54215.871094;70;632;88;628;88;639;16;628;16;639;123;625;123;635;53;625;53;635
J0:19:19:12:943;Hatchback_Car_AI_C_11;211;38979.78125;-68544.984375;-53555.875;-1;-1;654.059998;-0.027941;-0.981156;-0.191187;38978.90625;-68573.820312;-53481.007812;204.0;92.0;76.0;39064.703125;-68791.132812;-53445.351562;39065.632812;-68762.085938;-53594.546875;38880.78125;-68785.867188;-53445.476562;38881.710938;-68756.820312;-53594.671875;39076.101562;-68390.820312;-53367.34375;39077.03125;-68361.773438;-53516.539062;38892.179688;-68385.554688;-53367.46875;38893.109375;-68356.507812;-53516.664062;-1;-1;-1;-1;-1;-1;-1;-1;-1;-1;-1;-1;-1;-1;-1;-1;-1;-1
