Time;ID;Cat;XPos;YPos;ZPos;2D_XPos;2D_YPos;Vel;XDir;YDir;ZDir;BBox_XPos;BBox_YPos;BBox_ZPos;BBox_Ext_X;BBox_Ext_Y;BBox_Ext_Z;Corner_XYZ_X;Corner_XYZ_Y;Corner_XYZ_Z;Corner_XY-Z_X;Corner_XY-Z_Y;Corner_XY-Z_Z;Corner_X-YZ_X;Corner_X-YZ_Y;Corner_X-YZ_Z;Corner_X-Y-Z_X;Corner_X-Y-Z_Y;Corner_X-Y-Z_Z;Corner_-XYZ_X;Corner_-XYZ_Y;Corner_-XYZ_Z;Corner_-XY-Z_X;Corner_-XY-Z_Y;Corner_-XY-Z_Z;Corner_-X-YZ_X;Corner_-X-YZ_Y;Corner_-X-YZ_Z;Corner_-X-Y-Z_X;Corner_-X-Y-Z_Y;Corner_-X-Y-Z_Z;BBox_2D_XPos;BBox_2D_YPos;Corner_2D_XYZ_X;Corner_2D_XYZ_Y;Corner_2D_XY-Z_X;Corner_2D_XY-Z_Y;Corner_2D_X-YZ_X;Corner_2D_X-YZ_Y;Corner_2D_X-Y-Z_X;Corner_2D_X-Y-Z_Y;Corner_2D_-XYZ_X;Corner_2D_-XYZ_Y;Corner_-2D_XY-Z_X;Corner_2D_-XY-Z_Y;Corner_2D_-X-YZ_X;Corner_2D_-X-YZ_Y;Corner_2D_-X-Y-Z_X;Corner_2D_-X-Y-Z_Y;
J0:19:20:06:146;Hatchback_Car_AI_C_11;211;39159.84375;-71496.1875;-54269.128906;73;646;672.824402;0.095744;-0.974069;-0.204994;39162.820312;-71525.9375;-54194.675781;204.0;92.0;76.0;39275.484375;-71731.132812;-54162.167969;39272.335938;-71700.132812;-54310.941406;39092.367188;-71749.164062;-54162.050781;39089.21875;-71718.164062;-54310.824219;39236.421875;-71333.710938;-54078.527344;39233.273438;-71302.710938;-54227.300781;39053.304688;-71351.742188;-54078.410156;39050.15625;-71320.742188;-54227.183594;78;633;95;630;95;641;23;630;23;641;130;626;130;637;60;626;60;637
J0:19:20:06:146;Hatchback_Car_AI_C_15;211;39016.785156;-67888.421875;-53446.492188;-1;-1;684.487427;-0.089182;-0.986449;-0.137714;39014.570312;-67913.070312;-53370.171875;204.0;92.0;76.0;39087.074219;-68133.007812;-53323.003906;39088.933594;-68112.164062;-53473.558594;38903.824219;-68116.445312;-53322.972656;38905.683594;-68095.601562;-53473.527344;39123.457031;-67730.539062;-53266.816406;39125.316406;-67709.695312;-53417.371094;38940.207031;-67713.976562;-53266.785156;38942.066406;-67693.132812;-53417.339844;-1;-1;-1;-1;-1;-1;-1;-1;-1;-1;-1;-1;-1;-1;-1;-1;-1;-1
