Time;ID;Cat;XPos;YPos;ZPos;2D_XPos;2D_YPos;Vel;XDir;YDir;ZDir;BBox_XPos;BBox_YPos;BBox_ZPos;BBox_Ext_X;BBox_Ext_Y;BBox_Ext_Z;Corner_XYZ_X;Corner_XYZ_Y;Corner_XYZ_Z;Corner_XY-Z_X;Corner_XY-Z_Y;Corner_XY-Z_Z;Corner_X-YZ_X;Corner_X-YZ_Y;Corner_X-YZ_Z;Corner_X-Y-Z_X;Corner_X-Y-Z_Y;Corner_X-Y-Z_Z;Corner_-XYZ_X;Corner_-XYZ_Y;Corner_-XYZ_Z;Corner_-XY-Z_X;Corner_-XY-Z_Y;Corner_-XY-Z_Z;Corner_-X-YZ_X;Corner_-X-YZ_Y;Corner_-X-YZ_Z;Corner_-X-Y-Z_X;Corner_-X-Y-Z_Y;Corner_-X-Y-Z_Z;BBox_2D_XPos;BBox_2D_YPos;Corner_2D_XYZ_X;Corner_2D_XYZ_Y;Corner_2D_XY-Z_X;Corner_2D_XY-Z_Y;Corner_2D_X-YZ_X;Corner_2D_X-YZ_Y;Corner_2D_X-Y-Z_X;Corner_2D_X-Y-Z_Y;Corner_2D_-XYZ_X;Corner_2D_-XYZ_Y;Corner_-2D_XY-Z_X;Corner_2D_-XY-Z_Y;Corner_2D_-X-YZ_X;Corner_2D_-X-YZ_Y;Corner_2D_-X-Y-Z_X;Corner_2D_-X-Y-Z_Y;
J0:19:18:04:544;Hatchback_Car_AI_C_3;211;39102.429688;-70913.734375;-54134.257812;-1;-1;664.151489;0.091911;-0.965223;-0.244741;39105.714844;-70946.476562;-54061.085938;204.0;92.0;76.0;39217.96875;-71153.117188;-54037.511719;39214.125;-71116.117188;-54184.886719;39034.804688;-71170.648438;-54037.136719;39030.960938;-71133.648438;-54184.511719;39180.46875;-70759.304688;-53937.660156;39176.625;-70722.304688;-54085.035156;38997.304688;-70776.835938;-53937.285156;38993.460938;-70739.835938;-54084.660156;-1;-1;4;607;4;615;-1;-1;-1;-1;41;604;41;612;-1;-1;-1;-1
J0:19:18:04:544;Hatchback_Car_AI_C_7;211;39037.488281;-67668.15625;-53417.304688;-1;-1;671.486328;-0.101682;-0.987215;-0.122745;39035.011719;-67691.617188;-53340.621094;204.0;92.0;76.0;39104.773438;-67911.71875;-53290.164062;39106.796875;-67893.171875;-53441.015625;38921.742188;-67892.84375;-53290.304688;38923.765625;-67874.296875;-53441.15625;39146.257812;-67508.9375;-53240.085938;39148.28125;-67490.390625;-53390.9375;38963.226562;-67490.0625;-53240.226562;38965.25;-67471.515625;-53391.078125;-1;-1;-1;-1;-1;-1;-1;-1;-1;-1;-1;-1;-1;-1;-1;-1;-1;-1
