Time;ID;Cat;XPos;YPos;ZPos;2D_XPos;2D_YPos;Vel;XDir;YDir;ZDir;BBox_XPos;BBox_YPos;BBox_ZPos;BBox_Ext_X;BBox_Ext_Y;BBox_Ext_Z;Corner_XYZ_X;Corner_XYZ_Y;Corner_XYZ_Z;Corner_XY-Z_X;Corner_XY-Z_Y;Corner_XY-Z_Z;Corner_X-YZ_X;Corner_X-YZ_Y;Corner_X-YZ_Z;Corner_X-Y-Z_X;Corner_X-Y-Z_Y;Corner_X-Y-Z_Z;Corner_-XYZ_X;Corner_-XYZ_Y;Corner_-XYZ_Z;Corner_-XY-Z_X;Corner_-XY-Z_Y;Corner_-XY-Z_Z;Corner_-X-YZ_X;Corner_-X-YZ_Y;Corner_-X-YZ_Z;Corner_-X-Y-Z_X;Corner_-X-Y-Z_Y;Corner_-X-Y-Z_Z;BBox_2D_XPos;BBox_2D_YPos;Corner_2D_XYZ_X;Corner_2D_XYZ_Y;Corner_2D_XY-Z_X;Corner_2D_XY-Z_Y;Corner_2D_X-YZ_X;Corner_2D_X-YZ_Y;Corner_2D_X-Y-Z_X;Corner_2D_X-Y-Z_Y;Corner_2D_-XYZ_X;Corner_2D_-XYZ_Y;Corner_-2D_XY-Z_X;Corner_2D_-XY-Z_Y;Corner_2D_-X-YZ_X;Corner_2D_-X-YZ_Y;Corner_2D_-X-Y-Z_X;Corner_2D_-X-Y-Z_Y;
J0:19:17:30:039;Hatchback_Car_AI_C_3;211;38976.046875;-68906.03125;-53631.019531;-1;-1;691.7099;0.001416;-0.975784;-0.218729;38976.132812;-68936.96875;-53556.996094;204.0;92.0;76.0;39068.488281;-69152.515625;-53527.503906;39068.355469;-69119.265625;-53675.824219;38884.488281;-69152.796875;-53527.410156;38884.355469;-69119.546875;-53675.730469;39067.910156;-68754.390625;-53438.261719;39067.777344;-68721.140625;-53586.582031;38883.910156;-68754.671875;-53438.167969;38883.777344;-68721.421875;-53586.488281;-1;-1;-1;-1;-1;-1;-1;-1;-1;-1;-1;-1;-1;-1;-1;-1;-1;-1
J0:19:17:30:039;Hatchback_Car_AI_C_7;211;39366.285156;-65697.953125;-53289.003906;-1;-1;691.474487;-0.224427;-0.974253;-0.021514;39362.753906;-65713.25;-53210.324219;204.0;92.0;76.0;39406.25;-65934.242188;-53138.726562;39407.0;-65931.054688;-53290.6875;39226.945312;-65892.945312;-53138.742188;39227.695312;-65889.757812;-53290.703125;39497.8125;-65536.75;-53129.945312;39498.5625;-65533.5625;-53281.90625;39318.507812;-65495.445312;-53129.960938;39319.257812;-65492.257812;-53281.921875;-1;-1;-1;-1;-1;-1;-1;-1;-1;-1;-1;-1;-1;-1;-1;-1;-1;-1
