Time;ID;Cat;XPos;YPos;ZPos;2D_XPos;2D_YPos;Vel;XDir;YDir;ZDir;BBox_XPos;BBox_YPos;BBox_ZPos;BBox_Ext_X;BBox_Ext_Y;BBox_Ext_Z;Corner_XYZ_X;Corner_XYZ_Y;Corner_XYZ_Z;Corner_XY-Z_X;Corner_XY-Z_Y;Corner_XY-Z_Z;Corner_X-YZ_X;Corner_X-YZ_Y;Corner_X-YZ_Z;Corner_X-Y-Z_X;Corner_X-Y-Z_Y;Corner_X-Y-Z_Z;Corner_-XYZ_X;Corner_-XYZ_Y;Corner_-XYZ_Z;Corner_-XY-Z_X;Corner_-XY-Z_Y;Corner_-XY-Z_Z;Corner_-X-YZ_X;Corner_-X-YZ_Y;Corner_-X-YZ_Z;Corner_-X-Y-Z_X;Corner_-X-Y-Z_Y;Corner_-X-Y-Z_Z;BBox_2D_XPos;BBox_2D_YPos;Corner_2D_XYZ_X;Corner_2D_XYZ_Y;Corner_2D_XY-Z_X;Corner_2D_XY-Z_Y;Corner_2D_X-YZ_X;Corner_2D_X-YZ_Y;Corner_2D_X-Y-Z_X;Corner_2D_X-Y-Z_Y;Corner_2D_-XYZ_X;Corner_2D_-XYZ_Y;Corner_-2D_XY-Z_X;Corner_2D_-XY-Z_Y;Corner_2D_-X-YZ_X;Corner_2D_-X-YZ_Y;Corner_2D_-X-Y-Z_X;Corner_2D_-X-Y-Z_Y;
J0:19:21:04:145;Hatchback_Car_AI_C_3;211;39257.339844;-78840.953125;-54425.195312;1344;676;689.329529;-0.021561;-0.999762;-0.003381;39257.019531;-78855.21875;-54346.242188;204.0;92.0;76.0;39344.582031;-79061.414062;-54270.917969;39344.621094;-79060.898438;-54422.917969;39160.621094;-79057.445312;-54270.949219;39160.660156;-79056.929688;-54422.949219;39353.378906;-78653.507812;-54269.535156;39353.417969;-78652.992188;-54421.535156;39169.417969;-78649.539062;-54269.566406;39169.457031;-78649.023438;-54421.566406;1347;662;1390;650;1390;677;1316;650;1316;677;1376;647;1376;673;1305;647;1305;673
J0:19:21:04:145;Hatchback_Car_AI_C_15;211;39120.730469;-71118.8125;-54184.335938;15;631;691.851746;0.094627;-0.967057;-0.236317;39124.035156;-71150.914062;-54110.882812;204.0;92.0;76.0;39236.804688;-71357.046875;-54085.425781;39232.992188;-71321.328125;-54233.121094;39053.6875;-71375.0625;-54085.058594;39049.875;-71339.34375;-54232.753906;39198.195312;-70962.484375;-53989.011719;39194.382812;-70926.765625;-54136.707031;39015.078125;-70980.5;-53988.644531;39011.265625;-70944.78125;-54136.339844;19;619;36;616;36;625;-1;-1;-1;-1;73;613;73;621;3;613;3;621
J0:19:21:04:145;Hatchback_Car_AI_C_19;211;39012.246094;-67976.375;-53459.191406;-1;-1;655.685791;-0.084007;-0.985614;-0.146659;39010.105469;-68001.71875;-53383.097656;204.0;92.0;76.0;39083.710938;-68221.703125;-53337.859375;39085.5625;-68199.484375;-53488.21875;38900.375;-68206.078125;-53337.8125;38902.226562;-68183.859375;-53488.171875;39117.984375;-67819.578125;-53278.023438;39119.835938;-67797.359375;-53428.382812;38934.648438;-67803.953125;-53277.976562;38936.5;-67781.734375;-53428.335938;-1;-1;-1;-1;-1;-1;-1;-1;-1;-1;-1;-1;-1;-1;-1;-1;-1;-1
