Time;ID;Cat;XPos;YPos;ZPos;2D_XPos;2D_YPos;Vel;XDir;YDir;ZDir;BBox_XPos;BBox_YPos;BBox_ZPos;BBox_Ext_X;BBox_Ext_Y;BBox_Ext_Z;Corner_XYZ_X;Corner_XYZ_Y;Corner_XYZ_Z;Corner_XY-Z_X;Corner_XY-Z_Y;Corner_XY-Z_Z;Corner_X-YZ_X;Corner_X-YZ_Y;Corner_X-YZ_Z;Corner_X-Y-Z_X;Corner_X-Y-Z_Y;Corner_X-Y-Z_Z;Corner_-XYZ_X;Corner_-XYZ_Y;Corner_-XYZ_Z;Corner_-XY-Z_X;Corner_-XY-Z_Y;Corner_-XY-Z_Z;Corner_-X-YZ_X;Corner_-X-YZ_Y;Corner_-X-YZ_Z;Corner_-X-Y-Z_X;Corner_-X-Y-Z_Y;Corner_-X-Y-Z_Z;BBox_2D_XPos;BBox_2D_YPos;Corner_2D_XYZ_X;Corner_2D_XYZ_Y;Corner_2D_XY-Z_X;Corner_2D_XY-Z_Y;Corner_2D_X-YZ_X;Corner_2D_X-YZ_Y;Corner_2D_X-Y-Z_X;Corner_2D_X-Y-Z_Y;Corner_2D_-XYZ_X;Corner_2D_-XYZ_Y;Corner_-2D_XY-Z_X;Corner_2D_-XY-Z_Y;Corner_2D_-X-YZ_X;Corner_2D_-X-YZ_Y;Corner_2D_-X-Y-Z_X;Corner_2D_-X-Y-Z_Y;
J0:19:19:24:150;Hatchback_Car_AI_C_7;211;39217.734375;-72056.945312;-54367.644531;161;665;657.077332;0.106238;-0.983108;-0.149039;39220.148438;-72082.453125;-54291.613281;204.0;92.0;76.0;39334.183594;-72284.476562;-54246.46875;39332.402344;-72261.882812;-54396.773438;39151.238281;-72304.132812;-54247.257812;39149.457031;-72281.539062;-54397.5625;39290.839844;-71883.367188;-54185.664062;39289.058594;-71860.773438;-54335.96875;39107.894531;-71903.023438;-54186.453125;39106.113281;-71880.429688;-54336.757812;165;651;184;646;184;662;113;646;113;662;216;641;216;657;147;641;147;657
J0:19:19:24:150;Hatchback_Car_AI_C_11;211;38980.945312;-69176.234375;-53693.34375;-1;-1;691.285889;0.021538;-0.972411;-0.23228;38981.765625;-69208.1875;-53619.757812;204.0;92.0;76.0;39078.636719;-69422.140625;-53593.351562;39077.636719;-69386.84375;-53741.195312;38894.683594;-69426.28125;-53593.09375;38893.683594;-69390.984375;-53740.9375;39069.847656;-69025.390625;-53498.578125;39068.847656;-68990.09375;-53646.421875;38885.894531;-69029.53125;-53498.320312;38884.894531;-68994.234375;-53646.164062;-1;-1;-1;-1;-1;-1;-1;-1;-1;-1;-1;-1;-1;-1;-1;-1;-1;-1
J0:19:19:24:150;Hatchback_Car_AI_C_15;211;39388.410156;-65595.78125;-53287.003906;-1;-1;627.284363;-0.22526;-0.97406;-0.021569;39384.84375;-65611.070312;-53208.324219;204.0;92.0;76.0;39428.125;-65832.101562;-53136.707031;39428.921875;-65828.914062;-53288.667969;39248.859375;-65790.648438;-53136.777344;39249.65625;-65787.460938;-53288.738281;39520.03125;-65434.683594;-53127.910156;39520.828125;-65431.503906;-53279.871094;39340.765625;-65393.222656;-53127.980469;39341.5625;-65390.042969;-53279.941406;-1;-1;-1;-1;-1;-1;-1;-1;-1;-1;-1;-1;-1;-1;-1;-1;-1;-1
