Time;ID;Cat;XPos;YPos;ZPos;2D_XPos;2D_YPos;Vel;XDir;YDir;ZDir;BBox_XPos;BBox_YPos;BBox_ZPos;BBox_Ext_X;BBox_Ext_Y;BBox_Ext_Z;Corner_XYZ_X;Corner_XYZ_Y;Corner_XYZ_Z;Corner_XY-Z_X;Corner_XY-Z_Y;Corner_XY-Z_Z;Corner_X-YZ_X;Corner_X-YZ_Y;Corner_X-YZ_Z;Corner_X-Y-Z_X;Corner_X-Y-Z_Y;Corner_X-Y-Z_Z;Corner_-XYZ_X;Corner_-XYZ_Y;Corner_-XYZ_Z;Corner_-XY-Z_X;Corner_-XY-Z_Y;Corner_-XY-Z_Z;Corner_-X-YZ_X;Corner_-X-YZ_Y;Corner_-X-YZ_Z;Corner_-X-Y-Z_X;Corner_-X-Y-Z_Y;Corner_-X-Y-Z_Z;BBox_2D_XPos;BBox_2D_YPos;Corner_2D_XYZ_X;Corner_2D_XYZ_Y;Corner_2D_XY-Z_X;Corner_2D_XY-Z_Y;Corner_2D_X-YZ_X;Corner_2D_X-YZ_Y;Corner_2D_X-Y-Z_X;Corner_2D_X-Y-Z_Y;Corner_2D_-XYZ_X;Corner_2D_-XYZ_Y;Corner_-2D_XY-Z_X;Corner_2D_-XY-Z_Y;Corner_2D_-X-YZ_X;Corner_2D_-X-YZ_Y;Corner_2D_-X-Y-Z_X;Corner_2D_-X-Y-Z_Y;
J0:19:20:35:342;Hatchback_Car_AI_C_3;211;39306.292969;-77204.914062;-54424.894531;1058;677;544.772095;-0.041016;-0.999158;-0.000218;39305.71875;-77218.921875;-54345.898438;204.0;92.0;76.0;39389.273438;-77426.539062;-54269.945312;39389.273438;-77426.507812;-54421.945312;39205.429688;-77418.992188;-54269.9375;39205.429688;-77418.960938;-54421.9375;39406.007812;-77018.882812;-54269.859375;39406.007812;-77018.851562;-54421.859375;39222.164062;-77011.335938;-54269.851562;39222.164062;-77011.304688;-54421.851562;1061;663;1100;651;1100;678;1025;651;1025;678;1095;648;1095;674;1023;648;1023;674
J0:19:20:35:342;Hatchback_Car_AI_C_11;211;39333.777344;-73117.921875;-54468.25;333;685;655.937683;0.10361;-0.993496;-0.047232;39335.382812;-73135.5625;-54390.0;204.0;92.0;76.0;39448.171875;-73332.296875;-54323.453125;39447.875;-73325.109375;-54475.28125;39265.164062;-73351.359375;-54323.992188;39264.867188;-73344.171875;-54475.820312;39405.898438;-72926.953125;-54304.179688;39405.601562;-72919.765625;-54456.007812;39222.890625;-72946.015625;-54304.71875;39222.59375;-72938.828125;-54456.546875;335;671;358;662;358;686;286;662;286;686;383;657;383;680;314;657;314;680
J0:19:20:35:342;Hatchback_Car_AI_C_15;211;38993.859375;-69527.03125;-53778.898438;-1;-1;683.384338;0.044285;-0.968612;-0.2446;38995.464844;-69559.890625;-53705.722656;204.0;92.0;76.0;39097.351562;-69771.8125;-53682.046875;39095.453125;-69734.6875;-53829.429688;38913.546875;-69780.28125;-53681.8125;38911.648438;-69743.15625;-53829.195312;39079.28125;-69376.625;-53582.25;39077.382812;-69339.5;-53729.632812;38895.476562;-69385.09375;-53582.015625;38893.578125;-69347.96875;-53729.398438;-1;-1;-1;-1;-1;-1;-1;-1;-1;-1;-1;-1;-1;-1;-1;-1;-1;-1
