Time;ID;Cat;XPos;YPos;ZPos;2D_XPos;2D_YPos;Vel;XDir;YDir;ZDir;BBox_XPos;BBox_YPos;BBox_ZPos;BBox_Ext_X;BBox_Ext_Y;BBox_Ext_Z;Corner_XYZ_X;Corner_XYZ_Y;Corner_XYZ_Z;Corner_XY-Z_X;Corner_XY-Z_Y;Corner_XY-Z_Z;Corner_X-YZ_X;Corner_X-YZ_Y;Corner_X-YZ_Z;Corner_X-Y-Z_X;Corner_X-Y-Z_Y;Corner_X-Y-Z_Z;Corner_-XYZ_X;Corner_-XYZ_Y;Corner_-XYZ_Z;Corner_-XY-Z_X;Corner_-XY-Z_Y;Corner_-XY-Z_Z;Corner_-X-YZ_X;Corner_-X-YZ_Y;Corner_-X-YZ_Z;Corner_-X-Y-Z_X;Corner_-X-Y-Z_Y;Corner_-X-Y-Z_Z;BBox_2D_XPos;BBox_2D_YPos;Corner_2D_XYZ_X;Corner_2D_XYZ_Y;Corner_2D_XY-Z_X;Corner_2D_XY-Z_Y;Corner_2D_X-YZ_X;Corner_2D_X-YZ_Y;Corner_2D_X-Y-Z_X;Corner_2D_X-Y-Z_Y;Corner_2D_-XYZ_X;Corner_2D_-XYZ_Y;Corner_-2D_XY-Z_X;Corner_2D_-XY-Z_Y;Corner_2D_-X-YZ_X;Corner_2D_-X-YZ_Y;Corner_2D_-X-Y-Z_X;Corner_2D_-X-Y-Z_Y;
J0:19:18:32:947;Hatchback_Car_AI_C_3;211;39266.761719;-72482.140625;-54421.050781;229;675;681.875732;0.110285;-0.988205;-0.106248;39268.824219;-72504.359375;-54343.988281;204.0;92.0;76.0;39383.261719;-72703.867188;-54289.613281;39382.261719;-72687.726562;-54440.753906;39200.386719;-72724.179688;-54290.574219;39199.386719;-72708.039062;-54441.714844;39338.261719;-72300.679688;-54246.261719;39337.261719;-72284.539062;-54397.402344;39155.386719;-72320.992188;-54247.222656;39154.386719;-72304.851562;-54398.363281;232;662;252;654;252;674;181;654;181;674;281;650;281;668;213;650;213;668
J0:19:18:32:947;Hatchback_Car_AI_C_7;211;38984.097656;-69237.039062;-53707.796875;-1;-1;714.011414;0.022272;-0.972197;-0.233101;38985.023438;-69269.054688;-53634.238281;204.0;92.0;76.0;39082.128906;-69482.929688;-53608.097656;39080.949219;-69447.523438;-53755.910156;38898.183594;-69487.242188;-53607.667969;38897.003906;-69451.835938;-53755.480469;39073.042969;-69086.273438;-53512.996094;39071.863281;-69050.867188;-53660.808594;38889.097656;-69090.585938;-53512.566406;38887.917969;-69055.179688;-53660.378906;-1;-1;-1;-1;-1;-1;-1;-1;-1;-1;-1;-1;-1;-1;-1;-1;-1;-1
