Time;ID;Cat;XPos;YPos;ZPos;2D_XPos;2D_YPos;Vel;XDir;YDir;ZDir;BBox_XPos;BBox_YPos;BBox_ZPos;BBox_Ext_X;BBox_Ext_Y;BBox_Ext_Z;Corner_XYZ_X;Corner_XYZ_Y;Corner_XYZ_Z;Corner_XY-Z_X;Corner_XY-Z_Y;Corner_XY-Z_Z;Corner_X-YZ_X;Corner_X-YZ_Y;Corner_X-YZ_Z;Corner_X-Y-Z_X;Corner_X-Y-Z_Y;Corner_X-Y-Z_Z;Corner_-XYZ_X;Corner_-XYZ_Y;Corner_-XYZ_Z;Corner_-XY-Z_X;Corner_-XY-Z_Y;Corner_-XY-Z_Z;Corner_-X-YZ_X;Corner_-X-YZ_Y;Corner_-X-YZ_Z;Corner_-X-Y-Z_X;Corner_-X-Y-Z_Y;Corner_-X-Y-Z_Z;BBox_2D_XPos;BBox_2D_YPos;Corner_2D_XYZ_X;Corner_2D_XYZ_Y;Corner_2D_XY-Z_X;Corner_2D_XY-Z_Y;Corner_2D_X-YZ_X;Corner_2D_X-YZ_Y;Corner_2D_X-Y-Z_X;Corner_2D_X-Y-Z_Y;Corner_2D_-XYZ_X;Corner_2D_-XYZ_Y;Corner_-2D_XY-Z_X;Corner_2D_-XY-Z_Y;Corner_2D_-X-YZ_X;Corner_2D_-X-YZ_Y;Corner_2D_-X-Y-Z_X;Corner_2D_-X-Y-Z_Y;
J0:19:17:29:233;Hatchback_Car_AI_C_3;211;38975.949219;-68860.898438;-53621.03125;-1;-1;710.408264;-0.002778;-0.976637;-0.214878;38975.90625;-68891.546875;-53546.886719;204.0;92.0;76.0;39067.335938;-69107.359375;-53516.546875;39067.34375;-69074.703125;-53665.0;38883.335938;-69106.859375;-53516.445312;38883.34375;-69074.203125;-53664.898438;39068.46875;-68708.890625;-53428.875;39068.476562;-68676.234375;-53577.328125;38884.46875;-68708.390625;-53428.773438;38884.476562;-68675.734375;-53577.226562;-1;-1;-1;-1;-1;-1;-1;-1;-1;-1;-1;-1;-1;-1;-1;-1;-1;-1
J0:19:17:29:233;Hatchback_Car_AI_C_7;211;39376.507812;-65652.617188;-53287.976562;-1;-1;685.499573;-0.226573;-0.973787;-0.02008;39372.96875;-65667.796875;-53209.273438;204.0;92.0;76.0;39416.0;-65888.789062;-53137.378906;39416.703125;-65885.820312;-53289.347656;39236.789062;-65847.085938;-53137.394531;39237.492188;-65844.117188;-53289.363281;39508.445312;-65491.476562;-53129.183594;39509.148438;-65488.507812;-53281.152344;39329.234375;-65449.78125;-53129.199219;39329.9375;-65446.8125;-53281.167969;-1;-1;-1;-1;-1;-1;-1;-1;-1;-1;-1;-1;-1;-1;-1;-1;-1;-1
