Time;ID;Cat;XPos;YPos;ZPos;2D_XPos;2D_YPos;Vel;XDir;YDir;ZDir;BBox_XPos;BBox_YPos;BBox_ZPos;BBox_Ext_X;BBox_Ext_Y;BBox_Ext_Z;Corner_XYZ_X;Corner_XYZ_Y;Corner_XYZ_Z;Corner_XY-Z_X;Corner_XY-Z_Y;Corner_XY-Z_Z;Corner_X-YZ_X;Corner_X-YZ_Y;Corner_X-YZ_Z;Corner_X-Y-Z_X;Corner_X-Y-Z_Y;Corner_X-Y-Z_Z;Corner_-XYZ_X;Corner_-XYZ_Y;Corner_-XYZ_Z;Corner_-XY-Z_X;Corner_-XY-Z_Y;Corner_-XY-Z_Z;Corner_-X-YZ_X;Corner_-X-YZ_Y;Corner_-X-YZ_Z;Corner_-X-Y-Z_X;Corner_-X-Y-Z_Y;Corner_-X-Y-Z_Z;BBox_2D_XPos;BBox_2D_YPos;Corner_2D_XYZ_X;Corner_2D_XYZ_Y;Corner_2D_XY-Z_X;Corner_2D_XY-Z_Y;Corner_2D_X-YZ_X;Corner_2D_X-YZ_Y;Corner_2D_X-Y-Z_X;Corner_2D_X-Y-Z_Y;Corner_2D_-XYZ_X;Corner_2D_-XYZ_Y;Corner_-2D_XY-Z_X;Corner_2D_-XY-Z_Y;Corner_2D_-X-YZ_X;Corner_2D_-X-YZ_Y;Corner_2D_-X-Y-Z_X;Corner_2D_-X-Y-Z_Y;
J0:19:17:24:036;Hatchback_Car_AI_C_3;211;38979.554688;-68563.84375;-53559.425781;-1;-1;698.510071;-0.030142;-0.981198;-0.190633;38978.699219;-68592.632812;-53484.542969;204.0;92.0;76.0;39064.089844;-68810.101562;-53448.859375;39064.925781;-68781.132812;-53598.070312;38880.175781;-68804.460938;-53448.796875;38881.011719;-68775.492188;-53598.007812;39076.386719;-68409.773438;-53371.078125;39077.222656;-68380.804688;-53520.289062;38892.472656;-68404.132812;-53371.015625;38893.308594;-68375.164062;-53520.226562;-1;-1;-1;-1;-1;-1;-1;-1;-1;-1;-1;-1;-1;-1;-1;-1;-1;-1
J0:19:17:24:036;Hatchback_Car_AI_C_7;211;39442.570312;-65369.707031;-53282.917969;-1;-1;652.931274;-0.23878;-0.971008;-0.011285;39438.992188;-65384.160156;-53204.082031;204.0;92.0;76.0;39479.394531;-65605.039062;-53130.359375;39479.847656;-65603.382812;-53282.351562;39300.714844;-65561.101562;-53130.414062;39301.167969;-65559.445312;-53282.40625;39576.816406;-65208.871094;-53125.757812;39577.269531;-65207.214844;-53277.75;39398.136719;-65164.933594;-53125.8125;39398.589844;-65163.277344;-53277.804688;-1;-1;-1;-1;-1;-1;-1;-1;-1;-1;-1;-1;-1;-1;-1;-1;-1;-1
