Time;ID;Cat;XPos;YPos;ZPos;2D_XPos;2D_YPos;Vel;XDir;YDir;ZDir;BBox_XPos;BBox_YPos;BBox_ZPos;BBox_Ext_X;BBox_Ext_Y;BBox_Ext_Z;Corner_XYZ_X;Corner_XYZ_Y;Corner_XYZ_Z;Corner_XY-Z_X;Corner_XY-Z_Y;Corner_XY-Z_Z;Corner_X-YZ_X;Corner_X-YZ_Y;Corner_X-YZ_Z;Corner_X-Y-Z_X;Corner_X-Y-Z_Y;Corner_X-Y-Z_Z;Corner_-XYZ_X;Corner_-XYZ_Y;Corner_-XYZ_Z;Corner_-XY-Z_X;Corner_-XY-Z_Y;Corner_-XY-Z_Z;Corner_-X-YZ_X;Corner_-X-YZ_Y;Corner_-X-YZ_Z;Corner_-X-Y-Z_X;Corner_-X-Y-Z_Y;Corner_-X-Y-Z_Z;BBox_2D_XPos;BBox_2D_YPos;Corner_2D_XYZ_X;Corner_2D_XYZ_Y;Corner_2D_XY-Z_X;Corner_2D_XY-Z_Y;Corner_2D_X-YZ_X;Corner_2D_X-YZ_Y;Corner_2D_X-Y-Z_X;Corner_2D_X-Y-Z_Y;Corner_2D_-XYZ_X;Corner_2D_-XYZ_Y;Corner_-2D_XY-Z_X;Corner_2D_-XY-Z_Y;Corner_2D_-X-YZ_X;Corner_2D_-X-YZ_Y;Corner_2D_-X-Y-Z_X;Corner_2D_-X-Y-Z_Y;
J0:19:18:52:942;Hatchback_Car_AI_C_3;211;39376.695312;-73580.875;-54478.753906;410;688;654.614685;0.078785;-0.996879;-0.005064;39377.832031;-73595.226562;-54399.824219;204.0;92.0;76.0;39485.648438;-73791.71875;-54324.855469;39485.585938;-73790.953125;-54476.855469;39302.21875;-73806.21875;-54324.855469;39302.15625;-73805.453125;-54476.855469;39453.507812;-73385.0;-54322.792969;39453.445312;-73384.234375;-54474.792969;39270.078125;-73399.5;-54322.792969;39270.015625;-73398.734375;-54474.792969;413;674;438;663;438;690;366;663;366;690;458;658;458;685;389;658;389;685
J0:19:18:52:942;Hatchback_Car_AI_C_7;211;39049.5;-70338.15625;-53987.585938;-1;-1;676.60083;0.075499;-0.96446;-0.253211;39052.351562;-70371.585938;-53914.707031;204.0;92.0;76.0;39161.195312;-70580.25;-53893.105469;39157.742188;-70541.921875;-54040.152344;38977.765625;-70594.75;-53892.574219;38974.3125;-70556.421875;-54039.621094;39130.390625;-70186.75;-53789.792969;39126.9375;-70148.421875;-53936.839844;38946.960938;-70201.25;-53789.261719;38943.507812;-70162.921875;-53936.308594;-1;-1;-1;-1;-1;-1;-1;-1;-1;-1;-1;-1;-1;-1;-1;-1;-1;-1
J0:19:18:52:942;Hatchback_Car_AI_C_11;211;39063.097656;-67434.648438;-53390.28125;-1;-1;634.969238;-0.12411;-0.986434;-0.107444;39060.289062;-67456.875;-53313.242188;204.0;92.0;76.0;39125.21875;-67677.695312;-53259.589844;39127.28125;-67661.492188;-53410.707031;38942.65625;-67654.726562;-53259.613281;38944.71875;-67638.523438;-53410.730469;39175.859375;-67275.226562;-53215.753906;39177.921875;-67259.023438;-53366.871094;38993.296875;-67252.257812;-53215.777344;38995.359375;-67236.054688;-53366.894531;-1;-1;-1;-1;-1;-1;-1;-1;-1;-1;-1;-1;-1;-1;-1;-1;-1;-1
