Time;ID;Cat;XPos;YPos;ZPos;2D_XPos;2D_YPos;Vel;XDir;YDir;ZDir;BBox_XPos;BBox_YPos;BBox_ZPos;BBox_Ext_X;BBox_Ext_Y;BBox_Ext_Z;Corner_XYZ_X;Corner_XYZ_Y;Corner_XYZ_Z;Corner_XY-Z_X;Corner_XY-Z_Y;Corner_XY-Z_Z;Corner_X-YZ_X;Corner_X-YZ_Y;Corner_X-YZ_Z;Corner_X-Y-Z_X;Corner_X-Y-Z_Y;Corner_X-Y-Z_Z;Corner_-XYZ_X;Corner_-XYZ_Y;Corner_-XYZ_Z;Corner_-XY-Z_X;Corner_-XY-Z_Y;Corner_-XY-Z_Z;Corner_-X-YZ_X;Corner_-X-YZ_Y;Corner_-X-YZ_Z;Corner_-X-Y-Z_X;Corner_-X-Y-Z_Y;Corner_-X-Y-Z_Z;BBox_2D_XPos;BBox_2D_YPos;Corner_2D_XYZ_X;Corner_2D_XYZ_Y;Corner_2D_XY-Z_X;Corner_2D_XY-Z_Y;Corner_2D_X-YZ_X;Corner_2D_X-YZ_Y;Corner_2D_X-Y-Z_X;Corner_2D_X-Y-Z_Y;Corner_2D_-XYZ_X;Corner_2D_-XYZ_Y;Corner_-2D_XY-Z_X;Corner_2D_-XY-Z_Y;Corner_2D_-X-YZ_X;Corner_2D_-X-YZ_Y;Corner_2D_-X-Y-Z_X;Corner_2D_-X-Y-Z_Y;
J0:19:20:20:544;Hatchback_Car_AI_C_11;211;39244.9375;-72298.578125;-54400.113281;199;671;677.030579;0.108113;-0.986343;-0.124254;39247.125;-72322.1875;-54323.464844;204.0;92.0;76.0;39361.285156;-72522.859375;-54272.941406;39359.988281;-72504.0;-54423.761719;39178.371094;-72542.796875;-54273.863281;39177.074219;-72523.9375;-54424.683594;39317.175781;-72120.4375;-54222.246094;39315.878906;-72101.578125;-54373.066406;39134.261719;-72140.375;-54223.167969;39132.964844;-72121.515625;-54373.988281;203;657;223;651;223;669;151;651;151;669;253;646;253;664;184;646;184;664
J0:19:20:20:544;Hatchback_Car_AI_C_15;211;38977.765625;-68692.90625;-53585.222656;-1;-1;695.71875;-0.018376;-0.979431;-0.20094;38977.253906;-68722.492188;-53510.648438;204.0;92.0;76.0;39065.246094;-68939.289062;-53477.242188;39065.730469;-68908.742188;-53626.140625;38881.277344;-68935.851562;-53477.140625;38881.761719;-68905.304688;-53626.039062;39072.746094;-68539.679688;-53395.257812;39073.230469;-68509.132812;-53544.15625;38888.777344;-68536.242188;-53395.15625;38889.261719;-68505.695312;-53544.054688;-1;-1;-1;-1;-1;-1;-1;-1;-1;-1;-1;-1;-1;-1;-1;-1;-1;-1
J0:19:20:20:544;Hatchback_Car_AI_C_19;211;39399.269531;-65575.960938;-53286.488281;-1;-1;644.414856;-0.220563;-0.975167;-0.020037;39395.820312;-65591.15625;-53207.785156;204.0;92.0;76.0;39440.210938;-65811.875;-53135.875;39440.90625;-65808.90625;-53287.84375;39260.742188;-65771.28125;-53135.898438;39261.4375;-65768.3125;-53287.867188;39530.203125;-65414.003906;-53127.703125;39530.898438;-65411.035156;-53279.671875;39350.734375;-65373.410156;-53127.726562;39351.429688;-65370.441406;-53279.695312;-1;-1;-1;-1;-1;-1;-1;-1;-1;-1;-1;-1;-1;-1;-1;-1;-1;-1
