Time;ID;Cat;XPos;YPos;ZPos;2D_XPos;2D_YPos;Vel;XDir;YDir;ZDir;BBox_XPos;BBox_YPos;BBox_ZPos;BBox_Ext_X;BBox_Ext_Y;BBox_Ext_Z;Corner_XYZ_X;Corner_XYZ_Y;Corner_XYZ_Z;Corner_XY-Z_X;Corner_XY-Z_Y;Corner_XY-Z_Z;Corner_X-YZ_X;Corner_X-YZ_Y;Corner_X-YZ_Z;Corner_X-Y-Z_X;Corner_X-Y-Z_Y;Corner_X-Y-Z_Z;Corner_-XYZ_X;Corner_-XYZ_Y;Corner_-XYZ_Z;Corner_-XY-Z_X;Corner_-XY-Z_Y;Corner_-XY-Z_Z;Corner_-X-YZ_X;Corner_-X-YZ_Y;Corner_-X-YZ_Z;Corner_-X-Y-Z_X;Corner_-X-Y-Z_Y;Corner_-X-Y-Z_Z;BBox_2D_XPos;BBox_2D_YPos;Corner_2D_XYZ_X;Corner_2D_XYZ_Y;Corner_2D_XY-Z_X;Corner_2D_XY-Z_Y;Corner_2D_X-YZ_X;Corner_2D_X-YZ_Y;Corner_2D_X-Y-Z_X;Corner_2D_X-Y-Z_Y;Corner_2D_-XYZ_X;Corner_2D_-XYZ_Y;Corner_-2D_XY-Z_X;Corner_2D_-XY-Z_Y;Corner_2D_-X-YZ_X;Corner_2D_-X-YZ_Y;Corner_2D_-X-Y-Z_X;Corner_2D_-X-Y-Z_Y;
J0:19:18:45:753;Hatchback_Car_AI_C_3;211;39341.910156;-73183.351562;-54470.878906;343;686;655.114563;0.098958;-0.994247;-0.040981;39343.421875;-73200.515625;-54392.519531;204.0;92.0;76.0;39455.28125;-73397.359375;-54324.714844;39455.03125;-73391.125;-54476.589844;39272.1875;-73415.5625;-54325.167969;39271.9375;-73409.328125;-54477.042969;39414.90625;-72991.703125;-54307.996094;39414.65625;-72985.46875;-54459.871094;39231.8125;-73009.90625;-54308.449219;39231.5625;-73003.671875;-54460.324219;346;672;369;662;369;687;297;662;297;687;393;657;393;681;324;657;324;681
J0:19:18:45:753;Hatchback_Car_AI_C_7;211;39019.324219;-69943.664062;-53885.289062;-1;-1;644.057434;0.062662;-0.965158;-0.254056;39021.679688;-69977.195312;-53812.4375;204.0;92.0;76.0;39127.6875;-70187.328125;-53790.960938;39124.84375;-70148.8125;-53937.976562;38944.078125;-70199.359375;-53790.554688;38941.234375;-70160.84375;-53937.570312;39102.125;-69793.546875;-53687.304688;39099.28125;-69755.03125;-53834.320312;38918.515625;-69805.578125;-53686.898438;38915.671875;-69767.0625;-53833.914062;-1;-1;-1;-1;-1;-1;-1;-1;-1;-1;-1;-1;-1;-1;-1;-1;-1;-1
