Time;ID;Cat;XPos;YPos;ZPos;2D_XPos;2D_YPos;Vel;XDir;YDir;ZDir;BBox_XPos;BBox_YPos;BBox_ZPos;BBox_Ext_X;BBox_Ext_Y;BBox_Ext_Z;Corner_XYZ_X;Corner_XYZ_Y;Corner_XYZ_Z;Corner_XY-Z_X;Corner_XY-Z_Y;Corner_XY-Z_Z;Corner_X-YZ_X;Corner_X-YZ_Y;Corner_X-YZ_Z;Corner_X-Y-Z_X;Corner_X-Y-Z_Y;Corner_X-Y-Z_Z;Corner_-XYZ_X;Corner_-XYZ_Y;Corner_-XYZ_Z;Corner_-XY-Z_X;Corner_-XY-Z_Y;Corner_-XY-Z_Z;Corner_-X-YZ_X;Corner_-X-YZ_Y;Corner_-X-YZ_Z;Corner_-X-Y-Z_X;Corner_-X-Y-Z_Y;Corner_-X-Y-Z_Z;BBox_2D_XPos;BBox_2D_YPos;Corner_2D_XYZ_X;Corner_2D_XYZ_Y;Corner_2D_XY-Z_X;Corner_2D_XY-Z_Y;Corner_2D_X-YZ_X;Corner_2D_X-YZ_Y;Corner_2D_X-Y-Z_X;Corner_2D_X-Y-Z_Y;Corner_2D_-XYZ_X;Corner_2D_-XYZ_Y;Corner_-2D_XY-Z_X;Corner_2D_-XY-Z_Y;Corner_2D_-X-YZ_X;Corner_2D_-X-YZ_Y;Corner_2D_-X-Y-Z_X;Corner_2D_-X-Y-Z_Y;
J0:19:17:52:898;Hatchback_Car_AI_C_3;211;39039.824219;-70220.164062;-53956.800781;-1;-1;708.301819;0.076863;-0.964587;-0.252318;39042.589844;-70253.53125;-53883.890625;204.0;92.0;76.0;39151.601562;-70462.078125;-53861.945312;39148.351562;-70423.859375;-54009.023438;38968.1875;-70476.75;-53861.703125;38964.9375;-70438.53125;-54008.78125;39120.242188;-70068.53125;-53759.0;39116.992188;-70030.3125;-53906.078125;38936.828125;-70083.203125;-53758.757812;38933.578125;-70044.984375;-53905.835938;-1;-1;-1;-1;-1;-1;-1;-1;-1;-1;-1;-1;-1;-1;-1;-1;-1;-1
J0:19:17:52:898;Hatchback_Car_AI_C_7;211;39124.699219;-66980.0;-53348.121094;-1;-1;708.551514;-0.154601;-0.985261;-0.073205;39121.617188;-66999.5;-53270.359375;204.0;92.0;76.0;39180.082031;-67220.25;-53209.46875;39181.847656;-67209.265625;-53361.0625;38998.308594;-67191.71875;-53209.523438;39000.074219;-67180.734375;-53361.117188;39243.160156;-66818.265625;-53179.601562;39244.925781;-66807.28125;-53331.195312;39061.386719;-66789.734375;-53179.65625;39063.152344;-66778.75;-53331.25;-1;-1;-1;-1;-1;-1;-1;-1;-1;-1;-1;-1;-1;-1;-1;-1;-1;-1
