Time;ID;Cat;XPos;YPos;ZPos;2D_XPos;2D_YPos;Vel;XDir;YDir;ZDir;BBox_XPos;BBox_YPos;BBox_ZPos;BBox_Ext_X;BBox_Ext_Y;BBox_Ext_Z;Corner_XYZ_X;Corner_XYZ_Y;Corner_XYZ_Z;Corner_XY-Z_X;Corner_XY-Z_Y;Corner_XY-Z_Z;Corner_X-YZ_X;Corner_X-YZ_Y;Corner_X-YZ_Z;Corner_X-Y-Z_X;Corner_X-Y-Z_Y;Corner_X-Y-Z_Z;Corner_-XYZ_X;Corner_-XYZ_Y;Corner_-XYZ_Z;Corner_-XY-Z_X;Corner_-XY-Z_Y;Corner_-XY-Z_Z;Corner_-X-YZ_X;Corner_-X-YZ_Y;Corner_-X-YZ_Z;Corner_-X-Y-Z_X;Corner_-X-Y-Z_Y;Corner_-X-Y-Z_Z;BBox_2D_XPos;BBox_2D_YPos;Corner_2D_XYZ_X;Corner_2D_XYZ_Y;Corner_2D_XY-Z_X;Corner_2D_XY-Z_Y;Corner_2D_X-YZ_X;Corner_2D_X-YZ_Y;Corner_2D_X-Y-Z_X;Corner_2D_X-Y-Z_Y;Corner_2D_-XYZ_X;Corner_2D_-XYZ_Y;Corner_-2D_XY-Z_X;Corner_2D_-XY-Z_Y;Corner_2D_-X-YZ_X;Corner_2D_-X-YZ_Y;Corner_2D_-X-Y-Z_X;Corner_2D_-X-Y-Z_Y;
J0:19:19:06:147;Hatchback_Car_AI_C_3;211;39414.28125;-74312.820312;-54463.3125;539;686;687.494507;0.031605;-0.998813;0.037069;39414.789062;-74323.875;-54383.847656;204.0;92.0;76.0;39513.253906;-74521.90625;-54300.519531;39513.128906;-74527.546875;-54452.417969;39329.347656;-74527.71875;-54300.152344;39329.222656;-74533.359375;-54452.050781;39500.355469;-74114.390625;-54315.644531;39500.230469;-74120.03125;-54467.542969;39316.449219;-74120.203125;-54315.277344;39316.324219;-74125.84375;-54467.175781;541;672;569;659;569;690;496;659;496;690;583;655;583;684;513;655;513;684
J0:19:19:06:147;Hatchback_Car_AI_C_7;211;39114.847656;-71065.601562;-54171.425781;6;629;658.035522;0.094976;-0.96625;-0.23946;39118.160156;-71097.945312;-54098.078125;204.0;92.0;76.0;39231.0;-71304.125;-54073.292969;39227.179688;-71267.921875;-54220.871094;39047.890625;-71322.203125;-54072.988281;39044.070312;-71286.0;-54220.566406;39192.25;-70909.890625;-53975.589844;39188.429688;-70873.6875;-54123.167969;39009.140625;-70927.96875;-53975.285156;39005.320312;-70891.765625;-54122.863281;11;616;28;613;28;622;-1;-1;-1;-1;65;611;65;619;-1;-1;-1;-1
J0:19:19:06:147;Hatchback_Car_AI_C_11;211;38996.425781;-68163.25;-53488.058594;-1;-1;660.239014;-0.065706;-0.984863;-0.1604;38994.691406;-68189.679688;-53412.328125;204.0;92.0;76.0;39072.300781;-68408.875;-53370.066406;39073.871094;-68384.546875;-53520.097656;38888.707031;-68396.640625;-53370.003906;38890.277344;-68372.3125;-53520.035156;39099.105469;-68007.046875;-53304.621094;39100.675781;-67982.71875;-53454.652344;38915.511719;-67994.8125;-53304.558594;38917.082031;-67970.484375;-53454.589844;-1;-1;-1;-1;-1;-1;-1;-1;-1;-1;-1;-1;-1;-1;-1;-1;-1;-1
