Time;ID;Cat;XPos;YPos;ZPos;2D_XPos;2D_YPos;Vel;XDir;YDir;ZDir;BBox_XPos;BBox_YPos;BBox_ZPos;BBox_Ext_X;BBox_Ext_Y;BBox_Ext_Z;Corner_XYZ_X;Corner_XYZ_Y;Corner_XYZ_Z;Corner_XY-Z_X;Corner_XY-Z_Y;Corner_XY-Z_Z;Corner_X-YZ_X;Corner_X-YZ_Y;Corner_X-YZ_Z;Corner_X-Y-Z_X;Corner_X-Y-Z_Y;Corner_X-Y-Z_Z;Corner_-XYZ_X;Corner_-XYZ_Y;Corner_-XYZ_Z;Corner_-XY-Z_X;Corner_-XY-Z_Y;Corner_-XY-Z_Z;Corner_-X-YZ_X;Corner_-X-YZ_Y;Corner_-X-YZ_Z;Corner_-X-Y-Z_X;Corner_-X-Y-Z_Y;Corner_-X-Y-Z_Z;BBox_2D_XPos;BBox_2D_YPos;Corner_2D_XYZ_X;Corner_2D_XYZ_Y;Corner_2D_XY-Z_X;Corner_2D_XY-Z_Y;Corner_2D_X-YZ_X;Corner_2D_X-YZ_Y;Corner_2D_X-Y-Z_X;Corner_2D_X-Y-Z_Y;Corner_2D_-XYZ_X;Corner_2D_-XYZ_Y;Corner_-2D_XY-Z_X;Corner_2D_-XY-Z_Y;Corner_2D_-X-YZ_X;Corner_2D_-X-YZ_Y;Corner_2D_-X-Y-Z_X;Corner_2D_-X-Y-Z_Y;
J0:19:18:16:543;Hatchback_Car_AI_C_3;211;39167.945312;-71575.328125;-54284.953125;85;649;689.796326;0.101114;-0.975412;-0.195824;39170.886719;-71604.375;-54210.222656;204.0;92.0;76.0;39284.496094;-71808.703125;-54175.5625;39281.558594;-71779.078125;-54324.617188;39101.472656;-71827.640625;-54175.726562;39098.535156;-71798.015625;-54324.78125;39243.238281;-71410.734375;-54095.664062;39240.300781;-71381.109375;-54244.71875;39060.214844;-71429.671875;-54095.828125;39057.277344;-71400.046875;-54244.882812;90;636;108;632;108;644;36;632;36;644;142;629;142;640;73;629;73;640
J0:19:18:16:543;Hatchback_Car_AI_C_7;211;38989.921875;-68324.171875;-53515.03125;-1;-1;671.585205;-0.048227;-0.98396;-0.171748;38988.542969;-68351.5;-53439.609375;204.0;92.0;76.0;39069.917969;-68569.78125;-53399.726562;39071.269531;-68543.703125;-53549.46875;38886.136719;-68560.75;-53399.820312;38887.488281;-68534.671875;-53549.5625;39089.597656;-68168.328125;-53329.65625;39090.949219;-68142.25;-53479.398438;38905.816406;-68159.296875;-53329.75;38907.167969;-68133.21875;-53479.492188;-1;-1;-1;-1;-1;-1;-1;-1;-1;-1;-1;-1;-1;-1;-1;-1;-1;-1
