Time;ID;Cat;XPos;YPos;ZPos;2D_XPos;2D_YPos;Vel;XDir;YDir;ZDir;BBox_XPos;BBox_YPos;BBox_ZPos;BBox_Ext_X;BBox_Ext_Y;BBox_Ext_Z;Corner_XYZ_X;Corner_XYZ_Y;Corner_XYZ_Z;Corner_XY-Z_X;Corner_XY-Z_Y;Corner_XY-Z_Z;Corner_X-YZ_X;Corner_X-YZ_Y;Corner_X-YZ_Z;Corner_X-Y-Z_X;Corner_X-Y-Z_Y;Corner_X-Y-Z_Z;Corner_-XYZ_X;Corner_-XYZ_Y;Corner_-XYZ_Z;Corner_-XY-Z_X;Corner_-XY-Z_Y;Corner_-XY-Z_Z;Corner_-X-YZ_X;Corner_-X-YZ_Y;Corner_-X-YZ_Z;Corner_-X-Y-Z_X;Corner_-X-Y-Z_Y;Corner_-X-Y-Z_Z;BBox_2D_XPos;BBox_2D_YPos;Corner_2D_XYZ_X;Corner_2D_XYZ_Y;Corner_2D_XY-Z_X;Corner_2D_XY-Z_Y;Corner_2D_X-YZ_X;Corner_2D_X-YZ_Y;Corner_2D_X-Y-Z_X;Corner_2D_X-Y-Z_Y;Corner_2D_-XYZ_X;Corner_2D_-XYZ_Y;Corner_-2D_XY-Z_X;Corner_2D_-XY-Z_Y;Corner_2D_-X-YZ_X;Corner_2D_-X-YZ_Y;Corner_2D_-X-Y-Z_X;Corner_2D_-X-Y-Z_Y;
J0:19:20:12:548;Hatchback_Car_AI_C_3;211;39348.976562;-76249.164062;-54424.921875;889;678;389.276428;-0.060732;-0.998152;0.001822;39348.109375;-76262.992188;-54345.898438;204.0;92.0;76.0;39427.53125;-76472.0625;-54269.496094;39427.570312;-76472.34375;-54421.496094;39243.867188;-76460.890625;-54269.558594;39243.90625;-76461.171875;-54421.558594;39452.3125;-76064.8125;-54270.238281;39452.351562;-76065.09375;-54422.238281;39268.648438;-76053.640625;-54270.300781;39268.6875;-76053.921875;-54422.300781;891;664;928;652;928;679;852;652;852;679;929;648;929;675;856;648;856;675
J0:19:20:12:548;Hatchback_Car_AI_C_11;211;39197.328125;-71860.109375;-54336.78125;130;659;665.457214;0.102237;-0.98018;-0.169688;39199.9375;-71887.1875;-54261.304688;204.0;92.0;76.0;39313.4375;-72090.492188;-54220.78125;39311.164062;-72064.789062;-54370.578125;39130.421875;-72109.492188;-54221.265625;39128.148438;-72083.789062;-54371.0625;39271.726562;-71690.585938;-54151.546875;39269.453125;-71664.882812;-54301.34375;39088.710938;-71709.585938;-54152.03125;39086.4375;-71683.882812;-54301.828125;134;646;153;641;153;655;81;641;81;655;185;637;185;650;116;637;116;650
J0:19:20:12:548;Hatchback_Car_AI_C_15;211;38992.445312;-68245.039062;-53501.640625;-1;-1;685.08374;-0.058445;-0.984479;-0.165483;38990.867188;-68271.875;-53426.046875;204.0;92.0;76.0;39070.054688;-68490.710938;-53384.871094;39071.515625;-68465.601562;-53534.777344;38886.375;-68479.820312;-53384.832031;38887.835938;-68454.710938;-53534.738281;39093.898438;-68089.039062;-53317.355469;39095.359375;-68063.929688;-53467.261719;38910.21875;-68078.148438;-53317.316406;38911.679688;-68053.039062;-53467.222656;-1;-1;-1;-1;-1;-1;-1;-1;-1;-1;-1;-1;-1;-1;-1;-1;-1;-1
