Time;ID;Cat;XPos;YPos;ZPos;2D_XPos;2D_YPos;Vel;XDir;YDir;ZDir;BBox_XPos;BBox_YPos;BBox_ZPos;BBox_Ext_X;BBox_Ext_Y;BBox_Ext_Z;Corner_XYZ_X;Corner_XYZ_Y;Corner_XYZ_Z;Corner_XY-Z_X;Corner_XY-Z_Y;Corner_XY-Z_Z;Corner_X-YZ_X;Corner_X-YZ_Y;Corner_X-YZ_Z;Corner_X-Y-Z_X;Corner_X-Y-Z_Y;Corner_X-Y-Z_Z;Corner_-XYZ_X;Corner_-XYZ_Y;Corner_-XYZ_Z;Corner_-XY-Z_X;Corner_-XY-Z_Y;Corner_-XY-Z_Z;Corner_-X-YZ_X;Corner_-X-YZ_Y;Corner_-X-YZ_Z;Corner_-X-Y-Z_X;Corner_-X-Y-Z_Y;Corner_-X-Y-Z_Z;BBox_2D_XPos;BBox_2D_YPos;Corner_2D_XYZ_X;Corner_2D_XYZ_Y;Corner_2D_XY-Z_X;Corner_2D_XY-Z_Y;Corner_2D_X-YZ_X;Corner_2D_X-YZ_Y;Corner_2D_X-Y-Z_X;Corner_2D_X-Y-Z_Y;Corner_2D_-XYZ_X;Corner_2D_-XYZ_Y;Corner_-2D_XY-Z_X;Corner_2D_-XY-Z_Y;Corner_2D_-X-YZ_X;Corner_2D_-X-YZ_Y;Corner_2D_-X-Y-Z_X;Corner_2D_-X-Y-Z_Y;
J0:19:18:55:340;Hatchback_Car_AI_C_3;211;39385.710938;-73706.078125;-54478.5625;432;688;637.065918;0.070132;-0.997523;0.00548;39386.71875;-73719.609375;-54399.488281;204.0;92.0;76.0;39492.824219;-73916.226562;-54322.4375;39492.777344;-73917.070312;-54474.4375;39309.277344;-73929.132812;-54322.304688;39309.230469;-73929.976562;-54474.304688;39464.207031;-73509.242188;-54324.671875;39464.160156;-73510.085938;-54476.671875;39280.660156;-73522.148438;-54324.539062;39280.613281;-73522.992188;-54476.539062;434;674;460;663;460;691;388;663;388;691;479;658;479;685;410;658;410;685
J0:19:18:55:340;Hatchback_Car_AI_C_7;211;39060.566406;-70471.304688;-54021.855469;-1;-1;687.47345;0.079403;-0.96461;-0.251444;39063.550781;-70504.585938;-53948.914062;204.0;92.0;76.0;39173.234375;-70712.773438;-53926.921875;39169.632812;-70674.726562;-54074.039062;38989.867188;-70728.007812;-53926.375;38986.265625;-70689.960938;-54073.492188;39140.835938;-70319.210938;-53824.335938;39137.234375;-70281.164062;-53971.453125;38957.46875;-70334.445312;-53823.789062;38953.867188;-70296.398438;-53970.90625;-1;-1;-1;-1;-1;-1;-1;-1;-1;-1;-1;-1;-1;-1;-1;-1;-1;-1
J0:19:18:55:340;Hatchback_Car_AI_C_11;211;39047.820312;-67565.328125;-53404.863281;-1;-1;675.879639;-0.11396;-0.9869;-0.1142;39045.175781;-67588.101562;-53327.980469;204.0;92.0;76.0;39112.3125;-67808.601562;-53275.757812;39114.328125;-67791.367188;-53426.765625;38929.53125;-67787.492188;-53275.789062;38931.546875;-67770.257812;-53426.796875;39158.804688;-67405.945312;-53229.164062;39160.820312;-67388.710938;-53380.171875;38976.023438;-67384.835938;-53229.195312;38978.039062;-67367.601562;-53380.203125;-1;-1;-1;-1;-1;-1;-1;-1;-1;-1;-1;-1;-1;-1;-1;-1;-1;-1
