Time;ID;Cat;XPos;YPos;ZPos;2D_XPos;2D_YPos;Vel;XDir;YDir;ZDir;BBox_XPos;BBox_YPos;BBox_ZPos;BBox_Ext_X;BBox_Ext_Y;BBox_Ext_Z;Corner_XYZ_X;Corner_XYZ_Y;Corner_XYZ_Z;Corner_XY-Z_X;Corner_XY-Z_Y;Corner_XY-Z_Z;Corner_X-YZ_X;Corner_X-YZ_Y;Corner_X-YZ_Z;Corner_X-Y-Z_X;Corner_X-Y-Z_Y;Corner_X-Y-Z_Z;Corner_-XYZ_X;Corner_-XYZ_Y;Corner_-XYZ_Z;Corner_-XY-Z_X;Corner_-XY-Z_Y;Corner_-XY-Z_Z;Corner_-X-YZ_X;Corner_-X-YZ_Y;Corner_-X-YZ_Z;Corner_-X-Y-Z_X;Corner_-X-Y-Z_Y;Corner_-X-Y-Z_Z;BBox_2D_XPos;BBox_2D_YPos;Corner_2D_XYZ_X;Corner_2D_XYZ_Y;Corner_2D_XY-Z_X;Corner_2D_XY-Z_Y;Corner_2D_X-YZ_X;Corner_2D_X-YZ_Y;Corner_2D_X-Y-Z_X;Corner_2D_X-Y-Z_Y;Corner_2D_-XYZ_X;Corner_2D_-XYZ_Y;Corner_-2D_XY-Z_X;Corner_2D_-XY-Z_Y;Corner_2D_-X-YZ_X;Corner_2D_-X-YZ_Y;Corner_2D_-X-Y-Z_X;Corner_2D_-X-Y-Z_Y;
J0:19:19:51:747;Hatchback_Car_AI_C_7;211;39376.347656;-73574.578125;-54478.710938;409;688;683.030457;0.085966;-0.996289;-0.004249;39377.585938;-73588.859375;-54399.769531;204.0;92.0;76.0;39486.816406;-73784.515625;-54324.640625;39486.753906;-73783.875;-54476.640625;39303.496094;-73800.328125;-54324.632812;39303.433594;-73799.6875;-54476.632812;39451.738281;-73378.03125;-54322.90625;39451.675781;-73377.390625;-54474.90625;39268.417969;-73393.84375;-54322.898438;39268.355469;-73393.203125;-54474.898438;412;674;436;663;436;691;365;663;365;691;457;658;457;685;388;658;388;685
J0:19:19:51:747;Hatchback_Car_AI_C_11;211;39082.417969;-70703.289062;-54081.371094;-1;-1;667.685791;0.087601;-0.964468;-0.249255;39085.609375;-70736.382812;-54008.355469;204.0;92.0;76.0;39196.988281;-70943.609375;-53985.8125;39193.207031;-70905.90625;-54133.015625;39013.753906;-70960.359375;-53985.390625;39009.972656;-70922.65625;-54132.59375;39161.246094;-70550.109375;-53884.117188;39157.464844;-70512.40625;-54031.320312;38978.011719;-70566.859375;-53883.695312;38974.230469;-70529.15625;-54030.898438;-1;-1;-1;-1;-1;-1;-1;-1;-1;-1;9;596;9;603;-1;-1;-1;-1
