Time;ID;Cat;XPos;YPos;ZPos;2D_XPos;2D_YPos;Vel;XDir;YDir;ZDir;BBox_XPos;BBox_YPos;BBox_ZPos;BBox_Ext_X;BBox_Ext_Y;BBox_Ext_Z;Corner_XYZ_X;Corner_XYZ_Y;Corner_XYZ_Z;Corner_XY-Z_X;Corner_XY-Z_Y;Corner_XY-Z_Z;Corner_X-YZ_X;Corner_X-YZ_Y;Corner_X-YZ_Z;Corner_X-Y-Z_X;Corner_X-Y-Z_Y;Corner_X-Y-Z_Z;Corner_-XYZ_X;Corner_-XYZ_Y;Corner_-XYZ_Z;Corner_-XY-Z_X;Corner_-XY-Z_Y;Corner_-XY-Z_Z;Corner_-X-YZ_X;Corner_-X-YZ_Y;Corner_-X-YZ_Z;Corner_-X-Y-Z_X;Corner_-X-Y-Z_Y;Corner_-X-Y-Z_Z;BBox_2D_XPos;BBox_2D_YPos;Corner_2D_XYZ_X;Corner_2D_XYZ_Y;Corner_2D_XY-Z_X;Corner_2D_XY-Z_Y;Corner_2D_X-YZ_X;Corner_2D_X-YZ_Y;Corner_2D_X-Y-Z_X;Corner_2D_X-Y-Z_Y;Corner_2D_-XYZ_X;Corner_2D_-XYZ_Y;Corner_-2D_XY-Z_X;Corner_2D_-XY-Z_Y;Corner_2D_-X-YZ_X;Corner_2D_-X-YZ_Y;Corner_2D_-X-Y-Z_X;Corner_2D_-X-Y-Z_Y;
J0:19:19:15:342;Hatchback_Car_AI_C_7;211;39166.683594;-71578.898438;-54285.660156;86;649;679.61084;0.099538;-0.975344;-0.19697;39169.582031;-71608.039062;-54210.964844;204.0;92.0;76.0;39282.863281;-71812.585938;-54176.550781;39279.964844;-71782.789062;-54325.574219;39099.808594;-71831.226562;-54176.722656;39096.910156;-71801.429688;-54325.746094;39242.253906;-71414.648438;-54096.183594;39239.355469;-71384.851562;-54245.207031;39059.199219;-71433.289062;-54096.355469;39056.300781;-71403.492188;-54245.378906;91;636;109;632;109;644;37;632;37;644;143;629;143;640;73;629;73;640
J0:19:19:15:342;Hatchback_Car_AI_C_11;211;38977.371094;-68676.273438;-53581.878906;-1;-1;701.591919;-0.016469;-0.979767;-0.199462;38976.832031;-68705.742188;-53507.257812;204.0;92.0;76.0;39065.164062;-68922.328125;-53473.429688;39065.757812;-68892.015625;-53622.375;38881.1875;-68919.21875;-53473.523438;38881.78125;-68888.90625;-53622.46875;39071.882812;-68522.578125;-53392.046875;39072.476562;-68492.265625;-53540.992188;38887.90625;-68519.46875;-53392.140625;38888.5;-68489.15625;-53541.085938;-1;-1;-1;-1;-1;-1;-1;-1;-1;-1;-1;-1;-1;-1;-1;-1;-1;-1
