Time;ID;Cat;XPos;YPos;ZPos;2D_XPos;2D_YPos;Vel;XDir;YDir;ZDir;BBox_XPos;BBox_YPos;BBox_ZPos;BBox_Ext_X;BBox_Ext_Y;BBox_Ext_Z;Corner_XYZ_X;Corner_XYZ_Y;Corner_XYZ_Z;Corner_XY-Z_X;Corner_XY-Z_Y;Corner_XY-Z_Z;Corner_X-YZ_X;Corner_X-YZ_Y;Corner_X-YZ_Z;Corner_X-Y-Z_X;Corner_X-Y-Z_Y;Corner_X-Y-Z_Z;Corner_-XYZ_X;Corner_-XYZ_Y;Corner_-XYZ_Z;Corner_-XY-Z_X;Corner_-XY-Z_Y;Corner_-XY-Z_Z;Corner_-X-YZ_X;Corner_-X-YZ_Y;Corner_-X-YZ_Z;Corner_-X-Y-Z_X;Corner_-X-Y-Z_Y;Corner_-X-Y-Z_Z;BBox_2D_XPos;BBox_2D_YPos;Corner_2D_XYZ_X;Corner_2D_XYZ_Y;Corner_2D_XY-Z_X;Corner_2D_XY-Z_Y;Corner_2D_X-YZ_X;Corner_2D_X-YZ_Y;Corner_2D_X-Y-Z_X;Corner_2D_X-Y-Z_Y;Corner_2D_-XYZ_X;Corner_2D_-XYZ_Y;Corner_-2D_XY-Z_X;Corner_2D_-XY-Z_Y;Corner_2D_-X-YZ_X;Corner_2D_-X-YZ_Y;Corner_2D_-X-Y-Z_X;Corner_2D_-X-Y-Z_Y;
J0:19:19:22:944;Hatchback_Car_AI_C_7;211;39210.707031;-71993.117188;-54357.945312;151;663;661.0448;0.107405;-0.981997;-0.15539;39213.21875;-72019.101562;-54282.082031;204.0;92.0;76.0;39327.558594;-72221.257812;-54238.324219;39325.621094;-72197.710938;-54388.480469;39144.636719;-72241.148438;-54239.082031;39142.699219;-72217.601562;-54389.238281;39283.738281;-71820.601562;-54174.925781;39281.800781;-71797.054688;-54325.082031;39100.816406;-71840.492188;-54175.683594;39098.878906;-71816.945312;-54325.839844;155;650;174;644;174;660;102;644;102;660;206;640;206;655;137;640;137;655
J0:19:19:22:944;Hatchback_Car_AI_C_11;211;38979.300781;-69109.226562;-53677.539062;-1;-1;687.813049;0.015469;-0.973258;-0.229194;38979.949219;-69140.953125;-53603.851562;204.0;92.0;76.0;39075.507812;-69355.414062;-53576.789062;39074.679688;-69320.585938;-53724.742188;38891.53125;-69358.414062;-53576.46875;38890.703125;-69323.585938;-53724.421875;39069.195312;-68958.320312;-53483.28125;39068.367188;-68923.492188;-53631.234375;38885.21875;-68961.320312;-53482.960938;38884.390625;-68926.492188;-53630.914062;-1;-1;-1;-1;-1;-1;-1;-1;-1;-1;-1;-1;-1;-1;-1;-1;-1;-1
J0:19:19:22:944;Hatchback_Car_AI_C_15;211;39402.832031;-65533.34375;-53285.625;-1;-1;673.634583;-0.230976;-0.972798;-0.017731;39399.269531;-65548.328125;-53206.886719;204.0;92.0;76.0;39441.34375;-65769.34375;-53134.511719;39441.976562;-65766.71875;-53286.488281;39262.320312;-65726.84375;-53134.519531;39262.953125;-65724.21875;-53286.496094;39535.585938;-65372.441406;-53127.277344;39536.21875;-65369.824219;-53279.253906;39356.5625;-65329.933594;-53127.285156;39357.195312;-65327.316406;-53279.261719;-1;-1;-1;-1;-1;-1;-1;-1;-1;-1;-1;-1;-1;-1;-1;-1;-1;-1
