Time;ID;Cat;XPos;YPos;ZPos;2D_XPos;2D_YPos;Vel;XDir;YDir;ZDir;BBox_XPos;BBox_YPos;BBox_ZPos;BBox_Ext_X;BBox_Ext_Y;BBox_Ext_Z;Corner_XYZ_X;Corner_XYZ_Y;Corner_XYZ_Z;Corner_XY-Z_X;Corner_XY-Z_Y;Corner_XY-Z_Z;Corner_X-YZ_X;Corner_X-YZ_Y;Corner_X-YZ_Z;Corner_X-Y-Z_X;Corner_X-Y-Z_Y;Corner_X-Y-Z_Z;Corner_-XYZ_X;Corner_-XYZ_Y;Corner_-XYZ_Z;Corner_-XY-Z_X;Corner_-XY-Z_Y;Corner_-XY-Z_Z;Corner_-X-YZ_X;Corner_-X-YZ_Y;Corner_-X-YZ_Z;Corner_-X-Y-Z_X;Corner_-X-Y-Z_Y;Corner_-X-Y-Z_Z;BBox_2D_XPos;BBox_2D_YPos;Corner_2D_XYZ_X;Corner_2D_XYZ_Y;Corner_2D_XY-Z_X;Corner_2D_XY-Z_Y;Corner_2D_X-YZ_X;Corner_2D_X-YZ_Y;Corner_2D_X-Y-Z_X;Corner_2D_X-Y-Z_Y;Corner_2D_-XYZ_X;Corner_2D_-XYZ_Y;Corner_-2D_XY-Z_X;Corner_2D_-XY-Z_Y;Corner_2D_-X-YZ_X;Corner_2D_-X-YZ_Y;Corner_2D_-X-Y-Z_X;Corner_2D_-X-Y-Z_Y;
J0:19:19:32:145;Hatchback_Car_AI_C_7;211;39267.527344;-72503.226562;-54423.367188;232;675;638.64856;0.113344;-0.98776;-0.107157;39269.625;-72525.515625;-54346.324219;204.0;92.0;76.0;39384.640625;-72724.726562;-54292.089844;39383.664062;-72708.445312;-54443.214844;39201.828125;-72745.585938;-54293.152344;39200.851562;-72729.304688;-54444.277344;39338.398438;-72321.726562;-54248.371094;39337.421875;-72305.445312;-54399.496094;39155.585938;-72342.585938;-54249.433594;39154.609375;-72326.304688;-54400.558594;236;662;256;655;256;674;185;655;185;674;285;650;285;669;217;650;217;669
J0:19:19:32:145;Hatchback_Car_AI_C_11;211;38999.171875;-69624.242188;-53803.285156;-1;-1;718.032104;0.050689;-0.968024;-0.245682;39000.984375;-69657.171875;-53730.144531;204.0;92.0;76.0;39104.257812;-69868.453125;-53706.691406;39102.132812;-69831.171875;-53854.035156;38920.515625;-69878.125;-53706.496094;38918.390625;-69840.84375;-53853.839844;39083.578125;-69473.5;-53606.449219;39081.453125;-69436.21875;-53753.792969;38899.835938;-69483.171875;-53606.253906;38897.710938;-69445.890625;-53753.597656;-1;-1;-1;-1;-1;-1;-1;-1;-1;-1;-1;-1;-1;-1;-1;-1;-1;-1
J0:19:19:32:145;Hatchback_Car_AI_C_15;211;39296.632812;-66021.867188;-53298.402344;-1;-1;647.224365;-0.203988;-0.978406;-0.03334;39293.222656;-66038.140625;-53219.914062;204.0;92.0;76.0;39341.140625;-66258.992188;-53150.738281;39342.203125;-66254.039062;-53302.652344;39161.015625;-66221.429688;-53150.777344;39162.078125;-66216.476562;-53302.691406;39424.367188;-65859.804688;-53137.136719;39425.429688;-65854.851562;-53289.050781;39244.242188;-65822.242188;-53137.175781;39245.304688;-65817.289062;-53289.089844;-1;-1;-1;-1;-1;-1;-1;-1;-1;-1;-1;-1;-1;-1;-1;-1;-1;-1
