Time;ID;Cat;XPos;YPos;ZPos;2D_XPos;2D_YPos;Vel;XDir;YDir;ZDir;BBox_XPos;BBox_YPos;BBox_ZPos;BBox_Ext_X;BBox_Ext_Y;BBox_Ext_Z;Corner_XYZ_X;Corner_XYZ_Y;Corner_XYZ_Z;Corner_XY-Z_X;Corner_XY-Z_Y;Corner_XY-Z_Z;Corner_X-YZ_X;Corner_X-YZ_Y;Corner_X-YZ_Z;Corner_X-Y-Z_X;Corner_X-Y-Z_Y;Corner_X-Y-Z_Z;Corner_-XYZ_X;Corner_-XYZ_Y;Corner_-XYZ_Z;Corner_-XY-Z_X;Corner_-XY-Z_Y;Corner_-XY-Z_Z;Corner_-X-YZ_X;Corner_-X-YZ_Y;Corner_-X-YZ_Z;Corner_-X-Y-Z_X;Corner_-X-Y-Z_Y;Corner_-X-Y-Z_Z;BBox_2D_XPos;BBox_2D_YPos;Corner_2D_XYZ_X;Corner_2D_XYZ_Y;Corner_2D_XY-Z_X;Corner_2D_XY-Z_Y;Corner_2D_X-YZ_X;Corner_2D_X-YZ_Y;Corner_2D_X-Y-Z_X;Corner_2D_X-Y-Z_Y;Corner_2D_-XYZ_X;Corner_2D_-XYZ_Y;Corner_-2D_XY-Z_X;Corner_2D_-XY-Z_Y;Corner_2D_-X-YZ_X;Corner_2D_-X-YZ_Y;Corner_2D_-X-Y-Z_X;Corner_2D_-X-Y-Z_Y;
J0:19:17:25:235;Hatchback_Car_AI_C_3;211;38978.136719;-68632.46875;-53572.90625;-1;-1;706.105652;-0.023084;-0.980316;-0.19608;38977.460938;-68661.679688;-53498.183594;204.0;92.0;76.0;39064.386719;-68878.726562;-53463.675781;39065.058594;-68848.929688;-53612.722656;38880.441406;-68874.398438;-53463.644531;38881.113281;-68844.601562;-53612.691406;39073.808594;-68478.757812;-53383.675781;39074.480469;-68448.960938;-53532.722656;38889.863281;-68474.429688;-53383.644531;38890.535156;-68444.632812;-53532.691406;-1;-1;-1;-1;-1;-1;-1;-1;-1;-1;-1;-1;-1;-1;-1;-1;-1;-1
J0:19:17:25:235;Hatchback_Car_AI_C_7;211;39427.460938;-65432.867188;-53283.820312;-1;-1;647.871521;-0.23711;-0.971383;-0.013908;39423.871094;-65447.53125;-53205.023438;204.0;92.0;76.0;39464.617188;-65668.539062;-53131.855469;39465.132812;-65666.492188;-53283.839844;39285.867188;-65624.898438;-53131.878906;39286.382812;-65622.851562;-53283.863281;39561.359375;-65272.207031;-53126.183594;39561.875;-65270.160156;-53278.167969;39382.609375;-65228.574219;-53126.207031;39383.125;-65226.527344;-53278.191406;-1;-1;-1;-1;-1;-1;-1;-1;-1;-1;-1;-1;-1;-1;-1;-1;-1;-1
