Time;ID;Cat;XPos;YPos;ZPos;2D_XPos;2D_YPos;Vel;XDir;YDir;ZDir;BBox_XPos;BBox_YPos;BBox_ZPos;BBox_Ext_X;BBox_Ext_Y;BBox_Ext_Z;Corner_XYZ_X;Corner_XYZ_Y;Corner_XYZ_Z;Corner_XY-Z_X;Corner_XY-Z_Y;Corner_XY-Z_Z;Corner_X-YZ_X;Corner_X-YZ_Y;Corner_X-YZ_Z;Corner_X-Y-Z_X;Corner_X-Y-Z_Y;Corner_X-Y-Z_Z;Corner_-XYZ_X;Corner_-XYZ_Y;Corner_-XYZ_Z;Corner_-XY-Z_X;Corner_-XY-Z_Y;Corner_-XY-Z_Z;Corner_-X-YZ_X;Corner_-X-YZ_Y;Corner_-X-YZ_Z;Corner_-X-Y-Z_X;Corner_-X-Y-Z_Y;Corner_-X-Y-Z_Z;BBox_2D_XPos;BBox_2D_YPos;Corner_2D_XYZ_X;Corner_2D_XYZ_Y;Corner_2D_XY-Z_X;Corner_2D_XY-Z_Y;Corner_2D_X-YZ_X;Corner_2D_X-YZ_Y;Corner_2D_X-Y-Z_X;Corner_2D_X-Y-Z_Y;Corner_2D_-XYZ_X;Corner_2D_-XYZ_Y;Corner_-2D_XY-Z_X;Corner_2D_-XY-Z_Y;Corner_2D_-X-YZ_X;Corner_2D_-X-YZ_Y;Corner_2D_-X-Y-Z_X;Corner_2D_-X-Y-Z_Y;
J0:19:19:26:149;Hatchback_Car_AI_C_7;211;39229.746094;-72166.21875;-54382.988281;178;667;667.74884;0.109996;-0.984325;-0.137856;39232.128906;-72190.867188;-54306.671875;204.0;92.0;76.0;39346.8125;-72391.96875;-54259.09375;39345.195312;-72371.0625;-54409.640625;39163.9375;-72412.28125;-54259.945312;39162.320312;-72391.375;-54410.492188;39301.9375;-71990.359375;-54202.851562;39300.320312;-71969.453125;-54353.398438;39119.0625;-72010.671875;-54203.703125;39117.445312;-71989.765625;-54354.25;182;654;202;648;202;665;130;648;130;665;233;644;233;660;164;644;164;660
J0:19:19:26:149;Hatchback_Car_AI_C_11;211;38984.222656;-69289.609375;-53720.472656;-1;-1;682.53479;0.028217;-0.971072;-0.237114;38985.308594;-69321.921875;-53647.046875;204.0;92.0;76.0;39083.691406;-69535.320312;-53621.75;39082.363281;-69499.304688;-53769.414062;38899.769531;-69540.742188;-53621.421875;38898.441406;-69504.726562;-53769.085938;39072.175781;-69139.117188;-53525.007812;39070.847656;-69103.101562;-53672.671875;38888.253906;-69144.539062;-53524.679688;38886.925781;-69108.523438;-53672.34375;-1;-1;-1;-1;-1;-1;-1;-1;-1;-1;-1;-1;-1;-1;-1;-1;-1;-1
J0:19:19:26:149;Hatchback_Car_AI_C_15;211;39365.472656;-65697.664062;-53289.257812;-1;-1;631.451599;-0.220586;-0.97508;-0.023664;39361.945312;-65713.132812;-53210.609375;204.0;92.0;76.0;39406.253906;-65934.09375;-53139.425781;39407.097656;-65930.59375;-53291.386719;39226.792969;-65893.5;-53139.488281;39227.636719;-65890.0;-53291.449219;39496.253906;-65536.265625;-53129.769531;39497.097656;-65532.765625;-53281.730469;39316.792969;-65495.664062;-53129.832031;39317.636719;-65492.164062;-53281.792969;-1;-1;-1;-1;-1;-1;-1;-1;-1;-1;-1;-1;-1;-1;-1;-1;-1;-1
