Time;ID;Cat;XPos;YPos;ZPos;2D_XPos;2D_YPos;Vel;XDir;YDir;ZDir;BBox_XPos;BBox_YPos;BBox_ZPos;BBox_Ext_X;BBox_Ext_Y;BBox_Ext_Z;Corner_XYZ_X;Corner_XYZ_Y;Corner_XYZ_Z;Corner_XY-Z_X;Corner_XY-Z_Y;Corner_XY-Z_Z;Corner_X-YZ_X;Corner_X-YZ_Y;Corner_X-YZ_Z;Corner_X-Y-Z_X;Corner_X-Y-Z_Y;Corner_X-Y-Z_Z;Corner_-XYZ_X;Corner_-XYZ_Y;Corner_-XYZ_Z;Corner_-XY-Z_X;Corner_-XY-Z_Y;Corner_-XY-Z_Z;Corner_-X-YZ_X;Corner_-X-YZ_Y;Corner_-X-YZ_Z;Corner_-X-Y-Z_X;Corner_-X-Y-Z_Y;Corner_-X-Y-Z_Z;BBox_2D_XPos;BBox_2D_YPos;Corner_2D_XYZ_X;Corner_2D_XYZ_Y;Corner_2D_XY-Z_X;Corner_2D_XY-Z_Y;Corner_2D_X-YZ_X;Corner_2D_X-YZ_Y;Corner_2D_X-Y-Z_X;Corner_2D_X-Y-Z_Y;Corner_2D_-XYZ_X;Corner_2D_-XYZ_Y;Corner_-2D_XY-Z_X;Corner_2D_-XY-Z_Y;Corner_2D_-X-YZ_X;Corner_2D_-X-YZ_Y;Corner_2D_-X-Y-Z_X;Corner_2D_-X-Y-Z_Y;
J0:19:18:50:150;Hatchback_Car_AI_C_3;211;39363.789062;-73422.5;-54477.304688;383;688;684.133423;0.089611;-0.995828;-0.017211;39365.085938;-73437.804688;-54398.558594;204.0;92.0;76.0;39475.039062;-73634.023438;-54325.988281;39474.953125;-73631.398438;-54477.964844;39291.78125;-73650.507812;-54326.175781;39291.695312;-73647.882812;-54478.152344;39438.476562;-73227.726562;-54318.964844;39438.390625;-73225.101562;-54470.941406;39255.21875;-73244.210938;-54319.152344;39255.132812;-73241.585938;-54471.128906;386;673;410;663;410;690;338;663;338;690;432;658;432;683;363;658;363;683
J0:19:18:50:150;Hatchback_Car_AI_C_7;211;39037.160156;-70185.65625;-53947.882812;-1;-1;708.186279;0.073743;-0.964886;-0.252105;39039.855469;-70219.015625;-53874.964844;204.0;92.0;76.0;39148.230469;-70427.890625;-53853.011719;39145.027344;-70389.703125;-54000.105469;38964.769531;-70442.0;-53852.683594;38961.566406;-70403.8125;-53999.777344;39118.144531;-70034.21875;-53750.152344;39114.941406;-69996.03125;-53897.246094;38934.683594;-70048.328125;-53749.824219;38931.480469;-70010.140625;-53896.917969;-1;-1;-1;-1;-1;-1;-1;-1;-1;-1;-1;-1;-1;-1;-1;-1;-1;-1
