Time;ID;Cat;XPos;YPos;ZPos;2D_XPos;2D_YPos;Vel;XDir;YDir;ZDir;BBox_XPos;BBox_YPos;BBox_ZPos;BBox_Ext_X;BBox_Ext_Y;BBox_Ext_Z;Corner_XYZ_X;Corner_XYZ_Y;Corner_XYZ_Z;Corner_XY-Z_X;Corner_XY-Z_Y;Corner_XY-Z_Z;Corner_X-YZ_X;Corner_X-YZ_Y;Corner_X-YZ_Z;Corner_X-Y-Z_X;Corner_X-Y-Z_Y;Corner_X-Y-Z_Z;Corner_-XYZ_X;Corner_-XYZ_Y;Corner_-XYZ_Z;Corner_-XY-Z_X;Corner_-XY-Z_Y;Corner_-XY-Z_Z;Corner_-X-YZ_X;Corner_-X-YZ_Y;Corner_-X-YZ_Z;Corner_-X-Y-Z_X;Corner_-X-Y-Z_Y;Corner_-X-Y-Z_Z;BBox_2D_XPos;BBox_2D_YPos;Corner_2D_XYZ_X;Corner_2D_XYZ_Y;Corner_2D_XY-Z_X;Corner_2D_XY-Z_Y;Corner_2D_X-YZ_X;Corner_2D_X-YZ_Y;Corner_2D_X-Y-Z_X;Corner_2D_X-Y-Z_Y;Corner_2D_-XYZ_X;Corner_2D_-XYZ_Y;Corner_-2D_XY-Z_X;Corner_2D_-XY-Z_Y;Corner_2D_-X-YZ_X;Corner_2D_-X-YZ_Y;Corner_2D_-X-Y-Z_X;Corner_2D_-X-Y-Z_Y;
J0:19:21:02:546;Hatchback_Car_AI_C_3;211;39259.417969;-78746.726562;-54425.070312;1328;676;737.700195;-0.023213;-0.999728;-0.002314;39259.078125;-78760.90625;-54346.101562;204.0;92.0;76.0;39346.304688;-78967.15625;-54270.5625;39346.335938;-78966.8125;-54422.5625;39162.351562;-78962.890625;-54270.585938;39162.382812;-78962.546875;-54422.585938;39355.773438;-78559.265625;-54269.617188;39355.804688;-78558.921875;-54421.617188;39171.820312;-78555.0;-54269.640625;39171.851562;-78554.65625;-54421.640625;1330;662;1373;650;1373;677;1299;650;1299;677;1360;647;1360;673;1289;647;1289;673
J0:19:21:02:546;Hatchback_Car_AI_C_15;211;39112.175781;-71030.867188;-54162.855469;1;627;698.27002;0.093455;-0.966536;-0.238904;39115.457031;-71063.171875;-54089.488281;204.0;92.0;76.0;39227.992188;-71269.5;-54064.605469;39224.195312;-71233.390625;-54212.207031;39044.851562;-71287.296875;-54064.246094;39041.054688;-71251.1875;-54211.847656;39189.859375;-70875.15625;-53967.128906;39186.0625;-70839.046875;-54114.730469;39006.71875;-70892.953125;-53966.769531;39002.921875;-70856.84375;-54114.371094;6;615;22;612;22;621;-1;-1;-1;-1;59;609;59;617;-1;-1;-1;-1
J0:19:21:02:546;Hatchback_Car_AI_C_19;211;39019.722656;-67888.15625;-53446.242188;-1;-1;705.55426;-0.092238;-0.986166;-0.13773;39017.449219;-67912.796875;-53369.921875;204.0;92.0;76.0;39089.289062;-68132.960938;-53322.777344;39091.179688;-68112.117188;-53473.332031;38906.085938;-68115.835938;-53322.707031;38907.976562;-68094.992188;-53473.261719;39126.921875;-67730.601562;-53266.582031;39128.8125;-67709.757812;-53417.136719;38943.71875;-67713.476562;-53266.511719;38945.609375;-67692.632812;-53417.066406;-1;-1;-1;-1;-1;-1;-1;-1;-1;-1;-1;-1;-1;-1;-1;-1;-1;-1
