Time;ID;Cat;XPos;YPos;ZPos;2D_XPos;2D_YPos;Vel;XDir;YDir;ZDir;BBox_XPos;BBox_YPos;BBox_ZPos;BBox_Ext_X;BBox_Ext_Y;BBox_Ext_Z;Corner_XYZ_X;Corner_XYZ_Y;Corner_XYZ_Z;Corner_XY-Z_X;Corner_XY-Z_Y;Corner_XY-Z_Z;Corner_X-YZ_X;Corner_X-YZ_Y;Corner_X-YZ_Z;Corner_X-Y-Z_X;Corner_X-Y-Z_Y;Corner_X-Y-Z_Z;Corner_-XYZ_X;Corner_-XYZ_Y;Corner_-XYZ_Z;Corner_-XY-Z_X;Corner_-XY-Z_Y;Corner_-XY-Z_Z;Corner_-X-YZ_X;Corner_-X-YZ_Y;Corner_-X-YZ_Z;Corner_-X-Y-Z_X;Corner_-X-Y-Z_Y;Corner_-X-Y-Z_Z;BBox_2D_XPos;BBox_2D_YPos;Corner_2D_XYZ_X;Corner_2D_XYZ_Y;Corner_2D_XY-Z_X;Corner_2D_XY-Z_Y;Corner_2D_X-YZ_X;Corner_2D_X-YZ_Y;Corner_2D_X-Y-Z_X;Corner_2D_X-Y-Z_Y;Corner_2D_-XYZ_X;Corner_2D_-XYZ_Y;Corner_-2D_XY-Z_X;Corner_2D_-XY-Z_Y;Corner_2D_-X-YZ_X;Corner_2D_-X-YZ_Y;Corner_2D_-X-Y-Z_X;Corner_2D_-X-Y-Z_Y;
J0:19:18:26:944;Hatchback_Car_AI_C_3;211;39230.15625;-72155.226562;-54381.480469;176;667;696.930542;0.109123;-0.984329;-0.138524;39232.53125;-72179.921875;-54305.183594;204.0;92.0;76.0;39347.050781;-72381.148438;-54257.757812;39345.425781;-72360.148438;-54408.289062;39164.160156;-72401.304688;-54258.59375;39162.535156;-72380.304688;-54409.125;39302.527344;-71979.539062;-54201.242188;39300.902344;-71958.539062;-54351.773438;39119.636719;-71999.695312;-54202.078125;39118.011719;-71978.695312;-54352.609375;180;654;200;648;200;665;128;648;128;665;231;644;231;660;162;644;162;660
J0:19:18:26:944;Hatchback_Car_AI_C_7;211;38978.328125;-68905.984375;-53630.964844;-1;-1;693.951965;0.000546;-0.975899;-0.21822;38978.398438;-68936.882812;-53556.925781;204.0;92.0;76.0;39070.570312;-69152.492188;-53527.332031;39070.453125;-69119.320312;-53675.667969;38886.570312;-69152.617188;-53527.214844;38886.453125;-69119.445312;-53675.550781;39070.34375;-68754.320312;-53438.300781;39070.226562;-68721.148438;-53586.636719;38886.34375;-68754.445312;-53438.183594;38886.226562;-68721.273438;-53586.519531;-1;-1;-1;-1;-1;-1;-1;-1;-1;-1;-1;-1;-1;-1;-1;-1;-1;-1
