Time;ID;Cat;XPos;YPos;ZPos;2D_XPos;2D_YPos;Vel;XDir;YDir;ZDir;BBox_XPos;BBox_YPos;BBox_ZPos;BBox_Ext_X;BBox_Ext_Y;BBox_Ext_Z;Corner_XYZ_X;Corner_XYZ_Y;Corner_XYZ_Z;Corner_XY-Z_X;Corner_XY-Z_Y;Corner_XY-Z_Z;Corner_X-YZ_X;Corner_X-YZ_Y;Corner_X-YZ_Z;Corner_X-Y-Z_X;Corner_X-Y-Z_Y;Corner_X-Y-Z_Z;Corner_-XYZ_X;Corner_-XYZ_Y;Corner_-XYZ_Z;Corner_-XY-Z_X;Corner_-XY-Z_Y;Corner_-XY-Z_Z;Corner_-X-YZ_X;Corner_-X-YZ_Y;Corner_-X-YZ_Z;Corner_-X-Y-Z_X;Corner_-X-Y-Z_Y;Corner_-X-Y-Z_Z;BBox_2D_XPos;BBox_2D_YPos;Corner_2D_XYZ_X;Corner_2D_XYZ_Y;Corner_2D_XY-Z_X;Corner_2D_XY-Z_Y;Corner_2D_X-YZ_X;Corner_2D_X-YZ_Y;Corner_2D_X-Y-Z_X;Corner_2D_X-Y-Z_Y;Corner_2D_-XYZ_X;Corner_2D_-XYZ_Y;Corner_-2D_XY-Z_X;Corner_2D_-XY-Z_Y;Corner_2D_-X-YZ_X;Corner_2D_-X-YZ_Y;Corner_2D_-X-Y-Z_X;Corner_2D_-X-Y-Z_Y;
J0:19:18:24:145;Hatchback_Car_AI_C_3;211;39212.707031;-71996.65625;-54358.523438;151;663;676.423889;0.105973;-0.982257;-0.154729;39215.171875;-72022.59375;-54282.640625;204.0;92.0;76.0;39329.207031;-72224.898438;-54238.738281;39327.324219;-72201.445312;-54388.910156;39146.253906;-72244.507812;-54239.503906;39144.371094;-72221.054688;-54389.675781;39285.972656;-71824.132812;-54175.605469;39284.089844;-71800.679688;-54325.777344;39103.019531;-71843.742188;-54176.371094;39101.136719;-71820.289062;-54326.542969;156;650;175;644;175;660;103;644;103;660;206;640;206;655;137;640;137;655
J0:19:18:24:145;Hatchback_Car_AI_C_7;211;38978.636719;-68747.585938;-53596.65625;-1;-1;668.353027;-0.014041;-0.978308;-0.206679;38978.292969;-68777.609375;-53522.253906;204.0;92.0;76.0;39067.277344;-68994.195312;-53490.15625;39067.566406;-68962.773438;-53638.875;38883.292969;-68991.601562;-53489.960938;38883.582031;-68960.179688;-53638.679688;39073.003906;-68595.039062;-53405.828125;39073.292969;-68563.617188;-53554.546875;38889.019531;-68592.445312;-53405.632812;38889.308594;-68561.023438;-53554.351562;-1;-1;-1;-1;-1;-1;-1;-1;-1;-1;-1;-1;-1;-1;-1;-1;-1;-1
