Time;ID;Cat;XPos;YPos;ZPos;2D_XPos;2D_YPos;Vel;XDir;YDir;ZDir;BBox_XPos;BBox_YPos;BBox_ZPos;BBox_Ext_X;BBox_Ext_Y;BBox_Ext_Z;Corner_XYZ_X;Corner_XYZ_Y;Corner_XYZ_Z;Corner_XY-Z_X;Corner_XY-Z_Y;Corner_XY-Z_Z;Corner_X-YZ_X;Corner_X-YZ_Y;Corner_X-YZ_Z;Corner_X-Y-Z_X;Corner_X-Y-Z_Y;Corner_X-Y-Z_Z;Corner_-XYZ_X;Corner_-XYZ_Y;Corner_-XYZ_Z;Corner_-XY-Z_X;Corner_-XY-Z_Y;Corner_-XY-Z_Z;Corner_-X-YZ_X;Corner_-X-YZ_Y;Corner_-X-YZ_Z;Corner_-X-Y-Z_X;Corner_-X-Y-Z_Y;Corner_-X-Y-Z_Z;BBox_2D_XPos;BBox_2D_YPos;Corner_2D_XYZ_X;Corner_2D_XYZ_Y;Corner_2D_XY-Z_X;Corner_2D_XY-Z_Y;Corner_2D_X-YZ_X;Corner_2D_X-YZ_Y;Corner_2D_X-Y-Z_X;Corner_2D_X-Y-Z_Y;Corner_2D_-XYZ_X;Corner_2D_-XYZ_Y;Corner_-2D_XY-Z_X;Corner_2D_-XY-Z_Y;Corner_2D_-X-YZ_X;Corner_2D_-X-YZ_Y;Corner_2D_-X-Y-Z_X;Corner_2D_-X-Y-Z_Y;
J0:19:17:27:634;Hatchback_Car_AI_C_3;211;38976.242188;-68769.359375;-53601.273438;-1;-1;675.902344;-0.010209;-0.977895;-0.208848;38975.945312;-68799.546875;-53526.9375;204.0;92.0;76.0;39065.710938;-69015.867188;-53495.242188;39066.007812;-68984.117188;-53643.890625;38881.71875;-69013.960938;-53495.195312;38882.015625;-68982.210938;-53643.84375;39069.875;-68616.882812;-53410.03125;39070.171875;-68585.132812;-53558.679688;38885.882812;-68614.976562;-53409.984375;38886.179688;-68583.226562;-53558.632812;-1;-1;-1;-1;-1;-1;-1;-1;-1;-1;-1;-1;-1;-1;-1;-1;-1;-1
J0:19:17:27:634;Hatchback_Car_AI_C_7;211;39396.933594;-65563.289062;-53286.117188;-1;-1;672.250732;-0.230855;-0.972833;-0.017374;39393.378906;-65578.242188;-53207.371094;204.0;92.0;76.0;39435.488281;-65799.226562;-53134.917969;39436.113281;-65796.664062;-53286.894531;39256.457031;-65756.742188;-53134.933594;39257.082031;-65754.179688;-53286.910156;39529.675781;-65402.308594;-53127.832031;39530.300781;-65399.746094;-53279.808594;39350.644531;-65359.824219;-53127.847656;39351.269531;-65357.261719;-53279.824219;-1;-1;-1;-1;-1;-1;-1;-1;-1;-1;-1;-1;-1;-1;-1;-1;-1;-1
