Time;ID;Cat;XPos;YPos;ZPos;2D_XPos;2D_YPos;Vel;XDir;YDir;ZDir;BBox_XPos;BBox_YPos;BBox_ZPos;BBox_Ext_X;BBox_Ext_Y;BBox_Ext_Z;Corner_XYZ_X;Corner_XYZ_Y;Corner_XYZ_Z;Corner_XY-Z_X;Corner_XY-Z_Y;Corner_XY-Z_Z;Corner_X-YZ_X;Corner_X-YZ_Y;Corner_X-YZ_Z;Corner_X-Y-Z_X;Corner_X-Y-Z_Y;Corner_X-Y-Z_Z;Corner_-XYZ_X;Corner_-XYZ_Y;Corner_-XYZ_Z;Corner_-XY-Z_X;Corner_-XY-Z_Y;Corner_-XY-Z_Z;Corner_-X-YZ_X;Corner_-X-YZ_Y;Corner_-X-YZ_Z;Corner_-X-Y-Z_X;Corner_-X-Y-Z_Y;Corner_-X-Y-Z_Z;BBox_2D_XPos;BBox_2D_YPos;Corner_2D_XYZ_X;Corner_2D_XYZ_Y;Corner_2D_XY-Z_X;Corner_2D_XY-Z_Y;Corner_2D_X-YZ_X;Corner_2D_X-YZ_Y;Corner_2D_X-Y-Z_X;Corner_2D_X-Y-Z_Y;Corner_2D_-XYZ_X;Corner_2D_-XYZ_Y;Corner_-2D_XY-Z_X;Corner_2D_-XY-Z_Y;Corner_2D_-X-YZ_X;Corner_2D_-X-YZ_Y;Corner_2D_-X-Y-Z_X;Corner_2D_-X-Y-Z_Y;
J0:19:17:52:498;Hatchback_Car_AI_C_3;211;39037.96875;-70197.375;-53950.96875;-1;-1;713.411377;0.076287;-0.964702;-0.252053;39040.699219;-70230.726562;-53878.046875;204.0;92.0;76.0;39149.570312;-70439.328125;-53856.023438;39146.375;-70401.15625;-54003.117188;38966.148438;-70453.890625;-53855.8125;38962.953125;-70415.71875;-54002.90625;39118.445312;-70045.734375;-53753.1875;39115.25;-70007.5625;-53900.28125;38935.023438;-70060.296875;-53752.976562;38931.828125;-70022.125;-53900.070312;-1;-1;-1;-1;-1;-1;-1;-1;-1;-1;-1;-1;-1;-1;-1;-1;-1;-1
J0:19:17:52:498;Hatchback_Car_AI_C_7;211;39128.222656;-66956.765625;-53346.382812;-1;-1;704.30481;-0.15425;-0.985403;-0.072026;39125.148438;-66976.179688;-53268.597656;204.0;92.0;76.0;39183.695312;-67196.84375;-53207.449219;39185.453125;-67186.03125;-53359.050781;39001.90625;-67168.375;-53207.527344;39003.664062;-67157.5625;-53359.128906;39246.632812;-66794.796875;-53178.066406;39248.390625;-66783.984375;-53329.667969;39064.84375;-66766.328125;-53178.144531;39066.601562;-66755.515625;-53329.746094;-1;-1;-1;-1;-1;-1;-1;-1;-1;-1;-1;-1;-1;-1;-1;-1;-1;-1
