Time;ID;Cat;XPos;YPos;ZPos;2D_XPos;2D_YPos;Vel;XDir;YDir;ZDir;BBox_XPos;BBox_YPos;BBox_ZPos;BBox_Ext_X;BBox_Ext_Y;BBox_Ext_Z;Corner_XYZ_X;Corner_XYZ_Y;Corner_XYZ_Z;Corner_XY-Z_X;Corner_XY-Z_Y;Corner_XY-Z_Z;Corner_X-YZ_X;Corner_X-YZ_Y;Corner_X-YZ_Z;Corner_X-Y-Z_X;Corner_X-Y-Z_Y;Corner_X-Y-Z_Z;Corner_-XYZ_X;Corner_-XYZ_Y;Corner_-XYZ_Z;Corner_-XY-Z_X;Corner_-XY-Z_Y;Corner_-XY-Z_Z;Corner_-X-YZ_X;Corner_-X-YZ_Y;Corner_-X-YZ_Z;Corner_-X-Y-Z_X;Corner_-X-Y-Z_Y;Corner_-X-Y-Z_Z;BBox_2D_XPos;BBox_2D_YPos;Corner_2D_XYZ_X;Corner_2D_XYZ_Y;Corner_2D_XY-Z_X;Corner_2D_XY-Z_Y;Corner_2D_X-YZ_X;Corner_2D_X-YZ_Y;Corner_2D_X-Y-Z_X;Corner_2D_X-Y-Z_Y;Corner_2D_-XYZ_X;Corner_2D_-XYZ_Y;Corner_-2D_XY-Z_X;Corner_2D_-XY-Z_Y;Corner_2D_-X-YZ_X;Corner_2D_-X-YZ_Y;Corner_2D_-X-Y-Z_X;Corner_2D_-X-Y-Z_Y;
J0:19:21:08:149;Hatchback_Car_AI_C_7;211;39074.089844;-77486.757812;-54424.898438;1102;671;514.270081;-0.608843;-0.79329;-0.000672;39066.242188;-77498.445312;-54345.914062;204.0;92.0;76.0;39015.664062;-77716.84375;-54271.09375;39014.367188;-77715.71875;-54423.085938;38869.710938;-77604.828125;-54269.015625;38868.414062;-77603.703125;-54421.007812;39264.070312;-77393.1875;-54270.820312;39262.773438;-77392.0625;-54422.8125;39118.117188;-77281.171875;-54268.742188;39116.820312;-77280.046875;-54420.734375;1104;658;1139;644;1139;669;1066;644;1066;669;1142;646;1142;671;1068;646;1068;671
J0:19:21:08:149;Hatchback_Car_AI_C_15;211;39142.589844;-71338.476562;-54235.277344;49;640;662.677917;0.095506;-0.970475;-0.221489;39145.789062;-71369.460938;-54161.339844;204.0;92.0;76.0;39258.621094;-71575.125;-54132.582031;39255.035156;-71541.65625;-54280.808594;39075.511719;-71593.21875;-54132.238281;39071.925781;-71559.75;-54280.464844;39219.652344;-71179.171875;-54042.214844;39216.066406;-71145.703125;-54190.441406;39036.542969;-71197.265625;-54041.871094;39032.957031;-71163.796875;-54190.097656;53;627;71;624;71;634;0;624;0;634;106;621;106;631;37;621;37;631
J0:19:21:08:149;Hatchback_Car_AI_C_19;211;38996.296875;-68202.304688;-53494.355469;-1;-1;713.786072;-0.063939;-0.984855;-0.161161;38994.589844;-68228.796875;-53418.644531;204.0;92.0;76.0;39072.574219;-68447.898438;-53376.523438;39074.136719;-68423.445312;-53526.539062;38888.957031;-68435.976562;-53376.5;38890.519531;-68411.523438;-53526.515625;39098.660156;-68046.070312;-53310.773438;39100.222656;-68021.617188;-53460.789062;38915.042969;-68034.148438;-53310.75;38916.605469;-68009.695312;-53460.765625;-1;-1;-1;-1;-1;-1;-1;-1;-1;-1;-1;-1;-1;-1;-1;-1;-1;-1
