Time;ID;Cat;XPos;YPos;ZPos;2D_XPos;2D_YPos;Vel;XDir;YDir;ZDir;BBox_XPos;BBox_YPos;BBox_ZPos;BBox_Ext_X;BBox_Ext_Y;BBox_Ext_Z;Corner_XYZ_X;Corner_XYZ_Y;Corner_XYZ_Z;Corner_XY-Z_X;Corner_XY-Z_Y;Corner_XY-Z_Z;Corner_X-YZ_X;Corner_X-YZ_Y;Corner_X-YZ_Z;Corner_X-Y-Z_X;Corner_X-Y-Z_Y;Corner_X-Y-Z_Z;Corner_-XYZ_X;Corner_-XYZ_Y;Corner_-XYZ_Z;Corner_-XY-Z_X;Corner_-XY-Z_Y;Corner_-XY-Z_Z;Corner_-X-YZ_X;Corner_-X-YZ_Y;Corner_-X-YZ_Z;Corner_-X-Y-Z_X;Corner_-X-Y-Z_Y;Corner_-X-Y-Z_Z;BBox_2D_XPos;BBox_2D_YPos;Corner_2D_XYZ_X;Corner_2D_XYZ_Y;Corner_2D_XY-Z_X;Corner_2D_XY-Z_Y;Corner_2D_X-YZ_X;Corner_2D_X-YZ_Y;Corner_2D_X-Y-Z_X;Corner_2D_X-Y-Z_Y;Corner_2D_-XYZ_X;Corner_2D_-XYZ_Y;Corner_-2D_XY-Z_X;Corner_2D_-XY-Z_Y;Corner_2D_-X-YZ_X;Corner_2D_-X-YZ_Y;Corner_2D_-X-Y-Z_X;Corner_2D_-X-Y-Z_Y;
J0:19:20:21:743;Hatchback_Car_AI_C_11;211;39252.523438;-72366.65625;-54408.21875;210;672;673.905701;0.109956;-0.986888;-0.118162;39254.695312;-72389.796875;-54331.425781;204.0;92.0;76.0;39369.171875;-72589.960938;-54279.597656;39367.953125;-72572.023438;-54430.527344;39186.296875;-72610.226562;-54280.535156;39185.078125;-72592.289062;-54431.464844;39324.3125;-72187.304688;-54231.386719;39323.09375;-72169.367188;-54382.316406;39141.4375;-72207.570312;-54232.324219;39140.21875;-72189.632812;-54383.253906;214;659;234;652;234;671;162;652;162;671;264;648;264;665;195;648;195;665
J0:19:20:21:743;Hatchback_Car_AI_C_15;211;38977.1875;-68760.984375;-53599.398438;-1;-1;698.510986;-0.011879;-0.978359;-0.206574;38976.859375;-68791.0;-53524.996094;204.0;92.0;76.0;39066.273438;-69007.390625;-53492.820312;39066.585938;-68976.0;-53641.539062;38882.289062;-69005.171875;-53492.734375;38882.601562;-68973.78125;-53641.453125;39071.117188;-68608.21875;-53408.539062;39071.429688;-68576.828125;-53557.257812;38887.132812;-68606.0;-53408.453125;38887.445312;-68574.609375;-53557.171875;-1;-1;-1;-1;-1;-1;-1;-1;-1;-1;-1;-1;-1;-1;-1;-1;-1;-1
J0:19:20:21:743;Hatchback_Car_AI_C_19;211;39385.765625;-65636.992188;-53287.929688;-1;-1;635.09613;-0.215748;-0.976199;-0.022078;39382.332031;-65652.351562;-53209.257812;204.0;92.0;76.0;39427.753906;-65872.984375;-53137.738281;39428.550781;-65869.71875;-53289.699219;39248.089844;-65833.28125;-53137.824219;39248.886719;-65830.015625;-53289.785156;39515.777344;-65474.691406;-53128.730469;39516.574219;-65471.433594;-53280.691406;39336.113281;-65434.980469;-53128.816406;39336.910156;-65431.722656;-53280.777344;-1;-1;-1;-1;-1;-1;-1;-1;-1;-1;-1;-1;-1;-1;-1;-1;-1;-1
