Time;ID;Cat;XPos;YPos;ZPos;2D_XPos;2D_YPos;Vel;XDir;YDir;ZDir;BBox_XPos;BBox_YPos;BBox_ZPos;BBox_Ext_X;BBox_Ext_Y;BBox_Ext_Z;Corner_XYZ_X;Corner_XYZ_Y;Corner_XYZ_Z;Corner_XY-Z_X;Corner_XY-Z_Y;Corner_XY-Z_Z;Corner_X-YZ_X;Corner_X-YZ_Y;Corner_X-YZ_Z;Corner_X-Y-Z_X;Corner_X-Y-Z_Y;Corner_X-Y-Z_Z;Corner_-XYZ_X;Corner_-XYZ_Y;Corner_-XYZ_Z;Corner_-XY-Z_X;Corner_-XY-Z_Y;Corner_-XY-Z_Z;Corner_-X-YZ_X;Corner_-X-YZ_Y;Corner_-X-YZ_Z;Corner_-X-Y-Z_X;Corner_-X-Y-Z_Y;Corner_-X-Y-Z_Z;BBox_2D_XPos;BBox_2D_YPos;Corner_2D_XYZ_X;Corner_2D_XYZ_Y;Corner_2D_XY-Z_X;Corner_2D_XY-Z_Y;Corner_2D_X-YZ_X;Corner_2D_X-YZ_Y;Corner_2D_X-Y-Z_X;Corner_2D_X-Y-Z_Y;Corner_2D_-XYZ_X;Corner_2D_-XYZ_Y;Corner_-2D_XY-Z_X;Corner_2D_-XY-Z_Y;Corner_2D_-X-YZ_X;Corner_2D_-X-YZ_Y;Corner_2D_-X-Y-Z_X;Corner_2D_-X-Y-Z_Y;
J0:19:19:55:345;Hatchback_Car_AI_C_7;211;39391.542969;-73778.789062;-54477.679688;444;688;681.6474;0.071825;-0.997352;0.011371;39392.550781;-73791.851562;-54398.527344;204.0;92.0;76.0;39498.964844;-73987.835938;-54320.289062;39498.964844;-73989.570312;-54472.28125;39315.441406;-74001.054688;-54320.132812;39315.441406;-74002.789062;-54472.125;39469.660156;-73580.914062;-54324.929688;39469.660156;-73582.648438;-54476.921875;39286.136719;-73594.132812;-54324.773438;39286.136719;-73595.867188;-54476.765625;447;674;472;663;472;691;400;663;400;691;491;658;491;685;422;658;422;685
J0:19:19:55:345;Hatchback_Car_AI_C_11;211;39101.207031;-70901.882812;-54131.296875;-1;-1;655.698303;0.091381;-0.965271;-0.244749;39104.480469;-70934.632812;-54058.125;204.0;92.0;76.0;39216.625;-71141.328125;-54034.5625;39212.789062;-71104.328125;-54181.9375;39033.453125;-71158.765625;-54034.171875;39029.617188;-71121.765625;-54181.546875;39179.34375;-70747.5;-53934.703125;39175.507812;-70710.5;-54082.078125;38996.171875;-70764.9375;-53934.3125;38992.335938;-70727.9375;-54081.6875;-1;-1;2;607;2;615;-1;-1;-1;-1;39;604;39;612;-1;-1;-1;-1
