Time;ID;Cat;XPos;YPos;ZPos;2D_XPos;2D_YPos;Vel;XDir;YDir;ZDir;BBox_XPos;BBox_YPos;BBox_ZPos;BBox_Ext_X;BBox_Ext_Y;BBox_Ext_Z;Corner_XYZ_X;Corner_XYZ_Y;Corner_XYZ_Z;Corner_XY-Z_X;Corner_XY-Z_Y;Corner_XY-Z_Z;Corner_X-YZ_X;Corner_X-YZ_Y;Corner_X-YZ_Z;Corner_X-Y-Z_X;Corner_X-Y-Z_Y;Corner_X-Y-Z_Z;Corner_-XYZ_X;Corner_-XYZ_Y;Corner_-XYZ_Z;Corner_-XY-Z_X;Corner_-XY-Z_Y;Corner_-XY-Z_Z;Corner_-X-YZ_X;Corner_-X-YZ_Y;Corner_-X-YZ_Z;Corner_-X-Y-Z_X;Corner_-X-Y-Z_Y;Corner_-X-Y-Z_Z;BBox_2D_XPos;BBox_2D_YPos;Corner_2D_XYZ_X;Corner_2D_XYZ_Y;Corner_2D_XY-Z_X;Corner_2D_XY-Z_Y;Corner_2D_X-YZ_X;Corner_2D_X-YZ_Y;Corner_2D_X-Y-Z_X;Corner_2D_X-Y-Z_Y;Corner_2D_-XYZ_X;Corner_2D_-XYZ_Y;Corner_-2D_XY-Z_X;Corner_2D_-XY-Z_Y;Corner_2D_-X-YZ_X;Corner_2D_-X-YZ_Y;Corner_2D_-X-Y-Z_X;Corner_2D_-X-Y-Z_Y;
J0:19:18:36:145;Hatchback_Car_AI_C_3;211;39286.023438;-72655.710938;-54437.847656;257;678;610.982788;0.111528;-0.989429;-0.092692;39288.0;-72676.882812;-54360.488281;204.0;92.0;76.0;39402.578125;-72875.515625;-54303.253906;39401.773438;-72861.421875;-54454.597656;39219.726562;-72896.03125;-54304.199219;39218.921875;-72881.9375;-54455.542969;39357.078125;-72471.828125;-54265.433594;39356.273438;-72457.734375;-54416.777344;39174.226562;-72492.34375;-54266.378906;39173.421875;-72478.25;-54417.722656;260;665;281;657;281;678;209;657;209;678;309;652;309;672;240;652;240;672
J0:19:18:36:145;Hatchback_Car_AI_C_7;211;38990.207031;-69416.734375;-53751.492188;-1;-1;705.232117;0.034831;-0.970061;-0.240349;38991.535156;-69449.28125;-53678.171875;204.0;92.0;76.0;39091.386719;-69662.078125;-53653.609375;39089.769531;-69625.578125;-53801.15625;38907.511719;-69668.765625;-53653.25;38905.894531;-69632.265625;-53800.796875;39077.175781;-69266.296875;-53555.546875;39075.558594;-69229.796875;-53703.09375;38893.300781;-69272.984375;-53555.1875;38891.683594;-69236.484375;-53702.734375;-1;-1;-1;-1;-1;-1;-1;-1;-1;-1;-1;-1;-1;-1;-1;-1;-1;-1
