Time;ID;Cat;XPos;YPos;ZPos;2D_XPos;2D_YPos;Vel;XDir;YDir;ZDir;BBox_XPos;BBox_YPos;BBox_ZPos;BBox_Ext_X;BBox_Ext_Y;BBox_Ext_Z;Corner_XYZ_X;Corner_XYZ_Y;Corner_XYZ_Z;Corner_XY-Z_X;Corner_XY-Z_Y;Corner_XY-Z_Z;Corner_X-YZ_X;Corner_X-YZ_Y;Corner_X-YZ_Z;Corner_X-Y-Z_X;Corner_X-Y-Z_Y;Corner_X-Y-Z_Z;Corner_-XYZ_X;Corner_-XYZ_Y;Corner_-XYZ_Z;Corner_-XY-Z_X;Corner_-XY-Z_Y;Corner_-XY-Z_Z;Corner_-X-YZ_X;Corner_-X-YZ_Y;Corner_-X-YZ_Z;Corner_-X-Y-Z_X;Corner_-X-Y-Z_Y;Corner_-X-Y-Z_Z;BBox_2D_XPos;BBox_2D_YPos;Corner_2D_XYZ_X;Corner_2D_XYZ_Y;Corner_2D_XY-Z_X;Corner_2D_XY-Z_Y;Corner_2D_X-YZ_X;Corner_2D_X-YZ_Y;Corner_2D_X-Y-Z_X;Corner_2D_X-Y-Z_Y;Corner_2D_-XYZ_X;Corner_2D_-XYZ_Y;Corner_-2D_XY-Z_X;Corner_2D_-XY-Z_Y;Corner_2D_-X-YZ_X;Corner_2D_-X-YZ_Y;Corner_2D_-X-Y-Z_X;Corner_2D_-X-Y-Z_Y;
J0:19:18:59:751;Hatchback_Car_AI_C_3;211;39399.96875;-73949.929688;-54474.410156;474;688;688.212585;0.057225;-0.998086;0.023465;39400.777344;-73962.046875;-54395.101562;204.0;92.0;76.0;39504.308594;-74158.601562;-54314.46875;39504.292969;-74162.179688;-54466.429688;39320.613281;-74169.132812;-54314.203125;39320.597656;-74172.710938;-54466.164062;39480.957031;-73751.382812;-54324.039062;39480.941406;-73754.960938;-54476.0;39297.261719;-73761.914062;-54323.773438;39297.246094;-73765.492188;-54475.734375;477;674;503;662;503;691;431;662;431;691;520;657;520;685;451;657;451;685
J0:19:18:59:751;Hatchback_Car_AI_C_7;211;39081.75;-70713.421875;-54083.957031;-1;-1;645.63208;0.088079;-0.964287;-0.249783;39084.9375;-70746.554688;-54010.957031;204.0;92.0;76.0;39196.398438;-70953.742188;-53988.503906;39192.640625;-70915.960938;-54135.683594;39013.171875;-70970.570312;-53988.144531;39009.414062;-70932.789062;-54135.324219;39160.460938;-70560.320312;-53886.589844;39156.703125;-70522.539062;-54033.769531;38977.234375;-70577.148438;-53886.230469;38973.476562;-70539.367188;-54033.410156;-1;-1;-1;-1;-1;-1;-1;-1;-1;-1;11;596;11;604;-1;-1;-1;-1
J0:19:18:59:751;Hatchback_Car_AI_C_11;211;39023.457031;-67806.382812;-53435.308594;-1;-1;655.065186;-0.096261;-0.986409;-0.133157;39021.105469;-67830.664062;-53358.875;204.0;92.0;76.0;39092.070312;-68050.890625;-53310.738281;39094.0;-68030.75;-53461.386719;38908.9375;-68033.03125;-53310.691406;38910.867188;-68012.890625;-53461.339844;39131.34375;-67648.4375;-53256.410156;39133.273438;-67628.296875;-53407.058594;38948.210938;-67630.578125;-53256.363281;38950.140625;-67610.4375;-53407.011719;-1;-1;-1;-1;-1;-1;-1;-1;-1;-1;-1;-1;-1;-1;-1;-1;-1;-1
