Time;ID;Cat;XPos;YPos;ZPos;2D_XPos;2D_YPos;Vel;XDir;YDir;ZDir;BBox_XPos;BBox_YPos;BBox_ZPos;BBox_Ext_X;BBox_Ext_Y;BBox_Ext_Z;Corner_XYZ_X;Corner_XYZ_Y;Corner_XYZ_Z;Corner_XY-Z_X;Corner_XY-Z_Y;Corner_XY-Z_Z;Corner_X-YZ_X;Corner_X-YZ_Y;Corner_X-YZ_Z;Corner_X-Y-Z_X;Corner_X-Y-Z_Y;Corner_X-Y-Z_Z;Corner_-XYZ_X;Corner_-XYZ_Y;Corner_-XYZ_Z;Corner_-XY-Z_X;Corner_-XY-Z_Y;Corner_-XY-Z_Z;Corner_-X-YZ_X;Corner_-X-YZ_Y;Corner_-X-YZ_Z;Corner_-X-Y-Z_X;Corner_-X-Y-Z_Y;Corner_-X-Y-Z_Z;BBox_2D_XPos;BBox_2D_YPos;Corner_2D_XYZ_X;Corner_2D_XYZ_Y;Corner_2D_XY-Z_X;Corner_2D_XY-Z_Y;Corner_2D_X-YZ_X;Corner_2D_X-YZ_Y;Corner_2D_X-Y-Z_X;Corner_2D_X-Y-Z_Y;Corner_2D_-XYZ_X;Corner_2D_-XYZ_Y;Corner_-2D_XY-Z_X;Corner_2D_-XY-Z_Y;Corner_2D_-X-YZ_X;Corner_2D_-X-YZ_Y;Corner_2D_-X-Y-Z_X;Corner_2D_-X-Y-Z_Y;
J0:19:19:55:738;Hatchback_Car_AI_C_7;211;39393.0625;-73800.882812;-54477.386719;448;688;663.676575;0.071542;-0.997365;0.01202;39394.085938;-73813.890625;-54398.222656;204.0;92.0;76.0;39500.464844;-74009.859375;-54319.878906;39500.425781;-74011.6875;-54471.871094;39316.933594;-74023.015625;-54319.667969;39316.894531;-74024.84375;-54471.660156;39471.277344;-73602.9375;-54324.785156;39471.238281;-73604.765625;-54476.777344;39287.746094;-73616.09375;-54324.574219;39287.707031;-73617.921875;-54476.566406;451;674;476;663;476;691;404;663;404;691;495;658;495;685;426;658;426;685
J0:19:19:55:738;Hatchback_Car_AI_C_11;211;39103.3125;-70923.890625;-54136.777344;-1;-1;681.016418;0.089759;-0.965846;-0.243073;39106.554688;-70956.515625;-54063.550781;204.0;92.0;76.0;39218.375;-71163.351562;-54039.65625;39214.554688;-71126.601562;-54187.09375;39035.179688;-71180.492188;-54039.179688;39031.359375;-71143.742188;-54186.617188;39181.75;-70769.289062;-53940.484375;39177.929688;-70732.539062;-54087.921875;38998.554688;-70786.429688;-53940.007812;38994.734375;-70749.679688;-54087.445312;-1;-1;6;607;6;616;-1;-1;-1;-1;43;605;43;613;-1;-1;-1;-1
