Time;ID;Cat;XPos;YPos;ZPos;2D_XPos;2D_YPos;Vel;XDir;YDir;ZDir;BBox_XPos;BBox_YPos;BBox_ZPos;BBox_Ext_X;BBox_Ext_Y;BBox_Ext_Z;Corner_XYZ_X;Corner_XYZ_Y;Corner_XYZ_Z;Corner_XY-Z_X;Corner_XY-Z_Y;Corner_XY-Z_Z;Corner_X-YZ_X;Corner_X-YZ_Y;Corner_X-YZ_Z;Corner_X-Y-Z_X;Corner_X-Y-Z_Y;Corner_X-Y-Z_Z;Corner_-XYZ_X;Corner_-XYZ_Y;Corner_-XYZ_Z;Corner_-XY-Z_X;Corner_-XY-Z_Y;Corner_-XY-Z_Z;Corner_-X-YZ_X;Corner_-X-YZ_Y;Corner_-X-YZ_Z;Corner_-X-Y-Z_X;Corner_-X-Y-Z_Y;Corner_-X-Y-Z_Z;BBox_2D_XPos;BBox_2D_YPos;Corner_2D_XYZ_X;Corner_2D_XYZ_Y;Corner_2D_XY-Z_X;Corner_2D_XY-Z_Y;Corner_2D_X-YZ_X;Corner_2D_X-YZ_Y;Corner_2D_X-Y-Z_X;Corner_2D_X-Y-Z_Y;Corner_2D_-XYZ_X;Corner_2D_-XYZ_Y;Corner_-2D_XY-Z_X;Corner_2D_-XY-Z_Y;Corner_2D_-X-YZ_X;Corner_2D_-X-YZ_Y;Corner_2D_-X-Y-Z_X;Corner_2D_-X-Y-Z_Y;
J0:19:21:02:946;Hatchback_Car_AI_C_3;211;39258.867188;-78770.875;-54425.113281;1332;676;725.244446;-0.022812;-0.999736;-0.0027;39258.53125;-78785.085938;-54346.152344;204.0;92.0;76.0;39345.839844;-78991.335938;-54270.691406;39345.871094;-78990.929688;-54422.691406;39161.886719;-78987.132812;-54270.714844;39161.917969;-78986.726562;-54422.714844;39355.144531;-78583.445312;-54269.589844;39355.175781;-78583.039062;-54421.589844;39171.191406;-78579.242188;-54269.613281;39171.222656;-78578.835938;-54421.613281;1334;662;1377;650;1377;677;1304;650;1304;677;1364;647;1364;673;1293;647;1293;673
J0:19:21:02:946;Hatchback_Car_AI_C_15;211;39114.308594;-71053.054688;-54168.296875;4;628;687.96991;0.092021;-0.966737;-0.238645;39117.585938;-71085.335938;-54094.921875;204.0;92.0;76.0;39229.855469;-71291.8125;-54070.03125;39226.027344;-71255.734375;-54217.640625;39046.691406;-71309.359375;-54069.570312;39042.863281;-71273.28125;-54217.179688;39192.308594;-70897.390625;-53972.664062;39188.480469;-70861.3125;-54120.273438;39009.144531;-70914.9375;-53972.203125;39005.316406;-70878.859375;-54119.8125;9;616;26;613;26;622;-1;-1;-1;-1;63;610;63;618;-1;-1;-1;-1
J0:19:21:02:946;Hatchback_Car_AI_C_19;211;39017.707031;-67910.828125;-53449.496094;-1;-1;692.841064;-0.091911;-0.985868;-0.140055;39015.46875;-67935.65625;-53373.234375;204.0;92.0;76.0;39087.40625;-68155.90625;-53326.640625;39089.242188;-68134.703125;-53477.140625;38904.195312;-68138.84375;-53326.46875;38906.03125;-68117.640625;-53476.96875;39124.90625;-67753.671875;-53269.5;39126.742188;-67732.46875;-53420.0;38941.695312;-67736.609375;-53269.328125;38943.53125;-67715.40625;-53419.828125;-1;-1;-1;-1;-1;-1;-1;-1;-1;-1;-1;-1;-1;-1;-1;-1;-1;-1
