Time;ID;Cat;XPos;YPos;ZPos;2D_XPos;2D_YPos;Vel;XDir;YDir;ZDir;BBox_XPos;BBox_YPos;BBox_ZPos;BBox_Ext_X;BBox_Ext_Y;BBox_Ext_Z;Corner_XYZ_X;Corner_XYZ_Y;Corner_XYZ_Z;Corner_XY-Z_X;Corner_XY-Z_Y;Corner_XY-Z_Z;Corner_X-YZ_X;Corner_X-YZ_Y;Corner_X-YZ_Z;Corner_X-Y-Z_X;Corner_X-Y-Z_Y;Corner_X-Y-Z_Z;Corner_-XYZ_X;Corner_-XYZ_Y;Corner_-XYZ_Z;Corner_-XY-Z_X;Corner_-XY-Z_Y;Corner_-XY-Z_Z;Corner_-X-YZ_X;Corner_-X-YZ_Y;Corner_-X-YZ_Z;Corner_-X-Y-Z_X;Corner_-X-Y-Z_Y;Corner_-X-Y-Z_Z;BBox_2D_XPos;BBox_2D_YPos;Corner_2D_XYZ_X;Corner_2D_XYZ_Y;Corner_2D_XY-Z_X;Corner_2D_XY-Z_Y;Corner_2D_X-YZ_X;Corner_2D_X-YZ_Y;Corner_2D_X-Y-Z_X;Corner_2D_X-Y-Z_Y;Corner_2D_-XYZ_X;Corner_2D_-XYZ_Y;Corner_-2D_XY-Z_X;Corner_2D_-XY-Z_Y;Corner_2D_-X-YZ_X;Corner_2D_-X-YZ_Y;Corner_2D_-X-Y-Z_X;Corner_2D_-X-Y-Z_Y;
J0:19:18:53:342;Hatchback_Car_AI_C_3;211;39378.363281;-73602.203125;-54478.839844;414;688;639.834473;0.078814;-0.996882;-0.003761;39379.492188;-73616.453125;-54399.894531;204.0;92.0;76.0;39487.308594;-73812.851562;-54324.660156;39487.261719;-73812.289062;-54476.660156;39303.878906;-73827.351562;-54324.660156;39303.832031;-73826.789062;-54476.660156;39455.152344;-73406.117188;-54323.128906;39455.105469;-73405.554688;-54475.128906;39271.722656;-73420.617188;-54323.128906;39271.675781;-73420.054688;-54475.128906;417;674;441;663;441;691;369;663;369;691;462;658;462;685;393;658;393;685
J0:19:18:53:342;Hatchback_Car_AI_C_7;211;39051.277344;-70359.5625;-53993.085938;-1;-1;665.691467;0.077783;-0.964174;-0.253609;39054.175781;-70393.015625;-53920.21875;204.0;92.0;76.0;39163.480469;-70601.453125;-53898.664062;39159.996094;-70563.0625;-54045.695312;38980.089844;-70616.359375;-53898.210938;38976.605469;-70577.96875;-54045.242188;39131.746094;-70208.0625;-53795.195312;39128.261719;-70169.671875;-53942.226562;38948.355469;-70222.96875;-53794.742188;38944.871094;-70184.578125;-53941.773438;-1;-1;-1;-1;-1;-1;-1;-1;-1;-1;-1;-1;-1;-1;-1;-1;-1;-1
J0:19:18:53:342;Hatchback_Car_AI_C_11;211;39060.464844;-67456.304688;-53392.652344;-1;-1;658.563904;-0.12402;-0.986432;-0.107564;39057.691406;-67478.546875;-53315.617188;204.0;92.0;76.0;39122.675781;-67699.375;-53262.027344;39124.667969;-67683.140625;-53413.144531;38940.113281;-67676.421875;-53261.972656;38942.105469;-67660.1875;-53413.089844;39173.277344;-67296.90625;-53218.144531;39175.269531;-67280.671875;-53369.261719;38990.714844;-67273.953125;-53218.089844;38992.707031;-67257.71875;-53369.207031;-1;-1;-1;-1;-1;-1;-1;-1;-1;-1;-1;-1;-1;-1;-1;-1;-1;-1
