Time;ID;Cat;XPos;YPos;ZPos;2D_XPos;2D_YPos;Vel;XDir;YDir;ZDir;BBox_XPos;BBox_YPos;BBox_ZPos;BBox_Ext_X;BBox_Ext_Y;BBox_Ext_Z;Corner_XYZ_X;Corner_XYZ_Y;Corner_XYZ_Z;Corner_XY-Z_X;Corner_XY-Z_Y;Corner_XY-Z_Z;Corner_X-YZ_X;Corner_X-YZ_Y;Corner_X-YZ_Z;Corner_X-Y-Z_X;Corner_X-Y-Z_Y;Corner_X-Y-Z_Z;Corner_-XYZ_X;Corner_-XYZ_Y;Corner_-XYZ_Z;Corner_-XY-Z_X;Corner_-XY-Z_Y;Corner_-XY-Z_Z;Corner_-X-YZ_X;Corner_-X-YZ_Y;Corner_-X-YZ_Z;Corner_-X-Y-Z_X;Corner_-X-Y-Z_Y;Corner_-X-Y-Z_Z;BBox_2D_XPos;BBox_2D_YPos;Corner_2D_XYZ_X;Corner_2D_XYZ_Y;Corner_2D_XY-Z_X;Corner_2D_XY-Z_Y;Corner_2D_X-YZ_X;Corner_2D_X-YZ_Y;Corner_2D_X-Y-Z_X;Corner_2D_X-Y-Z_Y;Corner_2D_-XYZ_X;Corner_2D_-XYZ_Y;Corner_-2D_XY-Z_X;Corner_2D_-XY-Z_Y;Corner_2D_-X-YZ_X;Corner_2D_-X-YZ_Y;Corner_2D_-X-Y-Z_X;Corner_2D_-X-Y-Z_Y;
J0:19:17:23:629;Hatchback_Car_AI_C_3;211;38980.117188;-68541.039062;-53554.984375;-1;-1;675.478394;-0.030262;-0.981408;-0.189534;38979.214844;-68569.742188;-53480.070312;204.0;92.0;76.0;39064.539062;-68787.1875;-53444.09375;39065.460938;-68758.390625;-53593.335938;38880.625;-68781.515625;-53444.132812;38881.546875;-68752.71875;-53593.375;39076.882812;-68386.765625;-53366.765625;39077.804688;-68357.96875;-53516.007812;38892.96875;-68381.09375;-53366.804688;38893.890625;-68352.296875;-53516.046875;-1;-1;-1;-1;-1;-1;-1;-1;-1;-1;-1;-1;-1;-1;-1;-1;-1;-1
J0:19:17:23:629;Hatchback_Car_AI_C_7;211;39447.664062;-65348.535156;-53282.605469;-1;-1;631.896057;-0.241278;-0.970387;-0.011586;39444.0625;-65363.007812;-53203.773438;204.0;92.0;76.0;39483.910156;-65584.015625;-53130.136719;39484.339844;-65582.3125;-53282.128906;39305.347656;-65539.625;-53130.144531;39305.777344;-65537.921875;-53282.136719;39582.347656;-65188.105469;-53125.410156;39582.777344;-65186.394531;-53277.402344;39403.785156;-65143.707031;-53125.417969;39404.214844;-65141.996094;-53277.410156;-1;-1;-1;-1;-1;-1;-1;-1;-1;-1;-1;-1;-1;-1;-1;-1;-1;-1
