Time;ID;Cat;XPos;YPos;ZPos;2D_XPos;2D_YPos;Vel;XDir;YDir;ZDir;BBox_XPos;BBox_YPos;BBox_ZPos;BBox_Ext_X;BBox_Ext_Y;BBox_Ext_Z;Corner_XYZ_X;Corner_XYZ_Y;Corner_XYZ_Z;Corner_XY-Z_X;Corner_XY-Z_Y;Corner_XY-Z_Z;Corner_X-YZ_X;Corner_X-YZ_Y;Corner_X-YZ_Z;Corner_X-Y-Z_X;Corner_X-Y-Z_Y;Corner_X-Y-Z_Z;Corner_-XYZ_X;Corner_-XYZ_Y;Corner_-XYZ_Z;Corner_-XY-Z_X;Corner_-XY-Z_Y;Corner_-XY-Z_Z;Corner_-X-YZ_X;Corner_-X-YZ_Y;Corner_-X-YZ_Z;Corner_-X-Y-Z_X;Corner_-X-Y-Z_Y;Corner_-X-Y-Z_Z;BBox_2D_XPos;BBox_2D_YPos;Corner_2D_XYZ_X;Corner_2D_XYZ_Y;Corner_2D_XY-Z_X;Corner_2D_XY-Z_Y;Corner_2D_X-YZ_X;Corner_2D_X-YZ_Y;Corner_2D_X-Y-Z_X;Corner_2D_X-Y-Z_Y;Corner_2D_-XYZ_X;Corner_2D_-XYZ_Y;Corner_-2D_XY-Z_X;Corner_2D_-XY-Z_Y;Corner_2D_-X-YZ_X;Corner_2D_-X-YZ_Y;Corner_2D_-X-Y-Z_X;Corner_2D_-X-Y-Z_Y;
J0:19:20:06:545;Hatchback_Car_AI_C_11;211;39162.03125;-71517.710938;-54273.46875;76;647;659.962646;0.097646;-0.974177;-0.203581;39165.027344;-71547.351562;-54198.972656;204.0;92.0;76.0;39278.054688;-71752.296875;-54166.125;39274.914062;-71721.515625;-54314.945312;39094.976562;-71770.65625;-54166.0625;39091.835938;-71739.875;-54314.882812;39238.21875;-71354.828125;-54083.0625;39235.078125;-71324.046875;-54231.882812;39055.140625;-71373.1875;-54083.0;39052.0;-71342.40625;-54231.820312;81;634;99;630;99;642;27;630;27;642;133;627;133;638;64;627;64;638
J0:19:20:06:545;Hatchback_Car_AI_C_15;211;39014.964844;-67910.53125;-53449.558594;-1;-1;674.706726;-0.085912;-0.986453;-0.13975;39012.789062;-67935.335938;-53373.289062;204.0;92.0;76.0;39085.976562;-68155.132812;-53326.527344;39087.851562;-68133.976562;-53477.035156;38902.671875;-68139.164062;-53326.558594;38904.546875;-68118.007812;-53477.066406;39121.03125;-67752.664062;-53269.511719;39122.90625;-67731.507812;-53420.019531;38937.726562;-67736.695312;-53269.542969;38939.601562;-67715.539062;-53420.050781;-1;-1;-1;-1;-1;-1;-1;-1;-1;-1;-1;-1;-1;-1;-1;-1;-1;-1
