Time;ID;Cat;XPos;YPos;ZPos;2D_XPos;2D_YPos;Vel;XDir;YDir;ZDir;BBox_XPos;BBox_YPos;BBox_ZPos;BBox_Ext_X;BBox_Ext_Y;BBox_Ext_Z;Corner_XYZ_X;Corner_XYZ_Y;Corner_XYZ_Z;Corner_XY-Z_X;Corner_XY-Z_Y;Corner_XY-Z_Z;Corner_X-YZ_X;Corner_X-YZ_Y;Corner_X-YZ_Z;Corner_X-Y-Z_X;Corner_X-Y-Z_Y;Corner_X-Y-Z_Z;Corner_-XYZ_X;Corner_-XYZ_Y;Corner_-XYZ_Z;Corner_-XY-Z_X;Corner_-XY-Z_Y;Corner_-XY-Z_Z;Corner_-X-YZ_X;Corner_-X-YZ_Y;Corner_-X-YZ_Z;Corner_-X-Y-Z_X;Corner_-X-Y-Z_Y;Corner_-X-Y-Z_Z;BBox_2D_XPos;BBox_2D_YPos;Corner_2D_XYZ_X;Corner_2D_XYZ_Y;Corner_2D_XY-Z_X;Corner_2D_XY-Z_Y;Corner_2D_X-YZ_X;Corner_2D_X-YZ_Y;Corner_2D_X-Y-Z_X;Corner_2D_X-Y-Z_Y;Corner_2D_-XYZ_X;Corner_2D_-XYZ_Y;Corner_-2D_XY-Z_X;Corner_2D_-XY-Z_Y;Corner_2D_-X-YZ_X;Corner_2D_-X-YZ_Y;Corner_2D_-X-Y-Z_X;Corner_2D_-X-Y-Z_Y;
J0:19:17:24:835;Hatchback_Car_AI_C_3;211;38978.566406;-68609.476562;-53568.382812;-1;-1;712.064819;-0.026456;-0.980698;-0.193731;38977.832031;-68638.507812;-53493.589844;204.0;92.0;76.0;39064.050781;-68855.757812;-53458.605469;39064.753906;-68826.320312;-53607.722656;38880.113281;-68850.820312;-53458.496094;38880.816406;-68821.382812;-53607.613281;39074.847656;-68455.632812;-53379.566406;39075.550781;-68426.195312;-53528.683594;38890.910156;-68450.695312;-53379.457031;38891.613281;-68421.257812;-53528.574219;-1;-1;-1;-1;-1;-1;-1;-1;-1;-1;-1;-1;-1;-1;-1;-1;-1;-1
J0:19:17:24:835;Hatchback_Car_AI_C_7;211;39432.453125;-65411.929688;-53283.53125;-1;-1;662.090149;-0.236624;-0.971523;-0.012318;39428.894531;-65426.472656;-53204.710938;204.0;92.0;76.0;39469.773438;-65647.34375;-53131.207031;39470.25;-65645.53125;-53283.199219;39291.0;-65603.796875;-53131.246094;39291.476562;-65601.984375;-53283.238281;39566.3125;-65250.957031;-53126.183594;39566.789062;-65249.144531;-53278.175781;39387.539062;-65207.417969;-53126.222656;39388.015625;-65205.605469;-53278.214844;-1;-1;-1;-1;-1;-1;-1;-1;-1;-1;-1;-1;-1;-1;-1;-1;-1;-1
