Time;ID;Cat;XPos;YPos;ZPos;2D_XPos;2D_YPos;Vel;XDir;YDir;ZDir;BBox_XPos;BBox_YPos;BBox_ZPos;BBox_Ext_X;BBox_Ext_Y;BBox_Ext_Z;Corner_XYZ_X;Corner_XYZ_Y;Corner_XYZ_Z;Corner_XY-Z_X;Corner_XY-Z_Y;Corner_XY-Z_Z;Corner_X-YZ_X;Corner_X-YZ_Y;Corner_X-YZ_Z;Corner_X-Y-Z_X;Corner_X-Y-Z_Y;Corner_X-Y-Z_Z;Corner_-XYZ_X;Corner_-XYZ_Y;Corner_-XYZ_Z;Corner_-XY-Z_X;Corner_-XY-Z_Y;Corner_-XY-Z_Z;Corner_-X-YZ_X;Corner_-X-YZ_Y;Corner_-X-YZ_Z;Corner_-X-Y-Z_X;Corner_-X-Y-Z_Y;Corner_-X-Y-Z_Z;BBox_2D_XPos;BBox_2D_YPos;Corner_2D_XYZ_X;Corner_2D_XYZ_Y;Corner_2D_XY-Z_X;Corner_2D_XY-Z_Y;Corner_2D_X-YZ_X;Corner_2D_X-YZ_Y;Corner_2D_X-Y-Z_X;Corner_2D_X-Y-Z_Y;Corner_2D_-XYZ_X;Corner_2D_-XYZ_Y;Corner_-2D_XY-Z_X;Corner_2D_-XY-Z_Y;Corner_2D_-X-YZ_X;Corner_2D_-X-YZ_Y;Corner_2D_-X-Y-Z_X;Corner_2D_-X-Y-Z_Y;
J0:19:18:34:146;Hatchback_Car_AI_C_3;211;39274.316406;-72549.898438;-54427.84375;240;676;681.436157;0.112351;-0.988612;-0.100115;39276.378906;-72571.640625;-54350.644531;204.0;92.0;76.0;39391.183594;-72770.578125;-54294.980469;39390.238281;-72755.375;-54446.214844;39208.355469;-72791.265625;-54295.917969;39207.410156;-72776.0625;-54447.152344;39345.347656;-72367.21875;-54254.136719;39344.402344;-72352.015625;-54405.371094;39162.519531;-72387.90625;-54255.074219;39161.574219;-72372.703125;-54406.308594;243;663;263;656;263;676;192;656;192;676;292;651;292;670;224;651;224;670
J0:19:18:34:146;Hatchback_Car_AI_C_7;211;38986.132812;-69304.414062;-53724.007812;-1;-1;684.622192;0.028964;-0.971066;-0.237046;38987.234375;-69336.726562;-53650.578125;204.0;92.0;76.0;39085.773438;-69550.039062;-53625.261719;39084.429688;-69514.039062;-53772.925781;38901.859375;-69555.601562;-53624.949219;38900.515625;-69519.601562;-53772.613281;39073.953125;-69153.851562;-53528.542969;39072.609375;-69117.851562;-53676.207031;38890.039062;-69159.414062;-53528.230469;38888.695312;-69123.414062;-53675.894531;-1;-1;-1;-1;-1;-1;-1;-1;-1;-1;-1;-1;-1;-1;-1;-1;-1;-1
