Time;ID;Cat;XPos;YPos;ZPos;2D_XPos;2D_YPos;Vel;XDir;YDir;ZDir;BBox_XPos;BBox_YPos;BBox_ZPos;BBox_Ext_X;BBox_Ext_Y;BBox_Ext_Z;Corner_XYZ_X;Corner_XYZ_Y;Corner_XYZ_Z;Corner_XY-Z_X;Corner_XY-Z_Y;Corner_XY-Z_Z;Corner_X-YZ_X;Corner_X-YZ_Y;Corner_X-YZ_Z;Corner_X-Y-Z_X;Corner_X-Y-Z_Y;Corner_X-Y-Z_Z;Corner_-XYZ_X;Corner_-XYZ_Y;Corner_-XYZ_Z;Corner_-XY-Z_X;Corner_-XY-Z_Y;Corner_-XY-Z_Z;Corner_-X-YZ_X;Corner_-X-YZ_Y;Corner_-X-YZ_Z;Corner_-X-Y-Z_X;Corner_-X-Y-Z_Y;Corner_-X-Y-Z_Z;BBox_2D_XPos;BBox_2D_YPos;Corner_2D_XYZ_X;Corner_2D_XYZ_Y;Corner_2D_XY-Z_X;Corner_2D_XY-Z_Y;Corner_2D_X-YZ_X;Corner_2D_X-YZ_Y;Corner_2D_X-Y-Z_X;Corner_2D_X-Y-Z_Y;Corner_2D_-XYZ_X;Corner_2D_-XYZ_Y;Corner_-2D_XY-Z_X;Corner_2D_-XY-Z_Y;Corner_2D_-X-YZ_X;Corner_2D_-X-YZ_Y;Corner_2D_-X-Y-Z_X;Corner_2D_-X-Y-Z_Y;
J0:19:19:11:751;Hatchback_Car_AI_C_7;211;39146.292969;-71379.898438;-54244.300781;55;642;717.05249;0.098261;-0.971621;-0.215169;39149.472656;-71410.40625;-54170.164062;204.0;92.0;76.0;39262.785156;-71615.59375;-54139.945312;39259.316406;-71583.078125;-54288.382812;39079.722656;-71634.15625;-54139.734375;39076.253906;-71601.640625;-54288.171875;39222.691406;-71219.171875;-54052.15625;39219.222656;-71186.65625;-54200.59375;39039.628906;-71237.734375;-54051.945312;39036.160156;-71205.21875;-54200.382812;60;629;77;626;77;636;5;626;5;636;112;622;112;632;43;622;43;632
J0:19:19:11:751;Hatchback_Car_AI_C_11;211;38981.722656;-68480.054688;-53543.332031;-1;-1;686.245483;-0.036757;-0.982148;-0.184486;38980.683594;-68508.367188;-53468.269531;204.0;92.0;76.0;39064.617188;-68726.179688;-53431.234375;39065.625;-68698.148438;-53580.625;38880.742188;-68719.304688;-53431.1875;38881.75;-68691.273438;-53580.578125;39079.617188;-68325.460938;-53355.960938;39080.625;-68297.429688;-53505.351562;38895.742188;-68318.585938;-53355.914062;38896.75;-68290.554688;-53505.304688;-1;-1;-1;-1;-1;-1;-1;-1;-1;-1;-1;-1;-1;-1;-1;-1;-1;-1
