Time;ID;Cat;XPos;YPos;ZPos;2D_XPos;2D_YPos;Vel;XDir;YDir;ZDir;BBox_XPos;BBox_YPos;BBox_ZPos;BBox_Ext_X;BBox_Ext_Y;BBox_Ext_Z;Corner_XYZ_X;Corner_XYZ_Y;Corner_XYZ_Z;Corner_XY-Z_X;Corner_XY-Z_Y;Corner_XY-Z_Z;Corner_X-YZ_X;Corner_X-YZ_Y;Corner_X-YZ_Z;Corner_X-Y-Z_X;Corner_X-Y-Z_Y;Corner_X-Y-Z_Z;Corner_-XYZ_X;Corner_-XYZ_Y;Corner_-XYZ_Z;Corner_-XY-Z_X;Corner_-XY-Z_Y;Corner_-XY-Z_Z;Corner_-X-YZ_X;Corner_-X-YZ_Y;Corner_-X-YZ_Z;Corner_-X-Y-Z_X;Corner_-X-Y-Z_Y;Corner_-X-Y-Z_Z;BBox_2D_XPos;BBox_2D_YPos;Corner_2D_XYZ_X;Corner_2D_XYZ_Y;Corner_2D_XY-Z_X;Corner_2D_XY-Z_Y;Corner_2D_X-YZ_X;Corner_2D_X-YZ_Y;Corner_2D_X-Y-Z_X;Corner_2D_X-Y-Z_Y;Corner_2D_-XYZ_X;Corner_2D_-XYZ_Y;Corner_-2D_XY-Z_X;Corner_2D_-XY-Z_Y;Corner_2D_-X-YZ_X;Corner_2D_-X-YZ_Y;Corner_2D_-X-Y-Z_X;Corner_2D_-X-Y-Z_Y;
J0:19:20:16:546;Hatchback_Car_AI_C_7;211;39423.121094;-74957.851562;-54437.570312;654;682;686.699829;-0.007573;-0.999206;0.039117;39423.097656;-74968.75;-54358.082031;204.0;92.0;76.0;39513.628906;-75170.320312;-54274.230469;39513.464844;-75176.257812;-54426.113281;39329.636719;-75168.914062;-54274.089844;39329.472656;-75174.851562;-54425.972656;39516.722656;-74762.648438;-54290.191406;39516.558594;-74768.585938;-54442.074219;39332.730469;-74761.242188;-54290.050781;39332.566406;-74767.179688;-54441.933594;656;668;688;654;688;685;614;654;614;685;697;651;697;680;626;651;626;680
J0:19:20:16:546;Hatchback_Car_AI_C_11;211;39220.988281;-72079.203125;-54371.007812;165;665;649.458801;0.104488;-0.983522;-0.14754;39223.378906;-72104.59375;-54294.9375;204.0;92.0;76.0;39337.078125;-72306.75;-54249.515625;39335.289062;-72284.390625;-54399.851562;39154.101562;-72326.078125;-54250.21875;39152.3125;-72303.71875;-54400.554688;39294.445312;-71905.46875;-54189.320312;39292.65625;-71883.109375;-54339.65625;39111.46875;-71924.796875;-54190.023438;39109.679688;-71902.4375;-54340.359375;169;652;188;646;188;662;116;646;116;662;219;642;219;657;150;642;150;657
J0:19:20:16:546;Hatchback_Car_AI_C_15;211;38982.632812;-68473.03125;-53541.992188;-1;-1;689.374023;-0.03812;-0.982233;-0.183753;38981.5625;-68501.289062;-53466.910156;204.0;92.0;76.0;39065.199219;-68719.179688;-53429.714844;39066.230469;-68691.273438;-53579.128906;38881.339844;-68712.054688;-53429.660156;38882.371094;-68684.148438;-53579.074219;39080.753906;-68318.429688;-53354.746094;39081.785156;-68290.523438;-53504.160156;38896.894531;-68311.304688;-53354.691406;38897.925781;-68283.398438;-53504.105469;-1;-1;-1;-1;-1;-1;-1;-1;-1;-1;-1;-1;-1;-1;-1;-1;-1;-1
