Time;ID;Cat;XPos;YPos;ZPos;2D_XPos;2D_YPos;Vel;XDir;YDir;ZDir;BBox_XPos;BBox_YPos;BBox_ZPos;BBox_Ext_X;BBox_Ext_Y;BBox_Ext_Z;Corner_XYZ_X;Corner_XYZ_Y;Corner_XYZ_Z;Corner_XY-Z_X;Corner_XY-Z_Y;Corner_XY-Z_Z;Corner_X-YZ_X;Corner_X-YZ_Y;Corner_X-YZ_Z;Corner_X-Y-Z_X;Corner_X-Y-Z_Y;Corner_X-Y-Z_Z;Corner_-XYZ_X;Corner_-XYZ_Y;Corner_-XYZ_Z;Corner_-XY-Z_X;Corner_-XY-Z_Y;Corner_-XY-Z_Z;Corner_-X-YZ_X;Corner_-X-YZ_Y;Corner_-X-YZ_Z;Corner_-X-Y-Z_X;Corner_-X-Y-Z_Y;Corner_-X-Y-Z_Z;BBox_2D_XPos;BBox_2D_YPos;Corner_2D_XYZ_X;Corner_2D_XYZ_Y;Corner_2D_XY-Z_X;Corner_2D_XY-Z_Y;Corner_2D_X-YZ_X;Corner_2D_X-YZ_Y;Corner_2D_X-Y-Z_X;Corner_2D_X-Y-Z_Y;Corner_2D_-XYZ_X;Corner_2D_-XYZ_Y;Corner_-2D_XY-Z_X;Corner_2D_-XY-Z_Y;Corner_2D_-X-YZ_X;Corner_2D_-X-YZ_Y;Corner_2D_-X-Y-Z_X;Corner_2D_-X-Y-Z_Y;
J0:19:18:02:545;Hatchback_Car_AI_C_3;211;39091.769531;-70803.09375;-54106.492188;-1;-1;721.360107;0.089851;-0.965243;-0.245425;39094.980469;-70835.898438;-54033.34375;204.0;92.0;76.0;39206.789062;-71042.789062;-54009.910156;39203.03125;-71005.679688;-54157.261719;39023.585938;-71059.929688;-54009.558594;39019.828125;-71022.820312;-54156.910156;39170.132812;-70648.976562;-53909.777344;39166.375;-70611.867188;-54057.128906;38986.929688;-70666.117188;-53909.425781;38983.171875;-70629.007812;-54056.777344;-1;-1;-1;-1;-1;-1;-1;-1;-1;-1;24;600;24;608;-1;-1;-1;-1
J0:19:18:02:545;Hatchback_Car_AI_C_7;211;39048.773438;-67559.117188;-53404.21875;-1;-1;653.68866;-0.111695;-0.986945;-0.116032;39046.15625;-67582.039062;-53327.375;204.0;92.0;76.0;39113.773438;-67802.484375;-53275.53125;39115.804688;-67784.96875;-53426.507812;38930.9375;-67781.78125;-53275.585938;38932.96875;-67764.265625;-53426.5625;39159.34375;-67399.8125;-53228.1875;39161.375;-67382.296875;-53379.164062;38976.507812;-67379.109375;-53228.242188;38978.539062;-67361.59375;-53379.21875;-1;-1;-1;-1;-1;-1;-1;-1;-1;-1;-1;-1;-1;-1;-1;-1;-1;-1
