Time;ID;Cat;XPos;YPos;ZPos;2D_XPos;2D_YPos;Vel;XDir;YDir;ZDir;BBox_XPos;BBox_YPos;BBox_ZPos;BBox_Ext_X;BBox_Ext_Y;BBox_Ext_Z;Corner_XYZ_X;Corner_XYZ_Y;Corner_XYZ_Z;Corner_XY-Z_X;Corner_XY-Z_Y;Corner_XY-Z_Z;Corner_X-YZ_X;Corner_X-YZ_Y;Corner_X-YZ_Z;Corner_X-Y-Z_X;Corner_X-Y-Z_Y;Corner_X-Y-Z_Z;Corner_-XYZ_X;Corner_-XYZ_Y;Corner_-XYZ_Z;Corner_-XY-Z_X;Corner_-XY-Z_Y;Corner_-XY-Z_Z;Corner_-X-YZ_X;Corner_-X-YZ_Y;Corner_-X-YZ_Z;Corner_-X-Y-Z_X;Corner_-X-Y-Z_Y;Corner_-X-Y-Z_Z;BBox_2D_XPos;BBox_2D_YPos;Corner_2D_XYZ_X;Corner_2D_XYZ_Y;Corner_2D_XY-Z_X;Corner_2D_XY-Z_Y;Corner_2D_X-YZ_X;Corner_2D_X-YZ_Y;Corner_2D_X-Y-Z_X;Corner_2D_X-Y-Z_Y;Corner_2D_-XYZ_X;Corner_2D_-XYZ_Y;Corner_-2D_XY-Z_X;Corner_2D_-XY-Z_Y;Corner_2D_-X-YZ_X;Corner_2D_-X-YZ_Y;Corner_2D_-X-Y-Z_X;Corner_2D_-X-Y-Z_Y;
J0:19:17:22:836;Hatchback_Car_AI_C_3;211;38981.320312;-68496.742188;-53546.457031;-1;-1;696.213501;-0.034135;-0.982151;-0.184973;38980.304688;-68525.09375;-53471.410156;204.0;92.0;76.0;39064.765625;-68742.703125;-53434.421875;39065.804688;-68714.609375;-53583.796875;38880.875;-68736.296875;-53434.492188;38881.914062;-68708.203125;-53583.867188;39078.695312;-68341.984375;-53358.953125;39079.734375;-68313.890625;-53508.328125;38894.804688;-68335.578125;-53359.023438;38895.84375;-68307.484375;-53508.398438;-1;-1;-1;-1;-1;-1;-1;-1;-1;-1;-1;-1;-1;-1;-1;-1;-1;-1
J0:19:17:22:836;Hatchback_Car_AI_C_7;211;39457.71875;-65307.160156;-53282.085938;-1;-1;626.620117;-0.243312;-0.969892;-0.010416;39454.101562;-65321.535156;-53203.234375;204.0;92.0;76.0;39493.5;-65542.546875;-53129.351562;39493.898438;-65541.015625;-53281.34375;39315.03125;-65497.773438;-53129.375;39315.429688;-65496.242188;-53281.367188;39592.773438;-65146.828125;-53125.101562;39593.171875;-65145.296875;-53277.09375;39414.304688;-65102.054688;-53125.125;39414.703125;-65100.523438;-53277.117188;-1;-1;-1;-1;-1;-1;-1;-1;-1;-1;-1;-1;-1;-1;-1;-1;-1;-1
