Time;ID;Cat;XPos;YPos;ZPos;2D_XPos;2D_YPos;Vel;XDir;YDir;ZDir;BBox_XPos;BBox_YPos;BBox_ZPos;BBox_Ext_X;BBox_Ext_Y;BBox_Ext_Z;Corner_XYZ_X;Corner_XYZ_Y;Corner_XYZ_Z;Corner_XY-Z_X;Corner_XY-Z_Y;Corner_XY-Z_Z;Corner_X-YZ_X;Corner_X-YZ_Y;Corner_X-YZ_Z;Corner_X-Y-Z_X;Corner_X-Y-Z_Y;Corner_X-Y-Z_Z;Corner_-XYZ_X;Corner_-XYZ_Y;Corner_-XYZ_Z;Corner_-XY-Z_X;Corner_-XY-Z_Y;Corner_-XY-Z_Z;Corner_-X-YZ_X;Corner_-X-YZ_Y;Corner_-X-YZ_Z;Corner_-X-Y-Z_X;Corner_-X-Y-Z_Y;Corner_-X-Y-Z_Z;BBox_2D_XPos;BBox_2D_YPos;Corner_2D_XYZ_X;Corner_2D_XYZ_Y;Corner_2D_XY-Z_X;Corner_2D_XY-Z_Y;Corner_2D_X-YZ_X;Corner_2D_X-YZ_Y;Corner_2D_X-Y-Z_X;Corner_2D_X-Y-Z_Y;Corner_2D_-XYZ_X;Corner_2D_-XYZ_Y;Corner_-2D_XY-Z_X;Corner_2D_-XY-Z_Y;Corner_2D_-X-YZ_X;Corner_2D_-X-YZ_Y;Corner_2D_-X-Y-Z_X;Corner_2D_-X-Y-Z_Y;
J0:19:17:23:236;Hatchback_Car_AI_C_3;211;38980.664062;-68519.039062;-53550.707031;-1;-1;684.615112;-0.033782;-0.981686;-0.187484;38979.707031;-68547.585938;-53475.734375;204.0;92.0;76.0;39064.296875;-68765.25;-53439.355469;39065.226562;-68736.765625;-53588.660156;38880.40625;-68758.9375;-53439.300781;38881.335938;-68730.453125;-53588.605469;39078.078125;-68364.71875;-53362.863281;39079.007812;-68336.234375;-53512.167969;38894.1875;-68358.40625;-53362.808594;38895.117188;-68329.921875;-53512.113281;-1;-1;-1;-1;-1;-1;-1;-1;-1;-1;-1;-1;-1;-1;-1;-1;-1;-1
J0:19:17:23:236;Hatchback_Car_AI_C_7;211;39452.628906;-65328.128906;-53282.363281;-1;-1;647.037048;-0.240805;-0.97052;-0.010162;39449.046875;-65342.492188;-53203.507812;204.0;92.0;76.0;39489.011719;-65563.375;-53129.566406;39489.417969;-65561.890625;-53281.558594;39310.425781;-65519.066406;-53129.605469;39310.832031;-65517.574219;-53281.597656;39587.261719;-65167.410156;-53125.417969;39587.667969;-65165.917969;-53277.410156;39408.675781;-65123.097656;-53125.457031;39409.082031;-65121.605469;-53277.449219;-1;-1;-1;-1;-1;-1;-1;-1;-1;-1;-1;-1;-1;-1;-1;-1;-1;-1
