Time;ID;Cat;XPos;YPos;ZPos;2D_XPos;2D_YPos;Vel;XDir;YDir;ZDir;BBox_XPos;BBox_YPos;BBox_ZPos;BBox_Ext_X;BBox_Ext_Y;BBox_Ext_Z;Corner_XYZ_X;Corner_XYZ_Y;Corner_XYZ_Z;Corner_XY-Z_X;Corner_XY-Z_Y;Corner_XY-Z_Z;Corner_X-YZ_X;Corner_X-YZ_Y;Corner_X-YZ_Z;Corner_X-Y-Z_X;Corner_X-Y-Z_Y;Corner_X-Y-Z_Z;Corner_-XYZ_X;Corner_-XYZ_Y;Corner_-XYZ_Z;Corner_-XY-Z_X;Corner_-XY-Z_Y;Corner_-XY-Z_Z;Corner_-X-YZ_X;Corner_-X-YZ_Y;Corner_-X-YZ_Z;Corner_-X-Y-Z_X;Corner_-X-Y-Z_Y;Corner_-X-Y-Z_Z;BBox_2D_XPos;BBox_2D_YPos;Corner_2D_XYZ_X;Corner_2D_XYZ_Y;Corner_2D_XY-Z_X;Corner_2D_XY-Z_Y;Corner_2D_X-YZ_X;Corner_2D_X-YZ_Y;Corner_2D_X-Y-Z_X;Corner_2D_X-Y-Z_Y;Corner_2D_-XYZ_X;Corner_2D_-XYZ_Y;Corner_-2D_XY-Z_X;Corner_2D_-XY-Z_Y;Corner_2D_-X-YZ_X;Corner_2D_-X-YZ_Y;Corner_2D_-X-Y-Z_X;Corner_2D_-X-Y-Z_Y;
J0:19:18:36:545;Hatchback_Car_AI_C_3;211;39288.359375;-72676.765625;-54439.730469;260;679;633.559204;0.113262;-0.989547;-0.08927;39290.339844;-72697.671875;-54362.296875;204.0;92.0;76.0;39405.230469;-72895.90625;-54304.335938;39404.472656;-72882.328125;-54455.726562;39222.417969;-72916.75;-54305.289062;39221.660156;-72903.171875;-54456.679688;39359.019531;-72492.171875;-54267.914062;39358.261719;-72478.59375;-54419.304688;39176.207031;-72513.015625;-54268.867188;39175.449219;-72499.4375;-54420.257812;263;665;284;658;284;678;213;658;213;678;312;653;312;673;244;653;244;673
J0:19:18:36:545;Hatchback_Car_AI_C_7;211;38991.179688;-69439.164062;-53757.03125;-1;-1;695.219055;0.037634;-0.96968;-0.241464;38992.566406;-69471.796875;-53683.75;204.0;92.0;76.0;39093.0;-69684.34375;-53659.394531;39091.34375;-69647.671875;-53806.894531;38909.140625;-69691.546875;-53659.121094;38907.484375;-69654.875;-53806.621094;39077.648438;-69288.71875;-53560.878906;39075.992188;-69252.046875;-53708.378906;38893.789062;-69295.921875;-53560.605469;38892.132812;-69259.25;-53708.105469;-1;-1;-1;-1;-1;-1;-1;-1;-1;-1;-1;-1;-1;-1;-1;-1;-1;-1
