Time;ID;Cat;XPos;YPos;ZPos;2D_XPos;2D_YPos;Vel;XDir;YDir;ZDir;BBox_XPos;BBox_YPos;BBox_ZPos;BBox_Ext_X;BBox_Ext_Y;BBox_Ext_Z;Corner_XYZ_X;Corner_XYZ_Y;Corner_XYZ_Z;Corner_XY-Z_X;Corner_XY-Z_Y;Corner_XY-Z_Z;Corner_X-YZ_X;Corner_X-YZ_Y;Corner_X-YZ_Z;Corner_X-Y-Z_X;Corner_X-Y-Z_Y;Corner_X-Y-Z_Z;Corner_-XYZ_X;Corner_-XYZ_Y;Corner_-XYZ_Z;Corner_-XY-Z_X;Corner_-XY-Z_Y;Corner_-XY-Z_Z;Corner_-X-YZ_X;Corner_-X-YZ_Y;Corner_-X-YZ_Z;Corner_-X-Y-Z_X;Corner_-X-Y-Z_Y;Corner_-X-Y-Z_Z;BBox_2D_XPos;BBox_2D_YPos;Corner_2D_XYZ_X;Corner_2D_XYZ_Y;Corner_2D_XY-Z_X;Corner_2D_XY-Z_Y;Corner_2D_X-YZ_X;Corner_2D_X-YZ_Y;Corner_2D_X-Y-Z_X;Corner_2D_X-Y-Z_Y;Corner_2D_-XYZ_X;Corner_2D_-XYZ_Y;Corner_-2D_XY-Z_X;Corner_2D_-XY-Z_Y;Corner_2D_-X-YZ_X;Corner_2D_-X-YZ_Y;Corner_2D_-X-Y-Z_X;Corner_2D_-X-Y-Z_Y;
J0:19:19:29:747;Hatchback_Car_AI_C_7;211;39252.882812;-72373.90625;-54409.082031;212;673;692.392944;0.111962;-0.986712;-0.117742;39255.070312;-72397.007812;-54332.28125;204.0;92.0;76.0;39369.921875;-72596.921875;-54280.332031;39368.734375;-72579.046875;-54431.269531;39187.085938;-72617.546875;-54281.332031;39185.898438;-72599.671875;-54432.269531;39324.242188;-72194.34375;-54232.292969;39323.054688;-72176.46875;-54383.230469;39141.40625;-72214.96875;-54233.292969;39140.21875;-72197.09375;-54384.230469;215;659;235;652;235;671;164;652;164;671;265;648;265;666;196;648;196;666
J0:19:19:29:747;Hatchback_Car_AI_C_11;211;38992.253906;-69487.929688;-53769.09375;-1;-1;701.505859;0.043017;-0.969182;-0.242562;38993.777344;-69520.640625;-53695.847656;204.0;92.0;76.0;39095.347656;-69732.664062;-53671.683594;39093.574219;-69695.835938;-53819.144531;38911.527344;-69740.867188;-53671.519531;38909.753906;-69704.039062;-53818.980469;39077.800781;-69337.242188;-53572.714844;39076.027344;-69300.414062;-53720.175781;38893.980469;-69345.445312;-53572.550781;38892.207031;-69308.617188;-53720.011719;-1;-1;-1;-1;-1;-1;-1;-1;-1;-1;-1;-1;-1;-1;-1;-1;-1;-1
J0:19:19:29:747;Hatchback_Car_AI_C_15;211;39323.402344;-65892.992188;-53294.207031;-1;-1;695.42926;-0.210309;-0.977277;-0.026454;39319.992188;-65908.710938;-53215.605469;204.0;92.0;76.0;39366.585938;-66129.398438;-53145.003906;39367.476562;-66125.476562;-53296.949219;39186.703125;-66090.679688;-53145.058594;39187.59375;-66086.757812;-53297.003906;39452.390625;-65730.664062;-53134.207031;39453.28125;-65726.742188;-53286.152344;39272.507812;-65691.945312;-53134.261719;39273.398438;-65688.023438;-53286.207031;-1;-1;-1;-1;-1;-1;-1;-1;-1;-1;-1;-1;-1;-1;-1;-1;-1;-1
