Time;ID;Cat;XPos;YPos;ZPos;2D_XPos;2D_YPos;Vel;XDir;YDir;ZDir;BBox_XPos;BBox_YPos;BBox_ZPos;BBox_Ext_X;BBox_Ext_Y;BBox_Ext_Z;Corner_XYZ_X;Corner_XYZ_Y;Corner_XYZ_Z;Corner_XY-Z_X;Corner_XY-Z_Y;Corner_XY-Z_Z;Corner_X-YZ_X;Corner_X-YZ_Y;Corner_X-YZ_Z;Corner_X-Y-Z_X;Corner_X-Y-Z_Y;Corner_X-Y-Z_Z;Corner_-XYZ_X;Corner_-XYZ_Y;Corner_-XYZ_Z;Corner_-XY-Z_X;Corner_-XY-Z_Y;Corner_-XY-Z_Z;Corner_-X-YZ_X;Corner_-X-YZ_Y;Corner_-X-YZ_Z;Corner_-X-Y-Z_X;Corner_-X-Y-Z_Y;Corner_-X-Y-Z_Z;BBox_2D_XPos;BBox_2D_YPos;Corner_2D_XYZ_X;Corner_2D_XYZ_Y;Corner_2D_XY-Z_X;Corner_2D_XY-Z_Y;Corner_2D_X-YZ_X;Corner_2D_X-YZ_Y;Corner_2D_X-Y-Z_X;Corner_2D_X-Y-Z_Y;Corner_2D_-XYZ_X;Corner_2D_-XYZ_Y;Corner_-2D_XY-Z_X;Corner_2D_-XY-Z_Y;Corner_2D_-X-YZ_X;Corner_2D_-X-YZ_Y;Corner_2D_-X-Y-Z_X;Corner_2D_-X-Y-Z_Y;
J0:19:18:26:151;Hatchback_Car_AI_C_3;211;39225.085938;-72108.875;-54375.039062;169;666;687.430115;0.108269;-0.983742;-0.14328;39227.507812;-72133.9375;-54298.859375;204.0;92.0;76.0;39341.917969;-72335.46875;-54252.488281;39340.175781;-72313.75;-54402.917969;39159.011719;-72355.484375;-54253.261719;39157.269531;-72333.765625;-54403.691406;39297.746094;-71934.109375;-54194.027344;39296.003906;-71912.390625;-54344.457031;39114.839844;-71954.125;-54194.800781;39113.097656;-71932.40625;-54345.230469;173;653;192;647;192;663;121;647;121;663;224;643;224;658;155;643;155;658
J0:19:18:26:151;Hatchback_Car_AI_C_7;211;38978.195312;-68860.734375;-53620.992188;-1;-1;717.250183;-0.003032;-0.976824;-0.214021;38978.148438;-68891.320312;-53546.820312;204.0;92.0;76.0;39069.527344;-69107.132812;-53516.296875;39069.535156;-69074.601562;-53664.773438;38885.527344;-69106.585938;-53516.1875;38885.535156;-69074.054688;-53664.664062;39070.761719;-68708.585938;-53428.976562;39070.769531;-68676.054688;-53577.453125;38886.761719;-68708.039062;-53428.867188;38886.769531;-68675.507812;-53577.34375;-1;-1;-1;-1;-1;-1;-1;-1;-1;-1;-1;-1;-1;-1;-1;-1;-1;-1
