Time;ID;Cat;XPos;YPos;ZPos;2D_XPos;2D_YPos;Vel;XDir;YDir;ZDir;BBox_XPos;BBox_YPos;BBox_ZPos;BBox_Ext_X;BBox_Ext_Y;BBox_Ext_Z;Corner_XYZ_X;Corner_XYZ_Y;Corner_XYZ_Z;Corner_XY-Z_X;Corner_XY-Z_Y;Corner_XY-Z_Z;Corner_X-YZ_X;Corner_X-YZ_Y;Corner_X-YZ_Z;Corner_X-Y-Z_X;Corner_X-Y-Z_Y;Corner_X-Y-Z_Z;Corner_-XYZ_X;Corner_-XYZ_Y;Corner_-XYZ_Z;Corner_-XY-Z_X;Corner_-XY-Z_Y;Corner_-XY-Z_Z;Corner_-X-YZ_X;Corner_-X-YZ_Y;Corner_-X-YZ_Z;Corner_-X-Y-Z_X;Corner_-X-Y-Z_Y;Corner_-X-Y-Z_Z;BBox_2D_XPos;BBox_2D_YPos;Corner_2D_XYZ_X;Corner_2D_XYZ_Y;Corner_2D_XY-Z_X;Corner_2D_XY-Z_Y;Corner_2D_X-YZ_X;Corner_2D_X-YZ_Y;Corner_2D_X-Y-Z_X;Corner_2D_X-Y-Z_Y;Corner_2D_-XYZ_X;Corner_2D_-XYZ_Y;Corner_-2D_XY-Z_X;Corner_2D_-XY-Z_Y;Corner_2D_-X-YZ_X;Corner_2D_-X-YZ_Y;Corner_2D_-X-Y-Z_X;Corner_2D_-X-Y-Z_Y;
J0:19:19:41:746;Hatchback_Car_AI_C_7;211;39326.328125;-73032.242188;-54464.179688;318;684;614.564636;0.105672;-0.992748;-0.057308;39327.996094;-73050.671875;-54386.113281;204.0;92.0;76.0;39441.21875;-73247.835938;-54321.585938;39440.859375;-73239.117188;-54473.335938;39258.25;-73267.273438;-54322.273438;39257.890625;-73258.554688;-54474.023438;39398.101562;-72842.789062;-54298.203125;39397.742188;-72834.070312;-54449.953125;39215.132812;-72862.226562;-54298.890625;39214.773438;-72853.507812;-54450.640625;321;670;343;661;343;685;272;661;272;685;369;656;369;679;300;656;300;679
J0:19:19:41:746;Hatchback_Car_AI_C_11;211;39034.898438;-70152.40625;-53939.371094;-1;-1;676.748535;0.07566;-0.964365;-0.253527;39037.601562;-70185.867188;-53866.5;204.0;92.0;76.0;39146.332031;-70394.578125;-53844.792969;39143.167969;-70356.171875;-53991.824219;38962.902344;-70409.015625;-53844.613281;38959.738281;-70370.609375;-53991.644531;39115.464844;-70001.125;-53741.355469;39112.300781;-69962.71875;-53888.386719;38932.035156;-70015.5625;-53741.175781;38928.871094;-69977.15625;-53888.207031;-1;-1;-1;-1;-1;-1;-1;-1;-1;-1;-1;-1;-1;-1;-1;-1;-1;-1
