Time;ID;Cat;XPos;YPos;ZPos;2D_XPos;2D_YPos;Vel;XDir;YDir;ZDir;BBox_XPos;BBox_YPos;BBox_ZPos;BBox_Ext_X;BBox_Ext_Y;BBox_Ext_Z;Corner_XYZ_X;Corner_XYZ_Y;Corner_XYZ_Z;Corner_XY-Z_X;Corner_XY-Z_Y;Corner_XY-Z_Z;Corner_X-YZ_X;Corner_X-YZ_Y;Corner_X-YZ_Z;Corner_X-Y-Z_X;Corner_X-Y-Z_Y;Corner_X-Y-Z_Z;Corner_-XYZ_X;Corner_-XYZ_Y;Corner_-XYZ_Z;Corner_-XY-Z_X;Corner_-XY-Z_Y;Corner_-XY-Z_Z;Corner_-X-YZ_X;Corner_-X-YZ_Y;Corner_-X-YZ_Z;Corner_-X-Y-Z_X;Corner_-X-Y-Z_Y;Corner_-X-Y-Z_Z;BBox_2D_XPos;BBox_2D_YPos;Corner_2D_XYZ_X;Corner_2D_XYZ_Y;Corner_2D_XY-Z_X;Corner_2D_XY-Z_Y;Corner_2D_X-YZ_X;Corner_2D_X-YZ_Y;Corner_2D_X-Y-Z_X;Corner_2D_X-Y-Z_Y;Corner_2D_-XYZ_X;Corner_2D_-XYZ_Y;Corner_-2D_XY-Z_X;Corner_2D_-XY-Z_Y;Corner_2D_-X-YZ_X;Corner_2D_-X-YZ_Y;Corner_2D_-X-Y-Z_X;Corner_2D_-X-Y-Z_Y;
J0:19:19:20:146;Hatchback_Car_AI_C_7;211;39193.976562;-71839.4375;-54333.214844;127;658;640.411377;0.10372;-0.979698;-0.171562;39196.628906;-71866.65625;-54257.789062;204.0;92.0;76.0;39310.433594;-72069.867188;-54217.65625;39308.128906;-72043.882812;-54367.398438;39127.449219;-72089.148438;-54218.179688;39125.144531;-72063.164062;-54367.921875;39268.113281;-71670.148438;-54147.65625;39265.808594;-71644.164062;-54297.398438;39085.128906;-71689.429688;-54148.179688;39082.824219;-71663.445312;-54297.921875;131;645;150;640;150;654;78;640;78;654;182;636;182;650;113;636;113;650
J0:19:19:20:146;Hatchback_Car_AI_C_11;211;38976.878906;-68951.4375;-53641.1875;-1;-1;685.247192;0.005376;-0.97505;-0.221919;38977.101562;-68982.617188;-53567.265625;204.0;92.0;76.0;39070.34375;-69197.875;-53538.492188;39070.054688;-69164.140625;-53686.703125;38886.34375;-69198.921875;-53538.375;38886.054688;-69165.1875;-53686.585938;39068.148438;-68800.046875;-53447.945312;39067.859375;-68766.3125;-53596.15625;38884.148438;-68801.09375;-53447.828125;38883.859375;-68767.359375;-53596.039062;-1;-1;-1;-1;-1;-1;-1;-1;-1;-1;-1;-1;-1;-1;-1;-1;-1;-1
J0:19:19:20:146;Hatchback_Car_AI_C_15;211;39439.796875;-65377.671875;-53283.007812;-1;-1;671.204407;-0.238377;-0.971088;-0.012798;39436.1875;-65392.242188;-53204.195312;204.0;92.0;76.0;39476.644531;-65613.210938;-53130.777344;39477.167969;-65611.335938;-53282.761719;39297.949219;-65569.351562;-53130.847656;39298.472656;-65567.476562;-53282.832031;39573.902344;-65217.011719;-53125.558594;39574.425781;-65215.136719;-53277.542969;39395.207031;-65173.144531;-53125.628906;39395.730469;-65171.269531;-53277.613281;-1;-1;-1;-1;-1;-1;-1;-1;-1;-1;-1;-1;-1;-1;-1;-1;-1;-1
