Time;ID;Cat;XPos;YPos;ZPos;2D_XPos;2D_YPos;Vel;XDir;YDir;ZDir;BBox_XPos;BBox_YPos;BBox_ZPos;BBox_Ext_X;BBox_Ext_Y;BBox_Ext_Z;Corner_XYZ_X;Corner_XYZ_Y;Corner_XYZ_Z;Corner_XY-Z_X;Corner_XY-Z_Y;Corner_XY-Z_Z;Corner_X-YZ_X;Corner_X-YZ_Y;Corner_X-YZ_Z;Corner_X-Y-Z_X;Corner_X-Y-Z_Y;Corner_X-Y-Z_Z;Corner_-XYZ_X;Corner_-XYZ_Y;Corner_-XYZ_Z;Corner_-XY-Z_X;Corner_-XY-Z_Y;Corner_-XY-Z_Z;Corner_-X-YZ_X;Corner_-X-YZ_Y;Corner_-X-YZ_Z;Corner_-X-Y-Z_X;Corner_-X-Y-Z_Y;Corner_-X-Y-Z_Z;BBox_2D_XPos;BBox_2D_YPos;Corner_2D_XYZ_X;Corner_2D_XYZ_Y;Corner_2D_XY-Z_X;Corner_2D_XY-Z_Y;Corner_2D_X-YZ_X;Corner_2D_X-YZ_Y;Corner_2D_X-Y-Z_X;Corner_2D_X-Y-Z_Y;Corner_2D_-XYZ_X;Corner_2D_-XYZ_Y;Corner_-2D_XY-Z_X;Corner_2D_-XY-Z_Y;Corner_2D_-X-YZ_X;Corner_2D_-X-YZ_Y;Corner_2D_-X-Y-Z_X;Corner_2D_-X-Y-Z_Y;
J0:19:18:23:752;Hatchback_Car_AI_C_3;211;39210.234375;-71974.4375;-54355.179688;148;662;686.87561;0.107569;-0.981882;-0.155999;39212.773438;-72000.46875;-54279.332031;204.0;92.0;76.0;39327.167969;-72202.632812;-54235.726562;39325.183594;-72178.992188;-54385.867188;39144.253906;-72222.554688;-54236.445312;39142.269531;-72198.914062;-54386.585938;39283.277344;-71802.023438;-54172.078125;39281.292969;-71778.382812;-54322.21875;39100.363281;-71821.945312;-54172.796875;39098.378906;-71798.304688;-54322.9375;152;649;171;644;171;659;99;644;99;659;203;639;203;654;134;639;134;654
J0:19:18:23:752;Hatchback_Car_AI_C_7;211;38978.9375;-68725.890625;-53592.042969;-1;-1;678.055542;-0.014552;-0.978724;-0.204663;38978.511719;-68755.757812;-53517.582031;204.0;92.0;76.0;39067.316406;-68972.335938;-53484.960938;39067.746094;-68941.226562;-53633.742188;38883.339844;-68969.601562;-53484.921875;38883.769531;-68938.492188;-53633.703125;39073.253906;-68573.023438;-53401.460938;39073.683594;-68541.914062;-53550.242188;38889.277344;-68570.289062;-53401.421875;38889.707031;-68539.179688;-53550.203125;-1;-1;-1;-1;-1;-1;-1;-1;-1;-1;-1;-1;-1;-1;-1;-1;-1;-1
