Time;ID;Cat;XPos;YPos;ZPos;2D_XPos;2D_YPos;Vel;XDir;YDir;ZDir;BBox_XPos;BBox_YPos;BBox_ZPos;BBox_Ext_X;BBox_Ext_Y;BBox_Ext_Z;Corner_XYZ_X;Corner_XYZ_Y;Corner_XYZ_Z;Corner_XY-Z_X;Corner_XY-Z_Y;Corner_XY-Z_Z;Corner_X-YZ_X;Corner_X-YZ_Y;Corner_X-YZ_Z;Corner_X-Y-Z_X;Corner_X-Y-Z_Y;Corner_X-Y-Z_Z;Corner_-XYZ_X;Corner_-XYZ_Y;Corner_-XYZ_Z;Corner_-XY-Z_X;Corner_-XY-Z_Y;Corner_-XY-Z_Z;Corner_-X-YZ_X;Corner_-X-YZ_Y;Corner_-X-YZ_Z;Corner_-X-Y-Z_X;Corner_-X-Y-Z_Y;Corner_-X-Y-Z_Z;BBox_2D_XPos;BBox_2D_YPos;Corner_2D_XYZ_X;Corner_2D_XYZ_Y;Corner_2D_XY-Z_X;Corner_2D_XY-Z_Y;Corner_2D_X-YZ_X;Corner_2D_X-YZ_Y;Corner_2D_X-Y-Z_X;Corner_2D_X-Y-Z_Y;Corner_2D_-XYZ_X;Corner_2D_-XYZ_Y;Corner_-2D_XY-Z_X;Corner_2D_-XY-Z_Y;Corner_2D_-X-YZ_X;Corner_2D_-X-YZ_Y;Corner_2D_-X-Y-Z_X;Corner_2D_-X-Y-Z_Y;
J0:19:18:24:945;Hatchback_Car_AI_C_3;211;39217.65625;-72041.195312;-54365.273438;158;664;687.035767;0.105719;-0.983077;-0.14961;39220.082031;-72066.742188;-54289.257812;204.0;92.0;76.0;39334.035156;-72268.84375;-54244.261719;39332.214844;-72246.171875;-54394.550781;39151.082031;-72288.40625;-54245.003906;39149.261719;-72265.734375;-54395.292969;39290.902344;-71867.75;-54183.222656;39289.082031;-71845.078125;-54333.511719;39107.949219;-71887.3125;-54183.964844;39106.128906;-71864.640625;-54334.253906;163;651;182;645;182;661;110;645;110;661;213;641;213;656;144;641;144;656
J0:19:18:24:945;Hatchback_Car_AI_C_7;211;38978.289062;-68792.046875;-53606.109375;-1;-1;678.183228;-0.009958;-0.977615;-0.210164;38978.0625;-68822.335938;-53531.816406;204.0;92.0;76.0;39067.945312;-69038.648438;-53500.484375;39068.109375;-69006.710938;-53649.085938;38883.953125;-69036.820312;-53500.296875;38884.117188;-69004.882812;-53648.898438;39072.007812;-68639.789062;-53414.734375;39072.171875;-68607.851562;-53563.335938;38888.015625;-68637.960938;-53414.546875;38888.179688;-68606.023438;-53563.148438;-1;-1;-1;-1;-1;-1;-1;-1;-1;-1;-1;-1;-1;-1;-1;-1;-1;-1
