Time;ID;Cat;XPos;YPos;ZPos;2D_XPos;2D_YPos;Vel;XDir;YDir;ZDir;BBox_XPos;BBox_YPos;BBox_ZPos;BBox_Ext_X;BBox_Ext_Y;BBox_Ext_Z;Corner_XYZ_X;Corner_XYZ_Y;Corner_XYZ_Z;Corner_XY-Z_X;Corner_XY-Z_Y;Corner_XY-Z_Z;Corner_X-YZ_X;Corner_X-YZ_Y;Corner_X-YZ_Z;Corner_X-Y-Z_X;Corner_X-Y-Z_Y;Corner_X-Y-Z_Z;Corner_-XYZ_X;Corner_-XYZ_Y;Corner_-XYZ_Z;Corner_-XY-Z_X;Corner_-XY-Z_Y;Corner_-XY-Z_Z;Corner_-X-YZ_X;Corner_-X-YZ_Y;Corner_-X-YZ_Z;Corner_-X-Y-Z_X;Corner_-X-Y-Z_Y;Corner_-X-Y-Z_Z;BBox_2D_XPos;BBox_2D_YPos;Corner_2D_XYZ_X;Corner_2D_XYZ_Y;Corner_2D_XY-Z_X;Corner_2D_XY-Z_Y;Corner_2D_X-YZ_X;Corner_2D_X-YZ_Y;Corner_2D_X-Y-Z_X;Corner_2D_X-Y-Z_Y;Corner_2D_-XYZ_X;Corner_2D_-XYZ_Y;Corner_-2D_XY-Z_X;Corner_2D_-XY-Z_Y;Corner_2D_-X-YZ_X;Corner_2D_-X-YZ_Y;Corner_2D_-X-Y-Z_X;Corner_2D_-X-Y-Z_Y;
J0:19:18:28:150;Hatchback_Car_AI_C_3;211;39237.386719;-72221.523438;-54390.4375;-1;-1;656.610046;0.109291;-0.984966;-0.133781;39239.695312;-72245.859375;-54314.023438;204.0;92.0;76.0;39354.183594;-72446.851562;-54265.550781;39352.691406;-72426.554688;-54416.183594;39171.292969;-72467.023438;-54266.449219;39169.800781;-72446.726562;-54417.082031;39309.589844;-72044.992188;-54210.964844;39308.097656;-72024.695312;-54361.597656;39126.699219;-72065.164062;-54211.863281;39125.207031;-72044.867188;-54362.496094;-1;-1;-1;-1;-1;-1;-1;-1;-1;-1;-1;-1;-1;-1;-1;-1;-1;-1
J0:19:18:28:150;Hatchback_Car_AI_C_7;211;38978.730469;-68971.15625;-53645.71875;-1;-1;659.952759;0.004319;-0.974625;-0.223802;38978.996094;-69002.484375;-53571.855469;204.0;92.0;76.0;39072.078125;-69217.875;-53543.585938;39071.679688;-69183.859375;-53691.726562;38888.078125;-69218.75;-53543.296875;38887.679688;-69184.734375;-53691.4375;39070.3125;-68820.234375;-53452.273438;39069.914062;-68786.21875;-53600.414062;38886.3125;-68821.109375;-53451.984375;38885.914062;-68787.09375;-53600.125;-1;-1;-1;-1;-1;-1;-1;-1;-1;-1;-1;-1;-1;-1;-1;-1;-1;-1
