Time;ID;Cat;XPos;YPos;ZPos;2D_XPos;2D_YPos;Vel;XDir;YDir;ZDir;BBox_XPos;BBox_YPos;BBox_ZPos;BBox_Ext_X;BBox_Ext_Y;BBox_Ext_Z;Corner_XYZ_X;Corner_XYZ_Y;Corner_XYZ_Z;Corner_XY-Z_X;Corner_XY-Z_Y;Corner_XY-Z_Z;Corner_X-YZ_X;Corner_X-YZ_Y;Corner_X-YZ_Z;Corner_X-Y-Z_X;Corner_X-Y-Z_Y;Corner_X-Y-Z_Z;Corner_-XYZ_X;Corner_-XYZ_Y;Corner_-XYZ_Z;Corner_-XY-Z_X;Corner_-XY-Z_Y;Corner_-XY-Z_Z;Corner_-X-YZ_X;Corner_-X-YZ_Y;Corner_-X-YZ_Z;Corner_-X-Y-Z_X;Corner_-X-Y-Z_Y;Corner_-X-Y-Z_Z;BBox_2D_XPos;BBox_2D_YPos;Corner_2D_XYZ_X;Corner_2D_XYZ_Y;Corner_2D_XY-Z_X;Corner_2D_XY-Z_Y;Corner_2D_X-YZ_X;Corner_2D_X-YZ_Y;Corner_2D_X-Y-Z_X;Corner_2D_X-Y-Z_Y;Corner_2D_-XYZ_X;Corner_2D_-XYZ_Y;Corner_-2D_XY-Z_X;Corner_2D_-XY-Z_Y;Corner_2D_-X-YZ_X;Corner_2D_-X-YZ_Y;Corner_2D_-X-Y-Z_X;Corner_2D_-X-Y-Z_Y;
J0:19:18:14:544;Hatchback_Car_AI_C_3;211;39156.703125;-71466.34375;-54262.949219;-1;-1;636.380188;0.097954;-0.972864;-0.209622;39159.765625;-71496.4375;-54188.640625;204.0;92.0;76.0;39272.914062;-71701.523438;-54157.128906;39269.65625;-71669.820312;-54305.753906;39089.84375;-71719.976562;-54157.050781;39086.585938;-71688.273438;-54305.675781;39232.945312;-71304.601562;-54071.605469;39229.6875;-71272.898438;-54220.230469;39049.875;-71323.054688;-54071.527344;39046.617188;-71291.351562;-54220.152344;-1;-1;-1;-1;-1;-1;-1;-1;-1;-1;-1;-1;-1;-1;-1;-1;-1;-1
J0:19:18:14:544;Hatchback_Car_AI_C_7;211;38995.574219;-68211.65625;-53495.867188;-1;-1;693.853821;-0.059851;-0.985053;-0.161522;38993.960938;-68238.1875;-53420.164062;204.0;92.0;76.0;39072.835938;-68456.96875;-53378.105469;39074.328125;-68432.46875;-53528.113281;38889.171875;-68445.8125;-53378.113281;38890.664062;-68421.3125;-53528.121094;39097.257812;-68055.0625;-53312.207031;39098.75;-68030.5625;-53462.214844;38913.59375;-68043.90625;-53312.214844;38915.085938;-68019.40625;-53462.222656;-1;-1;-1;-1;-1;-1;-1;-1;-1;-1;-1;-1;-1;-1;-1;-1;-1;-1
