Time;ID;Cat;XPos;YPos;ZPos;2D_XPos;2D_YPos;Vel;XDir;YDir;ZDir;BBox_XPos;BBox_YPos;BBox_ZPos;BBox_Ext_X;BBox_Ext_Y;BBox_Ext_Z;Corner_XYZ_X;Corner_XYZ_Y;Corner_XYZ_Z;Corner_XY-Z_X;Corner_XY-Z_Y;Corner_XY-Z_Z;Corner_X-YZ_X;Corner_X-YZ_Y;Corner_X-YZ_Z;Corner_X-Y-Z_X;Corner_X-Y-Z_Y;Corner_X-Y-Z_Z;Corner_-XYZ_X;Corner_-XYZ_Y;Corner_-XYZ_Z;Corner_-XY-Z_X;Corner_-XY-Z_Y;Corner_-XY-Z_Z;Corner_-X-YZ_X;Corner_-X-YZ_Y;Corner_-X-YZ_Z;Corner_-X-Y-Z_X;Corner_-X-Y-Z_Y;Corner_-X-Y-Z_Z;BBox_2D_XPos;BBox_2D_YPos;Corner_2D_XYZ_X;Corner_2D_XYZ_Y;Corner_2D_XY-Z_X;Corner_2D_XY-Z_Y;Corner_2D_X-YZ_X;Corner_2D_X-YZ_Y;Corner_2D_X-Y-Z_X;Corner_2D_X-Y-Z_Y;Corner_2D_-XYZ_X;Corner_2D_-XYZ_Y;Corner_-2D_XY-Z_X;Corner_2D_-XY-Z_Y;Corner_2D_-X-YZ_X;Corner_2D_-X-YZ_Y;Corner_2D_-X-Y-Z_X;Corner_2D_-X-Y-Z_Y;
J0:19:19:53:740;Hatchback_Car_AI_C_3;211;39374.746094;-75849.5;-54424.953125;1671;756;83.139046;-0.080638;-0.996569;-0.018625;39373.550781;-75864.921875;-54346.226562;204.0;92.0;76.0;39448.738281;-76077.054688;-54274.101562;39448.863281;-76074.226562;-54426.078125;39265.339844;-76062.210938;-54273.976562;39265.464844;-76059.382812;-54425.953125;39481.636719;-75670.460938;-54266.5;39481.761719;-75667.632812;-54418.476562;39298.238281;-75655.617188;-54266.375;39298.363281;-75652.789062;-54418.351562;1666;730;1579;701;1579;748;1718;701;1718;748;1612;710;1612;760;1758;710;1758;760
J0:19:19:53:740;Hatchback_Car_AI_C_7;211;39384.988281;-73687.203125;-54478.574219;-1;-1;675.629028;0.077955;-0.996947;0.004449;39386.089844;-73700.804688;-54399.511719;204.0;92.0;76.0;39493.71875;-73896.671875;-54322.648438;39493.703125;-73897.34375;-54474.648438;39310.28125;-73911.015625;-54322.5625;39310.265625;-73911.6875;-54474.5625;39461.914062;-73489.921875;-54324.460938;39461.898438;-73490.59375;-54476.460938;39278.476562;-73504.265625;-54324.375;39278.460938;-73504.9375;-54476.375;-1;-1;-1;-1;-1;-1;-1;-1;-1;-1;-1;-1;-1;-1;-1;-1;-1;-1
J0:19:19:53:740;Hatchback_Car_AI_C_11;211;39092.964844;-70815.546875;-54109.632812;-1;-1;694.225525;0.090756;-0.965098;-0.245659;39096.191406;-70848.367188;-54036.492188;204.0;92.0;76.0;39208.183594;-71055.171875;-54013.089844;39204.417969;-71018.015625;-54160.433594;39024.996094;-71072.484375;-54012.777344;39021.230469;-71035.328125;-54160.121094;39171.152344;-70661.40625;-53912.863281;39167.386719;-70624.25;-54060.207031;38987.964844;-70678.71875;-53912.550781;38984.199219;-70641.5625;-54059.894531;-1;-1;-1;-1;-1;-1;-1;-1;-1;-1;-1;-1;-1;-1;-1;-1;-1;-1
