Time;ID;Cat;XPos;YPos;ZPos;2D_XPos;2D_YPos;Vel;XDir;YDir;ZDir;BBox_XPos;BBox_YPos;BBox_ZPos;BBox_Ext_X;BBox_Ext_Y;BBox_Ext_Z;Corner_XYZ_X;Corner_XYZ_Y;Corner_XYZ_Z;Corner_XY-Z_X;Corner_XY-Z_Y;Corner_XY-Z_Z;Corner_X-YZ_X;Corner_X-YZ_Y;Corner_X-YZ_Z;Corner_X-Y-Z_X;Corner_X-Y-Z_Y;Corner_X-Y-Z_Z;Corner_-XYZ_X;Corner_-XYZ_Y;Corner_-XYZ_Z;Corner_-XY-Z_X;Corner_-XY-Z_Y;Corner_-XY-Z_Z;Corner_-X-YZ_X;Corner_-X-YZ_Y;Corner_-X-YZ_Z;Corner_-X-Y-Z_X;Corner_-X-Y-Z_Y;Corner_-X-Y-Z_Z;BBox_2D_XPos;BBox_2D_YPos;Corner_2D_XYZ_X;Corner_2D_XYZ_Y;Corner_2D_XY-Z_X;Corner_2D_XY-Z_Y;Corner_2D_X-YZ_X;Corner_2D_X-YZ_Y;Corner_2D_X-Y-Z_X;Corner_2D_X-Y-Z_Y;Corner_2D_-XYZ_X;Corner_2D_-XYZ_Y;Corner_-2D_XY-Z_X;Corner_2D_-XY-Z_Y;Corner_2D_-X-YZ_X;Corner_2D_-X-YZ_Y;Corner_2D_-X-Y-Z_X;Corner_2D_-X-Y-Z_Y;
J0:19:18:27:343;Hatchback_Car_AI_C_3;211;39232.597656;-72177.8125;-54384.582031;-1;-1;685.248352;0.108214;-0.984694;-0.136632;39234.929688;-72202.367188;-54308.238281;204.0;92.0;76.0;39349.242188;-72403.609375;-54260.402344;39347.671875;-72382.890625;-54410.972656;39166.335938;-72423.59375;-54261.246094;39164.765625;-72402.875;-54411.816406;39305.09375;-72001.859375;-54204.660156;39303.523438;-71981.140625;-54355.230469;39122.1875;-72021.84375;-54205.503906;39120.617188;-72001.125;-54356.074219;-1;-1;-1;-1;-1;-1;-1;-1;-1;-1;-1;-1;-1;-1;-1;-1;-1;-1
J0:19:18:27:343;Hatchback_Car_AI_C_7;211;38978.40625;-68928.039062;-53635.90625;-1;-1;681.19165;0.000648;-0.975407;-0.220412;38978.539062;-68959.109375;-53561.933594;204.0;92.0;76.0;39070.792969;-69174.75;-53532.898438;39070.550781;-69141.25;-53681.15625;38886.792969;-69174.9375;-53532.640625;38886.550781;-69141.4375;-53680.898438;39070.527344;-68776.78125;-53442.96875;39070.285156;-68743.28125;-53591.226562;38886.527344;-68776.96875;-53442.710938;38886.285156;-68743.46875;-53590.96875;-1;-1;-1;-1;-1;-1;-1;-1;-1;-1;-1;-1;-1;-1;-1;-1;-1;-1
