Time;ID;Cat;XPos;YPos;ZPos;2D_XPos;2D_YPos;Vel;XDir;YDir;ZDir;BBox_XPos;BBox_YPos;BBox_ZPos;BBox_Ext_X;BBox_Ext_Y;BBox_Ext_Z;Corner_XYZ_X;Corner_XYZ_Y;Corner_XYZ_Z;Corner_XY-Z_X;Corner_XY-Z_Y;Corner_XY-Z_Z;Corner_X-YZ_X;Corner_X-YZ_Y;Corner_X-YZ_Z;Corner_X-Y-Z_X;Corner_X-Y-Z_Y;Corner_X-Y-Z_Z;Corner_-XYZ_X;Corner_-XYZ_Y;Corner_-XYZ_Z;Corner_-XY-Z_X;Corner_-XY-Z_Y;Corner_-XY-Z_Z;Corner_-X-YZ_X;Corner_-X-YZ_Y;Corner_-X-YZ_Z;Corner_-X-Y-Z_X;Corner_-X-Y-Z_Y;Corner_-X-Y-Z_Z;BBox_2D_XPos;BBox_2D_YPos;Corner_2D_XYZ_X;Corner_2D_XYZ_Y;Corner_2D_XY-Z_X;Corner_2D_XY-Z_Y;Corner_2D_X-YZ_X;Corner_2D_X-YZ_Y;Corner_2D_X-Y-Z_X;Corner_2D_X-Y-Z_Y;Corner_2D_-XYZ_X;Corner_2D_-XYZ_Y;Corner_-2D_XY-Z_X;Corner_2D_-XY-Z_Y;Corner_2D_-X-YZ_X;Corner_2D_-X-YZ_Y;Corner_2D_-X-Y-Z_X;Corner_2D_-X-Y-Z_Y;
J0:19:18:44:147;Hatchback_Car_AI_C_3;211;39333.257812;-73094.5625;-54467.199219;-1;-1;672.043152;0.101129;-0.993679;-0.048736;39334.820312;-73112.328125;-54388.976562;204.0;92.0;76.0;39447.117188;-73309.445312;-54322.722656;39446.835938;-73302.023438;-54474.542969;39264.0625;-73328.054688;-54323.292969;39263.78125;-73320.632812;-54475.113281;39405.859375;-72904.023438;-54302.839844;39405.578125;-72896.601562;-54454.660156;39222.804688;-72922.632812;-54303.410156;39222.523438;-72915.210938;-54455.230469;-1;-1;-1;-1;-1;-1;-1;-1;-1;-1;-1;-1;-1;-1;-1;-1;-1;-1
J0:19:18:44:147;Hatchback_Car_AI_C_7;211;39013.804688;-69858.851562;-53863.234375;-1;-1;684.88092;0.057954;-0.966144;-0.25141;39016.003906;-69892.1875;-53790.292969;204.0;92.0;76.0;39120.996094;-70102.773438;-53768.25;39118.324219;-70064.648438;-53915.367188;38937.332031;-70113.914062;-53767.796875;38934.660156;-70075.789062;-53914.914062;39097.347656;-69708.585938;-53665.671875;39094.675781;-69670.460938;-53812.789062;38913.683594;-69719.726562;-53665.21875;38911.011719;-69681.601562;-53812.335938;-1;-1;-1;-1;-1;-1;-1;-1;-1;-1;-1;-1;-1;-1;-1;-1;-1;-1
