Time;ID;Cat;XPos;YPos;ZPos;2D_XPos;2D_YPos;Vel;XDir;YDir;ZDir;BBox_XPos;BBox_YPos;BBox_ZPos;BBox_Ext_X;BBox_Ext_Y;BBox_Ext_Z;Corner_XYZ_X;Corner_XYZ_Y;Corner_XYZ_Z;Corner_XY-Z_X;Corner_XY-Z_Y;Corner_XY-Z_Z;Corner_X-YZ_X;Corner_X-YZ_Y;Corner_X-YZ_Z;Corner_X-Y-Z_X;Corner_X-Y-Z_Y;Corner_X-Y-Z_Z;Corner_-XYZ_X;Corner_-XYZ_Y;Corner_-XYZ_Z;Corner_-XY-Z_X;Corner_-XY-Z_Y;Corner_-XY-Z_Z;Corner_-X-YZ_X;Corner_-X-YZ_Y;Corner_-X-YZ_Z;Corner_-X-Y-Z_X;Corner_-X-Y-Z_Y;Corner_-X-Y-Z_Z;BBox_2D_XPos;BBox_2D_YPos;Corner_2D_XYZ_X;Corner_2D_XYZ_Y;Corner_2D_XY-Z_X;Corner_2D_XY-Z_Y;Corner_2D_X-YZ_X;Corner_2D_X-YZ_Y;Corner_2D_X-Y-Z_X;Corner_2D_X-Y-Z_Y;Corner_2D_-XYZ_X;Corner_2D_-XYZ_Y;Corner_-2D_XY-Z_X;Corner_2D_-XY-Z_Y;Corner_2D_-X-YZ_X;Corner_2D_-X-YZ_Y;Corner_2D_-X-Y-Z_X;Corner_2D_-X-Y-Z_Y;
J0:19:20:00:149;Hatchback_Car_AI_C_3;211;39368.398438;-75937.945312;-54424.898438;1643;756;202.109512;-0.075245;-0.997113;-0.010209;39367.261719;-75952.710938;-54346.046875;204.0;92.0;76.0;39443.566406;-76163.820312;-54272.105469;39443.730469;-76162.273438;-54424.097656;39260.089844;-76149.976562;-54272.160156;39260.253906;-76148.429688;-54424.152344;39474.269531;-75756.992188;-54267.941406;39474.433594;-75755.445312;-54419.933594;39290.792969;-75743.148438;-54267.996094;39290.957031;-75741.601562;-54419.988281;1638;730;1551;701;1551;749;1690;701;1690;749;1584;710;1584;761;1730;710;1730;761
J0:19:20:00:149;Hatchback_Car_AI_C_7;211;39407.101562;-74048.117188;-54472.089844;-1;-1;656.776794;0.054047;-0.998203;0.025899;39407.894531;-74060.039062;-54392.753906;204.0;92.0;76.0;39510.824219;-74256.726562;-54311.667969;39510.753906;-74260.679688;-54463.613281;39327.089844;-74266.664062;-54311.324219;39327.019531;-74270.617188;-54463.269531;39488.769531;-73849.460938;-54322.238281;39488.699219;-73853.414062;-54474.183594;39305.035156;-73859.398438;-54321.894531;39304.964844;-73863.351562;-54473.839844;-1;-1;-1;-1;-1;-1;-1;-1;-1;-1;-1;-1;-1;-1;-1;-1;-1;-1
J0:19:20:00:149;Hatchback_Car_AI_C_11;211;39126.253906;-71162.679688;-54194.847656;-1;-1;685.30072;0.095684;-0.967539;-0.23391;39129.546875;-71194.601562;-54121.3125;204.0;92.0;76.0;39242.496094;-71400.5625;-54095.292969;39238.738281;-71365.203125;-54243.074219;39059.394531;-71418.75;-54094.988281;39055.636719;-71383.390625;-54242.769531;39203.457031;-71005.8125;-53999.855469;39199.699219;-70970.453125;-54147.636719;39020.355469;-71024.0;-53999.550781;39016.597656;-70988.640625;-54147.332031;-1;-1;-1;-1;-1;-1;-1;-1;-1;-1;-1;-1;-1;-1;-1;-1;-1;-1
