Time;ID;Cat;XPos;YPos;ZPos;2D_XPos;2D_YPos;Vel;XDir;YDir;ZDir;BBox_XPos;BBox_YPos;BBox_ZPos;BBox_Ext_X;BBox_Ext_Y;BBox_Ext_Z;Corner_XYZ_X;Corner_XYZ_Y;Corner_XYZ_Z;Corner_XY-Z_X;Corner_XY-Z_Y;Corner_XY-Z_Z;Corner_X-YZ_X;Corner_X-YZ_Y;Corner_X-YZ_Z;Corner_X-Y-Z_X;Corner_X-Y-Z_Y;Corner_X-Y-Z_Z;Corner_-XYZ_X;Corner_-XYZ_Y;Corner_-XYZ_Z;Corner_-XY-Z_X;Corner_-XY-Z_Y;Corner_-XY-Z_Z;Corner_-X-YZ_X;Corner_-X-YZ_Y;Corner_-X-YZ_Z;Corner_-X-Y-Z_X;Corner_-X-Y-Z_Y;Corner_-X-Y-Z_Z;BBox_2D_XPos;BBox_2D_YPos;Corner_2D_XYZ_X;Corner_2D_XYZ_Y;Corner_2D_XY-Z_X;Corner_2D_XY-Z_Y;Corner_2D_X-YZ_X;Corner_2D_X-YZ_Y;Corner_2D_X-Y-Z_X;Corner_2D_X-Y-Z_Y;Corner_2D_-XYZ_X;Corner_2D_-XYZ_Y;Corner_-2D_XY-Z_X;Corner_2D_-XY-Z_Y;Corner_2D_-X-YZ_X;Corner_2D_-X-YZ_Y;Corner_2D_-X-Y-Z_X;Corner_2D_-X-Y-Z_Y;
J0:19:18:24:545;Hatchback_Car_AI_C_3;211;39215.148438;-72018.554688;-54361.875;-1;-1;665.7901;0.107434;-0.982434;-0.152583;39217.625;-72044.328125;-54285.9375;204.0;92.0;76.0;39331.941406;-72246.367188;-54241.5625;39330.066406;-72223.242188;-54391.78125;39149.019531;-72266.242188;-54242.34375;39147.144531;-72243.117188;-54392.5625;39288.105469;-71845.539062;-54179.3125;39286.230469;-71822.414062;-54329.53125;39105.183594;-71865.414062;-54180.09375;39103.308594;-71842.289062;-54330.3125;-1;-1;-1;-1;-1;-1;-1;-1;-1;-1;-1;-1;-1;-1;-1;-1;-1;-1
J0:19:18:24:545;Hatchback_Car_AI_C_7;211;38978.460938;-68770.039062;-53601.429688;-1;-1;690.177551;-0.010236;-0.978109;-0.207842;38978.167969;-68800.148438;-53527.066406;204.0;92.0;76.0;39067.929688;-69016.4375;-53495.148438;39068.21875;-68984.84375;-53643.828125;38883.9375;-69014.515625;-53495.101562;38884.226562;-68982.921875;-53643.78125;39072.109375;-68617.375;-53410.351562;39072.398438;-68585.78125;-53559.03125;38888.117188;-68615.453125;-53410.304688;38888.40625;-68583.859375;-53558.984375;-1;-1;-1;-1;-1;-1;-1;-1;-1;-1;-1;-1;-1;-1;-1;-1;-1;-1
