Time;ID;Cat;XPos;YPos;ZPos;2D_XPos;2D_YPos;Vel;XDir;YDir;ZDir;BBox_XPos;BBox_YPos;BBox_ZPos;BBox_Ext_X;BBox_Ext_Y;BBox_Ext_Z;Corner_XYZ_X;Corner_XYZ_Y;Corner_XYZ_Z;Corner_XY-Z_X;Corner_XY-Z_Y;Corner_XY-Z_Z;Corner_X-YZ_X;Corner_X-YZ_Y;Corner_X-YZ_Z;Corner_X-Y-Z_X;Corner_X-Y-Z_Y;Corner_X-Y-Z_Z;Corner_-XYZ_X;Corner_-XYZ_Y;Corner_-XYZ_Z;Corner_-XY-Z_X;Corner_-XY-Z_Y;Corner_-XY-Z_Z;Corner_-X-YZ_X;Corner_-X-YZ_Y;Corner_-X-YZ_Z;Corner_-X-Y-Z_X;Corner_-X-Y-Z_Y;Corner_-X-Y-Z_Z;BBox_2D_XPos;BBox_2D_YPos;Corner_2D_XYZ_X;Corner_2D_XYZ_Y;Corner_2D_XY-Z_X;Corner_2D_XY-Z_Y;Corner_2D_X-YZ_X;Corner_2D_X-YZ_Y;Corner_2D_X-Y-Z_X;Corner_2D_X-Y-Z_Y;Corner_2D_-XYZ_X;Corner_2D_-XYZ_Y;Corner_-2D_XY-Z_X;Corner_2D_-XY-Z_Y;Corner_2D_-X-YZ_X;Corner_2D_-X-YZ_Y;Corner_2D_-X-Y-Z_X;Corner_2D_-X-Y-Z_Y;
J0:19:20:28:546;Hatchback_Car_AI_C_3;211;39318.148438;-76894.007812;-54424.847656;1328;760;560.703247;-0.042205;-0.999108;0.001365;39317.554688;-76907.890625;-54345.828125;204.0;92.0;76.0;39400.859375;-77115.492188;-54269.542969;39400.867188;-77115.695312;-54421.542969;39217.023438;-77107.726562;-54269.558594;39217.03125;-77107.929688;-54421.558594;39418.078125;-76707.851562;-54270.097656;39418.085938;-76708.054688;-54422.097656;39234.242188;-76700.085938;-54270.113281;39234.25;-76700.289062;-54422.113281;1323;733;1244;702;1244;753;1382;702;1382;753;1261;712;1261;766;1408;712;1408;766
J0:19:20:28:546;Hatchback_Car_AI_C_11;211;39293.6875;-72740.023438;-54444.75;-1;-1;712.151367;0.1095;-0.990745;-0.080218;39295.546875;-72760.234375;-54367.128906;204.0;92.0;76.0;39409.644531;-72958.375;-54307.304688;39409.019531;-72946.171875;-54458.8125;39226.753906;-72978.515625;-54308.171875;39226.128906;-72966.3125;-54459.679688;39364.964844;-72554.15625;-54274.578125;39364.339844;-72541.953125;-54426.085938;39182.074219;-72574.296875;-54275.445312;39181.449219;-72562.09375;-54426.953125;-1;-1;-1;-1;-1;-1;-1;-1;-1;-1;-1;-1;-1;-1;-1;-1;-1;-1
J0:19:20:28:546;Hatchback_Car_AI_C_15;211;38980.117188;-69148.210938;-53686.769531;-1;-1;668.618042;0.017237;-0.972595;-0.231864;38980.859375;-69180.140625;-53613.167969;204.0;92.0;76.0;39076.84375;-69394.484375;-53586.738281;39075.875;-69359.25;-53734.597656;38892.875;-69397.84375;-53586.339844;38891.90625;-69362.609375;-53734.199219;39069.8125;-68997.671875;-53492.136719;39068.84375;-68962.4375;-53639.996094;38885.84375;-69001.03125;-53491.738281;38884.875;-68965.796875;-53639.597656;-1;-1;-1;-1;-1;-1;-1;-1;-1;-1;-1;-1;-1;-1;-1;-1;-1;-1
