Time;ID;Cat;XPos;YPos;ZPos;2D_XPos;2D_YPos;Vel;XDir;YDir;ZDir;BBox_XPos;BBox_YPos;BBox_ZPos;BBox_Ext_X;BBox_Ext_Y;BBox_Ext_Z;Corner_XYZ_X;Corner_XYZ_Y;Corner_XYZ_Z;Corner_XY-Z_X;Corner_XY-Z_Y;Corner_XY-Z_Z;Corner_X-YZ_X;Corner_X-YZ_Y;Corner_X-YZ_Z;Corner_X-Y-Z_X;Corner_X-Y-Z_Y;Corner_X-Y-Z_Z;Corner_-XYZ_X;Corner_-XYZ_Y;Corner_-XYZ_Z;Corner_-XY-Z_X;Corner_-XY-Z_Y;Corner_-XY-Z_Z;Corner_-X-YZ_X;Corner_-X-YZ_Y;Corner_-X-YZ_Z;Corner_-X-Y-Z_X;Corner_-X-Y-Z_Y;Corner_-X-Y-Z_Z;BBox_2D_XPos;BBox_2D_YPos;Corner_2D_XYZ_X;Corner_2D_XYZ_Y;Corner_2D_XY-Z_X;Corner_2D_XY-Z_Y;Corner_2D_X-YZ_X;Corner_2D_X-YZ_Y;Corner_2D_X-Y-Z_X;Corner_2D_X-Y-Z_Y;Corner_2D_-XYZ_X;Corner_2D_-XYZ_Y;Corner_-2D_XY-Z_X;Corner_2D_-XY-Z_Y;Corner_2D_-X-YZ_X;Corner_2D_-X-YZ_Y;Corner_2D_-X-Y-Z_X;Corner_2D_-X-Y-Z_Y;
J0:19:19:42:946;Hatchback_Car_AI_C_3;211;39386.042969;-75719.710938;-54423.355469;1712;754;215.613129;-0.064356;-0.997909;-0.006068;39385.121094;-75734.164062;-54344.441406;204.0;92.0;76.0;39463.78125;-75944.117188;-54269.691406;39463.820312;-75943.195312;-54421.691406;39280.164062;-75932.273438;-54269.667969;39280.203125;-75931.351562;-54421.667969;39490.039062;-75536.976562;-54267.214844;39490.078125;-75536.054688;-54419.214844;39306.421875;-75525.132812;-54267.191406;39306.460938;-75524.210938;-54419.191406;1707;728;1619;699;1619;747;1756;699;1756;747;1656;708;1656;759;1800;708;1800;759
J0:19:19:42:946;Hatchback_Car_AI_C_7;211;39332.640625;-73092.835938;-54467.191406;-1;-1;602.442444;0.104766;-0.993159;-0.05157;39334.285156;-73110.820312;-54389.019531;204.0;92.0;76.0;39447.320312;-73307.710938;-54323.351562;39446.976562;-73299.867188;-54475.148438;39264.335938;-73326.976562;-54323.929688;39263.992188;-73319.132812;-54475.726562;39404.578125;-72902.507812;-54302.3125;39404.234375;-72894.664062;-54454.109375;39221.59375;-72921.773438;-54302.890625;39221.25;-72913.929688;-54454.6875;-1;-1;-1;-1;-1;-1;-1;-1;-1;-1;-1;-1;-1;-1;-1;-1;-1;-1
J0:19:19:42:946;Hatchback_Car_AI_C_11;211;39040.222656;-70218.398438;-53956.398438;-1;-1;689.638062;0.075966;-0.964485;-0.252979;39042.976562;-70251.8125;-53883.511719;204.0;92.0;76.0;39151.8125;-70460.46875;-53861.730469;39148.5625;-70422.15625;-54008.785156;38968.382812;-70474.984375;-53861.457031;38965.132812;-70436.671875;-54008.511719;39120.820312;-70066.953125;-53758.511719;39117.570312;-70028.640625;-53905.566406;38937.390625;-70081.46875;-53758.238281;38934.140625;-70043.15625;-53905.292969;-1;-1;-1;-1;-1;-1;-1;-1;-1;-1;-1;-1;-1;-1;-1;-1;-1;-1
