Time;ID;Cat;XPos;YPos;ZPos;2D_XPos;2D_YPos;Vel;XDir;YDir;ZDir;BBox_XPos;BBox_YPos;BBox_ZPos;BBox_Ext_X;BBox_Ext_Y;BBox_Ext_Z;Corner_XYZ_X;Corner_XYZ_Y;Corner_XYZ_Z;Corner_XY-Z_X;Corner_XY-Z_Y;Corner_XY-Z_Z;Corner_X-YZ_X;Corner_X-YZ_Y;Corner_X-YZ_Z;Corner_X-Y-Z_X;Corner_X-Y-Z_Y;Corner_X-Y-Z_Z;Corner_-XYZ_X;Corner_-XYZ_Y;Corner_-XYZ_Z;Corner_-XY-Z_X;Corner_-XY-Z_Y;Corner_-XY-Z_Z;Corner_-X-YZ_X;Corner_-X-YZ_Y;Corner_-X-YZ_Z;Corner_-X-Y-Z_X;Corner_-X-Y-Z_Y;Corner_-X-Y-Z_Z;BBox_2D_XPos;BBox_2D_YPos;Corner_2D_XYZ_X;Corner_2D_XYZ_Y;Corner_2D_XY-Z_X;Corner_2D_XY-Z_Y;Corner_2D_X-YZ_X;Corner_2D_X-YZ_Y;Corner_2D_X-Y-Z_X;Corner_2D_X-Y-Z_Y;Corner_2D_-XYZ_X;Corner_2D_-XYZ_Y;Corner_-2D_XY-Z_X;Corner_2D_-XY-Z_Y;Corner_2D_-X-YZ_X;Corner_2D_-X-YZ_Y;Corner_2D_-X-Y-Z_X;Corner_2D_-X-Y-Z_Y;
J0:19:21:02:146;Hatchback_Car_AI_C_7;211;39211.925781;-77274.5;-54424.984375;1207;769;501.741852;-0.196189;-0.980565;-0.001487;39209.570312;-77288.429688;-54346.007812;204.0;92.0;76.0;39260.132812;-77506.703125;-54270.804688;39259.382812;-77506.328125;-54422.804688;39079.710938;-77470.609375;-54269.820312;39078.960938;-77470.234375;-54421.820312;39340.179688;-77106.625;-54270.195312;39339.429688;-77106.25;-54422.195312;39159.757812;-77070.53125;-54269.210938;39159.007812;-77070.15625;-54421.210938;1203;741;1122;711;1122;764;1274;711;1274;764;1128;718;1128;772;1286;718;1286;772
J0:19:21:02:146;Hatchback_Car_AI_C_15;211;39109.964844;-71008.351562;-54157.335938;-1;-1;707.432983;0.091685;-0.966639;-0.239171;39113.226562;-71040.679688;-54083.976562;204.0;92.0;76.0;39225.414062;-71247.210938;-54059.195312;39221.609375;-71211.054688;-54206.78125;39042.25;-71264.695312;-54058.75;39038.445312;-71228.539062;-54206.335938;39188.007812;-70852.820312;-53961.617188;39184.203125;-70816.664062;-54109.203125;39004.84375;-70870.304688;-53961.171875;39001.039062;-70834.148438;-54108.757812;-1;-1;-1;-1;-1;-1;-1;-1;-1;-1;-1;-1;-1;-1;-1;-1;-1;-1
