Time;ID;Cat;XPos;YPos;ZPos;2D_XPos;2D_YPos;Vel;XDir;YDir;ZDir;BBox_XPos;BBox_YPos;BBox_ZPos;BBox_Ext_X;BBox_Ext_Y;BBox_Ext_Z;Corner_XYZ_X;Corner_XYZ_Y;Corner_XYZ_Z;Corner_XY-Z_X;Corner_XY-Z_Y;Corner_XY-Z_Z;Corner_X-YZ_X;Corner_X-YZ_Y;Corner_X-YZ_Z;Corner_X-Y-Z_X;Corner_X-Y-Z_Y;Corner_X-Y-Z_Z;Corner_-XYZ_X;Corner_-XYZ_Y;Corner_-XYZ_Z;Corner_-XY-Z_X;Corner_-XY-Z_Y;Corner_-XY-Z_Z;Corner_-X-YZ_X;Corner_-X-YZ_Y;Corner_-X-YZ_Z;Corner_-X-Y-Z_X;Corner_-X-Y-Z_Y;Corner_-X-Y-Z_Z;BBox_2D_XPos;BBox_2D_YPos;Corner_2D_XYZ_X;Corner_2D_XYZ_Y;Corner_2D_XY-Z_X;Corner_2D_XY-Z_Y;Corner_2D_X-YZ_X;Corner_2D_X-YZ_Y;Corner_2D_X-Y-Z_X;Corner_2D_X-Y-Z_Y;Corner_2D_-XYZ_X;Corner_2D_-XYZ_Y;Corner_-2D_XY-Z_X;Corner_2D_-XY-Z_Y;Corner_2D_-X-YZ_X;Corner_2D_-X-YZ_Y;Corner_2D_-X-Y-Z_X;Corner_2D_-X-Y-Z_Y;
J0:19:19:01:344;Hatchback_Car_AI_C_3;211;39404.320312;-74039.101562;-54472.296875;-1;-1;679.06958;0.050698;-0.998345;0.027161;39405.058594;-74050.929688;-54392.945312;204.0;92.0;76.0;39507.3125;-74247.859375;-54311.59375;39507.257812;-74252.0;-54463.539062;39323.546875;-74257.1875;-54311.273438;39323.492188;-74261.328125;-54463.21875;39486.625;-73840.53125;-54322.671875;39486.570312;-73844.671875;-54474.617188;39302.859375;-73849.859375;-54322.351562;39302.804688;-73854.0;-54474.296875;-1;-1;-1;-1;-1;-1;-1;-1;-1;-1;-1;-1;-1;-1;-1;-1;-1;-1
J0:19:19:01:344;Hatchback_Car_AI_C_7;211;39089.738281;-70800.304688;-54105.820312;-1;-1;679.235413;0.089666;-0.965088;-0.246099;39092.96875;-70833.15625;-54032.695312;204.0;92.0;76.0;39204.761719;-71040.078125;-54009.433594;39200.964844;-71002.859375;-54156.761719;39021.558594;-71057.203125;-54009.035156;39017.761719;-71019.984375;-54156.363281;39168.175781;-70646.328125;-53909.027344;39164.378906;-70609.109375;-54056.355469;38984.972656;-70663.453125;-53908.628906;38981.175781;-70626.234375;-54055.957031;-1;-1;-1;-1;-1;-1;-1;-1;-1;-1;-1;-1;-1;-1;-1;-1;-1;-1
