Time;ID;Cat;XPos;YPos;ZPos;2D_XPos;2D_YPos;Vel;XDir;YDir;ZDir;BBox_XPos;BBox_YPos;BBox_ZPos;BBox_Ext_X;BBox_Ext_Y;BBox_Ext_Z;Corner_XYZ_X;Corner_XYZ_Y;Corner_XYZ_Z;Corner_XY-Z_X;Corner_XY-Z_Y;Corner_XY-Z_Z;Corner_X-YZ_X;Corner_X-YZ_Y;Corner_X-YZ_Z;Corner_X-Y-Z_X;Corner_X-Y-Z_Y;Corner_X-Y-Z_Z;Corner_-XYZ_X;Corner_-XYZ_Y;Corner_-XYZ_Z;Corner_-XY-Z_X;Corner_-XY-Z_Y;Corner_-XY-Z_Z;Corner_-X-YZ_X;Corner_-X-YZ_Y;Corner_-X-YZ_Z;Corner_-X-Y-Z_X;Corner_-X-Y-Z_Y;Corner_-X-Y-Z_Z;BBox_2D_XPos;BBox_2D_YPos;Corner_2D_XYZ_X;Corner_2D_XYZ_Y;Corner_2D_XY-Z_X;Corner_2D_XY-Z_Y;Corner_2D_X-YZ_X;Corner_2D_X-YZ_Y;Corner_2D_X-Y-Z_X;Corner_2D_X-Y-Z_Y;Corner_2D_-XYZ_X;Corner_2D_-XYZ_Y;Corner_-2D_XY-Z_X;Corner_2D_-XY-Z_Y;Corner_2D_-X-YZ_X;Corner_2D_-X-YZ_Y;Corner_2D_-X-Y-Z_X;Corner_2D_-X-Y-Z_Y;
J0:19:18:49:344;Hatchback_Car_AI_C_3;211;39359.878906;-73377.570312;-54476.527344;-1;-1;672.786926;0.092113;-0.995513;-0.021663;39361.214844;-73393.21875;-54397.847656;204.0;92.0;76.0;39471.660156;-73589.476562;-54326.152344;39471.574219;-73586.179688;-54478.113281;39288.441406;-73606.429688;-54326.417969;39288.355469;-73603.132812;-54478.378906;39434.074219;-73183.304688;-54317.316406;39433.988281;-73180.007812;-54469.277344;39250.855469;-73200.257812;-54317.582031;39250.769531;-73196.960938;-54469.542969;-1;-1;-1;-1;-1;-1;-1;-1;-1;-1;-1;-1;-1;-1;-1;-1;-1;-1
J0:19:18:49:344;Hatchback_Car_AI_C_7;211;39033.691406;-70140.851562;-53936.273438;-1;-1;693.861084;0.072252;-0.964863;-0.252626;39036.34375;-70174.25;-53863.371094;204.0;92.0;76.0;39144.398438;-70383.296875;-53841.539062;39141.242188;-70345.03125;-53988.609375;38960.921875;-70397.125;-53841.203125;38957.765625;-70358.859375;-53988.273438;39114.921875;-69989.640625;-53738.46875;39111.765625;-69951.375;-53885.539062;38931.445312;-70003.46875;-53738.132812;38928.289062;-69965.203125;-53885.203125;-1;-1;-1;-1;-1;-1;-1;-1;-1;-1;-1;-1;-1;-1;-1;-1;-1;-1
