Time;ID;Cat;XPos;YPos;ZPos;2D_XPos;2D_YPos;Vel;XDir;YDir;ZDir;BBox_XPos;BBox_YPos;BBox_ZPos;BBox_Ext_X;BBox_Ext_Y;BBox_Ext_Z;Corner_XYZ_X;Corner_XYZ_Y;Corner_XYZ_Z;Corner_XY-Z_X;Corner_XY-Z_Y;Corner_XY-Z_Z;Corner_X-YZ_X;Corner_X-YZ_Y;Corner_X-YZ_Z;Corner_X-Y-Z_X;Corner_X-Y-Z_Y;Corner_X-Y-Z_Z;Corner_-XYZ_X;Corner_-XYZ_Y;Corner_-XYZ_Z;Corner_-XY-Z_X;Corner_-XY-Z_Y;Corner_-XY-Z_Z;Corner_-X-YZ_X;Corner_-X-YZ_Y;Corner_-X-YZ_Z;Corner_-X-Y-Z_X;Corner_-X-Y-Z_Y;Corner_-X-Y-Z_Z;BBox_2D_XPos;BBox_2D_YPos;Corner_2D_XYZ_X;Corner_2D_XYZ_Y;Corner_2D_XY-Z_X;Corner_2D_XY-Z_Y;Corner_2D_X-YZ_X;Corner_2D_X-YZ_Y;Corner_2D_X-Y-Z_X;Corner_2D_X-Y-Z_Y;Corner_2D_-XYZ_X;Corner_2D_-XYZ_Y;Corner_-2D_XY-Z_X;Corner_2D_-XY-Z_Y;Corner_2D_-X-YZ_X;Corner_2D_-X-YZ_Y;Corner_2D_-X-Y-Z_X;Corner_2D_-X-Y-Z_Y;
J0:19:18:34:546;Hatchback_Car_AI_C_3;211;39276.765625;-72572.039062;-54430.027344;-1;-1;668.944092;0.111082;-0.988948;-0.098202;39278.78125;-72593.640625;-54352.785156;204.0;92.0;76.0;39393.316406;-72792.617188;-54296.710938;39392.425781;-72777.695312;-54447.976562;39210.457031;-72813.070312;-54297.65625;39209.566406;-72798.148438;-54448.921875;39347.996094;-72389.132812;-54256.648438;39347.105469;-72374.210938;-54407.914062;39165.136719;-72409.585938;-54257.59375;39164.246094;-72394.664062;-54408.859375;-1;-1;-1;-1;-1;-1;-1;-1;-1;-1;-1;-1;-1;-1;-1;-1;-1;-1
J0:19:18:34:546;Hatchback_Car_AI_C_7;211;38986.804688;-69326.1875;-53729.339844;-1;-1;674.582092;0.029004;-0.970763;-0.238281;38987.960938;-69358.585938;-53655.953125;204.0;92.0;76.0;39086.558594;-69571.921875;-53630.964844;39085.113281;-69535.734375;-53778.589844;38902.644531;-69577.515625;-53630.535156;38901.199219;-69541.328125;-53778.160156;39074.722656;-69175.84375;-53533.746094;39073.277344;-69139.65625;-53681.371094;38890.808594;-69181.4375;-53533.316406;38889.363281;-69145.25;-53680.941406;-1;-1;-1;-1;-1;-1;-1;-1;-1;-1;-1;-1;-1;-1;-1;-1;-1;-1
