Time;ID;Cat;XPos;YPos;ZPos;2D_XPos;2D_YPos;Vel;XDir;YDir;ZDir;BBox_XPos;BBox_YPos;BBox_ZPos;BBox_Ext_X;BBox_Ext_Y;BBox_Ext_Z;Corner_XYZ_X;Corner_XYZ_Y;Corner_XYZ_Z;Corner_XY-Z_X;Corner_XY-Z_Y;Corner_XY-Z_Z;Corner_X-YZ_X;Corner_X-YZ_Y;Corner_X-YZ_Z;Corner_X-Y-Z_X;Corner_X-Y-Z_Y;Corner_X-Y-Z_Z;Corner_-XYZ_X;Corner_-XYZ_Y;Corner_-XYZ_Z;Corner_-XY-Z_X;Corner_-XY-Z_Y;Corner_-XY-Z_Z;Corner_-X-YZ_X;Corner_-X-YZ_Y;Corner_-X-YZ_Z;Corner_-X-Y-Z_X;Corner_-X-Y-Z_Y;Corner_-X-Y-Z_Z;BBox_2D_XPos;BBox_2D_YPos;Corner_2D_XYZ_X;Corner_2D_XYZ_Y;Corner_2D_XY-Z_X;Corner_2D_XY-Z_Y;Corner_2D_X-YZ_X;Corner_2D_X-YZ_Y;Corner_2D_X-Y-Z_X;Corner_2D_X-Y-Z_Y;Corner_2D_-XYZ_X;Corner_2D_-XYZ_Y;Corner_-2D_XY-Z_X;Corner_2D_-XY-Z_Y;Corner_2D_-X-YZ_X;Corner_2D_-X-YZ_Y;Corner_2D_-X-Y-Z_X;Corner_2D_-X-Y-Z_Y;
J0:19:19:51:747;Hatchback_Car_AI_C_3;211;39376.15625;-75834.296875;-54424.683594;1676;756;106.027817;-0.079227;-0.99671;-0.017113;39374.992188;-75849.601562;-54345.933594;204.0;92.0;76.0;39450.488281;-76061.515625;-54273.5;39450.589844;-76058.921875;-54425.476562;39267.066406;-76046.9375;-54273.375;39267.167969;-76044.34375;-54425.351562;39482.816406;-75654.859375;-54266.515625;39482.917969;-75652.265625;-54418.492188;39299.394531;-75640.28125;-54266.390625;39299.496094;-75637.6875;-54418.367188;1671;729;1584;701;1584;748;1722;701;1722;748;1617;710;1617;759;1763;710;1763;759
J0:19:19:51:747;Hatchback_Car_AI_C_11;211;39082.417969;-70703.289062;-54081.371094;-1;-1;667.685791;0.087601;-0.964468;-0.249255;39085.609375;-70736.382812;-54008.355469;204.0;92.0;76.0;39196.988281;-70943.609375;-53985.8125;39193.207031;-70905.90625;-54133.015625;39013.753906;-70960.359375;-53985.390625;39009.972656;-70922.65625;-54132.59375;39161.246094;-70550.109375;-53884.117188;39157.464844;-70512.40625;-54031.320312;38978.011719;-70566.859375;-53883.695312;38974.230469;-70529.15625;-54030.898438;-1;-1;-1;-1;-1;-1;-1;-1;-1;-1;-1;-1;-1;-1;-1;-1;-1;-1
