Time;ID;Cat;XPos;YPos;ZPos;2D_XPos;2D_YPos;Vel;XDir;YDir;ZDir;BBox_XPos;BBox_YPos;BBox_ZPos;BBox_Ext_X;BBox_Ext_Y;BBox_Ext_Z;Corner_XYZ_X;Corner_XYZ_Y;Corner_XYZ_Z;Corner_XY-Z_X;Corner_XY-Z_Y;Corner_XY-Z_Z;Corner_X-YZ_X;Corner_X-YZ_Y;Corner_X-YZ_Z;Corner_X-Y-Z_X;Corner_X-Y-Z_Y;Corner_X-Y-Z_Z;Corner_-XYZ_X;Corner_-XYZ_Y;Corner_-XYZ_Z;Corner_-XY-Z_X;Corner_-XY-Z_Y;Corner_-XY-Z_Z;Corner_-X-YZ_X;Corner_-X-YZ_Y;Corner_-X-YZ_Z;Corner_-X-Y-Z_X;Corner_-X-Y-Z_Y;Corner_-X-Y-Z_Z;BBox_2D_XPos;BBox_2D_YPos;Corner_2D_XYZ_X;Corner_2D_XYZ_Y;Corner_2D_XY-Z_X;Corner_2D_XY-Z_Y;Corner_2D_X-YZ_X;Corner_2D_X-YZ_Y;Corner_2D_X-Y-Z_X;Corner_2D_X-Y-Z_Y;Corner_2D_-XYZ_X;Corner_2D_-XYZ_Y;Corner_-2D_XY-Z_X;Corner_2D_-XY-Z_Y;Corner_2D_-X-YZ_X;Corner_2D_-X-YZ_Y;Corner_2D_-X-Y-Z_X;Corner_2D_-X-Y-Z_Y;
J0:19:18:54:148;Hatchback_Car_AI_C_3;211;39381.398438;-73643.226562;-54478.875;-1;-1;607.51062;0.075726;-0.997127;-0.001577;39382.492188;-73657.3125;-54399.898438;204.0;92.0;76.0;39489.710938;-73853.875;-54324.25;39489.640625;-73853.640625;-54476.25;39306.242188;-73867.8125;-54324.1875;39306.171875;-73867.578125;-54476.1875;39458.8125;-73447.046875;-54323.609375;39458.742188;-73446.8125;-54475.609375;39275.34375;-73460.984375;-54323.546875;39275.273438;-73460.75;-54475.546875;-1;-1;-1;-1;-1;-1;-1;-1;-1;-1;-1;-1;-1;-1;-1;-1;-1;-1
J0:19:18:54:148;Hatchback_Car_AI_C_7;211;39054.929688;-70403.921875;-54004.503906;-1;-1;686.080139;0.07914;-0.964387;-0.252378;39057.878906;-70437.273438;-53931.59375;204.0;92.0;76.0;39167.480469;-70645.523438;-53909.777344;39163.941406;-70607.320312;-54056.855469;38984.105469;-70660.695312;-53909.300781;38980.566406;-70622.492188;-54056.378906;39135.191406;-70252.054688;-53806.808594;39131.652344;-70213.851562;-53953.886719;38951.816406;-70267.226562;-53806.332031;38948.277344;-70229.023438;-53953.410156;-1;-1;-1;-1;-1;-1;-1;-1;-1;-1;-1;-1;-1;-1;-1;-1;-1;-1
