Time;ID;Cat;XPos;YPos;ZPos;2D_XPos;2D_YPos;Vel;XDir;YDir;ZDir;BBox_XPos;BBox_YPos;BBox_ZPos;BBox_Ext_X;BBox_Ext_Y;BBox_Ext_Z;Corner_XYZ_X;Corner_XYZ_Y;Corner_XYZ_Z;Corner_XY-Z_X;Corner_XY-Z_Y;Corner_XY-Z_Z;Corner_X-YZ_X;Corner_X-YZ_Y;Corner_X-YZ_Z;Corner_X-Y-Z_X;Corner_X-Y-Z_Y;Corner_X-Y-Z_Z;Corner_-XYZ_X;Corner_-XYZ_Y;Corner_-XYZ_Z;Corner_-XY-Z_X;Corner_-XY-Z_Y;Corner_-XY-Z_Z;Corner_-X-YZ_X;Corner_-X-YZ_Y;Corner_-X-YZ_Z;Corner_-X-Y-Z_X;Corner_-X-Y-Z_Y;Corner_-X-Y-Z_Z;BBox_2D_XPos;BBox_2D_YPos;Corner_2D_XYZ_X;Corner_2D_XYZ_Y;Corner_2D_XY-Z_X;Corner_2D_XY-Z_Y;Corner_2D_X-YZ_X;Corner_2D_X-YZ_Y;Corner_2D_X-Y-Z_X;Corner_2D_X-Y-Z_Y;Corner_2D_-XYZ_X;Corner_2D_-XYZ_Y;Corner_-2D_XY-Z_X;Corner_2D_-XY-Z_Y;Corner_2D_-X-YZ_X;Corner_2D_-X-YZ_Y;Corner_2D_-X-Y-Z_X;Corner_2D_-X-Y-Z_Y;
J0:19:18:50:943;Hatchback_Car_AI_C_3;211;39367.605469;-73467.859375;-54477.9375;-1;-1;690.936584;0.087262;-0.996102;-0.012885;39368.863281;-73482.820312;-54399.125;204.0;92.0;76.0;39478.347656;-73678.96875;-54325.703125;39478.277344;-73677.015625;-54477.6875;39295.050781;-73695.03125;-54325.820312;39294.980469;-73693.078125;-54477.804688;39442.746094;-73272.5625;-54320.445312;39442.675781;-73270.609375;-54472.429688;39259.449219;-73288.625;-54320.5625;39259.378906;-73286.671875;-54472.546875;-1;-1;-1;-1;-1;-1;-1;-1;-1;-1;-1;-1;-1;-1;-1;-1;-1;-1
J0:19:18:50:943;Hatchback_Car_AI_C_7;211;39040.765625;-70230.554688;-53959.492188;-1;-1;693.462036;0.074548;-0.96462;-0.252883;39043.5;-70263.96875;-53886.601562;204.0;92.0;76.0;39152.058594;-70472.765625;-53864.832031;39148.800781;-70434.46875;-54011.894531;38968.613281;-70487.03125;-53864.488281;38965.355469;-70448.734375;-54011.550781;39121.644531;-70079.203125;-53761.652344;39118.386719;-70040.90625;-53908.714844;38938.199219;-70093.46875;-53761.308594;38934.941406;-70055.171875;-53908.371094;-1;-1;-1;-1;-1;-1;-1;-1;-1;-1;-1;-1;-1;-1;-1;-1;-1;-1
