Time;ID;Cat;XPos;YPos;ZPos;2D_XPos;2D_YPos;Vel;XDir;YDir;ZDir;BBox_XPos;BBox_YPos;BBox_ZPos;BBox_Ext_X;BBox_Ext_Y;BBox_Ext_Z;Corner_XYZ_X;Corner_XYZ_Y;Corner_XYZ_Z;Corner_XY-Z_X;Corner_XY-Z_Y;Corner_XY-Z_Z;Corner_X-YZ_X;Corner_X-YZ_Y;Corner_X-YZ_Z;Corner_X-Y-Z_X;Corner_X-Y-Z_Y;Corner_X-Y-Z_Z;Corner_-XYZ_X;Corner_-XYZ_Y;Corner_-XYZ_Z;Corner_-XY-Z_X;Corner_-XY-Z_Y;Corner_-XY-Z_Z;Corner_-X-YZ_X;Corner_-X-YZ_Y;Corner_-X-YZ_Z;Corner_-X-Y-Z_X;Corner_-X-Y-Z_Y;Corner_-X-Y-Z_Z;BBox_2D_XPos;BBox_2D_YPos;Corner_2D_XYZ_X;Corner_2D_XYZ_Y;Corner_2D_XY-Z_X;Corner_2D_XY-Z_Y;Corner_2D_X-YZ_X;Corner_2D_X-YZ_Y;Corner_2D_X-Y-Z_X;Corner_2D_X-Y-Z_Y;Corner_2D_-XYZ_X;Corner_2D_-XYZ_Y;Corner_-2D_XY-Z_X;Corner_2D_-XY-Z_Y;Corner_2D_-X-YZ_X;Corner_2D_-X-YZ_Y;Corner_2D_-X-Y-Z_X;Corner_2D_-X-Y-Z_Y;
J0:19:19:18:147;Hatchback_Car_AI_C_7;211;39182.589844;-71730.234375;-54314.121094;-1;-1;667.171753;0.102387;-0.978022;-0.181632;39185.382812;-71758.210938;-54238.976562;204.0;92.0;76.0;39299.082031;-71961.921875;-54201.140625;39296.464844;-71934.4375;-54350.609375;39116.074219;-71981.015625;-54201.453125;39113.457031;-71953.53125;-54350.921875;39257.308594;-71562.890625;-54127.03125;39254.691406;-71535.40625;-54276.5;39074.300781;-71581.984375;-54127.34375;39071.683594;-71554.5;-54276.8125;-1;-1;-1;-1;-1;-1;-1;-1;-1;-1;-1;-1;-1;-1;-1;-1;-1;-1
J0:19:19:18:147;Hatchback_Car_AI_C_11;211;38976.445312;-68837.179688;-53615.726562;-1;-1;738.209961;-0.005972;-0.977381;-0.211404;38976.339844;-68867.5625;-53541.472656;204.0;92.0;76.0;39067.101562;-69083.554688;-53510.410156;39067.140625;-69051.414062;-53658.972656;38883.101562;-69082.476562;-53510.222656;38883.140625;-69050.335938;-53658.785156;39069.539062;-68684.789062;-53424.160156;39069.578125;-68652.648438;-53572.722656;38885.539062;-68683.710938;-53423.972656;38885.578125;-68651.570312;-53572.535156;-1;-1;-1;-1;-1;-1;-1;-1;-1;-1;-1;-1;-1;-1;-1;-1;-1;-1
