Time;ID;Cat;XPos;YPos;ZPos;2D_XPos;2D_YPos;Vel;XDir;YDir;ZDir;BBox_XPos;BBox_YPos;BBox_ZPos;BBox_Ext_X;BBox_Ext_Y;BBox_Ext_Z;Corner_XYZ_X;Corner_XYZ_Y;Corner_XYZ_Z;Corner_XY-Z_X;Corner_XY-Z_Y;Corner_XY-Z_Z;Corner_X-YZ_X;Corner_X-YZ_Y;Corner_X-YZ_Z;Corner_X-Y-Z_X;Corner_X-Y-Z_Y;Corner_X-Y-Z_Z;Corner_-XYZ_X;Corner_-XYZ_Y;Corner_-XYZ_Z;Corner_-XY-Z_X;Corner_-XY-Z_Y;Corner_-XY-Z_Z;Corner_-X-YZ_X;Corner_-X-YZ_Y;Corner_-X-YZ_Z;Corner_-X-Y-Z_X;Corner_-X-Y-Z_Y;Corner_-X-Y-Z_Z;BBox_2D_XPos;BBox_2D_YPos;Corner_2D_XYZ_X;Corner_2D_XYZ_Y;Corner_2D_XY-Z_X;Corner_2D_XY-Z_Y;Corner_2D_X-YZ_X;Corner_2D_X-YZ_Y;Corner_2D_X-Y-Z_X;Corner_2D_X-Y-Z_Y;Corner_2D_-XYZ_X;Corner_2D_-XYZ_Y;Corner_-2D_XY-Z_X;Corner_2D_-XY-Z_Y;Corner_2D_-X-YZ_X;Corner_2D_-X-YZ_Y;Corner_2D_-X-Y-Z_X;Corner_2D_-X-Y-Z_Y;
J0:19:20:29:345;Hatchback_Car_AI_C_3;211;39316.691406;-76930.398438;-54424.890625;1316;760;555.045471;-0.0415;-0.999138;0.000885;39316.105469;-76944.3125;-54345.878906;204.0;92.0;76.0;39399.558594;-77151.882812;-54269.691406;39399.566406;-77152.023438;-54421.691406;39215.714844;-77144.242188;-54269.707031;39215.722656;-77144.382812;-54421.707031;39416.488281;-76744.242188;-54270.050781;39416.496094;-76744.382812;-54422.050781;39232.644531;-76736.601562;-54270.066406;39232.652344;-76736.742188;-54422.066406;1311;733;1232;702;1232;753;1370;702;1370;753;1249;712;1249;766;1395;712;1395;766
J0:19:20:29:345;Hatchback_Car_AI_C_11;211;39298.679688;-72786.015625;-54448.3125;-1;-1;687.770081;0.109636;-0.990961;-0.077305;39300.511719;-72806.0;-54370.632812;204.0;92.0;76.0;39414.609375;-73003.953125;-54310.191406;39414.039062;-72992.1875;-54461.738281;39231.71875;-73024.125;-54311.066406;39231.148438;-73012.359375;-54462.613281;39369.875;-72599.640625;-54278.652344;39369.304688;-72587.875;-54430.199219;39186.984375;-72619.8125;-54279.527344;39186.414062;-72608.046875;-54431.074219;-1;-1;-1;-1;-1;-1;-1;-1;-1;-1;-1;-1;-1;-1;-1;-1;-1;-1
J0:19:20:29:345;Hatchback_Car_AI_C_15;211;38981.222656;-69191.671875;-53697.113281;-1;-1;683.439453;0.020351;-0.972238;-0.233108;38982.050781;-69223.6875;-53623.554688;204.0;92.0;76.0;39078.707031;-69437.765625;-53597.382812;39077.660156;-69402.34375;-53745.195312;38894.746094;-69441.703125;-53597.023438;38893.699219;-69406.28125;-53744.835938;39070.402344;-69041.09375;-53502.273438;39069.355469;-69005.671875;-53650.085938;38886.441406;-69045.03125;-53501.914062;38885.394531;-69009.609375;-53649.726562;-1;-1;-1;-1;-1;-1;-1;-1;-1;-1;-1;-1;-1;-1;-1;-1;-1;-1
