Time;ID;Cat;XPos;YPos;ZPos;2D_XPos;2D_YPos;Vel;XDir;YDir;ZDir;BBox_XPos;BBox_YPos;BBox_ZPos;BBox_Ext_X;BBox_Ext_Y;BBox_Ext_Z;Corner_XYZ_X;Corner_XYZ_Y;Corner_XYZ_Z;Corner_XY-Z_X;Corner_XY-Z_Y;Corner_XY-Z_Z;Corner_X-YZ_X;Corner_X-YZ_Y;Corner_X-YZ_Z;Corner_X-Y-Z_X;Corner_X-Y-Z_Y;Corner_X-Y-Z_Z;Corner_-XYZ_X;Corner_-XYZ_Y;Corner_-XYZ_Z;Corner_-XY-Z_X;Corner_-XY-Z_Y;Corner_-XY-Z_Z;Corner_-X-YZ_X;Corner_-X-YZ_Y;Corner_-X-YZ_Z;Corner_-X-Y-Z_X;Corner_-X-Y-Z_Y;Corner_-X-Y-Z_Z;BBox_2D_XPos;BBox_2D_YPos;Corner_2D_XYZ_X;Corner_2D_XYZ_Y;Corner_2D_XY-Z_X;Corner_2D_XY-Z_Y;Corner_2D_X-YZ_X;Corner_2D_X-YZ_Y;Corner_2D_X-Y-Z_X;Corner_2D_X-Y-Z_Y;Corner_2D_-XYZ_X;Corner_2D_-XYZ_Y;Corner_-2D_XY-Z_X;Corner_2D_-XY-Z_Y;Corner_2D_-X-YZ_X;Corner_2D_-X-YZ_Y;Corner_2D_-X-Y-Z_X;Corner_2D_-X-Y-Z_Y;
J0:19:18:32:147;Hatchback_Car_AI_C_3;211;39261.765625;-72437.78125;-54416.324219;-1;-1;673.311279;0.110323;-0.987694;-0.110861;39263.859375;-72460.359375;-54339.363281;204.0;92.0;76.0;39378.335938;-72660.117188;-54285.957031;39377.273438;-72643.273438;-54437.019531;39195.460938;-72680.429688;-54286.941406;39194.398438;-72663.585938;-54438.003906;39333.320312;-72257.132812;-54240.722656;39332.257812;-72240.289062;-54391.785156;39150.445312;-72277.445312;-54241.707031;39149.382812;-72260.601562;-54392.769531;-1;-1;-1;-1;-1;-1;-1;-1;-1;-1;-1;-1;-1;-1;-1;-1;-1;-1
J0:19:18:32:147;Hatchback_Car_AI_C_7;211;38982.867188;-69191.5625;-53697.019531;-1;-1;696.302063;0.01932;-0.972521;-0.232011;38983.695312;-69223.5;-53623.421875;204.0;92.0;76.0;39080.152344;-69437.632812;-53597.046875;39079.082031;-69402.382812;-53744.898438;38896.191406;-69441.398438;-53596.609375;38895.121094;-69406.148438;-53744.460938;39072.269531;-69040.851562;-53502.382812;39071.199219;-69005.601562;-53650.234375;38888.308594;-69044.617188;-53501.945312;38887.238281;-69009.367188;-53649.796875;-1;-1;-1;-1;-1;-1;-1;-1;-1;-1;-1;-1;-1;-1;-1;-1;-1;-1
