Time;ID;Cat;XPos;YPos;ZPos;2D_XPos;2D_YPos;Vel;XDir;YDir;ZDir;BBox_XPos;BBox_YPos;BBox_ZPos;BBox_Ext_X;BBox_Ext_Y;BBox_Ext_Z;Corner_XYZ_X;Corner_XYZ_Y;Corner_XYZ_Z;Corner_XY-Z_X;Corner_XY-Z_Y;Corner_XY-Z_Z;Corner_X-YZ_X;Corner_X-YZ_Y;Corner_X-YZ_Z;Corner_X-Y-Z_X;Corner_X-Y-Z_Y;Corner_X-Y-Z_Z;Corner_-XYZ_X;Corner_-XYZ_Y;Corner_-XYZ_Z;Corner_-XY-Z_X;Corner_-XY-Z_Y;Corner_-XY-Z_Z;Corner_-X-YZ_X;Corner_-X-YZ_Y;Corner_-X-YZ_Z;Corner_-X-Y-Z_X;Corner_-X-Y-Z_Y;Corner_-X-Y-Z_Z;BBox_2D_XPos;BBox_2D_YPos;Corner_2D_XYZ_X;Corner_2D_XYZ_Y;Corner_2D_XY-Z_X;Corner_2D_XY-Z_Y;Corner_2D_X-YZ_X;Corner_2D_X-YZ_Y;Corner_2D_X-Y-Z_X;Corner_2D_X-Y-Z_Y;Corner_2D_-XYZ_X;Corner_2D_-XYZ_Y;Corner_-2D_XY-Z_X;Corner_2D_-XY-Z_Y;Corner_2D_-X-YZ_X;Corner_2D_-X-YZ_Y;Corner_2D_-X-Y-Z_X;Corner_2D_-X-Y-Z_Y;
J0:19:19:08:946;Hatchback_Car_AI_C_7;211;39130.054688;-71218.921875;-54207.917969;-1;-1;692.854736;0.095092;-0.968414;-0.230505;39133.296875;-71250.585938;-54134.273438;204.0;92.0;76.0;39246.089844;-71456.539062;-54107.496094;39242.410156;-71421.695312;-54255.402344;39062.980469;-71474.585938;-54107.191406;39059.300781;-71439.742188;-54255.097656;39207.292969;-71061.429688;-54013.449219;39203.613281;-71026.585938;-54161.355469;39024.183594;-71079.476562;-54013.144531;39020.503906;-71044.632812;-54161.050781;-1;-1;-1;-1;-1;-1;-1;-1;-1;-1;-1;-1;-1;-1;-1;-1;-1;-1
J0:19:19:08:946;Hatchback_Car_AI_C_11;211;38988.246094;-68318.351562;-53514.0625;-1;-1;687.631104;-0.050558;-0.983926;-0.17127;38986.828125;-68345.640625;-53438.628906;204.0;92.0;76.0;39067.710938;-68564.085938;-53398.667969;39069.078125;-68538.085938;-53548.425781;38883.953125;-68554.632812;-53398.707031;38885.320312;-68528.632812;-53548.464844;39088.335938;-68162.648438;-53328.792969;39089.703125;-68136.648438;-53478.550781;38904.578125;-68153.195312;-53328.832031;38905.945312;-68127.195312;-53478.589844;-1;-1;-1;-1;-1;-1;-1;-1;-1;-1;-1;-1;-1;-1;-1;-1;-1;-1
