Time;ID;Cat;XPos;YPos;ZPos;2D_XPos;2D_YPos;Vel;XDir;YDir;ZDir;BBox_XPos;BBox_YPos;BBox_ZPos;BBox_Ext_X;BBox_Ext_Y;BBox_Ext_Z;Corner_XYZ_X;Corner_XYZ_Y;Corner_XYZ_Z;Corner_XY-Z_X;Corner_XY-Z_Y;Corner_XY-Z_Z;Corner_X-YZ_X;Corner_X-YZ_Y;Corner_X-YZ_Z;Corner_X-Y-Z_X;Corner_X-Y-Z_Y;Corner_X-Y-Z_Z;Corner_-XYZ_X;Corner_-XYZ_Y;Corner_-XYZ_Z;Corner_-XY-Z_X;Corner_-XY-Z_Y;Corner_-XY-Z_Z;Corner_-X-YZ_X;Corner_-X-YZ_Y;Corner_-X-YZ_Z;Corner_-X-Y-Z_X;Corner_-X-Y-Z_Y;Corner_-X-Y-Z_Z;BBox_2D_XPos;BBox_2D_YPos;Corner_2D_XYZ_X;Corner_2D_XYZ_Y;Corner_2D_XY-Z_X;Corner_2D_XY-Z_Y;Corner_2D_X-YZ_X;Corner_2D_X-YZ_Y;Corner_2D_X-Y-Z_X;Corner_2D_X-Y-Z_Y;Corner_2D_-XYZ_X;Corner_2D_-XYZ_Y;Corner_-2D_XY-Z_X;Corner_2D_-XY-Z_Y;Corner_2D_-X-YZ_X;Corner_2D_-X-YZ_Y;Corner_2D_-X-Y-Z_X;Corner_2D_-X-Y-Z_Y;
J0:19:19:04:148;Hatchback_Car_AI_C_3;211;39410.792969;-74199.515625;-54467.308594;-1;-1;672.542786;0.039697;-0.998665;0.033047;39411.390625;-74210.882812;-54387.890625;204.0;92.0;76.0;39511.453125;-74408.445312;-54305.359375;39511.375;-74413.476562;-54457.273438;39327.601562;-74415.742188;-54305.023438;39327.523438;-74420.773438;-54456.9375;39495.257812;-74000.992188;-54318.84375;39495.179688;-74006.023438;-54470.757812;39311.40625;-74008.289062;-54318.507812;39311.328125;-74013.320312;-54470.421875;-1;-1;-1;-1;-1;-1;-1;-1;-1;-1;-1;-1;-1;-1;-1;-1;-1;-1
J0:19:19:04:148;Hatchback_Car_AI_C_7;211;39104.402344;-70955.960938;-54144.546875;-1;-1;706.727051;0.090298;-0.966403;-0.240651;39107.636719;-70988.398438;-54071.238281;204.0;92.0;76.0;39219.550781;-71195.125;-54046.796875;39215.753906;-71158.734375;-54194.328125;39036.363281;-71212.359375;-54046.335938;39032.566406;-71175.96875;-54193.867188;39182.707031;-70800.828125;-53948.609375;39178.910156;-70764.4375;-54096.140625;38999.519531;-70818.0625;-53948.148438;38995.722656;-70781.671875;-54095.679688;-1;-1;-1;-1;-1;-1;-1;-1;-1;-1;-1;-1;-1;-1;-1;-1;-1;-1
