Time;ID;Cat;XPos;YPos;ZPos;2D_XPos;2D_YPos;Vel;XDir;YDir;ZDir;BBox_XPos;BBox_YPos;BBox_ZPos;BBox_Ext_X;BBox_Ext_Y;BBox_Ext_Z;Corner_XYZ_X;Corner_XYZ_Y;Corner_XYZ_Z;Corner_XY-Z_X;Corner_XY-Z_Y;Corner_XY-Z_Z;Corner_X-YZ_X;Corner_X-YZ_Y;Corner_X-YZ_Z;Corner_X-Y-Z_X;Corner_X-Y-Z_Y;Corner_X-Y-Z_Z;Corner_-XYZ_X;Corner_-XYZ_Y;Corner_-XYZ_Z;Corner_-XY-Z_X;Corner_-XY-Z_Y;Corner_-XY-Z_Z;Corner_-X-YZ_X;Corner_-X-YZ_Y;Corner_-X-YZ_Z;Corner_-X-Y-Z_X;Corner_-X-Y-Z_Y;Corner_-X-Y-Z_Z;BBox_2D_XPos;BBox_2D_YPos;Corner_2D_XYZ_X;Corner_2D_XYZ_Y;Corner_2D_XY-Z_X;Corner_2D_XY-Z_Y;Corner_2D_X-YZ_X;Corner_2D_X-YZ_Y;Corner_2D_X-Y-Z_X;Corner_2D_X-Y-Z_Y;Corner_2D_-XYZ_X;Corner_2D_-XYZ_Y;Corner_-2D_XY-Z_X;Corner_2D_-XY-Z_Y;Corner_2D_-X-YZ_X;Corner_2D_-X-YZ_Y;Corner_2D_-X-Y-Z_X;Corner_2D_-X-Y-Z_Y;
J0:19:19:42:546;Hatchback_Car_AI_C_3;211;39386.574219;-75712.578125;-54423.308594;1714;754;220.761505;-0.063639;-0.997958;-0.005394;39385.667969;-75726.976562;-54344.386719;204.0;92.0;76.0;39464.484375;-75936.820312;-54269.503906;39464.515625;-75936.007812;-54421.503906;39280.859375;-75925.117188;-54269.472656;39280.890625;-75924.304688;-54421.472656;39490.445312;-75529.648438;-54267.300781;39490.476562;-75528.835938;-54419.300781;39306.820312;-75517.945312;-54267.269531;39306.851562;-75517.132812;-54419.269531;1709;728;1621;699;1621;747;1758;699;1758;747;1658;708;1658;759;1803;708;1803;759
J0:19:19:42:546;Hatchback_Car_AI_C_7;211;39330.578125;-73072.835938;-54466.304688;-1;-1;620.390686;0.103774;-0.993208;-0.052622;39332.203125;-73090.90625;-54388.152344;204.0;92.0;76.0;39445.046875;-73287.976562;-54322.691406;39444.710938;-73279.976562;-54474.480469;39262.039062;-73307.070312;-54323.292969;39261.703125;-73299.070312;-54475.082031;39402.703125;-72882.742188;-54301.222656;39402.367188;-72874.742188;-54453.011719;39219.695312;-72901.835938;-54301.824219;39219.359375;-72893.835938;-54453.613281;-1;-1;-1;-1;-1;-1;-1;-1;-1;-1;-1;-1;-1;-1;-1;-1;-1;-1
J0:19:19:42:546;Hatchback_Car_AI_C_11;211;39038.40625;-70196.21875;-53950.710938;-1;-1;693.613953;0.077093;-0.964478;-0.252665;39041.152344;-70229.609375;-53877.8125;204.0;92.0;76.0;39150.1875;-70438.140625;-53855.90625;39146.984375;-70399.875;-54002.976562;38966.773438;-70452.84375;-53855.734375;38963.570312;-70414.578125;-54002.804688;39118.734375;-70044.640625;-53752.820312;39115.53125;-70006.375;-53899.890625;38935.320312;-70059.34375;-53752.648438;38932.117188;-70021.078125;-53899.71875;-1;-1;-1;-1;-1;-1;-1;-1;-1;-1;-1;-1;-1;-1;-1;-1;-1;-1
