Time;ID;Cat;XPos;YPos;ZPos;2D_XPos;2D_YPos;Vel;XDir;YDir;ZDir;BBox_XPos;BBox_YPos;BBox_ZPos;BBox_Ext_X;BBox_Ext_Y;BBox_Ext_Z;Corner_XYZ_X;Corner_XYZ_Y;Corner_XYZ_Z;Corner_XY-Z_X;Corner_XY-Z_Y;Corner_XY-Z_Z;Corner_X-YZ_X;Corner_X-YZ_Y;Corner_X-YZ_Z;Corner_X-Y-Z_X;Corner_X-Y-Z_Y;Corner_X-Y-Z_Z;Corner_-XYZ_X;Corner_-XYZ_Y;Corner_-XYZ_Z;Corner_-XY-Z_X;Corner_-XY-Z_Y;Corner_-XY-Z_Z;Corner_-X-YZ_X;Corner_-X-YZ_Y;Corner_-X-YZ_Z;Corner_-X-Y-Z_X;Corner_-X-Y-Z_Y;Corner_-X-Y-Z_Z;BBox_2D_XPos;BBox_2D_YPos;Corner_2D_XYZ_X;Corner_2D_XYZ_Y;Corner_2D_XY-Z_X;Corner_2D_XY-Z_Y;Corner_2D_X-YZ_X;Corner_2D_X-YZ_Y;Corner_2D_X-Y-Z_X;Corner_2D_X-Y-Z_Y;Corner_2D_-XYZ_X;Corner_2D_-XYZ_Y;Corner_-2D_XY-Z_X;Corner_2D_-XY-Z_Y;Corner_2D_-X-YZ_X;Corner_2D_-X-YZ_Y;Corner_2D_-X-Y-Z_X;Corner_2D_-X-Y-Z_Y;
J0:19:21:04:145;Hatchback_Car_AI_C_7;211;39181.191406;-77352.914062;-54425.273438;1182;772;496.99585;-0.306287;-0.951939;-0.000306;39177.558594;-77366.476562;-54346.28125;204.0;92.0;76.0;39203.277344;-77589.078125;-54271.15625;39202.019531;-77588.625;-54423.148438;39028.128906;-77532.71875;-54269.539062;39026.871094;-77532.265625;-54421.53125;39328.246094;-77200.6875;-54271.03125;39326.988281;-77200.234375;-54423.023438;39153.097656;-77144.328125;-54269.414062;39151.839844;-77143.875;-54421.40625;1177;744;1096;715;1096;768;1255;715;1255;768;1098;718;1098;773;1260;718;1260;773
J0:19:21:04:145;Hatchback_Car_AI_C_15;211;39120.730469;-71118.8125;-54184.335938;-1;-1;691.851746;0.094627;-0.967057;-0.236317;39124.035156;-71150.914062;-54110.882812;204.0;92.0;76.0;39236.804688;-71357.046875;-54085.425781;39232.992188;-71321.328125;-54233.121094;39053.6875;-71375.0625;-54085.058594;39049.875;-71339.34375;-54232.753906;39198.195312;-70962.484375;-53989.011719;39194.382812;-70926.765625;-54136.707031;39015.078125;-70980.5;-53988.644531;39011.265625;-70944.78125;-54136.339844;-1;-1;-1;-1;-1;-1;-1;-1;-1;-1;-1;-1;-1;-1;-1;-1;-1;-1
