Time;ID;Cat;XPos;YPos;ZPos;2D_XPos;2D_YPos;Vel;XDir;YDir;ZDir;BBox_XPos;BBox_YPos;BBox_ZPos;BBox_Ext_X;BBox_Ext_Y;BBox_Ext_Z;Corner_XYZ_X;Corner_XYZ_Y;Corner_XYZ_Z;Corner_XY-Z_X;Corner_XY-Z_Y;Corner_XY-Z_Z;Corner_X-YZ_X;Corner_X-YZ_Y;Corner_X-YZ_Z;Corner_X-Y-Z_X;Corner_X-Y-Z_Y;Corner_X-Y-Z_Z;Corner_-XYZ_X;Corner_-XYZ_Y;Corner_-XYZ_Z;Corner_-XY-Z_X;Corner_-XY-Z_Y;Corner_-XY-Z_Z;Corner_-X-YZ_X;Corner_-X-YZ_Y;Corner_-X-YZ_Z;Corner_-X-Y-Z_X;Corner_-X-Y-Z_Y;Corner_-X-Y-Z_Z;BBox_2D_XPos;BBox_2D_YPos;Corner_2D_XYZ_X;Corner_2D_XYZ_Y;Corner_2D_XY-Z_X;Corner_2D_XY-Z_Y;Corner_2D_X-YZ_X;Corner_2D_X-YZ_Y;Corner_2D_X-Y-Z_X;Corner_2D_X-Y-Z_Y;Corner_2D_-XYZ_X;Corner_2D_-XYZ_Y;Corner_-2D_XY-Z_X;Corner_2D_-XY-Z_Y;Corner_2D_-X-YZ_X;Corner_2D_-X-YZ_Y;Corner_2D_-X-Y-Z_X;Corner_2D_-X-Y-Z_Y;
J0:19:19:14:149;Hatchback_Car_AI_C_3;211;39419.746094;-74764.679688;-54445.128906;-1;-1;679.421387;0.002292;-0.999134;0.041539;39419.863281;-74775.382812;-54365.617188;204.0;92.0;76.0;39512.414062;-74975.84375;-54281.320312;39512.25;-74982.15625;-54433.1875;39328.414062;-74976.25;-54281.101562;39328.25;-74982.5625;-54432.96875;39511.476562;-74568.203125;-54298.265625;39511.3125;-74574.515625;-54450.132812;39327.476562;-74568.609375;-54298.046875;39327.3125;-74574.921875;-54449.914062;-1;-1;1918;700;1918;754;-1;-1;-1;-1;-1;-1;-1;-1;-1;-1;-1;-1
J0:19:19:14:149;Hatchback_Car_AI_C_7;211;39159.808594;-71512.507812;-54272.476562;-1;-1;677.069824;0.100475;-0.973791;-0.204046;39162.847656;-71542.179688;-54197.996094;204.0;92.0;76.0;39276.429688;-71746.828125;-54165.195312;39273.289062;-71715.96875;-54314.0;39093.398438;-71765.703125;-54165.242188;39090.257812;-71734.84375;-54314.046875;39235.4375;-71349.515625;-54081.945312;39232.296875;-71318.65625;-54230.75;39052.40625;-71368.390625;-54081.992188;39049.265625;-71337.53125;-54230.796875;-1;-1;-1;-1;-1;-1;-1;-1;-1;-1;-1;-1;-1;-1;-1;-1;-1;-1
J0:19:19:14:149;Hatchback_Car_AI_C_11;211;38978.3125;-68609.070312;-53568.457031;-1;-1;656.694885;-0.023081;-0.980279;-0.196268;38977.59375;-68638.296875;-53493.742188;204.0;92.0;76.0;39064.480469;-68855.359375;-53459.222656;39065.238281;-68825.53125;-53608.269531;38880.535156;-68851.015625;-53459.292969;38881.292969;-68821.1875;-53608.339844;39073.894531;-68455.40625;-53379.144531;39074.652344;-68425.578125;-53528.191406;38889.949219;-68451.0625;-53379.214844;38890.707031;-68421.234375;-53528.261719;-1;-1;-1;-1;-1;-1;-1;-1;-1;-1;-1;-1;-1;-1;-1;-1;-1;-1
