Time;ID;Cat;XPos;YPos;ZPos;2D_XPos;2D_YPos;Vel;XDir;YDir;ZDir;BBox_XPos;BBox_YPos;BBox_ZPos;BBox_Ext_X;BBox_Ext_Y;BBox_Ext_Z;Corner_XYZ_X;Corner_XYZ_Y;Corner_XYZ_Z;Corner_XY-Z_X;Corner_XY-Z_Y;Corner_XY-Z_Z;Corner_X-YZ_X;Corner_X-YZ_Y;Corner_X-YZ_Z;Corner_X-Y-Z_X;Corner_X-Y-Z_Y;Corner_X-Y-Z_Z;Corner_-XYZ_X;Corner_-XYZ_Y;Corner_-XYZ_Z;Corner_-XY-Z_X;Corner_-XY-Z_Y;Corner_-XY-Z_Z;Corner_-X-YZ_X;Corner_-X-YZ_Y;Corner_-X-YZ_Z;Corner_-X-Y-Z_X;Corner_-X-Y-Z_Y;Corner_-X-Y-Z_Z;BBox_2D_XPos;BBox_2D_YPos;Corner_2D_XYZ_X;Corner_2D_XYZ_Y;Corner_2D_XY-Z_X;Corner_2D_XY-Z_Y;Corner_2D_X-YZ_X;Corner_2D_X-YZ_Y;Corner_2D_X-Y-Z_X;Corner_2D_X-Y-Z_Y;Corner_2D_-XYZ_X;Corner_2D_-XYZ_Y;Corner_-2D_XY-Z_X;Corner_2D_-XY-Z_Y;Corner_2D_-X-YZ_X;Corner_2D_-X-YZ_Y;Corner_2D_-X-Y-Z_X;Corner_2D_-X-Y-Z_Y;
J0:19:19:02:150;Hatchback_Car_AI_C_3;211;39406.316406;-74084.492188;-54470.992188;-1;-1;692.920288;0.047578;-0.998424;0.02975;39407.015625;-74096.117188;-54391.609375;204.0;92.0;76.0;39508.648438;-74293.15625;-54309.746094;39508.585938;-74297.6875;-54461.675781;39324.859375;-74301.90625;-54309.402344;39324.796875;-74306.4375;-54461.332031;39489.234375;-73885.796875;-54321.886719;39489.171875;-73890.328125;-54473.816406;39305.445312;-73894.546875;-54321.542969;39305.382812;-73899.078125;-54473.472656;-1;-1;-1;-1;-1;-1;-1;-1;-1;-1;-1;-1;-1;-1;-1;-1;-1;-1
J0:19:19:02:150;Hatchback_Car_AI_C_7;211;39093.941406;-70845.25;-54116.996094;-1;-1;689.520813;0.090361;-0.965416;-0.244553;39097.171875;-70877.984375;-54043.820312;204.0;92.0;76.0;39209.089844;-71084.804688;-54020.207031;39205.308594;-71047.820312;-54167.589844;39025.902344;-71102.039062;-54019.832031;39022.121094;-71065.054688;-54167.214844;39172.222656;-70690.914062;-53920.425781;39168.441406;-70653.929688;-54067.808594;38989.035156;-70708.148438;-53920.050781;38985.253906;-70671.164062;-54067.433594;-1;-1;-1;-1;-1;-1;-1;-1;-1;-1;-1;-1;-1;-1;-1;-1;-1;-1
