Time;ID;Cat;XPos;YPos;ZPos;2D_XPos;2D_YPos;Vel;XDir;YDir;ZDir;BBox_XPos;BBox_YPos;BBox_ZPos;BBox_Ext_X;BBox_Ext_Y;BBox_Ext_Z;Corner_XYZ_X;Corner_XYZ_Y;Corner_XYZ_Z;Corner_XY-Z_X;Corner_XY-Z_Y;Corner_XY-Z_Z;Corner_X-YZ_X;Corner_X-YZ_Y;Corner_X-YZ_Z;Corner_X-Y-Z_X;Corner_X-Y-Z_Y;Corner_X-Y-Z_Z;Corner_-XYZ_X;Corner_-XYZ_Y;Corner_-XYZ_Z;Corner_-XY-Z_X;Corner_-XY-Z_Y;Corner_-XY-Z_Z;Corner_-X-YZ_X;Corner_-X-YZ_Y;Corner_-X-YZ_Z;Corner_-X-Y-Z_X;Corner_-X-Y-Z_Y;Corner_-X-Y-Z_Z;BBox_2D_XPos;BBox_2D_YPos;Corner_2D_XYZ_X;Corner_2D_XYZ_Y;Corner_2D_XY-Z_X;Corner_2D_XY-Z_Y;Corner_2D_X-YZ_X;Corner_2D_X-YZ_Y;Corner_2D_X-Y-Z_X;Corner_2D_X-Y-Z_Y;Corner_2D_-XYZ_X;Corner_2D_-XYZ_Y;Corner_-2D_XY-Z_X;Corner_2D_-XY-Z_Y;Corner_2D_-X-YZ_X;Corner_2D_-X-YZ_Y;Corner_2D_-X-Y-Z_X;Corner_2D_-X-Y-Z_Y;
J0:19:19:17:341;Hatchback_Car_AI_C_7;211;39178.003906;-71686.21875;-54306.121094;-1;-1;651.512451;0.101498;-0.977146;-0.186773;39180.828125;-71714.585938;-54231.125;204.0;92.0;76.0;39294.398438;-71918.578125;-54194.425781;39291.695312;-71890.3125;-54343.753906;39111.375;-71937.53125;-54194.699219;39108.671875;-71909.265625;-54344.027344;39252.984375;-71519.90625;-54118.222656;39250.28125;-71491.640625;-54267.550781;39069.960938;-71538.859375;-54118.496094;39067.257812;-71510.59375;-54267.824219;-1;-1;-1;-1;-1;-1;-1;-1;-1;-1;-1;-1;-1;-1;-1;-1;-1;-1
J0:19:19:17:341;Hatchback_Car_AI_C_11;211;38976.527344;-68789.96875;-53605.582031;-1;-1;719.766418;-0.009441;-0.978091;-0.207962;38976.304688;-68820.09375;-53531.222656;204.0;92.0;76.0;39066.289062;-69036.296875;-53499.386719;39066.460938;-69004.6875;-53648.066406;38882.296875;-69034.5625;-53499.230469;38882.46875;-69002.953125;-53647.910156;39070.140625;-68637.234375;-53414.535156;39070.3125;-68605.625;-53563.214844;38886.148438;-68635.5;-53414.378906;38886.320312;-68603.890625;-53563.058594;-1;-1;-1;-1;-1;-1;-1;-1;-1;-1;-1;-1;-1;-1;-1;-1;-1;-1
