Time;ID;Cat;XPos;YPos;ZPos;2D_XPos;2D_YPos;Vel;XDir;YDir;ZDir;BBox_XPos;BBox_YPos;BBox_ZPos;BBox_Ext_X;BBox_Ext_Y;BBox_Ext_Z;Corner_XYZ_X;Corner_XYZ_Y;Corner_XYZ_Z;Corner_XY-Z_X;Corner_XY-Z_Y;Corner_XY-Z_Z;Corner_X-YZ_X;Corner_X-YZ_Y;Corner_X-YZ_Z;Corner_X-Y-Z_X;Corner_X-Y-Z_Y;Corner_X-Y-Z_Z;Corner_-XYZ_X;Corner_-XYZ_Y;Corner_-XYZ_Z;Corner_-XY-Z_X;Corner_-XY-Z_Y;Corner_-XY-Z_Z;Corner_-X-YZ_X;Corner_-X-YZ_Y;Corner_-X-YZ_Z;Corner_-X-Y-Z_X;Corner_-X-Y-Z_Y;Corner_-X-Y-Z_Z;BBox_2D_XPos;BBox_2D_YPos;Corner_2D_XYZ_X;Corner_2D_XYZ_Y;Corner_2D_XY-Z_X;Corner_2D_XY-Z_Y;Corner_2D_X-YZ_X;Corner_2D_X-YZ_Y;Corner_2D_X-Y-Z_X;Corner_2D_X-Y-Z_Y;Corner_2D_-XYZ_X;Corner_2D_-XYZ_Y;Corner_-2D_XY-Z_X;Corner_2D_-XY-Z_Y;Corner_2D_-X-YZ_X;Corner_2D_-X-YZ_Y;Corner_2D_-X-Y-Z_X;Corner_2D_-X-Y-Z_Y;
J0:19:20:16:946;Hatchback_Car_AI_C_7;211;39422.828125;-74980.09375;-54436.722656;-1;-1;669.671082;-0.01073;-0.999232;0.037693;39422.769531;-74991.109375;-54357.25;204.0;92.0;76.0;39512.664062;-75193.078125;-54273.683594;39512.492188;-75198.8125;-54425.574219;39328.671875;-75191.09375;-54273.550781;39328.5;-75196.828125;-54425.441406;39517.039062;-74785.390625;-54289.058594;39516.867188;-74791.125;-54440.949219;39333.046875;-74783.40625;-54288.925781;39332.875;-74789.140625;-54440.816406;-1;-1;1849;697;1849;751;-1;-1;-1;-1;1905;708;1905;764;-1;-1;-1;-1
J0:19:20:16:946;Hatchback_Car_AI_C_11;211;39223.257812;-72100.132812;-54373.933594;-1;-1;635.890503;0.106508;-0.983485;-0.14633;39225.675781;-72125.429688;-54297.832031;204.0;92.0;76.0;39339.761719;-72327.296875;-54252.136719;39337.980469;-72305.125;-54402.496094;39156.824219;-72347.0;-54252.871094;39155.042969;-72324.828125;-54403.230469;39296.308594;-71926.03125;-54192.433594;39294.527344;-71903.859375;-54342.792969;39113.371094;-71945.734375;-54193.167969;39111.589844;-71923.5625;-54343.527344;-1;-1;-1;-1;-1;-1;-1;-1;-1;-1;-1;-1;-1;-1;-1;-1;-1;-1
J0:19:20:16:946;Hatchback_Car_AI_C_15;211;38981.957031;-68495.171875;-53546.214844;-1;-1;679.224182;-0.034387;-0.981963;-0.18592;38980.933594;-68523.59375;-53471.195312;204.0;92.0;76.0;39065.34375;-68741.257812;-53434.414062;39066.382812;-68713.023438;-53583.765625;38881.453125;-68734.804688;-53434.476562;38882.492188;-68706.570312;-53583.828125;39079.375;-68340.617188;-53358.5625;39080.414062;-68312.382812;-53507.914062;38895.484375;-68334.164062;-53358.625;38896.523438;-68305.929688;-53507.976562;-1;-1;-1;-1;-1;-1;-1;-1;-1;-1;-1;-1;-1;-1;-1;-1;-1;-1
