Time;ID;Cat;XPos;YPos;ZPos;2D_XPos;2D_YPos;Vel;XDir;YDir;ZDir;BBox_XPos;BBox_YPos;BBox_ZPos;BBox_Ext_X;BBox_Ext_Y;BBox_Ext_Z;Corner_XYZ_X;Corner_XYZ_Y;Corner_XYZ_Z;Corner_XY-Z_X;Corner_XY-Z_Y;Corner_XY-Z_Z;Corner_X-YZ_X;Corner_X-YZ_Y;Corner_X-YZ_Z;Corner_X-Y-Z_X;Corner_X-Y-Z_Y;Corner_X-Y-Z_Z;Corner_-XYZ_X;Corner_-XYZ_Y;Corner_-XYZ_Z;Corner_-XY-Z_X;Corner_-XY-Z_Y;Corner_-XY-Z_Z;Corner_-X-YZ_X;Corner_-X-YZ_Y;Corner_-X-YZ_Z;Corner_-X-Y-Z_X;Corner_-X-Y-Z_Y;Corner_-X-Y-Z_Z;BBox_2D_XPos;BBox_2D_YPos;Corner_2D_XYZ_X;Corner_2D_XYZ_Y;Corner_2D_XY-Z_X;Corner_2D_XY-Z_Y;Corner_2D_X-YZ_X;Corner_2D_X-YZ_Y;Corner_2D_X-Y-Z_X;Corner_2D_X-Y-Z_Y;Corner_2D_-XYZ_X;Corner_2D_-XYZ_Y;Corner_-2D_XY-Z_X;Corner_2D_-XY-Z_Y;Corner_2D_-X-YZ_X;Corner_2D_-X-YZ_Y;Corner_2D_-X-Y-Z_X;Corner_2D_-X-Y-Z_Y;
J0:19:18:44:946;Hatchback_Car_AI_C_3;211;39337.660156;-73139.304688;-54469.140625;-1;-1;682.851685;0.100087;-0.994003;-0.044045;39339.183594;-73156.703125;-54390.835938;204.0;92.0;76.0;39451.257812;-73353.625;-54323.628906;39451.023438;-73346.921875;-54475.480469;39268.179688;-73372.03125;-54324.160156;39267.945312;-73365.328125;-54476.011719;39410.421875;-72948.078125;-54305.660156;39410.1875;-72941.375;-54457.511719;39227.34375;-72966.484375;-54306.191406;39227.109375;-72959.78125;-54458.042969;-1;-1;-1;-1;-1;-1;-1;-1;-1;-1;-1;-1;-1;-1;-1;-1;-1;-1
J0:19:18:44:946;Hatchback_Car_AI_C_7;211;39016.570312;-69901.921875;-53874.425781;-1;-1;664.572998;0.060374;-0.965622;-0.252841;39018.847656;-69935.367188;-53801.53125;204.0;92.0;76.0;39124.359375;-70145.71875;-53779.789062;39121.601562;-70107.390625;-53926.851562;38940.726562;-70157.3125;-53779.367188;38937.96875;-70118.984375;-53926.429688;39099.726562;-69751.75;-53676.632812;39096.96875;-69713.421875;-53823.695312;38916.09375;-69763.34375;-53676.210938;38913.335938;-69725.015625;-53823.273438;-1;-1;-1;-1;-1;-1;-1;-1;-1;-1;-1;-1;-1;-1;-1;-1;-1;-1
