Time;ID;Cat;XPos;YPos;ZPos;2D_XPos;2D_YPos;Vel;XDir;YDir;ZDir;BBox_XPos;BBox_YPos;BBox_ZPos;BBox_Ext_X;BBox_Ext_Y;BBox_Ext_Z;Corner_XYZ_X;Corner_XYZ_Y;Corner_XYZ_Z;Corner_XY-Z_X;Corner_XY-Z_Y;Corner_XY-Z_Z;Corner_X-YZ_X;Corner_X-YZ_Y;Corner_X-YZ_Z;Corner_X-Y-Z_X;Corner_X-Y-Z_Y;Corner_X-Y-Z_Z;Corner_-XYZ_X;Corner_-XYZ_Y;Corner_-XYZ_Z;Corner_-XY-Z_X;Corner_-XY-Z_Y;Corner_-XY-Z_Z;Corner_-X-YZ_X;Corner_-X-YZ_Y;Corner_-X-YZ_Z;Corner_-X-Y-Z_X;Corner_-X-Y-Z_Y;Corner_-X-Y-Z_Z;BBox_2D_XPos;BBox_2D_YPos;Corner_2D_XYZ_X;Corner_2D_XYZ_Y;Corner_2D_XY-Z_X;Corner_2D_XY-Z_Y;Corner_2D_X-YZ_X;Corner_2D_X-YZ_Y;Corner_2D_X-Y-Z_X;Corner_2D_X-Y-Z_Y;Corner_2D_-XYZ_X;Corner_2D_-XYZ_Y;Corner_-2D_XY-Z_X;Corner_2D_-XY-Z_Y;Corner_2D_-X-YZ_X;Corner_2D_-X-YZ_Y;Corner_2D_-X-Y-Z_X;Corner_2D_-X-Y-Z_Y;
J0:19:19:59:743;Hatchback_Car_AI_C_3;211;39368.882812;-75931.054688;-54425.285156;1645;756;199.328766;-0.076041;-0.997008;-0.013921;39367.652344;-75946.101562;-54346.488281;204.0;92.0;76.0;39443.714844;-76157.539062;-54273.242188;39444.035156;-76155.445312;-54425.226562;39260.246094;-76143.539062;-54273.429688;39260.566406;-76141.445312;-54425.414062;39474.738281;-75750.757812;-54267.5625;39475.058594;-75748.664062;-54419.546875;39291.269531;-75736.757812;-54267.75;39291.589844;-75734.664062;-54419.734375;1640;730;1554;701;1554;749;1692;701;1692;749;1586;710;1586;761;1732;710;1732;761
J0:19:19:59:743;Hatchback_Car_AI_C_7;211;39406.03125;-74026.25;-54472.707031;-1;-1;675.996643;0.057173;-0.998034;0.025699;39406.878906;-74038.1875;-54393.375;204.0;92.0;76.0;39510.4375;-74234.570312;-54312.347656;39510.34375;-74238.492188;-54464.300781;39326.742188;-74245.085938;-54311.964844;39326.648438;-74249.007812;-54463.917969;39487.109375;-73827.367188;-54322.832031;39487.015625;-73831.289062;-54474.785156;39303.414062;-73837.882812;-54322.449219;39303.320312;-73841.804688;-54474.402344;-1;-1;-1;-1;-1;-1;-1;-1;-1;-1;-1;-1;-1;-1;-1;-1;-1;-1
J0:19:19:59:743;Hatchback_Car_AI_C_11;211;39124.066406;-71140.453125;-54189.539062;-1;-1;659.090576;0.093694;-0.967131;-0.236387;39127.339844;-71172.5625;-54116.085938;204.0;92.0;76.0;39239.90625;-71378.8125;-54090.644531;39236.132812;-71343.078125;-54238.339844;39056.773438;-71396.640625;-54090.277344;39053.0;-71360.90625;-54237.972656;39201.679688;-70984.21875;-53994.199219;39197.90625;-70948.484375;-54141.894531;39018.546875;-71002.046875;-53993.832031;39014.773438;-70966.3125;-54141.527344;-1;-1;-1;-1;-1;-1;-1;-1;-1;-1;-1;-1;-1;-1;-1;-1;-1;-1
