Time;ID;Cat;XPos;YPos;ZPos;2D_XPos;2D_YPos;Vel;XDir;YDir;ZDir;BBox_XPos;BBox_YPos;BBox_ZPos;BBox_Ext_X;BBox_Ext_Y;BBox_Ext_Z;Corner_XYZ_X;Corner_XYZ_Y;Corner_XYZ_Z;Corner_XY-Z_X;Corner_XY-Z_Y;Corner_XY-Z_Z;Corner_X-YZ_X;Corner_X-YZ_Y;Corner_X-YZ_Z;Corner_X-Y-Z_X;Corner_X-Y-Z_Y;Corner_X-Y-Z_Z;Corner_-XYZ_X;Corner_-XYZ_Y;Corner_-XYZ_Z;Corner_-XY-Z_X;Corner_-XY-Z_Y;Corner_-XY-Z_Z;Corner_-X-YZ_X;Corner_-X-YZ_Y;Corner_-X-YZ_Z;Corner_-X-Y-Z_X;Corner_-X-Y-Z_Y;Corner_-X-Y-Z_Z;BBox_2D_XPos;BBox_2D_YPos;Corner_2D_XYZ_X;Corner_2D_XYZ_Y;Corner_2D_XY-Z_X;Corner_2D_XY-Z_Y;Corner_2D_X-YZ_X;Corner_2D_X-YZ_Y;Corner_2D_X-Y-Z_X;Corner_2D_X-Y-Z_Y;Corner_2D_-XYZ_X;Corner_2D_-XYZ_Y;Corner_-2D_XY-Z_X;Corner_2D_-XY-Z_Y;Corner_2D_-X-YZ_X;Corner_2D_-X-YZ_Y;Corner_2D_-X-Y-Z_X;Corner_2D_-X-Y-Z_Y;
J0:19:21:29:344;Hatchback_Car_AI_C_7;211;38203.457031;-77313.296875;-54424.894531;1333;906;616.805298;-0.648244;0.761433;-0.000156;38193.746094;-77303.164062;-54345.902344;204.0;92.0;76.0;37990.847656;-77207.960938;-54270.894531;37992.066406;-77206.960938;-54422.886719;38130.941406;-77088.695312;-54268.980469;38132.160156;-77087.695312;-54420.972656;38255.332031;-77518.632812;-54270.832031;38256.550781;-77517.632812;-54422.824219;38395.425781;-77399.367188;-54268.917969;38396.644531;-77398.367188;-54420.910156;1341;863;1455;858;1455;956;1331;858;1331;956;1348;790;1348;866;1251;790;1251;866
J0:19:21:29:344;Hatchback_Car_AI_C_15;211;39269.640625;-72523.328125;-54425.308594;-1;-1;664.168579;0.111732;-0.988334;-0.103494;39271.6875;-72545.335938;-54348.183594;204.0;92.0;76.0;39386.367188;-72744.53125;-54293.199219;39385.4375;-72728.8125;-54444.378906;39203.523438;-72765.09375;-54294.214844;39202.59375;-72749.375;-54445.394531;39340.78125;-72341.296875;-54250.972656;39339.851562;-72325.578125;-54402.152344;39157.9375;-72361.859375;-54251.988281;39157.007812;-72346.140625;-54403.167969;-1;-1;-1;-1;-1;-1;-1;-1;-1;-1;-1;-1;-1;-1;-1;-1;-1;-1
J0:19:21:29:344;Hatchback_Car_AI_C_19;211;38987.015625;-69395.46875;-53746.304688;-1;-1;710.596313;0.032488;-0.970332;-0.239585;38988.285156;-69427.960938;-53672.960938;204.0;92.0;76.0;39087.644531;-69640.96875;-53648.257812;39086.074219;-69604.578125;-53795.828125;38903.753906;-69647.234375;-53647.84375;38902.183594;-69610.84375;-53795.414062;39074.386719;-69245.078125;-53550.507812;39072.816406;-69208.6875;-53698.078125;38890.496094;-69251.34375;-53550.09375;38888.925781;-69214.953125;-53697.664062;-1;-1;-1;-1;-1;-1;-1;-1;-1;-1;-1;-1;-1;-1;-1;-1;-1;-1
