Time;ID;Cat;XPos;YPos;ZPos;2D_XPos;2D_YPos;Vel;XDir;YDir;ZDir;BBox_XPos;BBox_YPos;BBox_ZPos;BBox_Ext_X;BBox_Ext_Y;BBox_Ext_Z;Corner_XYZ_X;Corner_XYZ_Y;Corner_XYZ_Z;Corner_XY-Z_X;Corner_XY-Z_Y;Corner_XY-Z_Z;Corner_X-YZ_X;Corner_X-YZ_Y;Corner_X-YZ_Z;Corner_X-Y-Z_X;Corner_X-Y-Z_Y;Corner_X-Y-Z_Z;Corner_-XYZ_X;Corner_-XYZ_Y;Corner_-XYZ_Z;Corner_-XY-Z_X;Corner_-XY-Z_Y;Corner_-XY-Z_Z;Corner_-X-YZ_X;Corner_-X-YZ_Y;Corner_-X-YZ_Z;Corner_-X-Y-Z_X;Corner_-X-Y-Z_Y;Corner_-X-Y-Z_Z;BBox_2D_XPos;BBox_2D_YPos;Corner_2D_XYZ_X;Corner_2D_XYZ_Y;Corner_2D_XY-Z_X;Corner_2D_XY-Z_Y;Corner_2D_X-YZ_X;Corner_2D_X-YZ_Y;Corner_2D_X-Y-Z_X;Corner_2D_X-Y-Z_Y;Corner_2D_-XYZ_X;Corner_2D_-XYZ_Y;Corner_-2D_XY-Z_X;Corner_2D_-XY-Z_Y;Corner_2D_-X-YZ_X;Corner_2D_-X-YZ_Y;Corner_2D_-X-Y-Z_X;Corner_2D_-X-Y-Z_Y;
J0:19:19:40:947;Hatchback_Car_AI_C_3;211;39388.777344;-75682.320312;-54423.175781;1724;754;241.358093;-0.060807;-0.998146;-0.002781;39387.902344;-75696.515625;-54344.214844;204.0;92.0;76.0;39467.300781;-75905.945312;-54268.769531;39467.347656;-75905.523438;-54420.769531;39283.644531;-75894.757812;-54268.792969;39283.691406;-75894.335938;-54420.792969;39492.113281;-75498.695312;-54267.636719;39492.160156;-75498.273438;-54419.636719;39308.457031;-75487.507812;-54267.660156;39308.503906;-75487.085938;-54419.660156;1719;728;1631;698;1631;747;1767;698;1767;747;1669;707;1669;759;1812;707;1812;759
J0:19:19:40:947;Hatchback_Car_AI_C_7;211;39321.929688;-72990.875;-54461.867188;-1;-1;647.822632;0.107228;-0.99243;-0.059866;39323.621094;-73009.507812;-54383.847656;204.0;92.0;76.0;39437.148438;-73206.65625;-54319.824219;39436.78125;-73197.546875;-54471.550781;39254.210938;-73226.375;-54320.566406;39253.84375;-73217.265625;-54472.292969;39393.398438;-72801.75;-54295.402344;39393.03125;-72792.640625;-54447.128906;39210.460938;-72821.46875;-54296.144531;39210.09375;-72812.359375;-54447.871094;-1;-1;-1;-1;-1;-1;-1;-1;-1;-1;-1;-1;-1;-1;-1;-1;-1;-1
J0:19:19:40:947;Hatchback_Car_AI_C_11;211;39031.609375;-70109.664062;-53928.214844;-1;-1;660.21167;0.073768;-0.964332;-0.254211;39034.257812;-70143.179688;-53855.367188;204.0;92.0;76.0;39142.589844;-70352.125;-53833.816406;39139.480469;-70313.609375;-53980.824219;38959.128906;-70366.203125;-53833.628906;38956.019531;-70327.6875;-53980.636719;39112.496094;-69958.671875;-53730.097656;39109.386719;-69920.15625;-53877.105469;38929.035156;-69972.75;-53729.910156;38925.925781;-69934.234375;-53876.917969;-1;-1;-1;-1;-1;-1;-1;-1;-1;-1;-1;-1;-1;-1;-1;-1;-1;-1
