Time;ID;Cat;XPos;YPos;ZPos;2D_XPos;2D_YPos;Vel;XDir;YDir;ZDir;BBox_XPos;BBox_YPos;BBox_ZPos;BBox_Ext_X;BBox_Ext_Y;BBox_Ext_Z;Corner_XYZ_X;Corner_XYZ_Y;Corner_XYZ_Z;Corner_XY-Z_X;Corner_XY-Z_Y;Corner_XY-Z_Z;Corner_X-YZ_X;Corner_X-YZ_Y;Corner_X-YZ_Z;Corner_X-Y-Z_X;Corner_X-Y-Z_Y;Corner_X-Y-Z_Z;Corner_-XYZ_X;Corner_-XYZ_Y;Corner_-XYZ_Z;Corner_-XY-Z_X;Corner_-XY-Z_Y;Corner_-XY-Z_Z;Corner_-X-YZ_X;Corner_-X-YZ_Y;Corner_-X-YZ_Z;Corner_-X-Y-Z_X;Corner_-X-Y-Z_Y;Corner_-X-Y-Z_Z;BBox_2D_XPos;BBox_2D_YPos;Corner_2D_XYZ_X;Corner_2D_XYZ_Y;Corner_2D_XY-Z_X;Corner_2D_XY-Z_Y;Corner_2D_X-YZ_X;Corner_2D_X-YZ_Y;Corner_2D_X-Y-Z_X;Corner_2D_X-Y-Z_Y;Corner_2D_-XYZ_X;Corner_2D_-XYZ_Y;Corner_-2D_XY-Z_X;Corner_2D_-XY-Z_Y;Corner_2D_-X-YZ_X;Corner_2D_-X-YZ_Y;Corner_2D_-X-Y-Z_X;Corner_2D_-X-Y-Z_Y;
J0:19:21:00:547;Hatchback_Car_AI_C_3;211;39262.441406;-78619.648438;-54424.785156;733;765;803.78302;-0.025197;-0.999682;0.000921;39262.082031;-78633.570312;-54345.773438;204.0;92.0;76.0;39348.90625;-78839.757812;-54269.574219;39348.921875;-78839.898438;-54421.574219;39164.960938;-78835.117188;-54269.597656;39164.976562;-78835.257812;-54421.597656;39359.1875;-78431.882812;-54269.949219;39359.203125;-78432.023438;-54421.949219;39175.242188;-78427.242188;-54269.972656;39175.257812;-78427.382812;-54421.972656;728;737;665;705;665;757;805;705;805;757;646;716;646;771;795;716;795;771
J0:19:21:00:547;Hatchback_Car_AI_C_7;211;39228.078125;-77207.3125;-54424.972656;1230;768;514.437439;-0.152128;-0.98836;-0.001233;39226.074219;-77221.265625;-54345.988281;204.0;92.0;76.0;39286.089844;-77437.0;-54270.40625;39285.847656;-77436.765625;-54422.40625;39104.230469;-77409.015625;-54270.070312;39103.988281;-77408.78125;-54422.070312;39348.160156;-77033.75;-54269.90625;39347.917969;-77033.515625;-54421.90625;39166.300781;-77005.765625;-54269.570312;39166.058594;-77005.53125;-54421.570312;1225;740;1144;709;1144;762;1294;709;1294;762;1153;717;1153;772;1309;717;1309;772
J0:19:21:00:547;Hatchback_Car_AI_C_15;211;39101.167969;-70917.085938;-54134.945312;-1;-1;675.392822;0.090804;-0.965732;-0.243138;39104.417969;-70949.710938;-54061.71875;204.0;92.0;76.0;39216.433594;-71156.4375;-54037.804688;39212.628906;-71119.671875;-54185.242188;39033.253906;-71173.765625;-54037.398438;39029.449219;-71137.0;-54184.835938;39179.386719;-70762.421875;-53938.601562;39175.582031;-70725.65625;-54086.039062;38996.207031;-70779.75;-53938.195312;38992.402344;-70742.984375;-54085.632812;-1;-1;-1;-1;-1;-1;-1;-1;-1;-1;-1;-1;-1;-1;-1;-1;-1;-1
