Time;ID;Cat;XPos;YPos;ZPos;2D_XPos;2D_YPos;Vel;XDir;YDir;ZDir;BBox_XPos;BBox_YPos;BBox_ZPos;BBox_Ext_X;BBox_Ext_Y;BBox_Ext_Z;Corner_XYZ_X;Corner_XYZ_Y;Corner_XYZ_Z;Corner_XY-Z_X;Corner_XY-Z_Y;Corner_XY-Z_Z;Corner_X-YZ_X;Corner_X-YZ_Y;Corner_X-YZ_Z;Corner_X-Y-Z_X;Corner_X-Y-Z_Y;Corner_X-Y-Z_Z;Corner_-XYZ_X;Corner_-XYZ_Y;Corner_-XYZ_Z;Corner_-XY-Z_X;Corner_-XY-Z_Y;Corner_-XY-Z_Z;Corner_-X-YZ_X;Corner_-X-YZ_Y;Corner_-X-YZ_Z;Corner_-X-Y-Z_X;Corner_-X-Y-Z_Y;Corner_-X-Y-Z_Z;BBox_2D_XPos;BBox_2D_YPos;Corner_2D_XYZ_X;Corner_2D_XYZ_Y;Corner_2D_XY-Z_X;Corner_2D_XY-Z_Y;Corner_2D_X-YZ_X;Corner_2D_X-YZ_Y;Corner_2D_X-Y-Z_X;Corner_2D_X-Y-Z_Y;Corner_2D_-XYZ_X;Corner_2D_-XYZ_Y;Corner_-2D_XY-Z_X;Corner_2D_-XY-Z_Y;Corner_2D_-X-YZ_X;Corner_2D_-X-YZ_Y;Corner_2D_-X-Y-Z_X;Corner_2D_-X-Y-Z_Y;
J0:19:19:44:145;Hatchback_Car_AI_C_3;211;39384.46875;-75740.085938;-54423.507812;1705;755;200.167542;-0.066459;-0.997757;-0.008039;39383.507812;-75754.6875;-54344.621094;204.0;92.0;76.0;39461.71875;-75964.953125;-54270.28125;39461.773438;-75963.734375;-54422.273438;39278.125;-75952.71875;-54270.25;39278.179688;-75951.5;-54422.242188;39488.835938;-75557.875;-54267.0;39488.890625;-75556.65625;-54418.992188;39305.242188;-75545.640625;-54266.96875;39305.296875;-75544.421875;-54418.960938;1701;728;1613;699;1613;748;1750;699;1750;748;1649;708;1649;759;1794;708;1794;759
J0:19:19:44:145;Hatchback_Car_AI_C_7;211;39338.871094;-73155.390625;-54469.863281;-1;-1;636.342041;0.101438;-0.993903;-0.043208;39340.414062;-73172.726562;-54391.542969;204.0;92.0;76.0;39452.746094;-73369.445312;-54324.164062;39452.511719;-73362.867188;-54476.023438;39269.699219;-73388.101562;-54324.6875;39269.464844;-73381.523438;-54476.546875;39411.363281;-72963.929688;-54306.539062;39411.128906;-72957.351562;-54458.398438;39228.316406;-72982.585938;-54307.0625;39228.082031;-72976.007812;-54458.921875;-1;-1;-1;-1;-1;-1;-1;-1;-1;-1;-1;-1;-1;-1;-1;-1;-1;-1
J0:19:19:44:145;Hatchback_Car_AI_C_11;211;39045.660156;-70283.25;-53973.257812;-1;-1;663.643555;0.079004;-0.964057;-0.253678;39048.507812;-70316.710938;-53900.394531;204.0;92.0;76.0;39157.992188;-70525.03125;-53878.75;39154.640625;-70486.625;-54025.78125;38974.609375;-70540.125;-53878.507812;38971.257812;-70501.71875;-54025.539062;39125.757812;-70131.703125;-53775.25;39122.40625;-70093.296875;-53922.28125;38942.375;-70146.796875;-53775.007812;38939.023438;-70108.390625;-53922.039062;-1;-1;-1;-1;-1;-1;-1;-1;-1;-1;-1;-1;-1;-1;-1;-1;-1;-1
