Time;ID;Cat;XPos;YPos;ZPos;2D_XPos;2D_YPos;Vel;XDir;YDir;ZDir;BBox_XPos;BBox_YPos;BBox_ZPos;BBox_Ext_X;BBox_Ext_Y;BBox_Ext_Z;Corner_XYZ_X;Corner_XYZ_Y;Corner_XYZ_Z;Corner_XY-Z_X;Corner_XY-Z_Y;Corner_XY-Z_Z;Corner_X-YZ_X;Corner_X-YZ_Y;Corner_X-YZ_Z;Corner_X-Y-Z_X;Corner_X-Y-Z_Y;Corner_X-Y-Z_Z;Corner_-XYZ_X;Corner_-XYZ_Y;Corner_-XYZ_Z;Corner_-XY-Z_X;Corner_-XY-Z_Y;Corner_-XY-Z_Z;Corner_-X-YZ_X;Corner_-X-YZ_Y;Corner_-X-YZ_Z;Corner_-X-Y-Z_X;Corner_-X-Y-Z_Y;Corner_-X-Y-Z_Z;BBox_2D_XPos;BBox_2D_YPos;Corner_2D_XYZ_X;Corner_2D_XYZ_Y;Corner_2D_XY-Z_X;Corner_2D_XY-Z_Y;Corner_2D_X-YZ_X;Corner_2D_X-YZ_Y;Corner_2D_X-Y-Z_X;Corner_2D_X-Y-Z_Y;Corner_2D_-XYZ_X;Corner_2D_-XYZ_Y;Corner_-2D_XY-Z_X;Corner_2D_-XY-Z_Y;Corner_2D_-X-YZ_X;Corner_2D_-X-YZ_Y;Corner_2D_-X-Y-Z_X;Corner_2D_-X-Y-Z_Y;
J0:19:18:19:342;Hatchback_Car_AI_C_3;211;39184.429688;-71732.867188;-54314.5625;-1;-1;715.212769;0.101542;-0.978534;-0.179335;39187.144531;-71760.679688;-54239.355469;204.0;92.0;76.0;39300.617188;-71964.40625;-54200.980469;39298.125;-71937.265625;-54350.519531;39117.59375;-71983.328125;-54201.363281;39115.101562;-71956.1875;-54350.902344;39259.1875;-71565.171875;-54127.808594;39256.695312;-71538.03125;-54277.347656;39076.164062;-71584.09375;-54128.191406;39073.671875;-71556.953125;-54277.730469;-1;-1;-1;-1;-1;-1;-1;-1;-1;-1;-1;-1;-1;-1;-1;-1;-1;-1
J0:19:18:19:342;Hatchback_Car_AI_C_7;211;38984.007812;-68480.515625;-53543.390625;-1;-1;695.722412;-0.036357;-0.982315;-0.183674;38982.957031;-68508.765625;-53468.304688;204.0;92.0;76.0;39066.953125;-68726.515625;-53431.058594;39068.0;-68698.609375;-53580.472656;38883.078125;-68719.703125;-53431.074219;38884.125;-68691.796875;-53580.488281;39081.789062;-68325.734375;-53356.121094;39082.835938;-68297.828125;-53505.535156;38897.914062;-68318.921875;-53356.136719;38898.960938;-68291.015625;-53505.550781;-1;-1;-1;-1;-1;-1;-1;-1;-1;-1;-1;-1;-1;-1;-1;-1;-1;-1
