Time;ID;Cat;XPos;YPos;ZPos;2D_XPos;2D_YPos;Vel;XDir;YDir;ZDir;BBox_XPos;BBox_YPos;BBox_ZPos;BBox_Ext_X;BBox_Ext_Y;BBox_Ext_Z;Corner_XYZ_X;Corner_XYZ_Y;Corner_XYZ_Z;Corner_XY-Z_X;Corner_XY-Z_Y;Corner_XY-Z_Z;Corner_X-YZ_X;Corner_X-YZ_Y;Corner_X-YZ_Z;Corner_X-Y-Z_X;Corner_X-Y-Z_Y;Corner_X-Y-Z_Z;Corner_-XYZ_X;Corner_-XYZ_Y;Corner_-XYZ_Z;Corner_-XY-Z_X;Corner_-XY-Z_Y;Corner_-XY-Z_Z;Corner_-X-YZ_X;Corner_-X-YZ_Y;Corner_-X-YZ_Z;Corner_-X-Y-Z_X;Corner_-X-Y-Z_Y;Corner_-X-Y-Z_Z;BBox_2D_XPos;BBox_2D_YPos;Corner_2D_XYZ_X;Corner_2D_XYZ_Y;Corner_2D_XY-Z_X;Corner_2D_XY-Z_Y;Corner_2D_X-YZ_X;Corner_2D_X-YZ_Y;Corner_2D_X-Y-Z_X;Corner_2D_X-Y-Z_Y;Corner_2D_-XYZ_X;Corner_2D_-XYZ_Y;Corner_-2D_XY-Z_X;Corner_2D_-XY-Z_Y;Corner_2D_-X-YZ_X;Corner_2D_-X-YZ_Y;Corner_2D_-X-Y-Z_X;Corner_2D_-X-Y-Z_Y;
J0:19:19:58:543;Hatchback_Car_AI_C_3;211;39370.339844;-75911.1875;-54425.851562;1652;756;191.637207;-0.076647;-0.996841;-0.020809;39369.234375;-75926.789062;-54347.160156;204.0;92.0;76.0;39445.296875;-76138.789062;-54275.53125;39445.359375;-76135.617188;-54427.5;39261.835938;-76124.679688;-54275.3125;39261.898438;-76121.507812;-54427.28125;39476.570312;-75732.070312;-54267.039062;39476.632812;-75728.898438;-54419.007812;39293.109375;-75717.960938;-54266.820312;39293.171875;-75714.789062;-54418.789062;1647;730;1559;702;1559;749;1698;702;1698;749;1592;711;1592;760;1739;711;1739;760
J0:19:19:58:543;Hatchback_Car_AI_C_7;211;39402.589844;-73959.210938;-54474.390625;-1;-1;689.160522;0.059376;-0.997973;0.022884;39403.457031;-73971.367188;-54395.089844;204.0;92.0;76.0;39507.441406;-74167.75;-54314.609375;39507.371094;-74171.234375;-54466.570312;39323.769531;-74178.671875;-54314.273438;39323.699219;-74182.15625;-54466.234375;39483.214844;-73760.578125;-54323.945312;39483.144531;-73764.0625;-54475.90625;39299.542969;-73771.5;-54323.609375;39299.472656;-73774.984375;-54475.570312;-1;-1;-1;-1;-1;-1;-1;-1;-1;-1;-1;-1;-1;-1;-1;-1;-1;-1
J0:19:19:58:543;Hatchback_Car_AI_C_11;211;39117.898438;-71076.664062;-54174.160156;-1;-1;653.560303;0.094154;-0.966421;-0.239092;39121.203125;-71108.976562;-54100.800781;204.0;92.0;76.0;39233.882812;-71315.234375;-54075.953125;39230.0625;-71279.09375;-54223.546875;39050.757812;-71333.15625;-54075.601562;39046.9375;-71297.015625;-54223.195312;39195.46875;-70920.9375;-53978.40625;39191.648438;-70884.796875;-54126.0;39012.34375;-70938.859375;-53978.054688;39008.523438;-70902.71875;-54125.648438;-1;-1;-1;-1;-1;-1;-1;-1;-1;-1;-1;-1;-1;-1;-1;-1;-1;-1
