Time;ID;Cat;XPos;YPos;ZPos;2D_XPos;2D_YPos;Vel;XDir;YDir;ZDir;BBox_XPos;BBox_YPos;BBox_ZPos;BBox_Ext_X;BBox_Ext_Y;BBox_Ext_Z;Corner_XYZ_X;Corner_XYZ_Y;Corner_XYZ_Z;Corner_XY-Z_X;Corner_XY-Z_Y;Corner_XY-Z_Z;Corner_X-YZ_X;Corner_X-YZ_Y;Corner_X-YZ_Z;Corner_X-Y-Z_X;Corner_X-Y-Z_Y;Corner_X-Y-Z_Z;Corner_-XYZ_X;Corner_-XYZ_Y;Corner_-XYZ_Z;Corner_-XY-Z_X;Corner_-XY-Z_Y;Corner_-XY-Z_Z;Corner_-X-YZ_X;Corner_-X-YZ_Y;Corner_-X-YZ_Z;Corner_-X-Y-Z_X;Corner_-X-Y-Z_Y;Corner_-X-Y-Z_Z;BBox_2D_XPos;BBox_2D_YPos;Corner_2D_XYZ_X;Corner_2D_XYZ_Y;Corner_2D_XY-Z_X;Corner_2D_XY-Z_Y;Corner_2D_X-YZ_X;Corner_2D_X-YZ_Y;Corner_2D_X-Y-Z_X;Corner_2D_X-Y-Z_Y;Corner_2D_-XYZ_X;Corner_2D_-XYZ_Y;Corner_-2D_XY-Z_X;Corner_2D_-XY-Z_Y;Corner_2D_-X-YZ_X;Corner_2D_-X-YZ_Y;Corner_2D_-X-Y-Z_X;Corner_2D_-X-Y-Z_Y;
J0:19:19:04:548;Hatchback_Car_AI_C_3;211;39411.550781;-74221.53125;-54466.609375;-1;-1;660.710938;0.037931;-0.998723;0.033364;39412.128906;-74232.875;-54387.1875;204.0;92.0;76.0;39511.847656;-74430.59375;-54304.597656;39511.753906;-74435.671875;-54456.511719;39327.980469;-74437.5625;-54304.253906;39327.886719;-74442.640625;-54456.167969;39496.371094;-74023.109375;-54318.207031;39496.277344;-74028.1875;-54470.121094;39312.503906;-74030.078125;-54317.863281;39312.410156;-74035.15625;-54469.777344;-1;-1;-1;-1;-1;-1;-1;-1;-1;-1;-1;-1;-1;-1;-1;-1;-1;-1
J0:19:19:04:548;Hatchback_Car_AI_C_7;211;39106.542969;-70978.578125;-54150.066406;-1;-1;701.179504;0.092606;-0.966215;-0.240528;39109.828125;-71011.0;-54076.753906;204.0;92.0;76.0;39222.207031;-71217.460938;-54052.25;39218.378906;-71181.101562;-54199.789062;39039.058594;-71235.117188;-54051.851562;39035.230469;-71198.757812;-54199.390625;39184.425781;-70823.242188;-53954.117188;39180.597656;-70786.882812;-54101.65625;39001.277344;-70840.898438;-53953.71875;38997.449219;-70804.539062;-54101.257812;-1;-1;-1;-1;-1;-1;-1;-1;-1;-1;-1;-1;-1;-1;-1;-1;-1;-1
