Time;ID;Cat;XPos;YPos;ZPos;2D_XPos;2D_YPos;Vel;XDir;YDir;ZDir;BBox_XPos;BBox_YPos;BBox_ZPos;BBox_Ext_X;BBox_Ext_Y;BBox_Ext_Z;Corner_XYZ_X;Corner_XYZ_Y;Corner_XYZ_Z;Corner_XY-Z_X;Corner_XY-Z_Y;Corner_XY-Z_Z;Corner_X-YZ_X;Corner_X-YZ_Y;Corner_X-YZ_Z;Corner_X-Y-Z_X;Corner_X-Y-Z_Y;Corner_X-Y-Z_Z;Corner_-XYZ_X;Corner_-XYZ_Y;Corner_-XYZ_Z;Corner_-XY-Z_X;Corner_-XY-Z_Y;Corner_-XY-Z_Z;Corner_-X-YZ_X;Corner_-X-YZ_Y;Corner_-X-YZ_Z;Corner_-X-Y-Z_X;Corner_-X-Y-Z_Y;Corner_-X-Y-Z_Z;BBox_2D_XPos;BBox_2D_YPos;Corner_2D_XYZ_X;Corner_2D_XYZ_Y;Corner_2D_XY-Z_X;Corner_2D_XY-Z_Y;Corner_2D_X-YZ_X;Corner_2D_X-YZ_Y;Corner_2D_X-Y-Z_X;Corner_2D_X-Y-Z_Y;Corner_2D_-XYZ_X;Corner_2D_-XYZ_Y;Corner_-2D_XY-Z_X;Corner_2D_-XY-Z_Y;Corner_2D_-X-YZ_X;Corner_2D_-X-YZ_Y;Corner_2D_-X-Y-Z_X;Corner_2D_-X-Y-Z_Y;
J0:19:20:19:344;Hatchback_Car_AI_C_11;211;39237.535156;-72231.742188;-54391.738281;-1;-1;674.90863;0.109335;-0.985376;-0.130689;39239.824219;-72255.84375;-54315.246094;204.0;92.0;76.0;39354.304688;-72456.6875;-54266.117188;39352.84375;-72436.859375;-54416.8125;39171.414062;-72476.859375;-54267.0;39169.953125;-72457.03125;-54417.695312;39309.695312;-72054.65625;-54212.796875;39308.234375;-72034.828125;-54363.492188;39126.804688;-72074.828125;-54213.679688;39125.34375;-72055.0;-54364.375;-1;-1;-1;-1;-1;-1;-1;-1;-1;-1;-1;-1;-1;-1;-1;-1;-1;-1
J0:19:20:19:344;Hatchback_Car_AI_C_15;211;38978.742188;-68625.164062;-53571.628906;-1;-1;685.909851;-0.021902;-0.980335;-0.196119;38978.070312;-68654.375;-53496.910156;204.0;92.0;76.0;39065.226562;-68871.328125;-53462.371094;39065.929688;-68841.53125;-53611.417969;38881.273438;-68867.203125;-53462.417969;38881.976562;-68837.40625;-53611.464844;39074.164062;-68471.34375;-53382.355469;39074.867188;-68441.546875;-53531.402344;38890.210938;-68467.21875;-53382.402344;38890.914062;-68437.421875;-53531.449219;-1;-1;-1;-1;-1;-1;-1;-1;-1;-1;-1;-1;-1;-1;-1;-1;-1;-1
