Time;ID;Cat;XPos;YPos;ZPos;2D_XPos;2D_YPos;Vel;XDir;YDir;ZDir;BBox_XPos;BBox_YPos;BBox_ZPos;BBox_Ext_X;BBox_Ext_Y;BBox_Ext_Z;Corner_XYZ_X;Corner_XYZ_Y;Corner_XYZ_Z;Corner_XY-Z_X;Corner_XY-Z_Y;Corner_XY-Z_Z;Corner_X-YZ_X;Corner_X-YZ_Y;Corner_X-YZ_Z;Corner_X-Y-Z_X;Corner_X-Y-Z_Y;Corner_X-Y-Z_Z;Corner_-XYZ_X;Corner_-XYZ_Y;Corner_-XYZ_Z;Corner_-XY-Z_X;Corner_-XY-Z_Y;Corner_-XY-Z_Z;Corner_-X-YZ_X;Corner_-X-YZ_Y;Corner_-X-YZ_Z;Corner_-X-Y-Z_X;Corner_-X-Y-Z_Y;Corner_-X-Y-Z_Z;BBox_2D_XPos;BBox_2D_YPos;Corner_2D_XYZ_X;Corner_2D_XYZ_Y;Corner_2D_XY-Z_X;Corner_2D_XY-Z_Y;Corner_2D_X-YZ_X;Corner_2D_X-YZ_Y;Corner_2D_X-Y-Z_X;Corner_2D_X-Y-Z_Y;Corner_2D_-XYZ_X;Corner_2D_-XYZ_Y;Corner_-2D_XY-Z_X;Corner_2D_-XY-Z_Y;Corner_2D_-X-YZ_X;Corner_2D_-X-YZ_Y;Corner_2D_-X-Y-Z_X;Corner_2D_-X-Y-Z_Y;
J0:19:19:44:945;Hatchback_Car_AI_C_3;211;39383.453125;-75752.835938;-54423.617188;1701;755;189.929077;-0.067854;-0.997653;-0.009148;39382.472656;-75767.523438;-54344.75;204.0;92.0;76.0;39460.386719;-75977.984375;-54270.640625;39460.449219;-75976.59375;-54422.632812;39276.808594;-75965.5;-54270.601562;39276.871094;-75964.109375;-54422.59375;39488.074219;-75570.9375;-54266.90625;39488.136719;-75569.546875;-54418.898438;39304.496094;-75558.453125;-54266.867188;39304.558594;-75557.0625;-54418.859375;1697;728;1609;699;1609;748;1746;699;1746;748;1645;708;1645;759;1790;708;1790;759
J0:19:19:44:945;Hatchback_Car_AI_C_7;211;39342.992188;-73197.359375;-54471.425781;-1;-1;640.999023;0.099997;-0.994228;-0.038879;39344.484375;-73214.359375;-54393.03125;204.0;92.0;76.0;39456.511719;-73410.945312;-54324.769531;39456.332031;-73405.023438;-54476.652344;39273.433594;-73429.335938;-54325.269531;39273.253906;-73423.414062;-54477.152344;39415.714844;-73005.304688;-54308.910156;39415.535156;-72999.382812;-54460.792969;39232.636719;-73023.695312;-54309.410156;39232.457031;-73017.773438;-54461.292969;-1;-1;-1;-1;-1;-1;-1;-1;-1;-1;-1;-1;-1;-1;-1;-1;-1;-1
J0:19:19:44:945;Hatchback_Car_AI_C_11;211;39049.1875;-70325.007812;-53984.152344;-1;-1;645.661682;0.080077;-0.963844;-0.25415;39052.085938;-70358.5;-53911.304688;204.0;92.0;76.0;39161.8125;-70566.71875;-53889.777344;39158.390625;-70528.234375;-54036.785156;38978.453125;-70582.015625;-53889.519531;38975.03125;-70543.53125;-54036.527344;39129.140625;-70173.46875;-53786.082031;39125.71875;-70134.984375;-53933.089844;38945.78125;-70188.765625;-53785.824219;38942.359375;-70150.28125;-53932.832031;-1;-1;-1;-1;-1;-1;-1;-1;-1;-1;-1;-1;-1;-1;-1;-1;-1;-1
