Time;ID;Cat;XPos;YPos;ZPos;2D_XPos;2D_YPos;Vel;XDir;YDir;ZDir;BBox_XPos;BBox_YPos;BBox_ZPos;BBox_Ext_X;BBox_Ext_Y;BBox_Ext_Z;Corner_XYZ_X;Corner_XYZ_Y;Corner_XYZ_Z;Corner_XY-Z_X;Corner_XY-Z_Y;Corner_XY-Z_Z;Corner_X-YZ_X;Corner_X-YZ_Y;Corner_X-YZ_Z;Corner_X-Y-Z_X;Corner_X-Y-Z_Y;Corner_X-Y-Z_Z;Corner_-XYZ_X;Corner_-XYZ_Y;Corner_-XYZ_Z;Corner_-XY-Z_X;Corner_-XY-Z_Y;Corner_-XY-Z_Z;Corner_-X-YZ_X;Corner_-X-YZ_Y;Corner_-X-YZ_Z;Corner_-X-Y-Z_X;Corner_-X-Y-Z_Y;Corner_-X-Y-Z_Z;BBox_2D_XPos;BBox_2D_YPos;Corner_2D_XYZ_X;Corner_2D_XYZ_Y;Corner_2D_XY-Z_X;Corner_2D_XY-Z_Y;Corner_2D_X-YZ_X;Corner_2D_X-YZ_Y;Corner_2D_X-Y-Z_X;Corner_2D_X-Y-Z_Y;Corner_2D_-XYZ_X;Corner_2D_-XYZ_Y;Corner_-2D_XY-Z_X;Corner_2D_-XY-Z_Y;Corner_2D_-X-YZ_X;Corner_2D_-X-YZ_Y;Corner_2D_-X-Y-Z_X;Corner_2D_-X-Y-Z_Y;
J0:19:18:54:547;Hatchback_Car_AI_C_3;211;39382.878906;-73664.28125;-54478.855469;-1;-1;629.27356;0.072734;-0.99735;0.001494;39383.921875;-73678.125;-54399.835938;204.0;92.0;76.0;39490.539062;-73874.773438;-54323.570312;39490.492188;-73875.007812;-54475.570312;39307.023438;-73888.164062;-54323.492188;39306.976562;-73888.398438;-54475.492188;39460.867188;-73467.851562;-54324.179688;39460.820312;-73468.085938;-54476.179688;39277.351562;-73481.242188;-54324.101562;39277.304688;-73481.476562;-54476.101562;-1;-1;-1;-1;-1;-1;-1;-1;-1;-1;-1;-1;-1;-1;-1;-1;-1;-1
J0:19:18:54:547;Hatchback_Car_AI_C_7;211;39056.835938;-70426.820312;-54010.425781;-1;-1;709.954468;0.078132;-0.96485;-0.250919;39059.761719;-70460.070312;-53937.464844;204.0;92.0;76.0;39169.15625;-70668.398438;-53915.347656;39165.632812;-70630.414062;-54062.480469;38985.765625;-70683.382812;-53914.824219;38982.242188;-70645.398438;-54061.957031;39137.28125;-70274.742188;-53812.972656;39133.757812;-70236.757812;-53960.105469;38953.890625;-70289.726562;-53812.449219;38950.367188;-70251.742188;-53959.582031;-1;-1;-1;-1;-1;-1;-1;-1;-1;-1;-1;-1;-1;-1;-1;-1;-1;-1
