Time;ID;Cat;XPos;YPos;ZPos;2D_XPos;2D_YPos;Vel;XDir;YDir;ZDir;BBox_XPos;BBox_YPos;BBox_ZPos;BBox_Ext_X;BBox_Ext_Y;BBox_Ext_Z;Corner_XYZ_X;Corner_XYZ_Y;Corner_XYZ_Z;Corner_XY-Z_X;Corner_XY-Z_Y;Corner_XY-Z_Z;Corner_X-YZ_X;Corner_X-YZ_Y;Corner_X-YZ_Z;Corner_X-Y-Z_X;Corner_X-Y-Z_Y;Corner_X-Y-Z_Z;Corner_-XYZ_X;Corner_-XYZ_Y;Corner_-XYZ_Z;Corner_-XY-Z_X;Corner_-XY-Z_Y;Corner_-XY-Z_Z;Corner_-X-YZ_X;Corner_-X-YZ_Y;Corner_-X-YZ_Z;Corner_-X-Y-Z_X;Corner_-X-Y-Z_Y;Corner_-X-Y-Z_Z;BBox_2D_XPos;BBox_2D_YPos;Corner_2D_XYZ_X;Corner_2D_XYZ_Y;Corner_2D_XY-Z_X;Corner_2D_XY-Z_Y;Corner_2D_X-YZ_X;Corner_2D_X-YZ_Y;Corner_2D_X-Y-Z_X;Corner_2D_X-Y-Z_Y;Corner_2D_-XYZ_X;Corner_2D_-XYZ_Y;Corner_-2D_XY-Z_X;Corner_2D_-XY-Z_Y;Corner_2D_-X-YZ_X;Corner_2D_-X-YZ_Y;Corner_2D_-X-Y-Z_X;Corner_2D_-X-Y-Z_Y;
J0:19:18:56:147;Hatchback_Car_AI_C_3;211;39388.449219;-73748.796875;-54478.089844;-1;-1;650.631409;0.068285;-0.99762;0.00957;39389.429688;-73762.007812;-54398.960938;204.0;92.0;76.0;39495.167969;-73958.507812;-54321.097656;39495.121094;-73959.976562;-54473.089844;39311.597656;-73971.070312;-54320.925781;39311.550781;-73972.539062;-54472.917969;39467.308594;-73551.476562;-54325.003906;39467.261719;-73552.945312;-54476.996094;39283.738281;-73564.039062;-54324.832031;39283.691406;-73565.507812;-54476.824219;-1;-1;-1;-1;-1;-1;-1;-1;-1;-1;-1;-1;-1;-1;-1;-1;-1;-1
J0:19:18:56:147;Hatchback_Car_AI_C_7;211;39064.367188;-70515.609375;-54033.3125;-1;-1;700.161194;0.080522;-0.964747;-0.25056;39067.367188;-70548.820312;-53960.339844;204.0;92.0;76.0;39177.269531;-70756.867188;-53938.136719;39173.667969;-70718.945312;-54085.285156;38993.917969;-70772.304688;-53937.621094;38990.316406;-70734.382812;-54084.769531;39144.417969;-70363.257812;-53835.910156;39140.816406;-70325.335938;-53983.058594;38961.066406;-70378.695312;-53835.394531;38957.464844;-70340.773438;-53982.542969;-1;-1;-1;-1;-1;-1;-1;-1;-1;-1;-1;-1;-1;-1;-1;-1;-1;-1
