Time;ID;Cat;XPos;YPos;ZPos;2D_XPos;2D_YPos;Vel;XDir;YDir;ZDir;BBox_XPos;BBox_YPos;BBox_ZPos;BBox_Ext_X;BBox_Ext_Y;BBox_Ext_Z;Corner_XYZ_X;Corner_XYZ_Y;Corner_XYZ_Z;Corner_XY-Z_X;Corner_XY-Z_Y;Corner_XY-Z_Z;Corner_X-YZ_X;Corner_X-YZ_Y;Corner_X-YZ_Z;Corner_X-Y-Z_X;Corner_X-Y-Z_Y;Corner_X-Y-Z_Z;Corner_-XYZ_X;Corner_-XYZ_Y;Corner_-XYZ_Z;Corner_-XY-Z_X;Corner_-XY-Z_Y;Corner_-XY-Z_Z;Corner_-X-YZ_X;Corner_-X-YZ_Y;Corner_-X-YZ_Z;Corner_-X-Y-Z_X;Corner_-X-Y-Z_Y;Corner_-X-Y-Z_Z;BBox_2D_XPos;BBox_2D_YPos;Corner_2D_XYZ_X;Corner_2D_XYZ_Y;Corner_2D_XY-Z_X;Corner_2D_XY-Z_Y;Corner_2D_X-YZ_X;Corner_2D_X-YZ_Y;Corner_2D_X-Y-Z_X;Corner_2D_X-Y-Z_Y;Corner_2D_-XYZ_X;Corner_2D_-XYZ_Y;Corner_-2D_XY-Z_X;Corner_2D_-XY-Z_Y;Corner_2D_-X-YZ_X;Corner_2D_-X-YZ_Y;Corner_2D_-X-Y-Z_X;Corner_2D_-X-Y-Z_Y;
J0:19:18:26:544;Hatchback_Car_AI_C_3;211;39227.652344;-72132.289062;-54378.375;-1;-1;708.97522;0.106992;-0.984402;-0.139663;39229.996094;-72157.078125;-54302.105469;204.0;92.0;76.0;39344.105469;-72358.601562;-54254.945312;39342.472656;-72337.429688;-54405.453125;39161.175781;-72378.367188;-54255.742188;39159.542969;-72357.195312;-54406.25;39300.449219;-71956.960938;-54197.960938;39298.816406;-71935.789062;-54348.46875;39117.519531;-71976.726562;-54198.757812;39115.886719;-71955.554688;-54349.265625;-1;-1;-1;-1;-1;-1;-1;-1;-1;-1;-1;-1;-1;-1;-1;-1;-1;-1
J0:19:18:26:544;Hatchback_Car_AI_C_7;211;38978.214844;-68883.476562;-53625.929688;-1;-1;701.941284;-0.002883;-0.976233;-0.216707;38978.21875;-68914.265625;-53551.839844;204.0;92.0;76.0;39069.671875;-69130.132812;-53521.960938;39069.585938;-69097.195312;-53670.351562;38885.671875;-69129.632812;-53521.742188;38885.585938;-69096.695312;-53670.132812;39070.851562;-68731.835938;-53433.546875;39070.765625;-68698.898438;-53581.9375;38886.851562;-68731.335938;-53433.328125;38886.765625;-68698.398438;-53581.71875;-1;-1;-1;-1;-1;-1;-1;-1;-1;-1;-1;-1;-1;-1;-1;-1;-1;-1
