Time;ID;Cat;XPos;YPos;ZPos;2D_XPos;2D_YPos;Vel;XDir;YDir;ZDir;BBox_XPos;BBox_YPos;BBox_ZPos;BBox_Ext_X;BBox_Ext_Y;BBox_Ext_Z;Corner_XYZ_X;Corner_XYZ_Y;Corner_XYZ_Z;Corner_XY-Z_X;Corner_XY-Z_Y;Corner_XY-Z_Z;Corner_X-YZ_X;Corner_X-YZ_Y;Corner_X-YZ_Z;Corner_X-Y-Z_X;Corner_X-Y-Z_Y;Corner_X-Y-Z_Z;Corner_-XYZ_X;Corner_-XYZ_Y;Corner_-XYZ_Z;Corner_-XY-Z_X;Corner_-XY-Z_Y;Corner_-XY-Z_Z;Corner_-X-YZ_X;Corner_-X-YZ_Y;Corner_-X-YZ_Z;Corner_-X-Y-Z_X;Corner_-X-Y-Z_Y;Corner_-X-Y-Z_Z;BBox_2D_XPos;BBox_2D_YPos;Corner_2D_XYZ_X;Corner_2D_XYZ_Y;Corner_2D_XY-Z_X;Corner_2D_XY-Z_Y;Corner_2D_X-YZ_X;Corner_2D_X-YZ_Y;Corner_2D_X-Y-Z_X;Corner_2D_X-Y-Z_Y;Corner_2D_-XYZ_X;Corner_2D_-XYZ_Y;Corner_-2D_XY-Z_X;Corner_2D_-XY-Z_Y;Corner_2D_-X-YZ_X;Corner_2D_-X-YZ_Y;Corner_2D_-X-Y-Z_X;Corner_2D_-X-Y-Z_Y;
J0:19:18:55:747;Hatchback_Car_AI_C_3;211;39387.0625;-73727.039062;-54478.328125;-1;-1;628.241882;0.070688;-0.997475;0.006876;39388.085938;-73740.453125;-54399.234375;204.0;92.0;76.0;39494.308594;-73936.914062;-54321.914062;39494.246094;-73937.960938;-54473.914062;39310.769531;-73949.914062;-54321.75;39310.707031;-73950.960938;-54473.75;39465.464844;-73529.945312;-54324.71875;39465.402344;-73530.992188;-54476.71875;39281.925781;-73542.945312;-54324.554688;39281.863281;-73543.992188;-54476.554688;-1;-1;-1;-1;-1;-1;-1;-1;-1;-1;-1;-1;-1;-1;-1;-1;-1;-1
J0:19:18:55:747;Hatchback_Car_AI_C_7;211;39062.4375;-70493.039062;-54027.472656;-1;-1;676.208557;0.081785;-0.96432;-0.25179;39065.449219;-70526.34375;-53954.542969;204.0;92.0;76.0;39175.59375;-70734.289062;-53932.566406;39172.0;-70696.179688;-54079.667969;38992.265625;-70749.945312;-53932.144531;38988.671875;-70711.835938;-54079.246094;39142.226562;-70340.851562;-53829.839844;39138.632812;-70302.742188;-53976.941406;38958.898438;-70356.507812;-53829.417969;38955.304688;-70318.398438;-53976.519531;-1;-1;-1;-1;-1;-1;-1;-1;-1;-1;-1;-1;-1;-1;-1;-1;-1;-1
