Time;ID;Cat;XPos;YPos;ZPos;2D_XPos;2D_YPos;Vel;XDir;YDir;ZDir;BBox_XPos;BBox_YPos;BBox_ZPos;BBox_Ext_X;BBox_Ext_Y;BBox_Ext_Z;Corner_XYZ_X;Corner_XYZ_Y;Corner_XYZ_Z;Corner_XY-Z_X;Corner_XY-Z_Y;Corner_XY-Z_Z;Corner_X-YZ_X;Corner_X-YZ_Y;Corner_X-YZ_Z;Corner_X-Y-Z_X;Corner_X-Y-Z_Y;Corner_X-Y-Z_Z;Corner_-XYZ_X;Corner_-XYZ_Y;Corner_-XYZ_Z;Corner_-XY-Z_X;Corner_-XY-Z_Y;Corner_-XY-Z_Z;Corner_-X-YZ_X;Corner_-X-YZ_Y;Corner_-X-YZ_Z;Corner_-X-Y-Z_X;Corner_-X-Y-Z_Y;Corner_-X-Y-Z_Z;BBox_2D_XPos;BBox_2D_YPos;Corner_2D_XYZ_X;Corner_2D_XYZ_Y;Corner_2D_XY-Z_X;Corner_2D_XY-Z_Y;Corner_2D_X-YZ_X;Corner_2D_X-YZ_Y;Corner_2D_X-Y-Z_X;Corner_2D_X-Y-Z_Y;Corner_2D_-XYZ_X;Corner_2D_-XYZ_Y;Corner_-2D_XY-Z_X;Corner_2D_-XY-Z_Y;Corner_2D_-X-YZ_X;Corner_2D_-X-YZ_Y;Corner_2D_-X-Y-Z_X;Corner_2D_-X-Y-Z_Y;
J0:19:19:56:944;Hatchback_Car_AI_C_3;211;39372.101562;-75886.375;-54425.359375;1659;756;171.812881;-0.078231;-0.996764;-0.018488;39370.964844;-75901.789062;-54346.632812;204.0;92.0;76.0;39446.679688;-76113.726562;-54274.5;39446.765625;-76110.914062;-54426.476562;39263.242188;-76099.335938;-54274.335938;39263.328125;-76096.523438;-54426.3125;39478.601562;-75707.054688;-54266.953125;39478.6875;-75704.242188;-54418.929688;39295.164062;-75692.664062;-54266.789062;39295.25;-75689.851562;-54418.765625;1655;730;1567;701;1567;749;1706;701;1706;749;1600;710;1600;760;1747;710;1747;760
J0:19:19:56:944;Hatchback_Car_AI_C_7;211;39397.398438;-73868.570312;-54476.320312;-1;-1;682.649963;0.065001;-0.997737;0.017175;39398.332031;-73881.179688;-54397.089844;204.0;92.0;76.0;39503.421875;-74077.429688;-54317.726562;39503.375;-74080.054688;-54469.703125;39319.8125;-74089.382812;-54317.46875;39319.765625;-74092.007812;-54469.445312;39476.898438;-73670.351562;-54324.734375;39476.851562;-73672.976562;-54476.710938;39293.289062;-73682.304688;-54324.476562;39293.242188;-73684.929688;-54476.453125;-1;-1;-1;-1;-1;-1;-1;-1;-1;-1;-1;-1;-1;-1;-1;-1;-1;-1
J0:19:19:56:944;Hatchback_Car_AI_C_11;211;39109.664062;-70990.398438;-54153.070312;-1;-1;692.041931;0.09224;-0.96624;-0.240566;39112.953125;-71022.828125;-54079.757812;204.0;92.0;76.0;39225.269531;-71229.320312;-54055.28125;39221.425781;-71192.960938;-54202.820312;39042.113281;-71246.914062;-54054.84375;39038.269531;-71210.554688;-54202.382812;39187.636719;-70835.101562;-53957.132812;39183.792969;-70798.742188;-54104.671875;39004.480469;-70852.695312;-53956.695312;39000.636719;-70816.335938;-54104.234375;-1;-1;-1;-1;-1;-1;-1;-1;-1;-1;-1;-1;-1;-1;-1;-1;-1;-1
