Time;ID;Cat;XPos;YPos;ZPos;2D_XPos;2D_YPos;Vel;XDir;YDir;ZDir;BBox_XPos;BBox_YPos;BBox_ZPos;BBox_Ext_X;BBox_Ext_Y;BBox_Ext_Z;Corner_XYZ_X;Corner_XYZ_Y;Corner_XYZ_Z;Corner_XY-Z_X;Corner_XY-Z_Y;Corner_XY-Z_Z;Corner_X-YZ_X;Corner_X-YZ_Y;Corner_X-YZ_Z;Corner_X-Y-Z_X;Corner_X-Y-Z_Y;Corner_X-Y-Z_Z;Corner_-XYZ_X;Corner_-XYZ_Y;Corner_-XYZ_Z;Corner_-XY-Z_X;Corner_-XY-Z_Y;Corner_-XY-Z_Z;Corner_-X-YZ_X;Corner_-X-YZ_Y;Corner_-X-YZ_Z;Corner_-X-Y-Z_X;Corner_-X-Y-Z_Y;Corner_-X-Y-Z_Z;BBox_2D_XPos;BBox_2D_YPos;Corner_2D_XYZ_X;Corner_2D_XYZ_Y;Corner_2D_XY-Z_X;Corner_2D_XY-Z_Y;Corner_2D_X-YZ_X;Corner_2D_X-YZ_Y;Corner_2D_X-Y-Z_X;Corner_2D_X-Y-Z_Y;Corner_2D_-XYZ_X;Corner_2D_-XYZ_Y;Corner_-2D_XY-Z_X;Corner_2D_-XY-Z_Y;Corner_2D_-X-YZ_X;Corner_2D_-X-YZ_Y;Corner_2D_-X-Y-Z_X;Corner_2D_-X-Y-Z_Y;
J0:19:19:46:544;Hatchback_Car_AI_C_3;211;39381.511719;-75776.28125;-54423.863281;1694;755;169.648575;-0.070617;-0.997438;-0.011408;39380.488281;-75791.148438;-54345.027344;204.0;92.0;76.0;39457.816406;-76001.992188;-54271.390625;39457.886719;-76000.257812;-54423.382812;39274.277344;-75988.992188;-54271.328125;39274.347656;-75987.257812;-54423.320312;39486.628906;-75595.039062;-54266.734375;39486.699219;-75593.304688;-54418.726562;39303.089844;-75582.039062;-54266.671875;39303.160156;-75580.304688;-54418.664062;1689;729;1601;700;1601;748;1739;700;1739;748;1637;709;1637;759;1782;709;1782;759
J0:19:19:46:544;Hatchback_Car_AI_C_7;211;39351.125;-73283.148438;-54474.175781;-1;-1;656.315308;0.096787;-0.994855;-0.029937;39352.535156;-73299.445312;-54395.628906;204.0;92.0;76.0;39463.902344;-73495.78125;-54325.566406;39463.792969;-73491.21875;-54477.496094;39280.769531;-73513.578125;-54325.972656;39280.660156;-73509.015625;-54477.902344;39424.410156;-73089.875;-54313.355469;39424.300781;-73085.3125;-54465.285156;39241.277344;-73107.671875;-54313.761719;39241.167969;-73103.109375;-54465.691406;-1;-1;-1;-1;-1;-1;-1;-1;-1;-1;-1;-1;-1;-1;-1;-1;-1;-1
J0:19:19:46:544;Hatchback_Car_AI_C_11;211;39056.625;-70412.15625;-54006.636719;-1;-1;684.485657;0.08203;-0.964265;-0.251922;39059.613281;-70445.476562;-53933.710938;204.0;92.0;76.0;39169.78125;-70653.40625;-53911.726562;39166.242188;-70615.28125;-54058.820312;38986.453125;-70669.09375;-53911.382812;38982.914062;-70630.96875;-54058.476562;39136.3125;-70259.984375;-53808.945312;39132.773438;-70221.859375;-53956.039062;38952.984375;-70275.671875;-53808.601562;38949.445312;-70237.546875;-53955.695312;-1;-1;-1;-1;-1;-1;-1;-1;-1;-1;-1;-1;-1;-1;-1;-1;-1;-1
