Time;ID;Cat;XPos;YPos;ZPos;2D_XPos;2D_YPos;Vel;XDir;YDir;ZDir;BBox_XPos;BBox_YPos;BBox_ZPos;BBox_Ext_X;BBox_Ext_Y;BBox_Ext_Z;Corner_XYZ_X;Corner_XYZ_Y;Corner_XYZ_Z;Corner_XY-Z_X;Corner_XY-Z_Y;Corner_XY-Z_Z;Corner_X-YZ_X;Corner_X-YZ_Y;Corner_X-YZ_Z;Corner_X-Y-Z_X;Corner_X-Y-Z_Y;Corner_X-Y-Z_Z;Corner_-XYZ_X;Corner_-XYZ_Y;Corner_-XYZ_Z;Corner_-XY-Z_X;Corner_-XY-Z_Y;Corner_-XY-Z_Z;Corner_-X-YZ_X;Corner_-X-YZ_Y;Corner_-X-YZ_Z;Corner_-X-Y-Z_X;Corner_-X-Y-Z_Y;Corner_-X-Y-Z_Z;BBox_2D_XPos;BBox_2D_YPos;Corner_2D_XYZ_X;Corner_2D_XYZ_Y;Corner_2D_XY-Z_X;Corner_2D_XY-Z_Y;Corner_2D_X-YZ_X;Corner_2D_X-YZ_Y;Corner_2D_X-Y-Z_X;Corner_2D_X-Y-Z_Y;Corner_2D_-XYZ_X;Corner_2D_-XYZ_Y;Corner_-2D_XY-Z_X;Corner_2D_-XY-Z_Y;Corner_2D_-X-YZ_X;Corner_2D_-X-YZ_Y;Corner_2D_-X-Y-Z_X;Corner_2D_-X-Y-Z_Y;
J0:19:19:13:750;Hatchback_Car_AI_C_3;211;39419.78125;-74742.09375;-54446.101562;-1;-1;692.645447;0.003568;-0.999097;0.042343;39419.914062;-74752.734375;-54366.578125;204.0;92.0;76.0;39512.71875;-74953.007812;-54282.117188;39512.5625;-74959.445312;-54433.984375;39328.71875;-74953.648438;-54281.898438;39328.5625;-74960.085938;-54433.765625;39511.265625;-74545.382812;-54299.390625;39511.109375;-74551.820312;-54451.257812;39327.265625;-74546.023438;-54299.171875;39327.109375;-74552.460938;-54451.039062;-1;-1;-1;-1;-1;-1;-1;-1;-1;-1;-1;-1;-1;-1;-1;-1;-1;-1
J0:19:19:13:750;Hatchback_Car_AI_C_7;211;39157.550781;-71490.382812;-54267.917969;-1;-1;653.905029;0.098093;-0.973401;-0.207048;39160.582031;-71520.28125;-54193.527344;204.0;92.0;76.0;39273.722656;-71725.28125;-54161.433594;39270.535156;-71693.96875;-54310.136719;39090.652344;-71743.734375;-54161.394531;39087.464844;-71712.421875;-54310.097656;39233.699219;-71328.140625;-54076.957031;39230.511719;-71296.828125;-54225.660156;39050.628906;-71346.59375;-54076.917969;39047.441406;-71315.28125;-54225.621094;-1;-1;-1;-1;-1;-1;-1;-1;-1;-1;-1;-1;-1;-1;-1;-1;-1;-1
J0:19:19:13:750;Hatchback_Car_AI_C_11;211;38978.738281;-68587.6875;-53564.273438;-1;-1;667.196472;-0.023462;-0.980728;-0.193965;38977.976562;-68616.734375;-53489.488281;204.0;92.0;76.0;39064.746094;-68833.757812;-53454.425781;39065.582031;-68804.289062;-53603.535156;38880.800781;-68829.320312;-53454.582031;38881.636719;-68799.851562;-53603.691406;39074.316406;-68433.617188;-53375.285156;39075.152344;-68404.148438;-53524.394531;38890.371094;-68429.179688;-53375.441406;38891.207031;-68399.710938;-53524.550781;-1;-1;-1;-1;-1;-1;-1;-1;-1;-1;-1;-1;-1;-1;-1;-1;-1;-1
