Time;ID;Cat;XPos;YPos;ZPos;2D_XPos;2D_YPos;Vel;XDir;YDir;ZDir;BBox_XPos;BBox_YPos;BBox_ZPos;BBox_Ext_X;BBox_Ext_Y;BBox_Ext_Z;Corner_XYZ_X;Corner_XYZ_Y;Corner_XYZ_Z;Corner_XY-Z_X;Corner_XY-Z_Y;Corner_XY-Z_Z;Corner_X-YZ_X;Corner_X-YZ_Y;Corner_X-YZ_Z;Corner_X-Y-Z_X;Corner_X-Y-Z_Y;Corner_X-Y-Z_Z;Corner_-XYZ_X;Corner_-XYZ_Y;Corner_-XYZ_Z;Corner_-XY-Z_X;Corner_-XY-Z_Y;Corner_-XY-Z_Z;Corner_-X-YZ_X;Corner_-X-YZ_Y;Corner_-X-YZ_Z;Corner_-X-Y-Z_X;Corner_-X-Y-Z_Y;Corner_-X-Y-Z_Z;BBox_2D_XPos;BBox_2D_YPos;Corner_2D_XYZ_X;Corner_2D_XYZ_Y;Corner_2D_XY-Z_X;Corner_2D_XY-Z_Y;Corner_2D_X-YZ_X;Corner_2D_X-YZ_Y;Corner_2D_X-Y-Z_X;Corner_2D_X-Y-Z_Y;Corner_2D_-XYZ_X;Corner_2D_-XYZ_Y;Corner_-2D_XY-Z_X;Corner_2D_-XY-Z_Y;Corner_2D_-X-YZ_X;Corner_2D_-X-YZ_Y;Corner_2D_-X-Y-Z_X;Corner_2D_-X-Y-Z_Y;
J0:19:18:56:546;Hatchback_Car_AI_C_3;211;39389.792969;-73770.007812;-54477.78125;-1;-1;636.408264;0.068146;-0.99762;0.010493;39390.765625;-73783.140625;-54398.640625;204.0;92.0;76.0;39496.46875;-73979.59375;-54320.589844;39496.4375;-73981.1875;-54472.582031;39312.898438;-73992.125;-54320.417969;39312.867188;-73993.71875;-54472.410156;39468.664062;-73572.5625;-54324.871094;39468.632812;-73574.15625;-54476.863281;39285.09375;-73585.09375;-54324.699219;39285.0625;-73586.6875;-54476.691406;-1;-1;-1;-1;-1;-1;-1;-1;-1;-1;-1;-1;-1;-1;-1;-1;-1;-1
J0:19:18:56:546;Hatchback_Car_AI_C_7;211;39066.285156;-70537.8125;-54038.984375;-1;-1;690.137207;0.082728;-0.964489;-0.250833;39069.332031;-70571.039062;-53966.023438;204.0;92.0;76.0;39179.683594;-70778.851562;-53943.839844;39176.050781;-70740.898438;-54090.980469;38996.363281;-70794.695312;-53943.402344;38992.730469;-70756.742188;-54090.542969;39145.933594;-70385.335938;-53841.503906;39142.300781;-70347.382812;-53988.644531;38962.613281;-70401.179688;-53841.066406;38958.980469;-70363.226562;-53988.207031;-1;-1;-1;-1;-1;-1;-1;-1;-1;-1;-1;-1;-1;-1;-1;-1;-1;-1
