Time;ID;Cat;XPos;YPos;ZPos;2D_XPos;2D_YPos;Vel;XDir;YDir;ZDir;BBox_XPos;BBox_YPos;BBox_ZPos;BBox_Ext_X;BBox_Ext_Y;BBox_Ext_Z;Corner_XYZ_X;Corner_XYZ_Y;Corner_XYZ_Z;Corner_XY-Z_X;Corner_XY-Z_Y;Corner_XY-Z_Z;Corner_X-YZ_X;Corner_X-YZ_Y;Corner_X-YZ_Z;Corner_X-Y-Z_X;Corner_X-Y-Z_Y;Corner_X-Y-Z_Z;Corner_-XYZ_X;Corner_-XYZ_Y;Corner_-XYZ_Z;Corner_-XY-Z_X;Corner_-XY-Z_Y;Corner_-XY-Z_Z;Corner_-X-YZ_X;Corner_-X-YZ_Y;Corner_-X-YZ_Z;Corner_-X-Y-Z_X;Corner_-X-Y-Z_Y;Corner_-X-Y-Z_Z;BBox_2D_XPos;BBox_2D_YPos;Corner_2D_XYZ_X;Corner_2D_XYZ_Y;Corner_2D_XY-Z_X;Corner_2D_XY-Z_Y;Corner_2D_X-YZ_X;Corner_2D_X-YZ_Y;Corner_2D_X-Y-Z_X;Corner_2D_X-Y-Z_Y;Corner_2D_-XYZ_X;Corner_2D_-XYZ_Y;Corner_-2D_XY-Z_X;Corner_2D_-XY-Z_Y;Corner_2D_-X-YZ_X;Corner_2D_-X-YZ_Y;Corner_2D_-X-Y-Z_X;Corner_2D_-X-Y-Z_Y;
J0:19:21:26:145;Hatchback_Car_AI_C_7;211;38310.101562;-77438.742188;-54424.925781;1244;884;592.321228;-0.804393;0.594097;-0.000558;38298.300781;-77431.078125;-54345.9375;204.0;92.0;76.0;38079.035156;-77384.507812;-54271.039062;38080.066406;-77383.257812;-54423.03125;38188.339844;-77236.507812;-54269.070312;38189.371094;-77235.257812;-54421.0625;38407.230469;-77626.898438;-54270.8125;38408.261719;-77625.648438;-54422.804688;38516.535156;-77478.898438;-54268.84375;38517.566406;-77477.648438;-54420.835938;1250;844;1319;841;1319;932;1262;841;1262;932;1240;775;1240;846;1196;775;1196;846
J0:19:21:26:145;Hatchback_Car_AI_C_15;211;39250.007812;-72348.078125;-54406.183594;-1;-1;696.153748;0.109786;-0.986763;-0.119352;39252.175781;-72371.3125;-54329.421875;204.0;92.0;76.0;39366.621094;-72571.554688;-54277.835938;39365.402344;-72553.429688;-54428.75;39183.738281;-72591.789062;-54278.789062;39182.519531;-72573.664062;-54429.703125;39321.832031;-72168.960938;-54229.140625;39320.613281;-72150.835938;-54380.054688;39138.949219;-72189.195312;-54230.09375;39137.730469;-72171.070312;-54381.007812;-1;-1;-1;-1;-1;-1;-1;-1;-1;-1;-1;-1;-1;-1;-1;-1;-1;-1
J0:19:21:26:145;Hatchback_Car_AI_C_19;211;38981.011719;-69215.960938;-53702.824219;-1;-1;683.659363;0.020999;-0.971943;-0.234278;38981.886719;-69248.070312;-53629.304688;204.0;92.0;76.0;39078.710938;-69462.101562;-53603.421875;39077.585938;-69426.507812;-53751.1875;38894.757812;-69466.179688;-53603.007812;38893.632812;-69430.585938;-53750.773438;39070.140625;-69065.554688;-53507.835938;39069.015625;-69029.960938;-53655.601562;38886.1875;-69069.632812;-53507.421875;38885.0625;-69034.039062;-53655.1875;-1;-1;-1;-1;-1;-1;-1;-1;-1;-1;-1;-1;-1;-1;-1;-1;-1;-1
