Time;ID;Cat;XPos;YPos;ZPos;2D_XPos;2D_YPos;Vel;XDir;YDir;ZDir;BBox_XPos;BBox_YPos;BBox_ZPos;BBox_Ext_X;BBox_Ext_Y;BBox_Ext_Z;Corner_XYZ_X;Corner_XYZ_Y;Corner_XYZ_Z;Corner_XY-Z_X;Corner_XY-Z_Y;Corner_XY-Z_Z;Corner_X-YZ_X;Corner_X-YZ_Y;Corner_X-YZ_Z;Corner_X-Y-Z_X;Corner_X-Y-Z_Y;Corner_X-Y-Z_Z;Corner_-XYZ_X;Corner_-XYZ_Y;Corner_-XYZ_Z;Corner_-XY-Z_X;Corner_-XY-Z_Y;Corner_-XY-Z_Z;Corner_-X-YZ_X;Corner_-X-YZ_Y;Corner_-X-YZ_Z;Corner_-X-Y-Z_X;Corner_-X-Y-Z_Y;Corner_-X-Y-Z_Z;BBox_2D_XPos;BBox_2D_YPos;Corner_2D_XYZ_X;Corner_2D_XYZ_Y;Corner_2D_XY-Z_X;Corner_2D_XY-Z_Y;Corner_2D_X-YZ_X;Corner_2D_X-YZ_Y;Corner_2D_X-Y-Z_X;Corner_2D_X-Y-Z_Y;Corner_2D_-XYZ_X;Corner_2D_-XYZ_Y;Corner_-2D_XY-Z_X;Corner_2D_-XY-Z_Y;Corner_2D_-X-YZ_X;Corner_2D_-X-YZ_Y;Corner_2D_-X-Y-Z_X;Corner_2D_-X-Y-Z_Y;
J0:19:20:12:149;Hatchback_Car_AI_C_3;211;39349.691406;-76236.203125;-54424.945312;1547;758;383.501587;-0.061215;-0.998123;0.001726;39348.78125;-76250.039062;-54345.921875;204.0;92.0;76.0;39428.070312;-76459.15625;-54269.5;39428.171875;-76459.421875;-54421.5;39244.414062;-76447.890625;-54269.640625;39244.515625;-76448.15625;-54421.640625;39453.046875;-76051.921875;-54270.203125;39453.148438;-76052.1875;-54422.203125;39269.390625;-76040.65625;-54270.34375;39269.492188;-76040.921875;-54422.34375;1542;731;1457;701;1457;751;1595;701;1595;751;1486;710;1486;763;1632;710;1632;763
J0:19:20:12:149;Hatchback_Car_AI_C_11;211;39195.046875;-71838.273438;-54333.050781;-1;-1;677.143982;0.103514;-0.979704;-0.171651;39197.699219;-71865.5;-54257.625;204.0;92.0;76.0;39311.46875;-72068.726562;-54217.511719;39309.15625;-72042.742188;-54367.253906;39128.476562;-72087.976562;-54218.027344;39126.164062;-72061.992188;-54367.769531;39269.234375;-71669.007812;-54147.480469;39266.921875;-71643.023438;-54297.222656;39086.242188;-71688.257812;-54147.996094;39083.929688;-71662.273438;-54297.738281;-1;-1;-1;-1;-1;-1;-1;-1;-1;-1;-1;-1;-1;-1;-1;-1;-1;-1
J0:19:20:12:149;Hatchback_Car_AI_C_15;211;38993.671875;-68222.570312;-53497.863281;-1;-1;660.6297;-0.058828;-0.984543;-0.164966;38992.039062;-68249.359375;-53422.253906;204.0;92.0;76.0;39071.097656;-68468.210938;-53380.914062;39072.652344;-68443.179688;-53530.828125;38887.425781;-68457.226562;-53380.984375;38888.980469;-68432.195312;-53530.898438;39095.097656;-68066.523438;-53313.609375;39096.652344;-68041.492188;-53463.523438;38911.425781;-68055.539062;-53313.679688;38912.980469;-68030.507812;-53463.59375;-1;-1;-1;-1;-1;-1;-1;-1;-1;-1;-1;-1;-1;-1;-1;-1;-1;-1
