Time;ID;Cat;XPos;YPos;ZPos;2D_XPos;2D_YPos;Vel;XDir;YDir;ZDir;BBox_XPos;BBox_YPos;BBox_ZPos;BBox_Ext_X;BBox_Ext_Y;BBox_Ext_Z;Corner_XYZ_X;Corner_XYZ_Y;Corner_XYZ_Z;Corner_XY-Z_X;Corner_XY-Z_Y;Corner_XY-Z_Z;Corner_X-YZ_X;Corner_X-YZ_Y;Corner_X-YZ_Z;Corner_X-Y-Z_X;Corner_X-Y-Z_Y;Corner_X-Y-Z_Z;Corner_-XYZ_X;Corner_-XYZ_Y;Corner_-XYZ_Z;Corner_-XY-Z_X;Corner_-XY-Z_Y;Corner_-XY-Z_Z;Corner_-X-YZ_X;Corner_-X-YZ_Y;Corner_-X-YZ_Z;Corner_-X-Y-Z_X;Corner_-X-Y-Z_Y;Corner_-X-Y-Z_Z;BBox_2D_XPos;BBox_2D_YPos;Corner_2D_XYZ_X;Corner_2D_XYZ_Y;Corner_2D_XY-Z_X;Corner_2D_XY-Z_Y;Corner_2D_X-YZ_X;Corner_2D_X-YZ_Y;Corner_2D_X-Y-Z_X;Corner_2D_X-Y-Z_Y;Corner_2D_-XYZ_X;Corner_2D_-XYZ_Y;Corner_-2D_XY-Z_X;Corner_2D_-XY-Z_Y;Corner_2D_-X-YZ_X;Corner_2D_-X-YZ_Y;Corner_2D_-X-Y-Z_X;Corner_2D_-X-Y-Z_Y;
J0:19:19:21:345;Hatchback_Car_AI_C_7;211;39200.984375;-71904.664062;-54344.070312;-1;-1;672.046326;0.106886;-0.980746;-0.163441;39203.585938;-71931.265625;-54268.421875;204.0;92.0;76.0;39317.917969;-72133.804688;-54226.449219;39315.792969;-72109.039062;-54376.402344;39134.988281;-72153.632812;-54227.128906;39132.863281;-72128.867188;-54377.082031;39274.308594;-71733.664062;-54159.761719;39272.183594;-71708.898438;-54309.714844;39091.378906;-71753.492188;-54160.441406;39089.253906;-71728.726562;-54310.394531;-1;-1;-1;-1;-1;-1;-1;-1;-1;-1;-1;-1;-1;-1;-1;-1;-1;-1
J0:19:19:21:345;Hatchback_Car_AI_C_11;211;38977.601562;-69018.257812;-53656.449219;-1;-1;688.579285;0.009402;-0.974209;-0.225451;38978.0;-69049.703125;-53582.640625;204.0;92.0;76.0;39072.171875;-69264.664062;-53554.699219;39071.65625;-69230.398438;-53702.785156;38888.179688;-69266.492188;-53554.480469;38887.664062;-69232.226562;-53702.566406;39068.335938;-68867.179688;-53462.714844;39067.820312;-68832.914062;-53610.800781;38884.34375;-68869.007812;-53462.496094;38883.828125;-68834.742188;-53610.582031;-1;-1;-1;-1;-1;-1;-1;-1;-1;-1;-1;-1;-1;-1;-1;-1;-1;-1
