Time;ID;Cat;XPos;YPos;ZPos;2D_XPos;2D_YPos;Vel;XDir;YDir;ZDir;BBox_XPos;BBox_YPos;BBox_ZPos;BBox_Ext_X;BBox_Ext_Y;BBox_Ext_Z;Corner_XYZ_X;Corner_XYZ_Y;Corner_XYZ_Z;Corner_XY-Z_X;Corner_XY-Z_Y;Corner_XY-Z_Z;Corner_X-YZ_X;Corner_X-YZ_Y;Corner_X-YZ_Z;Corner_X-Y-Z_X;Corner_X-Y-Z_Y;Corner_X-Y-Z_Z;Corner_-XYZ_X;Corner_-XYZ_Y;Corner_-XYZ_Z;Corner_-XY-Z_X;Corner_-XY-Z_Y;Corner_-XY-Z_Z;Corner_-X-YZ_X;Corner_-X-YZ_Y;Corner_-X-YZ_Z;Corner_-X-Y-Z_X;Corner_-X-Y-Z_Y;Corner_-X-Y-Z_Z;BBox_2D_XPos;BBox_2D_YPos;Corner_2D_XYZ_X;Corner_2D_XYZ_Y;Corner_2D_XY-Z_X;Corner_2D_XY-Z_Y;Corner_2D_X-YZ_X;Corner_2D_X-YZ_Y;Corner_2D_X-Y-Z_X;Corner_2D_X-Y-Z_Y;Corner_2D_-XYZ_X;Corner_2D_-XYZ_Y;Corner_-2D_XY-Z_X;Corner_2D_-XY-Z_Y;Corner_2D_-X-YZ_X;Corner_2D_-X-YZ_Y;Corner_2D_-X-Y-Z_X;Corner_2D_-X-Y-Z_Y;
J0:19:20:02:947;Hatchback_Car_AI_C_3;211;39364.90625;-75990.1875;-54424.359375;1626;756;243.382324;-0.072631;-0.997359;0.000842;39363.980469;-76004.09375;-54345.347656;204.0;92.0;76.0;39441.007812;-76214.179688;-54269.273438;39440.835938;-76214.289062;-54421.273438;39257.492188;-76200.820312;-54269.078125;39257.320312;-76200.929688;-54421.078125;39470.640625;-75807.257812;-54269.617188;39470.46875;-75807.367188;-54421.617188;39287.125;-75793.898438;-54269.421875;39286.953125;-75794.007812;-54421.421875;1622;730;1536;700;1536;750;1673;700;1673;750;1567;709;1567;761;1713;709;1713;761
J0:19:20:02:947;Hatchback_Car_AI_C_7;211;39414.023438;-74204.148438;-54467.226562;-1;-1;650.479675;0.043373;-0.998532;0.032451;39414.671875;-74215.5625;-54387.8125;204.0;92.0;76.0;39515.472656;-74412.8125;-54305.410156;39515.394531;-74417.75;-54457.332031;39331.644531;-74420.78125;-54305.050781;39331.566406;-74425.71875;-54456.972656;39497.777344;-74005.40625;-54318.652344;39497.699219;-74010.34375;-54470.574219;39313.949219;-74013.375;-54318.292969;39313.871094;-74018.3125;-54470.214844;-1;-1;-1;-1;-1;-1;-1;-1;-1;-1;-1;-1;-1;-1;-1;-1;-1;-1
J0:19:20:02:947;Hatchback_Car_AI_C_11;211;39141.828125;-71318.921875;-54230.828125;-1;-1;686.112915;0.095312;-0.970306;-0.22231;39145.007812;-71349.96875;-54156.917969;204.0;92.0;76.0;39257.78125;-71555.695312;-54128.316406;39254.234375;-71522.085938;-54276.511719;39074.671875;-71573.742188;-54128.027344;39071.125;-71540.132812;-54276.222656;39218.890625;-71159.804688;-54037.613281;39215.34375;-71126.195312;-54185.808594;39035.78125;-71177.851562;-54037.324219;39032.234375;-71144.242188;-54185.519531;-1;-1;-1;-1;-1;-1;-1;-1;-1;-1;-1;-1;-1;-1;-1;-1;-1;-1
