Time;ID;Cat;XPos;YPos;ZPos;2D_XPos;2D_YPos;Vel;XDir;YDir;ZDir;BBox_XPos;BBox_YPos;BBox_ZPos;BBox_Ext_X;BBox_Ext_Y;BBox_Ext_Z;Corner_XYZ_X;Corner_XYZ_Y;Corner_XYZ_Z;Corner_XY-Z_X;Corner_XY-Z_Y;Corner_XY-Z_Z;Corner_X-YZ_X;Corner_X-YZ_Y;Corner_X-YZ_Z;Corner_X-Y-Z_X;Corner_X-Y-Z_Y;Corner_X-Y-Z_Z;Corner_-XYZ_X;Corner_-XYZ_Y;Corner_-XYZ_Z;Corner_-XY-Z_X;Corner_-XY-Z_Y;Corner_-XY-Z_Z;Corner_-X-YZ_X;Corner_-X-YZ_Y;Corner_-X-YZ_Z;Corner_-X-Y-Z_X;Corner_-X-Y-Z_Y;Corner_-X-Y-Z_Z;BBox_2D_XPos;BBox_2D_YPos;Corner_2D_XYZ_X;Corner_2D_XYZ_Y;Corner_2D_XY-Z_X;Corner_2D_XY-Z_Y;Corner_2D_X-YZ_X;Corner_2D_X-YZ_Y;Corner_2D_X-Y-Z_X;Corner_2D_X-Y-Z_Y;Corner_2D_-XYZ_X;Corner_2D_-XYZ_Y;Corner_-2D_XY-Z_X;Corner_2D_-XY-Z_Y;Corner_2D_-X-YZ_X;Corner_2D_-X-YZ_Y;Corner_2D_-X-Y-Z_X;Corner_2D_-X-Y-Z_Y;
J0:19:19:12:150;Hatchback_Car_AI_C_7;211;39148.605469;-71402.78125;-54249.273438;-1;-1;703.921265;0.096989;-0.97204;-0.213848;39151.726562;-71433.195312;-54175.09375;204.0;92.0;76.0;39264.75;-71638.5;-54144.574219;39261.359375;-71606.171875;-54293.058594;39081.664062;-71656.8125;-54144.378906;39078.273438;-71624.484375;-54292.863281;39225.179688;-71241.90625;-54057.324219;39221.789062;-71209.578125;-54205.808594;39042.09375;-71260.21875;-54057.128906;39038.703125;-71227.890625;-54205.613281;-1;-1;-1;-1;-1;-1;-1;-1;-1;-1;-1;-1;-1;-1;-1;-1;-1;-1
J0:19:19:12:150;Hatchback_Car_AI_C_11;211;38981.039062;-68502.046875;-53547.539062;-1;-1;675.283752;-0.032751;-0.981847;-0.186828;38980.050781;-68530.539062;-53472.546875;204.0;92.0;76.0;39064.8125;-68748.101562;-53435.957031;39065.828125;-68719.726562;-53585.277344;38880.914062;-68741.945312;-53436.042969;38881.929688;-68713.570312;-53585.363281;39078.171875;-68347.507812;-53359.730469;39079.1875;-68319.132812;-53509.050781;38894.273438;-68341.351562;-53359.816406;38895.289062;-68312.976562;-53509.136719;-1;-1;-1;-1;-1;-1;-1;-1;-1;-1;-1;-1;-1;-1;-1;-1;-1;-1
