Time;ID;Cat;XPos;YPos;ZPos;2D_XPos;2D_YPos;Vel;XDir;YDir;ZDir;BBox_XPos;BBox_YPos;BBox_ZPos;BBox_Ext_X;BBox_Ext_Y;BBox_Ext_Z;Corner_XYZ_X;Corner_XYZ_Y;Corner_XYZ_Z;Corner_XY-Z_X;Corner_XY-Z_Y;Corner_XY-Z_Z;Corner_X-YZ_X;Corner_X-YZ_Y;Corner_X-YZ_Z;Corner_X-Y-Z_X;Corner_X-Y-Z_Y;Corner_X-Y-Z_Z;Corner_-XYZ_X;Corner_-XYZ_Y;Corner_-XYZ_Z;Corner_-XY-Z_X;Corner_-XY-Z_Y;Corner_-XY-Z_Z;Corner_-X-YZ_X;Corner_-X-YZ_Y;Corner_-X-YZ_Z;Corner_-X-Y-Z_X;Corner_-X-Y-Z_Y;Corner_-X-Y-Z_Z;BBox_2D_XPos;BBox_2D_YPos;Corner_2D_XYZ_X;Corner_2D_XYZ_Y;Corner_2D_XY-Z_X;Corner_2D_XY-Z_Y;Corner_2D_X-YZ_X;Corner_2D_X-YZ_Y;Corner_2D_X-Y-Z_X;Corner_2D_X-Y-Z_Y;Corner_2D_-XYZ_X;Corner_2D_-XYZ_Y;Corner_-2D_XY-Z_X;Corner_2D_-XY-Z_Y;Corner_2D_-X-YZ_X;Corner_2D_-X-YZ_Y;Corner_2D_-X-Y-Z_X;Corner_2D_-X-Y-Z_Y;
J0:19:19:27:342;Hatchback_Car_AI_C_7;211;39237.308594;-72234.59375;-54392.070312;-1;-1;700.971741;0.109689;-0.985482;-0.129595;39239.578125;-72258.609375;-54315.550781;204.0;92.0;76.0;39354.101562;-72459.359375;-54266.164062;39352.6875;-72439.703125;-54416.882812;39171.21875;-72479.59375;-54267.09375;39169.804688;-72459.9375;-54417.8125;39309.351562;-72057.28125;-54213.289062;39307.9375;-72037.625;-54364.007812;39126.46875;-72077.515625;-54214.21875;39125.054688;-72057.859375;-54364.9375;-1;-1;-1;-1;-1;-1;-1;-1;-1;-1;-1;-1;-1;-1;-1;-1;-1;-1
J0:19:19:27:342;Hatchback_Car_AI_C_11;211;38986.496094;-69353.851562;-53736.210938;-1;-1;653.7453;0.034934;-0.97002;-0.240503;38987.75;-69386.414062;-53662.898438;204.0;92.0;76.0;39087.554688;-69599.226562;-53638.285156;39086.078125;-69562.695312;-53785.824219;38903.671875;-69605.898438;-53638.097656;38902.195312;-69569.367188;-53785.636719;39073.304688;-69203.460938;-53540.160156;39071.828125;-69166.929688;-53687.699219;38889.421875;-69210.132812;-53539.972656;38887.945312;-69173.601562;-53687.511719;-1;-1;-1;-1;-1;-1;-1;-1;-1;-1;-1;-1;-1;-1;-1;-1;-1;-1
