Time;ID;Cat;XPos;YPos;ZPos;2D_XPos;2D_YPos;Vel;XDir;YDir;ZDir;BBox_XPos;BBox_YPos;BBox_ZPos;BBox_Ext_X;BBox_Ext_Y;BBox_Ext_Z;Corner_XYZ_X;Corner_XYZ_Y;Corner_XYZ_Z;Corner_XY-Z_X;Corner_XY-Z_Y;Corner_XY-Z_Z;Corner_X-YZ_X;Corner_X-YZ_Y;Corner_X-YZ_Z;Corner_X-Y-Z_X;Corner_X-Y-Z_Y;Corner_X-Y-Z_Z;Corner_-XYZ_X;Corner_-XYZ_Y;Corner_-XYZ_Z;Corner_-XY-Z_X;Corner_-XY-Z_Y;Corner_-XY-Z_Z;Corner_-X-YZ_X;Corner_-X-YZ_Y;Corner_-X-YZ_Z;Corner_-X-Y-Z_X;Corner_-X-Y-Z_Y;Corner_-X-Y-Z_Z;BBox_2D_XPos;BBox_2D_YPos;Corner_2D_XYZ_X;Corner_2D_XYZ_Y;Corner_2D_XY-Z_X;Corner_2D_XY-Z_Y;Corner_2D_X-YZ_X;Corner_2D_X-YZ_Y;Corner_2D_X-Y-Z_X;Corner_2D_X-Y-Z_Y;Corner_2D_-XYZ_X;Corner_2D_-XYZ_Y;Corner_-2D_XY-Z_X;Corner_2D_-XY-Z_Y;Corner_2D_-X-YZ_X;Corner_2D_-X-YZ_Y;Corner_2D_-X-Y-Z_X;Corner_2D_-X-Y-Z_Y;
J0:19:19:23:750;Hatchback_Car_AI_C_7;211;39215.335938;-72035.28125;-54364.394531;-1;-1;634.336792;0.107922;-0.982451;-0.152125;39217.828125;-72061.015625;-54288.445312;204.0;92.0;76.0;39332.246094;-72262.976562;-54243.984375;39330.355469;-72239.929688;-54394.210938;39149.332031;-72282.945312;-54244.75;39147.441406;-72259.898438;-54394.976562;39288.214844;-71862.132812;-54181.914062;39286.324219;-71839.085938;-54332.140625;39105.300781;-71882.101562;-54182.679688;39103.410156;-71859.054688;-54332.90625;-1;-1;-1;-1;-1;-1;-1;-1;-1;-1;-1;-1;-1;-1;-1;-1;-1;-1
J0:19:19:23:750;Hatchback_Car_AI_C_11;211;38980.355469;-69153.882812;-53688.097656;-1;-1;701.459839;0.018441;-0.972863;-0.230646;38981.113281;-69185.71875;-53614.457031;204.0;92.0;76.0;39077.339844;-69399.914062;-53587.734375;39076.378906;-69364.867188;-53735.632812;38893.371094;-69403.492188;-53587.382812;38892.410156;-69368.445312;-53735.28125;39069.816406;-69002.992188;-53493.632812;39068.855469;-68967.945312;-53641.53125;38885.847656;-69006.570312;-53493.28125;38884.886719;-68971.523438;-53641.179688;-1;-1;-1;-1;-1;-1;-1;-1;-1;-1;-1;-1;-1;-1;-1;-1;-1;-1
