Time;ID;Cat;XPos;YPos;ZPos;2D_XPos;2D_YPos;Vel;XDir;YDir;ZDir;BBox_XPos;BBox_YPos;BBox_ZPos;BBox_Ext_X;BBox_Ext_Y;BBox_Ext_Z;Corner_XYZ_X;Corner_XYZ_Y;Corner_XYZ_Z;Corner_XY-Z_X;Corner_XY-Z_Y;Corner_XY-Z_Z;Corner_X-YZ_X;Corner_X-YZ_Y;Corner_X-YZ_Z;Corner_X-Y-Z_X;Corner_X-Y-Z_Y;Corner_X-Y-Z_Z;Corner_-XYZ_X;Corner_-XYZ_Y;Corner_-XYZ_Z;Corner_-XY-Z_X;Corner_-XY-Z_Y;Corner_-XY-Z_Z;Corner_-X-YZ_X;Corner_-X-YZ_Y;Corner_-X-YZ_Z;Corner_-X-Y-Z_X;Corner_-X-Y-Z_Y;Corner_-X-Y-Z_Z;BBox_2D_XPos;BBox_2D_YPos;Corner_2D_XYZ_X;Corner_2D_XYZ_Y;Corner_2D_XY-Z_X;Corner_2D_XY-Z_Y;Corner_2D_X-YZ_X;Corner_2D_X-YZ_Y;Corner_2D_X-Y-Z_X;Corner_2D_X-Y-Z_Y;Corner_2D_-XYZ_X;Corner_2D_-XYZ_Y;Corner_-2D_XY-Z_X;Corner_2D_-XY-Z_Y;Corner_2D_-X-YZ_X;Corner_2D_-X-YZ_Y;Corner_2D_-X-Y-Z_X;Corner_2D_-X-Y-Z_Y;
J0:19:20:38:547;Hatchback_Car_AI_C_3;211;39300.855469;-77355.242188;-54424.863281;1172;762;560.937012;-0.039589;-0.999216;0.000141;39300.304688;-77369.21875;-54345.859375;204.0;92.0;76.0;39384.160156;-77576.695312;-54269.835938;39384.152344;-77576.710938;-54421.835938;39200.300781;-77569.414062;-54269.828125;39200.292969;-77569.429688;-54421.828125;39400.316406;-77169.007812;-54269.890625;39400.308594;-77169.023438;-54421.890625;39216.457031;-77161.726562;-54269.882812;39216.449219;-77161.742188;-54421.882812;1167;734;1091;703;1091;754;1230;703;1230;754;1100;713;1100;767;1247;713;1247;767
J0:19:20:38:547;Hatchback_Car_AI_C_11;211;39351.3125;-73299.875;-54474.628906;-1;-1;689.382324;0.098073;-0.994748;-0.029291;39352.773438;-73316.117188;-54396.074219;204.0;92.0;76.0;39464.417969;-73512.25;-54325.917969;39464.253906;-73507.796875;-54477.855469;39281.308594;-73530.296875;-54326.246094;39281.144531;-73525.84375;-54478.183594;39424.402344;-73106.390625;-54313.964844;39424.238281;-73101.9375;-54465.902344;39241.292969;-73124.4375;-54314.292969;39241.128906;-73119.984375;-54466.230469;-1;-1;-1;-1;-1;-1;-1;-1;-1;-1;-1;-1;-1;-1;-1;-1;-1;-1
J0:19:20:38:547;Hatchback_Car_AI_C_15;211;39003.527344;-69706.109375;-53824.140625;-1;-1;681.102173;0.053582;-0.966997;-0.249089;39005.476562;-69739.289062;-53751.117188;204.0;92.0;76.0;39109.414062;-69950.328125;-53728.449219;39107.109375;-69912.53125;-53875.660156;38925.703125;-69960.578125;-53728.199219;38923.398438;-69922.78125;-53875.410156;39087.554688;-69555.796875;-53626.824219;39085.25;-69518.0;-53774.035156;38903.84375;-69566.046875;-53626.574219;38901.539062;-69528.25;-53773.785156;-1;-1;-1;-1;-1;-1;-1;-1;-1;-1;-1;-1;-1;-1;-1;-1;-1;-1
