Time;ID;Cat;XPos;YPos;ZPos;2D_XPos;2D_YPos;Vel;XDir;YDir;ZDir;BBox_XPos;BBox_YPos;BBox_ZPos;BBox_Ext_X;BBox_Ext_Y;BBox_Ext_Z;Corner_XYZ_X;Corner_XYZ_Y;Corner_XYZ_Z;Corner_XY-Z_X;Corner_XY-Z_Y;Corner_XY-Z_Z;Corner_X-YZ_X;Corner_X-YZ_Y;Corner_X-YZ_Z;Corner_X-Y-Z_X;Corner_X-Y-Z_Y;Corner_X-Y-Z_Z;Corner_-XYZ_X;Corner_-XYZ_Y;Corner_-XYZ_Z;Corner_-XY-Z_X;Corner_-XY-Z_Y;Corner_-XY-Z_Z;Corner_-X-YZ_X;Corner_-X-YZ_Y;Corner_-X-YZ_Z;Corner_-X-Y-Z_X;Corner_-X-Y-Z_Y;Corner_-X-Y-Z_Z;BBox_2D_XPos;BBox_2D_YPos;Corner_2D_XYZ_X;Corner_2D_XYZ_Y;Corner_2D_XY-Z_X;Corner_2D_XY-Z_Y;Corner_2D_X-YZ_X;Corner_2D_X-YZ_Y;Corner_2D_X-Y-Z_X;Corner_2D_X-Y-Z_Y;Corner_2D_-XYZ_X;Corner_2D_-XYZ_Y;Corner_-2D_XY-Z_X;Corner_2D_-XY-Z_Y;Corner_2D_-X-YZ_X;Corner_2D_-X-YZ_Y;Corner_2D_-X-Y-Z_X;Corner_2D_-X-Y-Z_Y;
J0:19:19:03:342;Hatchback_Car_AI_C_3;211;39409.121094;-74154.25;-54468.75;-1;-1;697.781372;0.042971;-0.998548;0.032481;39409.761719;-74165.65625;-54389.335938;204.0;92.0;76.0;39510.480469;-74362.9375;-54306.925781;39510.402344;-74367.875;-54458.847656;39326.652344;-74370.84375;-54306.574219;39326.574219;-74375.78125;-54458.496094;39492.949219;-73955.53125;-54320.175781;39492.871094;-73960.46875;-54472.097656;39309.121094;-73963.4375;-54319.824219;39309.042969;-73968.375;-54471.746094;-1;-1;-1;-1;-1;-1;-1;-1;-1;-1;-1;-1;-1;-1;-1;-1;-1;-1
J0:19:19:03:342;Hatchback_Car_AI_C_7;211;39100.140625;-70911.125;-54133.472656;-1;-1;692.993286;0.089704;-0.966001;-0.242475;39103.363281;-70943.703125;-54060.226562;204.0;92.0;76.0;39215.15625;-71150.53125;-54036.183594;39211.375;-71113.875;-54183.644531;39031.953125;-71167.65625;-54035.738281;39028.171875;-71131.0;-54183.199219;39178.554688;-70756.40625;-53937.253906;39174.773438;-70719.75;-54084.714844;38995.351562;-70773.53125;-53936.808594;38991.570312;-70736.875;-54084.269531;-1;-1;-1;-1;-1;-1;-1;-1;-1;-1;-1;-1;-1;-1;-1;-1;-1;-1
