Time;ID;Cat;XPos;YPos;ZPos;2D_XPos;2D_YPos;Vel;XDir;YDir;ZDir;BBox_XPos;BBox_YPos;BBox_ZPos;BBox_Ext_X;BBox_Ext_Y;BBox_Ext_Z;Corner_XYZ_X;Corner_XYZ_Y;Corner_XYZ_Z;Corner_XY-Z_X;Corner_XY-Z_Y;Corner_XY-Z_Z;Corner_X-YZ_X;Corner_X-YZ_Y;Corner_X-YZ_Z;Corner_X-Y-Z_X;Corner_X-Y-Z_Y;Corner_X-Y-Z_Z;Corner_-XYZ_X;Corner_-XYZ_Y;Corner_-XYZ_Z;Corner_-XY-Z_X;Corner_-XY-Z_Y;Corner_-XY-Z_Z;Corner_-X-YZ_X;Corner_-X-YZ_Y;Corner_-X-YZ_Z;Corner_-X-Y-Z_X;Corner_-X-Y-Z_Y;Corner_-X-Y-Z_Z;BBox_2D_XPos;BBox_2D_YPos;Corner_2D_XYZ_X;Corner_2D_XYZ_Y;Corner_2D_XY-Z_X;Corner_2D_XY-Z_Y;Corner_2D_X-YZ_X;Corner_2D_X-YZ_Y;Corner_2D_X-Y-Z_X;Corner_2D_X-Y-Z_Y;Corner_2D_-XYZ_X;Corner_2D_-XYZ_Y;Corner_-2D_XY-Z_X;Corner_2D_-XY-Z_Y;Corner_2D_-X-YZ_X;Corner_2D_-X-YZ_Y;Corner_2D_-X-Y-Z_X;Corner_2D_-X-Y-Z_Y;
J0:19:20:18:945;Hatchback_Car_AI_C_11;211;39235.101562;-72209.421875;-54388.789062;-1;-1;652.110901;0.107223;-0.985153;-0.134078;39237.386719;-72233.78125;-54312.378906;204.0;92.0;76.0;39351.480469;-72435.023438;-54263.996094;39349.972656;-72414.679688;-54414.621094;39168.550781;-72454.820312;-54264.839844;39167.042969;-72434.476562;-54415.464844;39307.730469;-72033.085938;-54209.292969;39306.222656;-72012.742188;-54359.917969;39124.800781;-72052.882812;-54210.136719;39123.292969;-72032.539062;-54360.761719;-1;-1;-1;-1;-1;-1;-1;-1;-1;-1;-1;-1;-1;-1;-1;-1;-1;-1
J0:19:20:18:945;Hatchback_Car_AI_C_15;211;38979.148438;-68602.773438;-53567.1875;-1;-1;660.355774;-0.025319;-0.98038;-0.195485;38978.402344;-68631.9375;-53492.449219;204.0;92.0;76.0;39064.832031;-68849.164062;-53457.804688;39065.582031;-68819.460938;-53606.875;38880.894531;-68844.414062;-53457.78125;38881.644531;-68814.710938;-53606.851562;39075.160156;-68449.164062;-53378.046875;39075.910156;-68419.460938;-53527.117188;38891.222656;-68444.414062;-53378.023438;38891.972656;-68414.710938;-53527.09375;-1;-1;-1;-1;-1;-1;-1;-1;-1;-1;-1;-1;-1;-1;-1;-1;-1;-1
