Time;ID;Cat;XPos;YPos;ZPos;2D_XPos;2D_YPos;Vel;XDir;YDir;ZDir;BBox_XPos;BBox_YPos;BBox_ZPos;BBox_Ext_X;BBox_Ext_Y;BBox_Ext_Z;Corner_XYZ_X;Corner_XYZ_Y;Corner_XYZ_Z;Corner_XY-Z_X;Corner_XY-Z_Y;Corner_XY-Z_Z;Corner_X-YZ_X;Corner_X-YZ_Y;Corner_X-YZ_Z;Corner_X-Y-Z_X;Corner_X-Y-Z_Y;Corner_X-Y-Z_Z;Corner_-XYZ_X;Corner_-XYZ_Y;Corner_-XYZ_Z;Corner_-XY-Z_X;Corner_-XY-Z_Y;Corner_-XY-Z_Z;Corner_-X-YZ_X;Corner_-X-YZ_Y;Corner_-X-YZ_Z;Corner_-X-Y-Z_X;Corner_-X-Y-Z_Y;Corner_-X-Y-Z_Z;BBox_2D_XPos;BBox_2D_YPos;Corner_2D_XYZ_X;Corner_2D_XYZ_Y;Corner_2D_XY-Z_X;Corner_2D_XY-Z_Y;Corner_2D_X-YZ_X;Corner_2D_X-YZ_Y;Corner_2D_X-Y-Z_X;Corner_2D_X-Y-Z_Y;Corner_2D_-XYZ_X;Corner_2D_-XYZ_Y;Corner_-2D_XY-Z_X;Corner_2D_-XY-Z_Y;Corner_2D_-X-YZ_X;Corner_2D_-X-YZ_Y;Corner_2D_-X-Y-Z_X;Corner_2D_-X-Y-Z_Y;
J0:19:21:26:545;Hatchback_Car_AI_C_7;211;38295.308594;-77424.539062;-54424.957031;1254;887;611.332642;-0.786731;0.617297;0.000345;38283.808594;-77416.554688;-54345.957031;204.0;92.0;76.0;38066.0625;-77363.632812;-54270.84375;38066.992188;-77362.367188;-54422.835938;38179.640625;-77218.882812;-54268.9375;38180.570312;-77217.617188;-54420.929688;38387.046875;-77615.492188;-54270.984375;38387.976562;-77614.226562;-54422.976562;38500.625;-77470.742188;-54269.078125;38501.554688;-77469.476562;-54421.070312;1260;846;1335;843;1335;936;1270;843;1270;936;1253;776;1253;849;1202;776;1202;849
J0:19:21:26:545;Hatchback_Car_AI_C_15;211;39252.503906;-72370.632812;-54408.742188;-1;-1;683.454956;0.11183;-0.986685;-0.118097;39254.714844;-72393.765625;-54331.949219;204.0;92.0;76.0;39369.566406;-72593.703125;-54280.097656;39368.324219;-72575.78125;-54431.035156;39186.730469;-72614.3125;-54281.042969;39185.488281;-72596.390625;-54431.980469;39323.941406;-72191.140625;-54231.917969;39322.699219;-72173.21875;-54382.855469;39141.105469;-72211.75;-54232.863281;39139.863281;-72193.828125;-54383.800781;-1;-1;-1;-1;-1;-1;-1;-1;-1;-1;-1;-1;-1;-1;-1;-1;-1;-1
J0:19:21:26:545;Hatchback_Car_AI_C_19;211;38981.664062;-69238.929688;-53708.3125;-1;-1;708.497437;0.024232;-0.971908;-0.234112;38982.585938;-69271.023438;-53634.785156;204.0;92.0;76.0;39080.058594;-69484.742188;-53608.796875;39078.933594;-69449.179688;-53756.570312;38896.121094;-69489.398438;-53608.515625;38894.996094;-69453.835938;-53756.289062;39070.175781;-69088.210938;-53513.28125;39069.050781;-69052.648438;-53661.054688;38886.238281;-69092.867188;-53513.0;38885.113281;-69057.304688;-53660.773438;-1;-1;-1;-1;-1;-1;-1;-1;-1;-1;-1;-1;-1;-1;-1;-1;-1;-1
