Time;ID;Cat;XPos;YPos;ZPos;2D_XPos;2D_YPos;Vel;XDir;YDir;ZDir;BBox_XPos;BBox_YPos;BBox_ZPos;BBox_Ext_X;BBox_Ext_Y;BBox_Ext_Z;Corner_XYZ_X;Corner_XYZ_Y;Corner_XYZ_Z;Corner_XY-Z_X;Corner_XY-Z_Y;Corner_XY-Z_Z;Corner_X-YZ_X;Corner_X-YZ_Y;Corner_X-YZ_Z;Corner_X-Y-Z_X;Corner_X-Y-Z_Y;Corner_X-Y-Z_Z;Corner_-XYZ_X;Corner_-XYZ_Y;Corner_-XYZ_Z;Corner_-XY-Z_X;Corner_-XY-Z_Y;Corner_-XY-Z_Z;Corner_-X-YZ_X;Corner_-X-YZ_Y;Corner_-X-YZ_Z;Corner_-X-Y-Z_X;Corner_-X-Y-Z_Y;Corner_-X-Y-Z_Z;BBox_2D_XPos;BBox_2D_YPos;Corner_2D_XYZ_X;Corner_2D_XYZ_Y;Corner_2D_XY-Z_X;Corner_2D_XY-Z_Y;Corner_2D_X-YZ_X;Corner_2D_X-YZ_Y;Corner_2D_X-Y-Z_X;Corner_2D_X-Y-Z_Y;Corner_2D_-XYZ_X;Corner_2D_-XYZ_Y;Corner_-2D_XY-Z_X;Corner_2D_-XY-Z_Y;Corner_2D_-X-YZ_X;Corner_2D_-X-YZ_Y;Corner_2D_-X-Y-Z_X;Corner_2D_-X-Y-Z_Y;
J0:19:21:02:946;Hatchback_Car_AI_C_7;211;39201.117188;-77306.757812;-54425.007812;1197;770;500.992462;-0.232391;-0.972621;-0.001347;39198.421875;-77320.617188;-54346.027344;204.0;92.0;76.0;39241.035156;-77540.640625;-54271.003906;39239.957031;-77540.171875;-54422.996094;39062.074219;-77497.890625;-54269.605469;39060.996094;-77497.421875;-54421.597656;39335.847656;-77143.8125;-54270.457031;39334.769531;-77143.34375;-54422.449219;39156.886719;-77101.0625;-54269.058594;39155.808594;-77100.59375;-54421.050781;1192;742;1111;712;1111;765;1266;712;1266;765;1116;718;1116;772;1276;718;1276;772
J0:19:21:02:946;Hatchback_Car_AI_C_11;211;39420.402344;-74651.132812;-54449.921875;-1;-1;631.251953;0.00929;-0.999164;0.039803;39420.605469;-74661.976562;-54370.425781;204.0;92.0;76.0;39514.566406;-74861.929688;-54286.484375;39514.425781;-74867.976562;-54438.367188;39330.574219;-74863.632812;-54286.242188;39330.433594;-74869.679688;-54438.125;39510.777344;-74454.273438;-54302.726562;39510.636719;-74460.320312;-54454.609375;39326.785156;-74455.976562;-54302.484375;39326.644531;-74462.023438;-54454.367188;-1;-1;-1;-1;-1;-1;-1;-1;-1;-1;-1;-1;-1;-1;-1;-1;-1;-1
J0:19:21:02:946;Hatchback_Car_AI_C_15;211;39114.308594;-71053.054688;-54168.296875;-1;-1;687.96991;0.092021;-0.966737;-0.238645;39117.585938;-71085.335938;-54094.921875;204.0;92.0;76.0;39229.855469;-71291.8125;-54070.03125;39226.027344;-71255.734375;-54217.640625;39046.691406;-71309.359375;-54069.570312;39042.863281;-71273.28125;-54217.179688;39192.308594;-70897.390625;-53972.664062;39188.480469;-70861.3125;-54120.273438;39009.144531;-70914.9375;-53972.203125;39005.316406;-70878.859375;-54119.8125;-1;-1;-1;-1;-1;-1;-1;-1;-1;-1;-1;-1;-1;-1;-1;-1;-1;-1
