Time;ID;Cat;XPos;YPos;ZPos;2D_XPos;2D_YPos;Vel;XDir;YDir;ZDir;BBox_XPos;BBox_YPos;BBox_ZPos;BBox_Ext_X;BBox_Ext_Y;BBox_Ext_Z;Corner_XYZ_X;Corner_XYZ_Y;Corner_XYZ_Z;Corner_XY-Z_X;Corner_XY-Z_Y;Corner_XY-Z_Z;Corner_X-YZ_X;Corner_X-YZ_Y;Corner_X-YZ_Z;Corner_X-Y-Z_X;Corner_X-Y-Z_Y;Corner_X-Y-Z_Z;Corner_-XYZ_X;Corner_-XYZ_Y;Corner_-XYZ_Z;Corner_-XY-Z_X;Corner_-XY-Z_Y;Corner_-XY-Z_Z;Corner_-X-YZ_X;Corner_-X-YZ_Y;Corner_-X-YZ_Z;Corner_-X-Y-Z_X;Corner_-X-Y-Z_Y;Corner_-X-Y-Z_Z;BBox_2D_XPos;BBox_2D_YPos;Corner_2D_XYZ_X;Corner_2D_XYZ_Y;Corner_2D_XY-Z_X;Corner_2D_XY-Z_Y;Corner_2D_X-YZ_X;Corner_2D_X-YZ_Y;Corner_2D_X-Y-Z_X;Corner_2D_X-Y-Z_Y;Corner_2D_-XYZ_X;Corner_2D_-XYZ_Y;Corner_-2D_XY-Z_X;Corner_2D_-XY-Z_Y;Corner_2D_-X-YZ_X;Corner_2D_-X-YZ_Y;Corner_2D_-X-Y-Z_X;Corner_2D_-X-Y-Z_Y;
J0:19:18:43:747;Hatchback_Car_AI_C_3;211;39331.003906;-73072.164062;-54466.117188;-1;-1;649.792725;0.103425;-0.993288;-0.05179;39332.648438;-73090.164062;-54387.949219;204.0;92.0;76.0;39445.441406;-73287.21875;-54322.351562;39445.066406;-73279.34375;-54474.148438;39262.425781;-73306.25;-54322.882812;39262.050781;-73298.375;-54474.679688;39403.246094;-72881.953125;-54301.21875;39402.871094;-72874.078125;-54453.015625;39220.230469;-72900.984375;-54301.75;39219.855469;-72893.109375;-54453.546875;-1;-1;-1;-1;-1;-1;-1;-1;-1;-1;-1;-1;-1;-1;-1;-1;-1;-1
J0:19:18:43:747;Hatchback_Car_AI_C_7;211;39012.460938;-69836.835938;-53857.539062;-1;-1;695.924438;0.058408;-0.96637;-0.250433;39014.628906;-69870.101562;-53784.5625;204.0;92.0;76.0;39119.667969;-70080.640625;-53762.25;39117.074219;-70042.65625;-53909.40625;38936.011719;-70091.828125;-53761.898438;38933.417969;-70053.84375;-53909.054688;39095.839844;-69686.359375;-53660.070312;39093.246094;-69648.375;-53807.226562;38912.183594;-69697.546875;-53659.71875;38909.589844;-69659.5625;-53806.875;-1;-1;-1;-1;-1;-1;-1;-1;-1;-1;-1;-1;-1;-1;-1;-1;-1;-1
