Time;ID;Cat;XPos;YPos;ZPos;2D_XPos;2D_YPos;Vel;XDir;YDir;ZDir;BBox_XPos;BBox_YPos;BBox_ZPos;BBox_Ext_X;BBox_Ext_Y;BBox_Ext_Z;Corner_XYZ_X;Corner_XYZ_Y;Corner_XYZ_Z;Corner_XY-Z_X;Corner_XY-Z_Y;Corner_XY-Z_Z;Corner_X-YZ_X;Corner_X-YZ_Y;Corner_X-YZ_Z;Corner_X-Y-Z_X;Corner_X-Y-Z_Y;Corner_X-Y-Z_Z;Corner_-XYZ_X;Corner_-XYZ_Y;Corner_-XYZ_Z;Corner_-XY-Z_X;Corner_-XY-Z_Y;Corner_-XY-Z_Z;Corner_-X-YZ_X;Corner_-X-YZ_Y;Corner_-X-YZ_Z;Corner_-X-Y-Z_X;Corner_-X-Y-Z_Y;Corner_-X-Y-Z_Z;BBox_2D_XPos;BBox_2D_YPos;Corner_2D_XYZ_X;Corner_2D_XYZ_Y;Corner_2D_XY-Z_X;Corner_2D_XY-Z_Y;Corner_2D_X-YZ_X;Corner_2D_X-YZ_Y;Corner_2D_X-Y-Z_X;Corner_2D_X-Y-Z_Y;Corner_2D_-XYZ_X;Corner_2D_-XYZ_Y;Corner_-2D_XY-Z_X;Corner_2D_-XY-Z_Y;Corner_2D_-X-YZ_X;Corner_2D_-X-YZ_Y;Corner_2D_-X-Y-Z_X;Corner_2D_-X-Y-Z_Y;
J0:19:20:03:740;Hatchback_Car_AI_C_3;211;39363.777344;-76007.210938;-54424.507812;1621;757;259.309906;-0.071752;-0.99742;0.002262;39362.871094;-76021.0;-54345.476562;204.0;92.0;76.0;39440.089844;-76230.914062;-54269.113281;39439.902344;-76231.242188;-54421.113281;39256.566406;-76217.710938;-54268.917969;39256.378906;-76218.039062;-54420.917969;39469.363281;-75823.960938;-54270.035156;39469.175781;-75824.289062;-54422.035156;39285.839844;-75810.757812;-54269.839844;39285.652344;-75811.085938;-54421.839844;1616;730;1530;700;1530;750;1668;700;1668;750;1562;709;1562;762;1707;709;1707;762
J0:19:20:03:740;Hatchback_Car_AI_C_7;211;39415.625;-74248.023438;-54465.71875;-1;-1;648.487427;0.039776;-0.998635;0.033844;39416.25;-74259.328125;-54386.289062;204.0;92.0;76.0;39516.355469;-74456.8125;-54303.632812;39516.222656;-74461.96875;-54455.546875;39332.503906;-74464.125;-54303.226562;39332.371094;-74469.28125;-54455.140625;39500.128906;-74049.375;-54317.4375;39499.996094;-74054.53125;-54469.351562;39316.277344;-74056.6875;-54317.03125;39316.144531;-74061.84375;-54468.945312;-1;-1;-1;-1;-1;-1;-1;-1;-1;-1;-1;-1;-1;-1;-1;-1;-1;-1
J0:19:20:03:740;Hatchback_Car_AI_C_11;211;39146.464844;-71365.023438;-54241.074219;-1;-1;705.024475;0.095635;-0.971498;-0.216899;39149.601562;-71395.664062;-54166.992188;204.0;92.0;76.0;39262.390625;-71601.203125;-54137.179688;39258.9375;-71568.421875;-54285.5625;39079.28125;-71619.28125;-54136.914062;39075.828125;-71586.5;-54285.296875;39223.375;-71204.828125;-54048.6875;39219.921875;-71172.046875;-54197.070312;39040.265625;-71222.90625;-54048.421875;39036.8125;-71190.125;-54196.804688;-1;-1;-1;-1;-1;-1;-1;-1;-1;-1;-1;-1;-1;-1;-1;-1;-1;-1
