Time;ID;Cat;XPos;YPos;ZPos;2D_XPos;2D_YPos;Vel;XDir;YDir;ZDir;BBox_XPos;BBox_YPos;BBox_ZPos;BBox_Ext_X;BBox_Ext_Y;BBox_Ext_Z;Corner_XYZ_X;Corner_XYZ_Y;Corner_XYZ_Z;Corner_XY-Z_X;Corner_XY-Z_Y;Corner_XY-Z_Z;Corner_X-YZ_X;Corner_X-YZ_Y;Corner_X-YZ_Z;Corner_X-Y-Z_X;Corner_X-Y-Z_Y;Corner_X-Y-Z_Z;Corner_-XYZ_X;Corner_-XYZ_Y;Corner_-XYZ_Z;Corner_-XY-Z_X;Corner_-XY-Z_Y;Corner_-XY-Z_Z;Corner_-X-YZ_X;Corner_-X-YZ_Y;Corner_-X-YZ_Z;Corner_-X-Y-Z_X;Corner_-X-Y-Z_Y;Corner_-X-Y-Z_Z;BBox_2D_XPos;BBox_2D_YPos;Corner_2D_XYZ_X;Corner_2D_XYZ_Y;Corner_2D_XY-Z_X;Corner_2D_XY-Z_Y;Corner_2D_X-YZ_X;Corner_2D_X-YZ_Y;Corner_2D_X-Y-Z_X;Corner_2D_X-Y-Z_Y;Corner_2D_-XYZ_X;Corner_2D_-XYZ_Y;Corner_-2D_XY-Z_X;Corner_2D_-XY-Z_Y;Corner_2D_-X-YZ_X;Corner_2D_-X-YZ_Y;Corner_2D_-X-Y-Z_X;Corner_2D_-X-Y-Z_Y;
J0:19:18:46:546;Hatchback_Car_AI_C_3;211;39345.917969;-73225.414062;-54472.460938;-1;-1;625.380127;0.09753;-0.9945;-0.038167;39347.382812;-73242.359375;-54394.054688;204.0;92.0;76.0;39458.9375;-73439.171875;-54325.667969;39458.742188;-73433.359375;-54477.558594;39275.8125;-73457.109375;-54326.121094;39275.617188;-73451.296875;-54478.011719;39419.148438;-73033.421875;-54310.097656;39418.953125;-73027.609375;-54461.988281;39236.023438;-73051.359375;-54310.550781;39235.828125;-73045.546875;-54462.441406;-1;-1;-1;-1;-1;-1;-1;-1;-1;-1;-1;-1;-1;-1;-1;-1;-1;-1
J0:19:18:46:546;Hatchback_Car_AI_C_7;211;39022.277344;-69986.398438;-53896.324219;-1;-1;658.004944;0.06485;-0.965105;-0.253707;39024.683594;-70019.898438;-53823.460938;204.0;92.0;76.0;39131.144531;-70229.796875;-53801.882812;39128.261719;-70191.34375;-53948.90625;38947.566406;-70242.21875;-53801.53125;38944.683594;-70203.765625;-53948.554688;39104.683594;-69836.03125;-53698.367188;39101.800781;-69797.578125;-53845.390625;38921.105469;-69848.453125;-53698.015625;38918.222656;-69810.0;-53845.039062;-1;-1;-1;-1;-1;-1;-1;-1;-1;-1;-1;-1;-1;-1;-1;-1;-1;-1
