Time;ID;Cat;XPos;YPos;ZPos;2D_XPos;2D_YPos;Vel;XDir;YDir;ZDir;BBox_XPos;BBox_YPos;BBox_ZPos;BBox_Ext_X;BBox_Ext_Y;BBox_Ext_Z;Corner_XYZ_X;Corner_XYZ_Y;Corner_XYZ_Z;Corner_XY-Z_X;Corner_XY-Z_Y;Corner_XY-Z_Z;Corner_X-YZ_X;Corner_X-YZ_Y;Corner_X-YZ_Z;Corner_X-Y-Z_X;Corner_X-Y-Z_Y;Corner_X-Y-Z_Z;Corner_-XYZ_X;Corner_-XYZ_Y;Corner_-XYZ_Z;Corner_-XY-Z_X;Corner_-XY-Z_Y;Corner_-XY-Z_Z;Corner_-X-YZ_X;Corner_-X-YZ_Y;Corner_-X-YZ_Z;Corner_-X-Y-Z_X;Corner_-X-Y-Z_Y;Corner_-X-Y-Z_Z;BBox_2D_XPos;BBox_2D_YPos;Corner_2D_XYZ_X;Corner_2D_XYZ_Y;Corner_2D_XY-Z_X;Corner_2D_XY-Z_Y;Corner_2D_X-YZ_X;Corner_2D_X-YZ_Y;Corner_2D_X-Y-Z_X;Corner_2D_X-Y-Z_Y;Corner_2D_-XYZ_X;Corner_2D_-XYZ_Y;Corner_-2D_XY-Z_X;Corner_2D_-XY-Z_Y;Corner_2D_-X-YZ_X;Corner_2D_-X-YZ_Y;Corner_2D_-X-Y-Z_X;Corner_2D_-X-Y-Z_Y;
J0:19:19:17:747;Hatchback_Car_AI_C_7;211;39180.335938;-71708.382812;-54310.226562;-1;-1;675.039307;0.099961;-0.977988;-0.183157;39183.085938;-71736.484375;-54235.128906;204.0;92.0;76.0;39296.300781;-71940.523438;-54197.636719;39293.707031;-71912.804688;-54347.066406;39113.246094;-71959.179688;-54197.917969;39110.652344;-71931.460938;-54347.347656;39255.519531;-71541.507812;-54122.910156;39252.925781;-71513.789062;-54272.339844;39072.464844;-71560.164062;-54123.191406;39069.871094;-71532.445312;-54272.621094;-1;-1;-1;-1;-1;-1;-1;-1;-1;-1;-1;-1;-1;-1;-1;-1;-1;-1
J0:19:19:17:747;Hatchback_Car_AI_C_11;211;38976.480469;-68813.171875;-53610.535156;-1;-1;714.861084;-0.006175;-0.977623;-0.210277;38976.328125;-68843.46875;-53536.246094;204.0;92.0;76.0;39067.003906;-69059.460938;-53504.886719;39067.136719;-69027.492188;-53653.488281;38883.003906;-69058.320312;-53504.800781;38883.136719;-69026.351562;-53653.402344;39069.519531;-68660.585938;-53419.089844;39069.652344;-68628.617188;-53567.691406;38885.519531;-68659.445312;-53419.003906;38885.652344;-68627.476562;-53567.605469;-1;-1;-1;-1;-1;-1;-1;-1;-1;-1;-1;-1;-1;-1;-1;-1;-1;-1
