Time;ID;Cat;XPos;YPos;ZPos;2D_XPos;2D_YPos;Vel;XDir;YDir;ZDir;BBox_XPos;BBox_YPos;BBox_ZPos;BBox_Ext_X;BBox_Ext_Y;BBox_Ext_Z;Corner_XYZ_X;Corner_XYZ_Y;Corner_XYZ_Z;Corner_XY-Z_X;Corner_XY-Z_Y;Corner_XY-Z_Z;Corner_X-YZ_X;Corner_X-YZ_Y;Corner_X-YZ_Z;Corner_X-Y-Z_X;Corner_X-Y-Z_Y;Corner_X-Y-Z_Z;Corner_-XYZ_X;Corner_-XYZ_Y;Corner_-XYZ_Z;Corner_-XY-Z_X;Corner_-XY-Z_Y;Corner_-XY-Z_Z;Corner_-X-YZ_X;Corner_-X-YZ_Y;Corner_-X-YZ_Z;Corner_-X-Y-Z_X;Corner_-X-Y-Z_Y;Corner_-X-Y-Z_Z;BBox_2D_XPos;BBox_2D_YPos;Corner_2D_XYZ_X;Corner_2D_XYZ_Y;Corner_2D_XY-Z_X;Corner_2D_XY-Z_Y;Corner_2D_X-YZ_X;Corner_2D_X-YZ_Y;Corner_2D_X-Y-Z_X;Corner_2D_X-Y-Z_Y;Corner_2D_-XYZ_X;Corner_2D_-XYZ_Y;Corner_-2D_XY-Z_X;Corner_2D_-XY-Z_Y;Corner_2D_-X-YZ_X;Corner_2D_-X-YZ_Y;Corner_2D_-X-Y-Z_X;Corner_2D_-X-Y-Z_Y;
J0:19:18:36:944;Hatchback_Car_AI_C_3;211;39290.632812;-72697.234375;-54441.398438;-1;-1;618.518677;0.111284;-0.989867;-0.088206;39292.5625;-72718.0625;-54363.941406;204.0;92.0;76.0;39407.050781;-72916.460938;-54305.757812;39406.332031;-72903.054688;-54457.164062;39224.199219;-72936.929688;-54306.703125;39223.480469;-72923.523438;-54458.109375;39361.644531;-72512.601562;-54269.773438;39360.925781;-72499.195312;-54421.179688;39178.792969;-72533.070312;-54270.71875;39178.074219;-72519.664062;-54422.125;-1;-1;-1;-1;-1;-1;-1;-1;-1;-1;-1;-1;-1;-1;-1;-1;-1;-1
J0:19:18:36:944;Hatchback_Car_AI_C_7;211;38992.105469;-69461.257812;-53762.523438;-1;-1;684.930847;0.037281;-0.96941;-0.242601;38993.535156;-69493.976562;-53689.28125;204.0;92.0;76.0;39093.945312;-69706.5625;-53665.238281;39092.195312;-69669.734375;-53812.699219;38910.085938;-69713.734375;-53664.847656;38908.335938;-69676.90625;-53812.308594;39078.734375;-69311.046875;-53566.253906;39076.984375;-69274.21875;-53713.714844;38894.875;-69318.21875;-53565.863281;38893.125;-69281.390625;-53713.324219;-1;-1;-1;-1;-1;-1;-1;-1;-1;-1;-1;-1;-1;-1;-1;-1;-1;-1
