Time;ID;Cat;XPos;YPos;ZPos;2D_XPos;2D_YPos;Vel;XDir;YDir;ZDir;BBox_XPos;BBox_YPos;BBox_ZPos;BBox_Ext_X;BBox_Ext_Y;BBox_Ext_Z;Corner_XYZ_X;Corner_XYZ_Y;Corner_XYZ_Z;Corner_XY-Z_X;Corner_XY-Z_Y;Corner_XY-Z_Z;Corner_X-YZ_X;Corner_X-YZ_Y;Corner_X-YZ_Z;Corner_X-Y-Z_X;Corner_X-Y-Z_Y;Corner_X-Y-Z_Z;Corner_-XYZ_X;Corner_-XYZ_Y;Corner_-XYZ_Z;Corner_-XY-Z_X;Corner_-XY-Z_Y;Corner_-XY-Z_Z;Corner_-X-YZ_X;Corner_-X-YZ_Y;Corner_-X-YZ_Z;Corner_-X-Y-Z_X;Corner_-X-Y-Z_Y;Corner_-X-Y-Z_Z;BBox_2D_XPos;BBox_2D_YPos;Corner_2D_XYZ_X;Corner_2D_XYZ_Y;Corner_2D_XY-Z_X;Corner_2D_XY-Z_Y;Corner_2D_X-YZ_X;Corner_2D_X-YZ_Y;Corner_2D_X-Y-Z_X;Corner_2D_X-Y-Z_Y;Corner_2D_-XYZ_X;Corner_2D_-XYZ_Y;Corner_-2D_XY-Z_X;Corner_2D_-XY-Z_Y;Corner_2D_-X-YZ_X;Corner_2D_-X-YZ_Y;Corner_2D_-X-Y-Z_X;Corner_2D_-X-Y-Z_Y;
J0:19:18:40:549;Hatchback_Car_AI_C_3;211;39312.371094;-72894.421875;-54455.933594;-1;-1;688.185486;0.108978;-0.991871;-0.065694;39314.125;-72913.507812;-54378.023438;204.0;92.0;76.0;39428.027344;-73110.828125;-54315.195312;39427.589844;-73100.828125;-54466.867188;39245.121094;-73130.875;-54315.984375;39244.683594;-73120.875;-54467.65625;39383.566406;-72706.140625;-54288.390625;39383.128906;-72696.140625;-54440.0625;39200.660156;-72726.1875;-54289.179688;39200.222656;-72716.1875;-54440.851562;-1;-1;-1;-1;-1;-1;-1;-1;-1;-1;-1;-1;-1;-1;-1;-1;-1;-1
J0:19:18:40:549;Hatchback_Car_AI_C_7;211;39001.757812;-69655.734375;-53811.375;-1;-1;702.832214;0.050165;-0.967872;-0.24639;39003.601562;-69688.71875;-53738.261719;204.0;92.0;76.0;39106.808594;-69900.0625;-53715.019531;39104.613281;-69862.671875;-53862.332031;38923.058594;-69909.65625;-53714.714844;38920.863281;-69872.265625;-53862.027344;39086.339844;-69505.171875;-53614.496094;39084.144531;-69467.78125;-53761.808594;38902.589844;-69514.765625;-53614.191406;38900.394531;-69477.375;-53761.503906;-1;-1;-1;-1;-1;-1;-1;-1;-1;-1;-1;-1;-1;-1;-1;-1;-1;-1
