Time;ID;Cat;XPos;YPos;ZPos;2D_XPos;2D_YPos;Vel;XDir;YDir;ZDir;BBox_XPos;BBox_YPos;BBox_ZPos;BBox_Ext_X;BBox_Ext_Y;BBox_Ext_Z;Corner_XYZ_X;Corner_XYZ_Y;Corner_XYZ_Z;Corner_XY-Z_X;Corner_XY-Z_Y;Corner_XY-Z_Z;Corner_X-YZ_X;Corner_X-YZ_Y;Corner_X-YZ_Z;Corner_X-Y-Z_X;Corner_X-Y-Z_Y;Corner_X-Y-Z_Z;Corner_-XYZ_X;Corner_-XYZ_Y;Corner_-XYZ_Z;Corner_-XY-Z_X;Corner_-XY-Z_Y;Corner_-XY-Z_Z;Corner_-X-YZ_X;Corner_-X-YZ_Y;Corner_-X-YZ_Z;Corner_-X-Y-Z_X;Corner_-X-Y-Z_Y;Corner_-X-Y-Z_Z;BBox_2D_XPos;BBox_2D_YPos;Corner_2D_XYZ_X;Corner_2D_XYZ_Y;Corner_2D_XY-Z_X;Corner_2D_XY-Z_Y;Corner_2D_X-YZ_X;Corner_2D_X-YZ_Y;Corner_2D_X-Y-Z_X;Corner_2D_X-Y-Z_Y;Corner_2D_-XYZ_X;Corner_2D_-XYZ_Y;Corner_-2D_XY-Z_X;Corner_2D_-XY-Z_Y;Corner_2D_-X-YZ_X;Corner_2D_-X-YZ_Y;Corner_2D_-X-Y-Z_X;Corner_2D_-X-Y-Z_Y;
J0:19:19:06:547;Hatchback_Car_AI_C_7;211;39116.847656;-71086.476562;-54176.519531;-1;-1;646.978333;0.093656;-0.966438;-0.239217;39120.148438;-71118.796875;-54103.164062;204.0;92.0;76.0;39232.734375;-71325.109375;-54078.363281;39228.90625;-71288.953125;-54225.949219;39049.601562;-71342.953125;-54077.980469;39045.773438;-71306.796875;-54225.566406;39194.523438;-70930.796875;-53980.761719;39190.695312;-70894.640625;-54128.347656;39011.390625;-70948.640625;-53980.378906;39007.5625;-70912.484375;-54127.964844;-1;-1;-1;-1;-1;-1;-1;-1;-1;-1;-1;-1;-1;-1;-1;-1;-1;-1
J0:19:19:06:547;Hatchback_Car_AI_C_11;211;38995.195312;-68184.492188;-53491.585938;-1;-1;649.773193;-0.061905;-0.984783;-0.162386;38993.5;-68211.078125;-53415.90625;204.0;92.0;76.0;39071.894531;-68430.0625;-53374.011719;39073.488281;-68405.4375;-53523.996094;38888.253906;-68418.515625;-53374.066406;38889.847656;-68393.890625;-53524.050781;39097.152344;-68028.265625;-53307.761719;39098.746094;-68003.640625;-53457.746094;38913.511719;-68016.71875;-53307.816406;38915.105469;-67992.09375;-53457.800781;-1;-1;-1;-1;-1;-1;-1;-1;-1;-1;-1;-1;-1;-1;-1;-1;-1;-1
