Time;ID;Cat;XPos;YPos;ZPos;2D_XPos;2D_YPos;Vel;XDir;YDir;ZDir;BBox_XPos;BBox_YPos;BBox_ZPos;BBox_Ext_X;BBox_Ext_Y;BBox_Ext_Z;Corner_XYZ_X;Corner_XYZ_Y;Corner_XYZ_Z;Corner_XY-Z_X;Corner_XY-Z_Y;Corner_XY-Z_Z;Corner_X-YZ_X;Corner_X-YZ_Y;Corner_X-YZ_Z;Corner_X-Y-Z_X;Corner_X-Y-Z_Y;Corner_X-Y-Z_Z;Corner_-XYZ_X;Corner_-XYZ_Y;Corner_-XYZ_Z;Corner_-XY-Z_X;Corner_-XY-Z_Y;Corner_-XY-Z_Z;Corner_-X-YZ_X;Corner_-X-YZ_Y;Corner_-X-YZ_Z;Corner_-X-Y-Z_X;Corner_-X-Y-Z_Y;Corner_-X-Y-Z_Z;BBox_2D_XPos;BBox_2D_YPos;Corner_2D_XYZ_X;Corner_2D_XYZ_Y;Corner_2D_XY-Z_X;Corner_2D_XY-Z_Y;Corner_2D_X-YZ_X;Corner_2D_X-YZ_Y;Corner_2D_X-Y-Z_X;Corner_2D_X-Y-Z_Y;Corner_2D_-XYZ_X;Corner_2D_-XYZ_Y;Corner_-2D_XY-Z_X;Corner_2D_-XY-Z_Y;Corner_2D_-X-YZ_X;Corner_2D_-X-YZ_Y;Corner_2D_-X-Y-Z_X;Corner_2D_-X-Y-Z_Y;
J0:19:19:48:942;Hatchback_Car_AI_C_3;211;39378.835938;-75806.46875;-54424.25;1685;755;139.702316;-0.074683;-0.997105;-0.014272;39377.746094;-75821.554688;-54345.457031;204.0;92.0;76.0;39454.210938;-76032.914062;-54272.421875;39454.296875;-76030.742188;-54424.40625;39270.726562;-76019.179688;-54272.328125;39270.8125;-76017.007812;-54424.3125;39484.679688;-75626.101562;-54266.601562;39484.765625;-75623.929688;-54418.585938;39301.195312;-75612.367188;-54266.507812;39301.28125;-75610.195312;-54418.492188;1680;729;1592;700;1592;748;1730;700;1730;748;1627;709;1627;759;1772;709;1772;759
J0:19:19:48:942;Hatchback_Car_AI_C_7;211;39363.097656;-73415.648438;-54477.164062;-1;-1;680.135498;0.0919;-0.995612;-0.017649;39364.410156;-73430.984375;-54398.421875;204.0;92.0;76.0;39474.792969;-73626.976562;-54325.917969;39474.738281;-73624.289062;-54477.894531;39291.574219;-73643.882812;-54326.152344;39291.519531;-73641.195312;-54478.128906;39437.300781;-73220.773438;-54318.714844;39437.246094;-73218.085938;-54470.691406;39254.082031;-73237.679688;-54318.949219;39254.027344;-73234.992188;-54470.925781;-1;-1;-1;-1;-1;-1;-1;-1;-1;-1;-1;-1;-1;-1;-1;-1;-1;-1
J0:19:19:48:942;Hatchback_Car_AI_C_11;211;39068.378906;-70546.515625;-54041.21875;-1;-1;694.864868;0.08506;-0.964411;-0.250353;39071.464844;-70579.703125;-53968.238281;204.0;92.0;76.0;39182.28125;-70787.25;-53945.910156;39178.632812;-70749.375;-54093.066406;38999.0;-70803.515625;-53945.550781;38995.351562;-70765.640625;-54092.707031;39147.578125;-70393.765625;-53843.769531;39143.929688;-70355.890625;-53990.925781;38964.296875;-70410.03125;-53843.410156;38960.648438;-70372.15625;-53990.566406;-1;-1;-1;-1;-1;-1;-1;-1;-1;-1;-1;-1;-1;-1;-1;-1;-1;-1
