Time;ID;Cat;XPos;YPos;ZPos;2D_XPos;2D_YPos;Vel;XDir;YDir;ZDir;BBox_XPos;BBox_YPos;BBox_ZPos;BBox_Ext_X;BBox_Ext_Y;BBox_Ext_Z;Corner_XYZ_X;Corner_XYZ_Y;Corner_XYZ_Z;Corner_XY-Z_X;Corner_XY-Z_Y;Corner_XY-Z_Z;Corner_X-YZ_X;Corner_X-YZ_Y;Corner_X-YZ_Z;Corner_X-Y-Z_X;Corner_X-Y-Z_Y;Corner_X-Y-Z_Z;Corner_-XYZ_X;Corner_-XYZ_Y;Corner_-XYZ_Z;Corner_-XY-Z_X;Corner_-XY-Z_Y;Corner_-XY-Z_Z;Corner_-X-YZ_X;Corner_-X-YZ_Y;Corner_-X-YZ_Z;Corner_-X-Y-Z_X;Corner_-X-Y-Z_Y;Corner_-X-Y-Z_Z;BBox_2D_XPos;BBox_2D_YPos;Corner_2D_XYZ_X;Corner_2D_XYZ_Y;Corner_2D_XY-Z_X;Corner_2D_XY-Z_Y;Corner_2D_X-YZ_X;Corner_2D_X-YZ_Y;Corner_2D_X-Y-Z_X;Corner_2D_X-Y-Z_Y;Corner_2D_-XYZ_X;Corner_2D_-XYZ_Y;Corner_-2D_XY-Z_X;Corner_2D_-XY-Z_Y;Corner_2D_-X-YZ_X;Corner_2D_-X-YZ_Y;Corner_2D_-X-Y-Z_X;Corner_2D_-X-Y-Z_Y;
J0:19:20:28:146;Hatchback_Car_AI_C_3;211;39318.90625;-76875.304688;-54424.808594;1334;760;545.428894;-0.044647;-0.999002;0.000718;39318.265625;-76889.234375;-54345.796875;204.0;92.0;76.0;39401.050781;-77097.085938;-54269.625;39401.082031;-77097.195312;-54421.625;39217.230469;-77088.867188;-54269.671875;39217.261719;-77088.976562;-54421.671875;39419.269531;-76689.492188;-54269.921875;39419.300781;-76689.601562;-54421.921875;39235.449219;-76681.273438;-54269.96875;39235.480469;-76681.382812;-54421.96875;1330;733;1250;702;1250;753;1388;702;1388;753;1268;712;1268;766;1414;712;1414;766
J0:19:20:28:146;Hatchback_Car_AI_C_11;211;39291.105469;-72716.359375;-54442.789062;-1;-1;690.870667;0.111095;-0.99029;-0.083573;39293.015625;-72736.828125;-54365.238281;204.0;92.0;76.0;39407.453125;-72934.976562;-54306.105469;39406.765625;-72922.273438;-54457.574219;39224.59375;-72955.414062;-54306.996094;39223.90625;-72942.710938;-54458.464844;39362.125;-72530.945312;-54272.011719;39361.4375;-72518.242188;-54423.480469;39179.265625;-72551.382812;-54272.902344;39178.578125;-72538.679688;-54424.371094;-1;-1;-1;-1;-1;-1;-1;-1;-1;-1;-1;-1;-1;-1;-1;-1;-1;-1
J0:19:20:28:146;Hatchback_Car_AI_C_15;211;38979.683594;-69126.585938;-53681.644531;-1;-1;678.546326;0.017231;-0.972915;-0.230519;38980.359375;-69158.414062;-53608.0;204.0;92.0;76.0;39076.277344;-69372.75;-53581.203125;39075.441406;-69337.71875;-53729.109375;38892.308594;-69376.0625;-53580.945312;38891.472656;-69341.03125;-53728.851562;39069.246094;-68975.796875;-53487.148438;39068.410156;-68940.765625;-53635.054688;38885.277344;-68979.109375;-53486.890625;38884.441406;-68944.078125;-53634.796875;-1;-1;-1;-1;-1;-1;-1;-1;-1;-1;-1;-1;-1;-1;-1;-1;-1;-1
