Time;ID;Cat;XPos;YPos;ZPos;2D_XPos;2D_YPos;Vel;XDir;YDir;ZDir;BBox_XPos;BBox_YPos;BBox_ZPos;BBox_Ext_X;BBox_Ext_Y;BBox_Ext_Z;Corner_XYZ_X;Corner_XYZ_Y;Corner_XYZ_Z;Corner_XY-Z_X;Corner_XY-Z_Y;Corner_XY-Z_Z;Corner_X-YZ_X;Corner_X-YZ_Y;Corner_X-YZ_Z;Corner_X-Y-Z_X;Corner_X-Y-Z_Y;Corner_X-Y-Z_Z;Corner_-XYZ_X;Corner_-XYZ_Y;Corner_-XYZ_Z;Corner_-XY-Z_X;Corner_-XY-Z_Y;Corner_-XY-Z_Z;Corner_-X-YZ_X;Corner_-X-YZ_Y;Corner_-X-YZ_Z;Corner_-X-Y-Z_X;Corner_-X-Y-Z_Y;Corner_-X-Y-Z_Z;BBox_2D_XPos;BBox_2D_YPos;Corner_2D_XYZ_X;Corner_2D_XYZ_Y;Corner_2D_XY-Z_X;Corner_2D_XY-Z_Y;Corner_2D_X-YZ_X;Corner_2D_X-YZ_Y;Corner_2D_X-Y-Z_X;Corner_2D_X-Y-Z_Y;Corner_2D_-XYZ_X;Corner_2D_-XYZ_Y;Corner_-2D_XY-Z_X;Corner_2D_-XY-Z_Y;Corner_2D_-X-YZ_X;Corner_2D_-X-YZ_Y;Corner_2D_-X-Y-Z_X;Corner_2D_-X-Y-Z_Y;
J0:19:20:07:745;Hatchback_Car_AI_C_11;211;39168.851562;-71585.460938;-54286.933594;-1;-1;704.142517;0.097458;-0.976057;-0.194462;39171.722656;-71614.414062;-54212.164062;204.0;92.0;76.0;39284.601562;-71819.109375;-54177.261719;39281.703125;-71789.6875;-54326.363281;39101.507812;-71837.375;-54177.308594;39098.609375;-71807.953125;-54326.410156;39244.835938;-71420.875;-54097.917969;39241.9375;-71391.453125;-54247.019531;39061.742188;-71439.140625;-54097.964844;39058.84375;-71409.71875;-54247.066406;-1;-1;-1;-1;-1;-1;-1;-1;-1;-1;-1;-1;-1;-1;-1;-1;-1;-1
J0:19:20:07:745;Hatchback_Car_AI_C_15;211;39009.648438;-67976.976562;-53459.171875;-1;-1;675.173401;-0.081218;-0.986137;-0.144699;39007.582031;-68002.179688;-53383.027344;204.0;92.0;76.0;39081.808594;-68221.859375;-53337.359375;39083.597656;-68199.9375;-53487.757812;38898.425781;-68206.765625;-53337.335938;38900.214844;-68184.84375;-53487.734375;39114.949219;-67819.515625;-53278.320312;39116.738281;-67797.59375;-53428.71875;38931.566406;-67804.421875;-53278.296875;38933.355469;-67782.5;-53428.695312;-1;-1;-1;-1;-1;-1;-1;-1;-1;-1;-1;-1;-1;-1;-1;-1;-1;-1
