Time;ID;Cat;XPos;YPos;ZPos;2D_XPos;2D_YPos;Vel;XDir;YDir;ZDir;BBox_XPos;BBox_YPos;BBox_ZPos;BBox_Ext_X;BBox_Ext_Y;BBox_Ext_Z;Corner_XYZ_X;Corner_XYZ_Y;Corner_XYZ_Z;Corner_XY-Z_X;Corner_XY-Z_Y;Corner_XY-Z_Z;Corner_X-YZ_X;Corner_X-YZ_Y;Corner_X-YZ_Z;Corner_X-Y-Z_X;Corner_X-Y-Z_Y;Corner_X-Y-Z_Z;Corner_-XYZ_X;Corner_-XYZ_Y;Corner_-XYZ_Z;Corner_-XY-Z_X;Corner_-XY-Z_Y;Corner_-XY-Z_Z;Corner_-X-YZ_X;Corner_-X-YZ_Y;Corner_-X-YZ_Z;Corner_-X-Y-Z_X;Corner_-X-Y-Z_Y;Corner_-X-Y-Z_Z;BBox_2D_XPos;BBox_2D_YPos;Corner_2D_XYZ_X;Corner_2D_XYZ_Y;Corner_2D_XY-Z_X;Corner_2D_XY-Z_Y;Corner_2D_X-YZ_X;Corner_2D_X-YZ_Y;Corner_2D_X-Y-Z_X;Corner_2D_X-Y-Z_Y;Corner_2D_-XYZ_X;Corner_2D_-XYZ_Y;Corner_-2D_XY-Z_X;Corner_2D_-XY-Z_Y;Corner_2D_-X-YZ_X;Corner_2D_-X-YZ_Y;Corner_2D_-X-Y-Z_X;Corner_2D_-X-Y-Z_Y;
J0:19:20:37:740;Hatchback_Car_AI_C_3;211;39302.230469;-77317.25;-54424.882812;1185;761;561.009338;-0.040115;-0.999195;0.000265;39301.664062;-77331.21875;-54345.878906;204.0;92.0;76.0;39385.398438;-77538.71875;-54269.816406;39385.414062;-77538.765625;-54421.816406;39201.546875;-77531.34375;-54269.832031;39201.5625;-77531.390625;-54421.832031;39401.765625;-77131.046875;-54269.925781;39401.78125;-77131.09375;-54421.925781;39217.914062;-77123.671875;-54269.941406;39217.929688;-77123.71875;-54421.941406;1180;734;1104;703;1104;754;1243;703;1243;754;1113;713;1113;767;1260;713;1260;767
J0:19:20:37:740;Hatchback_Car_AI_C_11;211;39346.988281;-73253.570312;-54473.257812;-1;-1;680.413818;0.099544;-0.994458;-0.033841;39348.480469;-73270.171875;-54394.777344;204.0;92.0;76.0;39460.429688;-73466.460938;-54325.527344;39460.234375;-73461.304688;-54477.441406;39277.34375;-73484.773438;-54325.917969;39277.148438;-73479.617188;-54477.832031;39419.8125;-73060.726562;-54311.722656;39419.617188;-73055.570312;-54463.636719;39236.726562;-73079.039062;-54312.113281;39236.53125;-73073.882812;-54464.027344;-1;-1;-1;-1;-1;-1;-1;-1;-1;-1;-1;-1;-1;-1;-1;-1;-1;-1
J0:19:20:37:740;Hatchback_Car_AI_C_15;211;39000.964844;-69661.9375;-53812.867188;-1;-1;700.297119;0.051362;-0.967555;-0.247384;39002.828125;-69694.992188;-53739.785156;204.0;92.0;76.0;39106.269531;-69906.234375;-53716.734375;39104.074219;-69868.703125;-53864.007812;38922.535156;-69916.046875;-53716.492188;38920.339844;-69878.515625;-53863.765625;39085.316406;-69511.46875;-53615.804688;39083.121094;-69473.9375;-53763.078125;38901.582031;-69521.28125;-53615.5625;38899.386719;-69483.75;-53762.835938;-1;-1;-1;-1;-1;-1;-1;-1;-1;-1;-1;-1;-1;-1;-1;-1;-1;-1
