Time;ID;Cat;XPos;YPos;ZPos;2D_XPos;2D_YPos;Vel;XDir;YDir;ZDir;BBox_XPos;BBox_YPos;BBox_ZPos;BBox_Ext_X;BBox_Ext_Y;BBox_Ext_Z;Corner_XYZ_X;Corner_XYZ_Y;Corner_XYZ_Z;Corner_XY-Z_X;Corner_XY-Z_Y;Corner_XY-Z_Z;Corner_X-YZ_X;Corner_X-YZ_Y;Corner_X-YZ_Z;Corner_X-Y-Z_X;Corner_X-Y-Z_Y;Corner_X-Y-Z_Z;Corner_-XYZ_X;Corner_-XYZ_Y;Corner_-XYZ_Z;Corner_-XY-Z_X;Corner_-XY-Z_Y;Corner_-XY-Z_Z;Corner_-X-YZ_X;Corner_-X-YZ_Y;Corner_-X-YZ_Z;Corner_-X-Y-Z_X;Corner_-X-Y-Z_Y;Corner_-X-Y-Z_Z;BBox_2D_XPos;BBox_2D_YPos;Corner_2D_XYZ_X;Corner_2D_XYZ_Y;Corner_2D_XY-Z_X;Corner_2D_XY-Z_Y;Corner_2D_X-YZ_X;Corner_2D_X-YZ_Y;Corner_2D_X-Y-Z_X;Corner_2D_X-Y-Z_Y;Corner_2D_-XYZ_X;Corner_2D_-XYZ_Y;Corner_-2D_XY-Z_X;Corner_2D_-XY-Z_Y;Corner_2D_-X-YZ_X;Corner_2D_-X-YZ_Y;Corner_2D_-X-Y-Z_X;Corner_2D_-X-Y-Z_Y;
J0:19:18:42:948;Hatchback_Car_AI_C_3;211;39326.582031;-73028.46875;-54463.871094;-1;-1;642.07196;0.104876;-0.992894;-0.056226;39328.246094;-73046.8125;-54385.785156;204.0;92.0;76.0;39441.320312;-73243.984375;-54321.058594;39440.945312;-73235.4375;-54472.816406;39258.335938;-73263.28125;-54321.691406;39257.960938;-73254.734375;-54473.449219;39398.53125;-72838.890625;-54298.121094;39398.15625;-72830.34375;-54449.878906;39215.546875;-72858.1875;-54298.753906;39215.171875;-72849.640625;-54450.511719;-1;-1;-1;-1;-1;-1;-1;-1;-1;-1;-1;-1;-1;-1;-1;-1;-1;-1
J0:19:18:42:948;Hatchback_Car_AI_C_7;211;39009.722656;-69791.734375;-53845.921875;-1;-1;715.683411;0.055819;-0.966935;-0.24884;39011.804688;-69824.890625;-53772.890625;204.0;92.0;76.0;39116.289062;-70035.664062;-53750.234375;39113.78125;-69997.929688;-53897.453125;38932.601562;-70046.367188;-53749.851562;38930.09375;-70008.632812;-53897.070312;39093.515625;-69641.148438;-53648.710938;39091.007812;-69603.414062;-53795.929688;38909.828125;-69651.851562;-53648.328125;38907.320312;-69614.117188;-53795.546875;-1;-1;-1;-1;-1;-1;-1;-1;-1;-1;-1;-1;-1;-1;-1;-1;-1;-1
