Time;ID;Cat;XPos;YPos;ZPos;2D_XPos;2D_YPos;Vel;XDir;YDir;ZDir;BBox_XPos;BBox_YPos;BBox_ZPos;BBox_Ext_X;BBox_Ext_Y;BBox_Ext_Z;Corner_XYZ_X;Corner_XYZ_Y;Corner_XYZ_Z;Corner_XY-Z_X;Corner_XY-Z_Y;Corner_XY-Z_Z;Corner_X-YZ_X;Corner_X-YZ_Y;Corner_X-YZ_Z;Corner_X-Y-Z_X;Corner_X-Y-Z_Y;Corner_X-Y-Z_Z;Corner_-XYZ_X;Corner_-XYZ_Y;Corner_-XYZ_Z;Corner_-XY-Z_X;Corner_-XY-Z_Y;Corner_-XY-Z_Z;Corner_-X-YZ_X;Corner_-X-YZ_Y;Corner_-X-YZ_Z;Corner_-X-Y-Z_X;Corner_-X-Y-Z_Y;Corner_-X-Y-Z_Z;BBox_2D_XPos;BBox_2D_YPos;Corner_2D_XYZ_X;Corner_2D_XYZ_Y;Corner_2D_XY-Z_X;Corner_2D_XY-Z_Y;Corner_2D_X-YZ_X;Corner_2D_X-YZ_Y;Corner_2D_X-Y-Z_X;Corner_2D_X-Y-Z_Y;Corner_2D_-XYZ_X;Corner_2D_-XYZ_Y;Corner_-2D_XY-Z_X;Corner_2D_-XY-Z_Y;Corner_2D_-X-YZ_X;Corner_2D_-X-YZ_Y;Corner_2D_-X-Y-Z_X;Corner_2D_-X-Y-Z_Y;
J0:19:21:00:947;Hatchback_Car_AI_C_3;211;39261.796875;-78645.921875;-54424.839844;724;765;789.643738;-0.024823;-0.999692;0.000061;39261.441406;-78659.914062;-54345.839844;204.0;92.0;76.0;39348.34375;-78866.125;-54269.816406;39348.359375;-78866.140625;-54421.816406;39164.398438;-78861.5625;-54269.839844;39164.414062;-78861.578125;-54421.839844;39358.46875;-78458.25;-54269.839844;39358.484375;-78458.265625;-54421.839844;39174.523438;-78453.6875;-54269.863281;39174.539062;-78453.703125;-54421.863281;719;737;656;705;656;757;796;705;796;757;637;716;637;771;785;716;785;771
J0:19:21:00:947;Hatchback_Car_AI_C_7;211;39224.59375;-77224.632812;-54425.011719;1224;768;528.574219;-0.161634;-0.986851;-0.000372;39222.535156;-77238.515625;-54346.015625;204.0;92.0;76.0;39280.550781;-77454.765625;-54270.339844;39280.152344;-77454.640625;-54422.339844;39098.972656;-77425.03125;-54269.839844;39098.574219;-77424.90625;-54421.839844;39346.496094;-77052.125;-54270.191406;39346.097656;-77052.0;-54422.191406;39164.917969;-77022.390625;-54269.691406;39164.519531;-77022.265625;-54421.691406;1219;740;1139;710;1139;762;1289;710;1289;762;1146;717;1146;772;1303;717;1303;772
J0:19:21:00:947;Hatchback_Car_AI_C_15;211;39103.335938;-70939.757812;-54140.570312;-1;-1;701.191406;0.092789;-0.966017;-0.241251;39106.613281;-70972.242188;-54067.28125;204.0;92.0;76.0;39219.019531;-71178.703125;-54042.917969;39215.214844;-71142.234375;-54190.425781;39035.871094;-71196.390625;-54042.566406;39032.066406;-71159.921875;-54190.074219;39181.160156;-70784.5625;-53944.488281;39177.355469;-70748.09375;-54091.996094;38998.011719;-70802.25;-53944.136719;38994.207031;-70765.78125;-54091.644531;-1;-1;-1;-1;-1;-1;-1;-1;-1;-1;-1;-1;-1;-1;-1;-1;-1;-1
