Time;ID;Cat;XPos;YPos;ZPos;2D_XPos;2D_YPos;Vel;XDir;YDir;ZDir;BBox_XPos;BBox_YPos;BBox_ZPos;BBox_Ext_X;BBox_Ext_Y;BBox_Ext_Z;Corner_XYZ_X;Corner_XYZ_Y;Corner_XYZ_Z;Corner_XY-Z_X;Corner_XY-Z_Y;Corner_XY-Z_Z;Corner_X-YZ_X;Corner_X-YZ_Y;Corner_X-YZ_Z;Corner_X-Y-Z_X;Corner_X-Y-Z_Y;Corner_X-Y-Z_Z;Corner_-XYZ_X;Corner_-XYZ_Y;Corner_-XYZ_Z;Corner_-XY-Z_X;Corner_-XY-Z_Y;Corner_-XY-Z_Z;Corner_-X-YZ_X;Corner_-X-YZ_Y;Corner_-X-YZ_Z;Corner_-X-Y-Z_X;Corner_-X-Y-Z_Y;Corner_-X-Y-Z_Z;BBox_2D_XPos;BBox_2D_YPos;Corner_2D_XYZ_X;Corner_2D_XYZ_Y;Corner_2D_XY-Z_X;Corner_2D_XY-Z_Y;Corner_2D_X-YZ_X;Corner_2D_X-YZ_Y;Corner_2D_X-Y-Z_X;Corner_2D_X-Y-Z_Y;Corner_2D_-XYZ_X;Corner_2D_-XYZ_Y;Corner_-2D_XY-Z_X;Corner_2D_-XY-Z_Y;Corner_2D_-X-YZ_X;Corner_2D_-X-YZ_Y;Corner_2D_-X-Y-Z_X;Corner_2D_-X-Y-Z_Y;
J0:19:21:23:340;Hatchback_Car_AI_C_7;211;38420.203125;-77523.945312;-54424.988281;1185;864;591.879456;-0.912117;0.409931;-0.000062;38407.078125;-77518.992188;-54345.992188;204.0;92.0;76.0;38182.953125;-77520.023438;-54271.007812;38183.640625;-77518.523438;-54423.0;38258.375;-77352.210938;-54269.007812;38259.0625;-77350.710938;-54421.0;38555.09375;-77687.273438;-54270.984375;38555.78125;-77685.773438;-54422.976562;38630.515625;-77519.460938;-54268.984375;38631.203125;-77517.960938;-54420.976562;1189;826;1219;822;1219;908;1220;822;1220;908;1164;762;1164;830;1165;762;1165;830
J0:19:21:23:340;Hatchback_Car_AI_C_15;211;39232.539062;-72192.539062;-54386.59375;-1;-1;681.943359;0.110339;-0.984609;-0.135536;39234.882812;-72217.007812;-54310.222656;204.0;92.0;76.0;39349.59375;-72417.960938;-54262.117188;39348.054688;-72397.398438;-54412.710938;39166.726562;-72438.335938;-54263.03125;39165.1875;-72417.773438;-54413.625;39304.578125;-72016.242188;-54206.820312;39303.039062;-71995.679688;-54357.414062;39121.710938;-72036.617188;-54207.734375;39120.171875;-72016.054688;-54358.328125;-1;-1;-1;-1;-1;-1;-1;-1;-1;-1;-1;-1;-1;-1;-1;-1;-1;-1
J0:19:21:23:340;Hatchback_Car_AI_C_19;211;38978.0;-69059.484375;-53665.761719;-1;-1;723.518555;0.009415;-0.974278;-0.225154;38978.464844;-69090.90625;-53591.941406;204.0;92.0;76.0;39072.703125;-69305.835938;-53564.007812;39072.0625;-69271.617188;-53712.101562;38888.710938;-69307.695312;-53563.640625;38888.070312;-69273.476562;-53711.734375;39068.859375;-68908.335938;-53472.148438;39068.21875;-68874.117188;-53620.242188;38884.867188;-68910.195312;-53471.78125;38884.226562;-68875.976562;-53619.875;-1;-1;-1;-1;-1;-1;-1;-1;-1;-1;-1;-1;-1;-1;-1;-1;-1;-1
