Time;ID;Cat;XPos;YPos;ZPos;2D_XPos;2D_YPos;Vel;XDir;YDir;ZDir;BBox_XPos;BBox_YPos;BBox_ZPos;BBox_Ext_X;BBox_Ext_Y;BBox_Ext_Z;Corner_XYZ_X;Corner_XYZ_Y;Corner_XYZ_Z;Corner_XY-Z_X;Corner_XY-Z_Y;Corner_XY-Z_Z;Corner_X-YZ_X;Corner_X-YZ_Y;Corner_X-YZ_Z;Corner_X-Y-Z_X;Corner_X-Y-Z_Y;Corner_X-Y-Z_Z;Corner_-XYZ_X;Corner_-XYZ_Y;Corner_-XYZ_Z;Corner_-XY-Z_X;Corner_-XY-Z_Y;Corner_-XY-Z_Z;Corner_-X-YZ_X;Corner_-X-YZ_Y;Corner_-X-YZ_Z;Corner_-X-Y-Z_X;Corner_-X-Y-Z_Y;Corner_-X-Y-Z_Z;BBox_2D_XPos;BBox_2D_YPos;Corner_2D_XYZ_X;Corner_2D_XYZ_Y;Corner_2D_XY-Z_X;Corner_2D_XY-Z_Y;Corner_2D_X-YZ_X;Corner_2D_X-YZ_Y;Corner_2D_X-Y-Z_X;Corner_2D_X-Y-Z_Y;Corner_2D_-XYZ_X;Corner_2D_-XYZ_Y;Corner_-2D_XY-Z_X;Corner_2D_-XY-Z_Y;Corner_2D_-X-YZ_X;Corner_2D_-X-YZ_Y;Corner_2D_-X-Y-Z_X;Corner_2D_-X-Y-Z_Y;
J0:19:18:21:340;Hatchback_Car_AI_C_3;211;39196.132812;-71843.773438;-54334.003906;-1;-1;651.097534;0.10542;-0.979548;-0.171383;39198.808594;-71870.976562;-54258.574219;204.0;92.0;76.0;39312.941406;-72073.984375;-54218.371094;39310.636719;-72048.03125;-54368.121094;39129.988281;-72093.578125;-54218.949219;39127.683594;-72067.625;-54368.699219;39269.933594;-71674.328125;-54148.449219;39267.628906;-71648.375;-54298.199219;39086.980469;-71693.921875;-54149.027344;39084.675781;-71667.96875;-54298.777344;-1;-1;-1;-1;-1;-1;-1;-1;-1;-1;-1;-1;-1;-1;-1;-1;-1;-1
J0:19:18:21:340;Hatchback_Car_AI_C_7;211;38981.230469;-68590.460938;-53564.652344;-1;-1;671.400879;-0.026095;-0.980695;-0.193793;38980.445312;-68619.492188;-53489.863281;204.0;92.0;76.0;39066.683594;-68836.734375;-53454.824219;39067.496094;-68807.28125;-53603.941406;38882.746094;-68831.828125;-53454.855469;38883.558594;-68802.375;-53603.972656;39077.332031;-68436.609375;-53375.753906;39078.144531;-68407.15625;-53524.871094;38893.394531;-68431.703125;-53375.785156;38894.207031;-68402.25;-53524.902344;-1;-1;-1;-1;-1;-1;-1;-1;-1;-1;-1;-1;-1;-1;-1;-1;-1;-1
