Time;ID;Cat;XPos;YPos;ZPos;2D_XPos;2D_YPos;Vel;XDir;YDir;ZDir;BBox_XPos;BBox_YPos;BBox_ZPos;BBox_Ext_X;BBox_Ext_Y;BBox_Ext_Z;Corner_XYZ_X;Corner_XYZ_Y;Corner_XYZ_Z;Corner_XY-Z_X;Corner_XY-Z_Y;Corner_XY-Z_Z;Corner_X-YZ_X;Corner_X-YZ_Y;Corner_X-YZ_Z;Corner_X-Y-Z_X;Corner_X-Y-Z_Y;Corner_X-Y-Z_Z;Corner_-XYZ_X;Corner_-XYZ_Y;Corner_-XYZ_Z;Corner_-XY-Z_X;Corner_-XY-Z_Y;Corner_-XY-Z_Z;Corner_-X-YZ_X;Corner_-X-YZ_Y;Corner_-X-YZ_Z;Corner_-X-Y-Z_X;Corner_-X-Y-Z_Y;Corner_-X-Y-Z_Z;BBox_2D_XPos;BBox_2D_YPos;Corner_2D_XYZ_X;Corner_2D_XYZ_Y;Corner_2D_XY-Z_X;Corner_2D_XY-Z_Y;Corner_2D_X-YZ_X;Corner_2D_X-YZ_Y;Corner_2D_X-Y-Z_X;Corner_2D_X-Y-Z_Y;Corner_2D_-XYZ_X;Corner_2D_-XYZ_Y;Corner_-2D_XY-Z_X;Corner_2D_-XY-Z_Y;Corner_2D_-X-YZ_X;Corner_2D_-X-YZ_Y;Corner_2D_-X-Y-Z_X;Corner_2D_-X-Y-Z_Y;
J0:19:19:04:948;Hatchback_Car_AI_C_3;211;39412.292969;-74244.390625;-54465.851562;-1;-1;684.319641;0.036306;-0.998725;0.035071;39412.855469;-74255.601562;-54386.410156;204.0;92.0;76.0;39512.253906;-74453.335938;-54303.480469;39512.144531;-74458.679688;-54455.386719;39328.378906;-74460.007812;-54303.121094;39328.269531;-74465.351562;-54455.027344;39497.441406;-74045.851562;-54317.792969;39497.332031;-74051.195312;-54469.699219;39313.566406;-74052.523438;-54317.433594;39313.457031;-74057.867188;-54469.339844;-1;-1;-1;-1;-1;-1;-1;-1;-1;-1;-1;-1;-1;-1;-1;-1;-1;-1
J0:19:19:04:948;Hatchback_Car_AI_C_7;211;39108.636719;-71000.875;-54155.546875;-1;-1;691.267029;0.091681;-0.966403;-0.240123;39111.910156;-71033.273438;-54082.21875;204.0;92.0;76.0;39224.109375;-71239.828125;-54057.648438;39220.28125;-71203.53125;-54205.203125;39040.945312;-71257.3125;-54057.203125;39037.117188;-71221.015625;-54204.757812;39186.703125;-70845.53125;-53959.679688;39182.875;-70809.234375;-54107.234375;39003.539062;-70863.015625;-53959.234375;38999.710938;-70826.71875;-54106.789062;-1;-1;-1;-1;-1;-1;-1;-1;-1;-1;-1;-1;-1;-1;-1;-1;-1;-1
