Time;ID;Cat;XPos;YPos;ZPos;2D_XPos;2D_YPos;Vel;XDir;YDir;ZDir;BBox_XPos;BBox_YPos;BBox_ZPos;BBox_Ext_X;BBox_Ext_Y;BBox_Ext_Z;Corner_XYZ_X;Corner_XYZ_Y;Corner_XYZ_Z;Corner_XY-Z_X;Corner_XY-Z_Y;Corner_XY-Z_Z;Corner_X-YZ_X;Corner_X-YZ_Y;Corner_X-YZ_Z;Corner_X-Y-Z_X;Corner_X-Y-Z_Y;Corner_X-Y-Z_Z;Corner_-XYZ_X;Corner_-XYZ_Y;Corner_-XYZ_Z;Corner_-XY-Z_X;Corner_-XY-Z_Y;Corner_-XY-Z_Z;Corner_-X-YZ_X;Corner_-X-YZ_Y;Corner_-X-YZ_Z;Corner_-X-Y-Z_X;Corner_-X-Y-Z_Y;Corner_-X-Y-Z_Z;BBox_2D_XPos;BBox_2D_YPos;Corner_2D_XYZ_X;Corner_2D_XYZ_Y;Corner_2D_XY-Z_X;Corner_2D_XY-Z_Y;Corner_2D_X-YZ_X;Corner_2D_X-YZ_Y;Corner_2D_X-Y-Z_X;Corner_2D_X-Y-Z_Y;Corner_2D_-XYZ_X;Corner_2D_-XYZ_Y;Corner_-2D_XY-Z_X;Corner_2D_-XY-Z_Y;Corner_2D_-X-YZ_X;Corner_2D_-X-YZ_Y;Corner_2D_-X-Y-Z_X;Corner_2D_-X-Y-Z_Y;
J0:19:20:15:340;Hatchback_Car_AI_C_7;211;39423.773438;-74889.8125;-54440.125;-1;-1;669.63501;-0.004827;-0.999199;0.039735;39423.792969;-74900.664062;-54360.632812;204.0;92.0;76.0;39514.890625;-75101.929688;-54276.667969;39514.726562;-75107.960938;-54428.550781;39330.890625;-75101.039062;-54276.503906;39330.726562;-75107.070312;-54428.386719;39516.859375;-74694.257812;-54292.878906;39516.695312;-74700.289062;-54444.761719;39332.859375;-74693.367188;-54292.714844;39332.695312;-74699.398438;-54444.597656;-1;-1;1877;698;1877;752;-1;-1;-1;-1;-1;-1;-1;-1;-1;-1;-1;-1
J0:19:20:15:340;Hatchback_Car_AI_C_11;211;39214.128906;-72016.171875;-54361.605469;-1;-1;652.644592;0.105768;-0.98234;-0.15434;39216.601562;-72042.078125;-54285.714844;204.0;92.0;76.0;39330.609375;-72244.382812;-54241.746094;39328.703125;-72220.992188;-54391.925781;39147.65625;-72263.960938;-54242.472656;39145.75;-72240.570312;-54392.652344;39287.453125;-71843.585938;-54178.777344;39285.546875;-71820.195312;-54328.957031;39104.5;-71863.164062;-54179.503906;39102.59375;-71839.773438;-54329.683594;-1;-1;-1;-1;-1;-1;-1;-1;-1;-1;-1;-1;-1;-1;-1;-1;-1;-1
J0:19:20:15:340;Hatchback_Car_AI_C_15;211;38985.082031;-68404.515625;-53529.375;-1;-1;717.829529;-0.042586;-0.983345;-0.176687;38983.855469;-68432.226562;-53454.089844;204.0;92.0;76.0;39066.472656;-68650.226562;-53415.296875;39067.691406;-68623.398438;-53564.90625;38882.644531;-68642.257812;-53415.359375;38883.863281;-68615.429688;-53564.96875;39083.847656;-68249.023438;-53343.210938;39085.066406;-68222.195312;-53492.820312;38900.019531;-68241.054688;-53343.273438;38901.238281;-68214.226562;-53492.882812;-1;-1;-1;-1;-1;-1;-1;-1;-1;-1;-1;-1;-1;-1;-1;-1;-1;-1
