Time;ID;Cat;XPos;YPos;ZPos;2D_XPos;2D_YPos;Vel;XDir;YDir;ZDir;BBox_XPos;BBox_YPos;BBox_ZPos;BBox_Ext_X;BBox_Ext_Y;BBox_Ext_Z;Corner_XYZ_X;Corner_XYZ_Y;Corner_XYZ_Z;Corner_XY-Z_X;Corner_XY-Z_Y;Corner_XY-Z_Z;Corner_X-YZ_X;Corner_X-YZ_Y;Corner_X-YZ_Z;Corner_X-Y-Z_X;Corner_X-Y-Z_Y;Corner_X-Y-Z_Z;Corner_-XYZ_X;Corner_-XYZ_Y;Corner_-XYZ_Z;Corner_-XY-Z_X;Corner_-XY-Z_Y;Corner_-XY-Z_Z;Corner_-X-YZ_X;Corner_-X-YZ_Y;Corner_-X-YZ_Z;Corner_-X-Y-Z_X;Corner_-X-Y-Z_Y;Corner_-X-Y-Z_Z;BBox_2D_XPos;BBox_2D_YPos;Corner_2D_XYZ_X;Corner_2D_XYZ_Y;Corner_2D_XY-Z_X;Corner_2D_XY-Z_Y;Corner_2D_X-YZ_X;Corner_2D_X-YZ_Y;Corner_2D_X-Y-Z_X;Corner_2D_X-Y-Z_Y;Corner_2D_-XYZ_X;Corner_2D_-XYZ_Y;Corner_-2D_XY-Z_X;Corner_2D_-XY-Z_Y;Corner_2D_-X-YZ_X;Corner_2D_-X-YZ_Y;Corner_2D_-X-Y-Z_X;Corner_2D_-X-Y-Z_Y;
J0:19:19:07:746;Hatchback_Car_AI_C_7;211;39123.28125;-71151.6875;-54192.210938;-1;-1;684.77063;0.096609;-0.967223;-0.234833;39126.59375;-71183.679688;-54118.707031;204.0;92.0;76.0;39239.730469;-71389.570312;-54092.871094;39235.957031;-71354.070312;-54240.621094;39056.644531;-71407.914062;-54092.605469;39052.871094;-71372.414062;-54240.355469;39200.316406;-70994.945312;-53997.058594;39196.542969;-70959.445312;-54144.808594;39017.230469;-71013.289062;-53996.792969;39013.457031;-70977.789062;-54144.542969;-1;-1;-1;-1;-1;-1;-1;-1;-1;-1;-1;-1;-1;-1;-1;-1;-1;-1
J0:19:19:07:746;Hatchback_Car_AI_C_11;211;38991.5625;-68250.679688;-53502.59375;-1;-1;686.194153;-0.057898;-0.984423;-0.166006;38989.992188;-68277.554688;-53427.015625;204.0;92.0;76.0;39069.289062;-68496.367188;-53385.949219;39070.75;-68471.179688;-53535.839844;38885.609375;-68485.570312;-53385.925781;38887.070312;-68460.382812;-53535.816406;39092.914062;-68094.726562;-53318.214844;39094.375;-68069.539062;-53468.105469;38909.234375;-68083.929688;-53318.191406;38910.695312;-68058.742188;-53468.082031;-1;-1;-1;-1;-1;-1;-1;-1;-1;-1;-1;-1;-1;-1;-1;-1;-1;-1
