Time;ID;Cat;XPos;YPos;ZPos;2D_XPos;2D_YPos;Vel;XDir;YDir;ZDir;BBox_XPos;BBox_YPos;BBox_ZPos;BBox_Ext_X;BBox_Ext_Y;BBox_Ext_Z;Corner_XYZ_X;Corner_XYZ_Y;Corner_XYZ_Z;Corner_XY-Z_X;Corner_XY-Z_Y;Corner_XY-Z_Z;Corner_X-YZ_X;Corner_X-YZ_Y;Corner_X-YZ_Z;Corner_X-Y-Z_X;Corner_X-Y-Z_Y;Corner_X-Y-Z_Z;Corner_-XYZ_X;Corner_-XYZ_Y;Corner_-XYZ_Z;Corner_-XY-Z_X;Corner_-XY-Z_Y;Corner_-XY-Z_Z;Corner_-X-YZ_X;Corner_-X-YZ_Y;Corner_-X-YZ_Z;Corner_-X-Y-Z_X;Corner_-X-Y-Z_Y;Corner_-X-Y-Z_Z;BBox_2D_XPos;BBox_2D_YPos;Corner_2D_XYZ_X;Corner_2D_XYZ_Y;Corner_2D_XY-Z_X;Corner_2D_XY-Z_Y;Corner_2D_X-YZ_X;Corner_2D_X-YZ_Y;Corner_2D_X-Y-Z_X;Corner_2D_X-Y-Z_Y;Corner_2D_-XYZ_X;Corner_2D_-XYZ_Y;Corner_-2D_XY-Z_X;Corner_2D_-XY-Z_Y;Corner_2D_-X-YZ_X;Corner_2D_-X-YZ_Y;Corner_2D_-X-Y-Z_X;Corner_2D_-X-Y-Z_Y;
J0:19:18:54:947;Hatchback_Car_AI_C_3;211;39384.273438;-73684.757812;-54478.691406;-1;-1;614.417175;0.072822;-0.997342;0.002476;39385.34375;-73698.523438;-54399.65625;204.0;92.0;76.0;39492.003906;-73895.085938;-54323.230469;39491.902344;-73895.476562;-54475.230469;39308.496094;-73908.492188;-54323.074219;39308.394531;-73908.882812;-54475.074219;39462.292969;-73488.164062;-54324.238281;39462.191406;-73488.554688;-54476.238281;39278.785156;-73501.570312;-54324.082031;39278.683594;-73501.960938;-54476.082031;-1;-1;-1;-1;-1;-1;-1;-1;-1;-1;-1;-1;-1;-1;-1;-1;-1;-1
J0:19:18:54:947;Hatchback_Car_AI_C_7;211;39058.734375;-70449.1875;-54016.125;-1;-1;695.689331;0.080333;-0.964505;-0.25155;39061.707031;-70482.476562;-53943.1875;204.0;92.0;76.0;39171.546875;-70690.578125;-53921.171875;39167.992188;-70652.5;-54068.28125;38988.195312;-70705.96875;-53920.726562;38984.640625;-70667.890625;-54067.835938;39138.773438;-70297.0625;-53818.539062;39135.21875;-70258.984375;-53965.648438;38955.421875;-70312.453125;-53818.09375;38951.867188;-70274.375;-53965.203125;-1;-1;-1;-1;-1;-1;-1;-1;-1;-1;-1;-1;-1;-1;-1;-1;-1;-1
