Time;ID;Cat;XPos;YPos;ZPos;2D_XPos;2D_YPos;Vel;XDir;YDir;ZDir;BBox_XPos;BBox_YPos;BBox_ZPos;BBox_Ext_X;BBox_Ext_Y;BBox_Ext_Z;Corner_XYZ_X;Corner_XYZ_Y;Corner_XYZ_Z;Corner_XY-Z_X;Corner_XY-Z_Y;Corner_XY-Z_Z;Corner_X-YZ_X;Corner_X-YZ_Y;Corner_X-YZ_Z;Corner_X-Y-Z_X;Corner_X-Y-Z_Y;Corner_X-Y-Z_Z;Corner_-XYZ_X;Corner_-XYZ_Y;Corner_-XYZ_Z;Corner_-XY-Z_X;Corner_-XY-Z_Y;Corner_-XY-Z_Z;Corner_-X-YZ_X;Corner_-X-YZ_Y;Corner_-X-YZ_Z;Corner_-X-Y-Z_X;Corner_-X-Y-Z_Y;Corner_-X-Y-Z_Z;BBox_2D_XPos;BBox_2D_YPos;Corner_2D_XYZ_X;Corner_2D_XYZ_Y;Corner_2D_XY-Z_X;Corner_2D_XY-Z_Y;Corner_2D_X-YZ_X;Corner_2D_X-YZ_Y;Corner_2D_X-Y-Z_X;Corner_2D_X-Y-Z_Y;Corner_2D_-XYZ_X;Corner_2D_-XYZ_Y;Corner_-2D_XY-Z_X;Corner_2D_-XY-Z_Y;Corner_2D_-X-YZ_X;Corner_2D_-X-YZ_Y;Corner_2D_-X-Y-Z_X;Corner_2D_-X-Y-Z_Y;
J0:19:19:46:151;Hatchback_Car_AI_C_3;211;39381.984375;-75770.671875;-54423.796875;1696;755;174.694473;-0.069925;-0.997494;-0.010811;39380.972656;-75785.492188;-54344.953125;204.0;92.0;76.0;39458.449219;-75996.234375;-54271.195312;39458.511719;-75994.59375;-54423.1875;39274.902344;-75983.375;-54271.132812;39274.964844;-75981.734375;-54423.125;39486.980469;-75589.25;-54266.78125;39487.042969;-75587.609375;-54418.773438;39303.433594;-75576.390625;-54266.71875;39303.496094;-75574.75;-54418.710938;1691;729;1603;700;1603;748;1741;700;1741;748;1639;708;1639;759;1784;708;1784;759
J0:19:19:46:151;Hatchback_Car_AI_C_7;211;39349.0625;-73261.226562;-54473.480469;-1;-1;635.557434;0.099383;-0.994495;-0.033217;39350.550781;-73277.773438;-54394.988281;204.0;92.0;76.0;39462.460938;-73474.039062;-54325.617188;39462.273438;-73468.976562;-54477.53125;39279.375;-73492.320312;-54326.0;39279.1875;-73487.257812;-54477.914062;39421.914062;-73068.289062;-54312.0625;39421.726562;-73063.226562;-54463.976562;39238.828125;-73086.570312;-54312.445312;39238.640625;-73081.507812;-54464.359375;-1;-1;-1;-1;-1;-1;-1;-1;-1;-1;-1;-1;-1;-1;-1;-1;-1;-1
J0:19:19:46:151;Hatchback_Car_AI_C_11;211;39054.738281;-70390.132812;-54001.003906;-1;-1;688.401917;0.079761;-0.964478;-0.251833;39057.675781;-70423.445312;-53928.074219;204.0;92.0;76.0;39167.378906;-70631.625;-53906.101562;39163.878906;-70593.5;-54053.203125;38984.011719;-70646.890625;-53905.695312;38980.511719;-70608.765625;-54052.796875;39134.839844;-70238.125;-53803.351562;39131.339844;-70200.0;-53950.453125;38951.472656;-70253.390625;-53802.945312;38947.972656;-70215.265625;-53950.046875;-1;-1;-1;-1;-1;-1;-1;-1;-1;-1;-1;-1;-1;-1;-1;-1;-1;-1
