Time;ID;Cat;XPos;YPos;ZPos;2D_XPos;2D_YPos;Vel;XDir;YDir;ZDir;BBox_XPos;BBox_YPos;BBox_ZPos;BBox_Ext_X;BBox_Ext_Y;BBox_Ext_Z;Corner_XYZ_X;Corner_XYZ_Y;Corner_XYZ_Z;Corner_XY-Z_X;Corner_XY-Z_Y;Corner_XY-Z_Z;Corner_X-YZ_X;Corner_X-YZ_Y;Corner_X-YZ_Z;Corner_X-Y-Z_X;Corner_X-Y-Z_Y;Corner_X-Y-Z_Z;Corner_-XYZ_X;Corner_-XYZ_Y;Corner_-XYZ_Z;Corner_-XY-Z_X;Corner_-XY-Z_Y;Corner_-XY-Z_Z;Corner_-X-YZ_X;Corner_-X-YZ_Y;Corner_-X-YZ_Z;Corner_-X-Y-Z_X;Corner_-X-Y-Z_Y;Corner_-X-Y-Z_Z;BBox_2D_XPos;BBox_2D_YPos;Corner_2D_XYZ_X;Corner_2D_XYZ_Y;Corner_2D_XY-Z_X;Corner_2D_XY-Z_Y;Corner_2D_X-YZ_X;Corner_2D_X-YZ_Y;Corner_2D_X-Y-Z_X;Corner_2D_X-Y-Z_Y;Corner_2D_-XYZ_X;Corner_2D_-XYZ_Y;Corner_-2D_XY-Z_X;Corner_2D_-XY-Z_Y;Corner_2D_-X-YZ_X;Corner_2D_-X-YZ_Y;Corner_2D_-X-Y-Z_X;Corner_2D_-X-Y-Z_Y;
J0:19:19:18:547;Hatchback_Car_AI_C_7;211;39184.964844;-71752.898438;-54318.210938;-1;-1;689.52832;0.101124;-0.978843;-0.177877;39187.667969;-71780.59375;-54242.960938;204.0;92.0;76.0;39301.050781;-71984.320312;-54204.277344;39298.574219;-71957.398438;-54353.855469;39118.019531;-72003.164062;-54204.636719;39115.542969;-71976.242188;-54354.214844;39259.792969;-71584.945312;-54131.707031;39257.316406;-71558.023438;-54281.285156;39076.761719;-71603.789062;-54132.066406;39074.285156;-71576.867188;-54281.644531;-1;-1;-1;-1;-1;-1;-1;-1;-1;-1;-1;-1;-1;-1;-1;-1;-1;-1
J0:19:19:18:547;Hatchback_Car_AI_C_11;211;38976.476562;-68860.695312;-53620.839844;-1;-1;725.347229;-0.002715;-0.976866;-0.213834;38976.449219;-68891.265625;-53546.660156;204.0;92.0;76.0;39067.902344;-69107.039062;-53516.101562;39067.886719;-69074.539062;-53664.585938;38883.902344;-69106.554688;-53515.976562;38883.886719;-69074.054688;-53664.460938;39069.011719;-68708.476562;-53428.859375;39068.996094;-68675.976562;-53577.34375;38885.011719;-68707.992188;-53428.734375;38884.996094;-68675.492188;-53577.21875;-1;-1;-1;-1;-1;-1;-1;-1;-1;-1;-1;-1;-1;-1;-1;-1;-1;-1
