Time;ID;Cat;XPos;YPos;ZPos;2D_XPos;2D_YPos;Vel;XDir;YDir;ZDir;BBox_XPos;BBox_YPos;BBox_ZPos;BBox_Ext_X;BBox_Ext_Y;BBox_Ext_Z;Corner_XYZ_X;Corner_XYZ_Y;Corner_XYZ_Z;Corner_XY-Z_X;Corner_XY-Z_Y;Corner_XY-Z_Z;Corner_X-YZ_X;Corner_X-YZ_Y;Corner_X-YZ_Z;Corner_X-Y-Z_X;Corner_X-Y-Z_Y;Corner_X-Y-Z_Z;Corner_-XYZ_X;Corner_-XYZ_Y;Corner_-XYZ_Z;Corner_-XY-Z_X;Corner_-XY-Z_Y;Corner_-XY-Z_Z;Corner_-X-YZ_X;Corner_-X-YZ_Y;Corner_-X-YZ_Z;Corner_-X-Y-Z_X;Corner_-X-Y-Z_Y;Corner_-X-Y-Z_Z;BBox_2D_XPos;BBox_2D_YPos;Corner_2D_XYZ_X;Corner_2D_XYZ_Y;Corner_2D_XY-Z_X;Corner_2D_XY-Z_Y;Corner_2D_X-YZ_X;Corner_2D_X-YZ_Y;Corner_2D_X-Y-Z_X;Corner_2D_X-Y-Z_Y;Corner_2D_-XYZ_X;Corner_2D_-XYZ_Y;Corner_-2D_XY-Z_X;Corner_2D_-XY-Z_Y;Corner_2D_-X-YZ_X;Corner_2D_-X-YZ_Y;Corner_2D_-X-Y-Z_X;Corner_2D_-X-Y-Z_Y;
J0:19:20:57:342;Hatchback_Car_AI_C_3;211;39268.003906;-78403.601562;-54424.777344;809;764;795.980408;-0.027888;-0.999608;0.002618;39267.609375;-78417.390625;-54345.742188;204.0;92.0;76.0;39353.882812;-78623.679688;-54269.195312;39353.890625;-78624.070312;-54421.195312;39169.953125;-78618.554688;-54269.21875;39169.960938;-78618.945312;-54421.21875;39365.257812;-78215.835938;-54270.265625;39365.265625;-78216.226562;-54422.265625;39181.328125;-78210.710938;-54270.289062;39181.335938;-78211.101562;-54422.289062;804;737;739;705;739;757;878;705;878;757;725;716;725;771;873;716;873;771
J0:19:20:57:342;Hatchback_Car_AI_C_7;211;39250.234375;-77066.976562;-54424.972656;1277;766;531.032898;-0.139116;-0.990276;-0.001182;39248.296875;-77080.9375;-54345.988281;204.0;92.0;76.0;39311.03125;-77295.84375;-54270.257812;39311.015625;-77295.65625;-54422.257812;39128.820312;-77270.25;-54270.203125;39128.804688;-77270.0625;-54422.203125;39367.789062;-76891.8125;-54269.773438;39367.773438;-76891.625;-54421.773438;39185.578125;-76866.21875;-54269.71875;39185.5625;-76866.03125;-54421.71875;1272;738;1191;708;1191;760;1339;708;1339;760;1202;716;1202;770;1356;716;1356;770
J0:19:20:57:342;Hatchback_Car_AI_C_15;211;39084.859375;-70742.34375;-54091.285156;-1;-1;677.066528;0.087009;-0.964959;-0.247556;39088.039062;-70775.3125;-54018.210938;204.0;92.0;76.0;39199.296875;-70982.5625;-53995.308594;39195.523438;-70945.125;-54142.574219;39016.054688;-70999.203125;-53994.847656;39012.28125;-70961.765625;-54142.113281;39163.796875;-70588.859375;-53894.308594;39160.023438;-70551.421875;-54041.574219;38980.554688;-70605.5;-53893.847656;38976.78125;-70568.0625;-54041.113281;-1;-1;-1;-1;-1;-1;-1;-1;-1;-1;-1;-1;-1;-1;-1;-1;-1;-1
