Time;ID;Cat;XPos;YPos;ZPos;2D_XPos;2D_YPos;Vel;XDir;YDir;ZDir;BBox_XPos;BBox_YPos;BBox_ZPos;BBox_Ext_X;BBox_Ext_Y;BBox_Ext_Z;Corner_XYZ_X;Corner_XYZ_Y;Corner_XYZ_Z;Corner_XY-Z_X;Corner_XY-Z_Y;Corner_XY-Z_Z;Corner_X-YZ_X;Corner_X-YZ_Y;Corner_X-YZ_Z;Corner_X-Y-Z_X;Corner_X-Y-Z_Y;Corner_X-Y-Z_Z;Corner_-XYZ_X;Corner_-XYZ_Y;Corner_-XYZ_Z;Corner_-XY-Z_X;Corner_-XY-Z_Y;Corner_-XY-Z_Z;Corner_-X-YZ_X;Corner_-X-YZ_Y;Corner_-X-YZ_Z;Corner_-X-Y-Z_X;Corner_-X-Y-Z_Y;Corner_-X-Y-Z_Z;BBox_2D_XPos;BBox_2D_YPos;Corner_2D_XYZ_X;Corner_2D_XYZ_Y;Corner_2D_XY-Z_X;Corner_2D_XY-Z_Y;Corner_2D_X-YZ_X;Corner_2D_X-YZ_Y;Corner_2D_X-Y-Z_X;Corner_2D_X-Y-Z_Y;Corner_2D_-XYZ_X;Corner_2D_-XYZ_Y;Corner_-2D_XY-Z_X;Corner_2D_-XY-Z_Y;Corner_2D_-X-YZ_X;Corner_2D_-X-YZ_Y;Corner_2D_-X-Y-Z_X;Corner_2D_-X-Y-Z_Y;
J0:19:16:30:735;Hatchback_Car_AI_C_0;211;39362.660156;-65714.539062;-53289.457031;-1;-1;675.858704;-0.221448;-0.974914;-0.022444;39359.152344;-65729.914062;-53210.792969;204.0;92.0;76.0;39403.300781;-65950.835938;-53139.375;39404.082031;-65947.507812;-53291.335938;39223.871094;-65910.085938;-53139.40625;39224.652344;-65906.757812;-53291.367188;39493.652344;-65553.070312;-53130.21875;39494.433594;-65549.742188;-53282.179688;39314.222656;-65512.3125;-53130.25;39315.003906;-65508.992188;-53282.210938;-1;-1;-1;-1;-1;-1;-1;-1;-1;-1;-1;-1;-1;-1;-1;-1;-1;-1
J0:19:16:30:735;Hatchback_Car_AI_C_7;211;40003.8125;-63423.613281;-53300.039062;-1;-1;301.273346;-0.30987;-0.950299;0.030197;40000.191406;-63434.640625;-53220.652344;204.0;92.0;76.0;40025.132812;-63654.832031;-53138.5;40023.757812;-63659.207031;-53290.429688;39850.195312;-63597.792969;-53138.554688;39848.820312;-63602.167969;-53290.484375;40151.5625;-63267.113281;-53150.820312;40150.1875;-63271.488281;-53302.75;39976.625;-63210.074219;-53150.875;39975.25;-63214.449219;-53302.804688;-1;-1;-1;-1;-1;-1;-1;-1;-1;-1;-1;-1;-1;-1;-1;-1;-1;-1
