Time;ID;Cat;XPos;YPos;ZPos;2D_XPos;2D_YPos;Vel;XDir;YDir;ZDir;BBox_XPos;BBox_YPos;BBox_ZPos;BBox_Ext_X;BBox_Ext_Y;BBox_Ext_Z;Corner_XYZ_X;Corner_XYZ_Y;Corner_XYZ_Z;Corner_XY-Z_X;Corner_XY-Z_Y;Corner_XY-Z_Z;Corner_X-YZ_X;Corner_X-YZ_Y;Corner_X-YZ_Z;Corner_X-Y-Z_X;Corner_X-Y-Z_Y;Corner_X-Y-Z_Z;Corner_-XYZ_X;Corner_-XYZ_Y;Corner_-XYZ_Z;Corner_-XY-Z_X;Corner_-XY-Z_Y;Corner_-XY-Z_Z;Corner_-X-YZ_X;Corner_-X-YZ_Y;Corner_-X-YZ_Z;Corner_-X-Y-Z_X;Corner_-X-Y-Z_Y;Corner_-X-Y-Z_Z;BBox_2D_XPos;BBox_2D_YPos;Corner_2D_XYZ_X;Corner_2D_XYZ_Y;Corner_2D_XY-Z_X;Corner_2D_XY-Z_Y;Corner_2D_X-YZ_X;Corner_2D_X-YZ_Y;Corner_2D_X-Y-Z_X;Corner_2D_X-Y-Z_Y;Corner_2D_-XYZ_X;Corner_2D_-XYZ_Y;Corner_-2D_XY-Z_X;Corner_2D_-XY-Z_Y;Corner_2D_-X-YZ_X;Corner_2D_-X-YZ_Y;Corner_2D_-X-Y-Z_X;Corner_2D_-X-Y-Z_Y;
J0:19:17:01:531;Hatchback_Car_AI_C_0;211;39067.980469;-67388.703125;-53385.375;-1;-1;664.552307;-0.128689;-0.986344;-0.102787;39065.144531;-67410.5625;-53308.234375;204.0;92.0;76.0;39129.121094;-67631.421875;-53253.625;39131.113281;-67615.921875;-53404.820312;38946.667969;-67607.625;-53253.585938;38948.660156;-67592.125;-53404.78125;39181.628906;-67229.0;-53211.6875;39183.621094;-67213.5;-53362.882812;38999.175781;-67205.203125;-53211.648438;39001.167969;-67189.703125;-53362.84375;-1;-1;-1;-1;-1;-1;-1;-1;-1;-1;-1;-1;-1;-1;-1;-1;-1;-1
J0:19:17:01:531;Hatchback_Car_AI_C_7;211;39664.207031;-64524.859375;-53280.347656;-1;-1;533.935669;-0.278852;-0.960306;0.007386;39660.433594;-64537.734375;-53201.246094;204.0;92.0;76.0;39692.023438;-64758.746094;-53123.703125;39691.773438;-64759.839844;-53275.695312;39515.320312;-64707.433594;-53123.78125;39515.070312;-64708.527344;-53275.773438;39805.796875;-64366.941406;-53126.71875;39805.546875;-64368.035156;-53278.710938;39629.09375;-64315.628906;-53126.796875;39628.84375;-64316.722656;-53278.789062;-1;-1;-1;-1;-1;-1;-1;-1;-1;-1;-1;-1;-1;-1;-1;-1;-1;-1
J0:19:17:01:531;Hatchback_Car_AI_C_11;211;40068.855469;-63224.417969;-53306.78125;-1;-1;-1.235139;-0.308962;-0.950988;0.012823;40064.847656;-63236.769531;-53227.609375;204.0;92.0;76.0;40089.625;-63458.269531;-53149.007812;40089.015625;-63460.121094;-53300.992188;39914.625;-63401.417969;-53148.992188;39914.015625;-63403.269531;-53300.976562;40215.679688;-63070.269531;-53154.242188;40215.070312;-63072.121094;-53306.226562;40040.679688;-63013.417969;-53154.226562;40040.070312;-63015.269531;-53306.210938;-1;-1;-1;-1;-1;-1;-1;-1;-1;-1;-1;-1;-1;-1;-1;-1;-1;-1
