Time;ID;Cat;XPos;YPos;ZPos;2D_XPos;2D_YPos;Vel;XDir;YDir;ZDir;BBox_XPos;BBox_YPos;BBox_ZPos;BBox_Ext_X;BBox_Ext_Y;BBox_Ext_Z;Corner_XYZ_X;Corner_XYZ_Y;Corner_XYZ_Z;Corner_XY-Z_X;Corner_XY-Z_Y;Corner_XY-Z_Z;Corner_X-YZ_X;Corner_X-YZ_Y;Corner_X-YZ_Z;Corner_X-Y-Z_X;Corner_X-Y-Z_Y;Corner_X-Y-Z_Z;Corner_-XYZ_X;Corner_-XYZ_Y;Corner_-XYZ_Z;Corner_-XY-Z_X;Corner_-XY-Z_Y;Corner_-XY-Z_Z;Corner_-X-YZ_X;Corner_-X-YZ_Y;Corner_-X-YZ_Z;Corner_-X-Y-Z_X;Corner_-X-Y-Z_Y;Corner_-X-Y-Z_Z;BBox_2D_XPos;BBox_2D_YPos;Corner_2D_XYZ_X;Corner_2D_XYZ_Y;Corner_2D_XY-Z_X;Corner_2D_XY-Z_Y;Corner_2D_X-YZ_X;Corner_2D_X-YZ_Y;Corner_2D_X-Y-Z_X;Corner_2D_X-Y-Z_Y;Corner_2D_-XYZ_X;Corner_2D_-XYZ_Y;Corner_-2D_XY-Z_X;Corner_2D_-XY-Z_Y;Corner_2D_-X-YZ_X;Corner_2D_-X-YZ_Y;Corner_2D_-X-Y-Z_X;Corner_2D_-X-Y-Z_Y;
J0:19:16:31:135;Hatchback_Car_AI_C_0;211;39357.824219;-65735.96875;-53290.007812;-1;-1;660.858093;-0.22149;-0.974873;-0.023745;39354.3125;-65751.445312;-53211.363281;204.0;92.0;76.0;39398.449219;-65972.460938;-53140.230469;39399.238281;-65968.945312;-53292.191406;39219.019531;-65931.695312;-53140.222656;39219.808594;-65928.179688;-53292.183594;39488.816406;-65574.710938;-53130.542969;39489.605469;-65571.195312;-53282.503906;39309.386719;-65533.949219;-53130.535156;39310.175781;-65530.425781;-53282.496094;-1;-1;-1;-1;-1;-1;-1;-1;-1;-1;-1;-1;-1;-1;-1;-1;-1;-1
J0:19:16:31:135;Hatchback_Car_AI_C_7;211;40000.65625;-63433.324219;-53299.769531;-1;-1;306.677246;-0.309786;-0.950333;0.030003;39997.027344;-63444.367188;-53220.386719;204.0;92.0;76.0;40021.984375;-63664.570312;-53138.269531;40020.617188;-63668.921875;-53290.199219;39847.046875;-63607.546875;-53138.332031;39845.679688;-63611.898438;-53290.261719;40148.375;-63276.835938;-53150.511719;40147.007812;-63281.1875;-53302.441406;39973.4375;-63219.8125;-53150.574219;39972.070312;-63224.164062;-53302.503906;-1;-1;-1;-1;-1;-1;-1;-1;-1;-1;-1;-1;-1;-1;-1;-1;-1;-1
