Time;ID;Cat;XPos;YPos;ZPos;2D_XPos;2D_YPos;Vel;XDir;YDir;ZDir;BBox_XPos;BBox_YPos;BBox_ZPos;BBox_Ext_X;BBox_Ext_Y;BBox_Ext_Z;Corner_XYZ_X;Corner_XYZ_Y;Corner_XYZ_Z;Corner_XY-Z_X;Corner_XY-Z_Y;Corner_XY-Z_Z;Corner_X-YZ_X;Corner_X-YZ_Y;Corner_X-YZ_Z;Corner_X-Y-Z_X;Corner_X-Y-Z_Y;Corner_X-Y-Z_Z;Corner_-XYZ_X;Corner_-XYZ_Y;Corner_-XYZ_Z;Corner_-XY-Z_X;Corner_-XY-Z_Y;Corner_-XY-Z_Z;Corner_-X-YZ_X;Corner_-X-YZ_Y;Corner_-X-YZ_Z;Corner_-X-Y-Z_X;Corner_-X-Y-Z_Y;Corner_-X-Y-Z_Z;BBox_2D_XPos;BBox_2D_YPos;Corner_2D_XYZ_X;Corner_2D_XYZ_Y;Corner_2D_XY-Z_X;Corner_2D_XY-Z_Y;Corner_2D_X-YZ_X;Corner_2D_X-YZ_Y;Corner_2D_X-Y-Z_X;Corner_2D_X-Y-Z_Y;Corner_2D_-XYZ_X;Corner_2D_-XYZ_Y;Corner_-2D_XY-Z_X;Corner_2D_-XY-Z_Y;Corner_2D_-X-YZ_X;Corner_2D_-X-YZ_Y;Corner_2D_-X-Y-Z_X;Corner_2D_-X-Y-Z_Y;
J0:19:16:04:337;Hatchback_Car_AI_C_0;211;39684.800781;-64453.546875;-53280.878906;-1;-1;533.98761;-0.281155;-0.959623;0.008737;39681.027344;-64466.308594;-53201.757812;204.0;92.0;76.0;39712.117188;-64687.289062;-53123.941406;39711.804688;-64688.585938;-53275.933594;39535.539062;-64635.554688;-53124.019531;39535.226562;-64636.851562;-53276.011719;39826.828125;-64295.765625;-53127.503906;39826.515625;-64297.0625;-53279.496094;39650.25;-64244.03125;-53127.582031;39649.9375;-64245.328125;-53279.574219;-1;-1;-1;-1;-1;-1;-1;-1;-1;-1;-1;-1;-1;-1;-1;-1;-1;-1
J0:19:16:04:337;Hatchback_Car_AI_C_7;211;40068.671875;-63224.890625;-53306.304688;-1;-1;-0.178184;-0.308817;-0.950649;0.029969;40065.074219;-63235.945312;-53226.921875;204.0;92.0;76.0;40090.273438;-63456.132812;-53144.839844;40088.875;-63460.46875;-53296.769531;39915.273438;-63399.289062;-53144.847656;39913.875;-63403.625;-53296.777344;40216.273438;-63068.265625;-53157.066406;40214.875;-63072.601562;-53308.996094;40041.273438;-63011.421875;-53157.074219;40039.875;-63015.757812;-53309.003906;-1;-1;-1;-1;-1;-1;-1;-1;-1;-1;-1;-1;-1;-1;-1;-1;-1;-1
