Time;ID;Cat;XPos;YPos;ZPos;2D_XPos;2D_YPos;Vel;XDir;YDir;ZDir;BBox_XPos;BBox_YPos;BBox_ZPos;BBox_Ext_X;BBox_Ext_Y;BBox_Ext_Z;Corner_XYZ_X;Corner_XYZ_Y;Corner_XYZ_Z;Corner_XY-Z_X;Corner_XY-Z_Y;Corner_XY-Z_Z;Corner_X-YZ_X;Corner_X-YZ_Y;Corner_X-YZ_Z;Corner_X-Y-Z_X;Corner_X-Y-Z_Y;Corner_X-Y-Z_Z;Corner_-XYZ_X;Corner_-XYZ_Y;Corner_-XYZ_Z;Corner_-XY-Z_X;Corner_-XY-Z_Y;Corner_-XY-Z_Z;Corner_-X-YZ_X;Corner_-X-YZ_Y;Corner_-X-YZ_Z;Corner_-X-Y-Z_X;Corner_-X-Y-Z_Y;Corner_-X-Y-Z_Z;BBox_2D_XPos;BBox_2D_YPos;Corner_2D_XYZ_X;Corner_2D_XYZ_Y;Corner_2D_XY-Z_X;Corner_2D_XY-Z_Y;Corner_2D_X-YZ_X;Corner_2D_X-YZ_Y;Corner_2D_X-Y-Z_X;Corner_2D_X-Y-Z_Y;Corner_2D_-XYZ_X;Corner_2D_-XYZ_Y;Corner_-2D_XY-Z_X;Corner_2D_-XY-Z_Y;Corner_2D_-X-YZ_X;Corner_2D_-X-YZ_Y;Corner_2D_-X-Y-Z_X;Corner_2D_-X-Y-Z_Y;
J0:19:17:57:131;Hatchback_Car_AI_C_0;211;39060.464844;-70469.203125;-54021.292969;-1;-1;691.446106;0.08244;-0.964282;-0.251723;39063.476562;-70502.5;-53948.359375;204.0;92.0;76.0;39173.738281;-70710.375;-53926.34375;39170.167969;-70672.28125;-54073.445312;38990.417969;-70726.140625;-53925.976562;38986.847656;-70688.046875;-54073.078125;39140.105469;-70316.953125;-53823.640625;39136.535156;-70278.859375;-53970.742188;38956.785156;-70332.71875;-53823.273438;38953.214844;-70294.625;-53970.375;-1;-1;-1;-1;-1;-1;-1;-1;-1;-1;-1;-1;-1;-1;-1;-1;-1;-1
J0:19:17:57:131;Hatchback_Car_AI_C_7;211;39069.066406;-67381.0625;-53384.351562;-1;-1;689.185303;-0.130301;-0.986308;-0.101084;39066.210938;-67402.789062;-53307.171875;204.0;92.0;76.0;39129.84375;-67623.65625;-53252.199219;39131.828125;-67608.421875;-53403.417969;38947.429688;-67599.5625;-53252.167969;38949.414062;-67584.328125;-53403.386719;39183.007812;-67221.25;-53210.957031;39184.992188;-67206.015625;-53362.175781;39000.59375;-67197.15625;-53210.925781;39002.578125;-67181.921875;-53362.144531;-1;-1;-1;-1;-1;-1;-1;-1;-1;-1;-1;-1;-1;-1;-1;-1;-1;-1
J0:19:17:57:131;Hatchback_Car_AI_C_11;211;39735.492188;-64279.40625;-53282.515625;-1;-1;520.038879;-0.289827;-0.957007;0.011749;39731.65625;-64291.902344;-53203.355469;204.0;92.0;76.0;39760.792969;-64512.929688;-53124.902344;39760.371094;-64514.664062;-53276.894531;39584.691406;-64459.601562;-53125.019531;39584.269531;-64461.335938;-53277.011719;39879.042969;-64122.46875;-53129.699219;39878.621094;-64124.203125;-53281.691406;39702.941406;-64069.140625;-53129.816406;39702.519531;-64070.875;-53281.808594;-1;-1;-1;-1;-1;-1;-1;-1;-1;-1;-1;-1;-1;-1;-1;-1;-1;-1
