Time;ID;Cat;XPos;YPos;ZPos;2D_XPos;2D_YPos;Vel;XDir;YDir;ZDir;BBox_XPos;BBox_YPos;BBox_ZPos;BBox_Ext_X;BBox_Ext_Y;BBox_Ext_Z;Corner_XYZ_X;Corner_XYZ_Y;Corner_XYZ_Z;Corner_XY-Z_X;Corner_XY-Z_Y;Corner_XY-Z_Z;Corner_X-YZ_X;Corner_X-YZ_Y;Corner_X-YZ_Z;Corner_X-Y-Z_X;Corner_X-Y-Z_Y;Corner_X-Y-Z_Z;Corner_-XYZ_X;Corner_-XYZ_Y;Corner_-XYZ_Z;Corner_-XY-Z_X;Corner_-XY-Z_Y;Corner_-XY-Z_Z;Corner_-X-YZ_X;Corner_-X-YZ_Y;Corner_-X-YZ_Z;Corner_-X-Y-Z_X;Corner_-X-Y-Z_Y;Corner_-X-Y-Z_Z;BBox_2D_XPos;BBox_2D_YPos;Corner_2D_XYZ_X;Corner_2D_XYZ_Y;Corner_2D_XY-Z_X;Corner_2D_XY-Z_Y;Corner_2D_X-YZ_X;Corner_2D_X-YZ_Y;Corner_2D_X-Y-Z_X;Corner_2D_X-Y-Z_Y;Corner_2D_-XYZ_X;Corner_2D_-XYZ_Y;Corner_-2D_XY-Z_X;Corner_2D_-XY-Z_Y;Corner_2D_-X-YZ_X;Corner_2D_-X-YZ_Y;Corner_2D_-X-Y-Z_X;Corner_2D_-X-Y-Z_Y;
J0:19:17:23:131;Hatchback_Car_AI_C_0;211;38979.289062;-68573.054688;-53561.234375;-1;-1;689.559082;-0.029166;-0.981031;-0.191644;38978.460938;-68601.921875;-53486.382812;204.0;92.0;76.0;39064.070312;-68819.34375;-53450.921875;39064.875;-68790.21875;-53600.101562;38880.148438;-68813.890625;-53450.851562;38880.953125;-68784.765625;-53600.03125;39075.96875;-68419.078125;-53372.734375;39076.773438;-68389.953125;-53521.914062;38892.046875;-68413.625;-53372.664062;38892.851562;-68384.5;-53521.84375;-1;-1;-1;-1;-1;-1;-1;-1;-1;-1;-1;-1;-1;-1;-1;-1;-1;-1
J0:19:17:23:131;Hatchback_Car_AI_C_7;211;39400.726562;-65545.75;-53285.808594;-1;-1;687.352539;-0.230159;-0.97302;-0.0161;39397.199219;-65560.609375;-53207.042969;204.0;92.0;76.0;39439.484375;-65781.46875;-53134.324219;39440.070312;-65779.09375;-53286.300781;39260.421875;-65739.109375;-53134.355469;39261.007812;-65736.734375;-53286.332031;39533.390625;-65384.476562;-53127.753906;39533.976562;-65382.101562;-53279.730469;39354.328125;-65342.125;-53127.785156;39354.914062;-65339.75;-53279.761719;-1;-1;-1;-1;-1;-1;-1;-1;-1;-1;-1;-1;-1;-1;-1;-1;-1;-1
J0:19:17:23:131;Hatchback_Car_AI_C_11;211;40061.019531;-63248.375;-53305.109375;-1;-1;141.776947;-0.308949;-0.950426;0.035219;40057.546875;-63259.03125;-53225.664062;204.0;92.0;76.0;40082.832031;-63478.8125;-53142.519531;40081.191406;-63483.90625;-53294.425781;39907.847656;-63421.929688;-53142.535156;39906.207031;-63427.023438;-53294.441406;40208.886719;-63091.039062;-53156.886719;40207.246094;-63096.132812;-53308.792969;40033.902344;-63034.15625;-53156.902344;40032.261719;-63039.25;-53308.808594;-1;-1;-1;-1;-1;-1;-1;-1;-1;-1;-1;-1;-1;-1;-1;-1;-1;-1
