Time;ID;Cat;XPos;YPos;ZPos;2D_XPos;2D_YPos;Vel;XDir;YDir;ZDir;BBox_XPos;BBox_YPos;BBox_ZPos;BBox_Ext_X;BBox_Ext_Y;BBox_Ext_Z;Corner_XYZ_X;Corner_XYZ_Y;Corner_XYZ_Z;Corner_XY-Z_X;Corner_XY-Z_Y;Corner_XY-Z_Z;Corner_X-YZ_X;Corner_X-YZ_Y;Corner_X-YZ_Z;Corner_X-Y-Z_X;Corner_X-Y-Z_Y;Corner_X-Y-Z_Z;Corner_-XYZ_X;Corner_-XYZ_Y;Corner_-XYZ_Z;Corner_-XY-Z_X;Corner_-XY-Z_Y;Corner_-XY-Z_Z;Corner_-X-YZ_X;Corner_-X-YZ_Y;Corner_-X-YZ_Z;Corner_-X-Y-Z_X;Corner_-X-Y-Z_Y;Corner_-X-Y-Z_Z;BBox_2D_XPos;BBox_2D_YPos;Corner_2D_XYZ_X;Corner_2D_XYZ_Y;Corner_2D_XY-Z_X;Corner_2D_XY-Z_Y;Corner_2D_X-YZ_X;Corner_2D_X-YZ_Y;Corner_2D_X-Y-Z_X;Corner_2D_X-Y-Z_Y;Corner_2D_-XYZ_X;Corner_2D_-XYZ_Y;Corner_-2D_XY-Z_X;Corner_2D_-XY-Z_Y;Corner_2D_-X-YZ_X;Corner_2D_-X-YZ_Y;Corner_2D_-X-Y-Z_X;Corner_2D_-X-Y-Z_Y;
J0:19:17:48:336;Hatchback_Car_AI_C_0;211;39021.378906;-69981.445312;-53894.890625;-1;-1;723.486206;0.068461;-0.96553;-0.251127;39023.828125;-70014.742188;-53821.9375;204.0;92.0;76.0;39130.996094;-70224.210938;-53799.699219;39128.128906;-70186.148438;-53946.832031;38947.457031;-70237.273438;-53799.503906;38944.589844;-70199.210938;-53946.636719;39103.066406;-69830.273438;-53697.238281;39100.199219;-69792.210938;-53844.371094;38919.527344;-69843.335938;-53697.042969;38916.660156;-69805.273438;-53844.175781;-1;-1;-1;-1;-1;-1;-1;-1;-1;-1;-1;-1;-1;-1;-1;-1;-1;-1
J0:19:17:48:336;Hatchback_Car_AI_C_7;211;39137.035156;-66901.820312;-53342.277344;-1;-1;681.451843;-0.159549;-0.984782;-0.068917;39133.925781;-66920.984375;-53264.429688;204.0;92.0;76.0;39191.351562;-67141.765625;-53202.660156;39193.039062;-67131.421875;-53354.300781;39009.71875;-67112.34375;-53202.675781;39011.40625;-67102.0;-53354.316406;39256.445312;-66739.96875;-53174.542969;39258.132812;-66729.625;-53326.183594;39074.8125;-66710.546875;-53174.558594;39076.5;-66700.203125;-53326.199219;-1;-1;-1;-1;-1;-1;-1;-1;-1;-1;-1;-1;-1;-1;-1;-1;-1;-1
J0:19:17:48:336;Hatchback_Car_AI_C_11;211;39844.765625;-63920.597656;-53288.3125;-1;-1;472.870575;-0.300828;-0.953443;0.021176;39841.015625;-63932.335938;-53209.035156;204.0;92.0;76.0;39867.832031;-64152.972656;-53128.679688;39866.941406;-64156.066406;-53280.648438;39692.355469;-64097.613281;-53128.78125;39691.464844;-64100.707031;-53280.75;39990.566406;-63763.964844;-53137.320312;39989.675781;-63767.058594;-53289.289062;39815.089844;-63708.605469;-53137.421875;39814.199219;-63711.699219;-53289.390625;-1;-1;-1;-1;-1;-1;-1;-1;-1;-1;-1;-1;-1;-1;-1;-1;-1;-1
