Time;ID;Cat;XPos;YPos;ZPos;2D_XPos;2D_YPos;Vel;XDir;YDir;ZDir;BBox_XPos;BBox_YPos;BBox_ZPos;BBox_Ext_X;BBox_Ext_Y;BBox_Ext_Z;Corner_XYZ_X;Corner_XYZ_Y;Corner_XYZ_Z;Corner_XY-Z_X;Corner_XY-Z_Y;Corner_XY-Z_Z;Corner_X-YZ_X;Corner_X-YZ_Y;Corner_X-YZ_Z;Corner_X-Y-Z_X;Corner_X-Y-Z_Y;Corner_X-Y-Z_Z;Corner_-XYZ_X;Corner_-XYZ_Y;Corner_-XYZ_Z;Corner_-XY-Z_X;Corner_-XY-Z_Y;Corner_-XY-Z_Z;Corner_-X-YZ_X;Corner_-X-YZ_Y;Corner_-X-YZ_Z;Corner_-X-Y-Z_X;Corner_-X-Y-Z_Y;Corner_-X-Y-Z_Z;BBox_2D_XPos;BBox_2D_YPos;Corner_2D_XYZ_X;Corner_2D_XYZ_Y;Corner_2D_XY-Z_X;Corner_2D_XY-Z_Y;Corner_2D_X-YZ_X;Corner_2D_X-YZ_Y;Corner_2D_X-Y-Z_X;Corner_2D_X-Y-Z_Y;Corner_2D_-XYZ_X;Corner_2D_-XYZ_Y;Corner_-2D_XY-Z_X;Corner_2D_-XY-Z_Y;Corner_2D_-X-YZ_X;Corner_2D_-X-YZ_Y;Corner_2D_-X-Y-Z_X;Corner_2D_-X-Y-Z_Y;
J0:19:16:50:337;Hatchback_Car_AI_C_0;211;39156.589844;-66779.195312;-53334.195312;-1;-1;628.101379;-0.166709;-0.983936;-0.063861;39153.421875;-66797.945312;-53256.25;204.0;92.0;76.0;39209.316406;-67018.828125;-53193.441406;39210.925781;-67009.25;-53345.128906;39027.902344;-66988.09375;-53193.425781;39029.511719;-66978.515625;-53345.113281;39277.332031;-66617.375;-53167.386719;39278.941406;-66607.796875;-53319.074219;39095.917969;-66586.640625;-53167.371094;39097.527344;-66577.0625;-53319.058594;-1;-1;-1;-1;-1;-1;-1;-1;-1;-1;-1;-1;-1;-1;-1;-1;-1;-1
J0:19:16:50:337;Hatchback_Car_AI_C_7;211;39802.746094;-64055.835938;-53285.925781;-1;-1;503.914062;-0.296663;-0.9548;0.018673;39798.988281;-64067.78125;-53206.679688;204.0;92.0;76.0;39826.703125;-64288.488281;-53126.832031;39825.945312;-64291.222656;-53278.808594;39650.992188;-64233.894531;-53126.933594;39650.234375;-64236.628906;-53278.910156;39947.742188;-63898.933594;-53134.449219;39946.984375;-63901.667969;-53286.425781;39772.03125;-63844.339844;-53134.550781;39771.273438;-63847.074219;-53286.527344;-1;-1;-1;-1;-1;-1;-1;-1;-1;-1;-1;-1;-1;-1;-1;-1;-1;-1
