Time;ID;Cat;XPos;YPos;ZPos;2D_XPos;2D_YPos;Vel;XDir;YDir;ZDir;BBox_XPos;BBox_YPos;BBox_ZPos;BBox_Ext_X;BBox_Ext_Y;BBox_Ext_Z;Corner_XYZ_X;Corner_XYZ_Y;Corner_XYZ_Z;Corner_XY-Z_X;Corner_XY-Z_Y;Corner_XY-Z_Z;Corner_X-YZ_X;Corner_X-YZ_Y;Corner_X-YZ_Z;Corner_X-Y-Z_X;Corner_X-Y-Z_Y;Corner_X-Y-Z_Z;Corner_-XYZ_X;Corner_-XYZ_Y;Corner_-XYZ_Z;Corner_-XY-Z_X;Corner_-XY-Z_Y;Corner_-XY-Z_Z;Corner_-X-YZ_X;Corner_-X-YZ_Y;Corner_-X-YZ_Z;Corner_-X-Y-Z_X;Corner_-X-Y-Z_Y;Corner_-X-Y-Z_Z;BBox_2D_XPos;BBox_2D_YPos;Corner_2D_XYZ_X;Corner_2D_XYZ_Y;Corner_2D_XY-Z_X;Corner_2D_XY-Z_Y;Corner_2D_X-YZ_X;Corner_2D_X-YZ_Y;Corner_2D_X-Y-Z_X;Corner_2D_X-Y-Z_Y;Corner_2D_-XYZ_X;Corner_2D_-XYZ_Y;Corner_-2D_XY-Z_X;Corner_2D_-XY-Z_Y;Corner_2D_-X-YZ_X;Corner_2D_-X-YZ_Y;Corner_2D_-X-Y-Z_X;Corner_2D_-X-Y-Z_Y;
J0:19:16:16:737;Hatchback_Car_AI_C_0;211;39537.363281;-64991.632812;-53279.574219;-1;-1;568.702881;-0.258979;-0.965879;-0.002828;39533.660156;-65005.367188;-53200.613281;204.0;92.0;76.0;39569.613281;-65226.4375;-53125.167969;39569.761719;-65226.03125;-53277.167969;39391.894531;-65178.78125;-53125.214844;39392.042969;-65178.375;-53277.214844;39675.277344;-64832.359375;-53124.011719;39675.425781;-64831.953125;-53276.011719;39497.558594;-64784.703125;-53124.058594;39497.707031;-64784.296875;-53276.058594;-1;-1;-1;-1;-1;-1;-1;-1;-1;-1;-1;-1;-1;-1;-1;-1;-1;-1
J0:19:16:16:737;Hatchback_Car_AI_C_7;211;40068.648438;-63224.9375;-53306.140625;-1;-1;-0.000336;-0.308785;-0.95061;0.031502;40065.09375;-63235.878906;-53226.738281;204.0;92.0;76.0;40090.34375;-63455.949219;-53144.351562;40088.859375;-63460.503906;-53296.273438;39915.34375;-63399.105469;-53144.351562;39913.859375;-63403.660156;-53296.273438;40216.328125;-63068.097656;-53157.203125;40214.84375;-63072.652344;-53309.125;40041.328125;-63011.253906;-53157.203125;40039.84375;-63015.808594;-53309.125;-1;-1;-1;-1;-1;-1;-1;-1;-1;-1;-1;-1;-1;-1;-1;-1;-1;-1
