Time;ID;Cat;XPos;YPos;ZPos;2D_XPos;2D_YPos;Vel;XDir;YDir;ZDir;BBox_XPos;BBox_YPos;BBox_ZPos;BBox_Ext_X;BBox_Ext_Y;BBox_Ext_Z;Corner_XYZ_X;Corner_XYZ_Y;Corner_XYZ_Z;Corner_XY-Z_X;Corner_XY-Z_Y;Corner_XY-Z_Z;Corner_X-YZ_X;Corner_X-YZ_Y;Corner_X-YZ_Z;Corner_X-Y-Z_X;Corner_X-Y-Z_Y;Corner_X-Y-Z_Z;Corner_-XYZ_X;Corner_-XYZ_Y;Corner_-XYZ_Z;Corner_-XY-Z_X;Corner_-XY-Z_Y;Corner_-XY-Z_Z;Corner_-X-YZ_X;Corner_-X-YZ_Y;Corner_-X-YZ_Z;Corner_-X-Y-Z_X;Corner_-X-Y-Z_Y;Corner_-X-Y-Z_Z;BBox_2D_XPos;BBox_2D_YPos;Corner_2D_XYZ_X;Corner_2D_XYZ_Y;Corner_2D_XY-Z_X;Corner_2D_XY-Z_Y;Corner_2D_X-YZ_X;Corner_2D_X-YZ_Y;Corner_2D_X-Y-Z_X;Corner_2D_X-Y-Z_Y;Corner_2D_-XYZ_X;Corner_2D_-XYZ_Y;Corner_-2D_XY-Z_X;Corner_2D_-XY-Z_Y;Corner_2D_-X-YZ_X;Corner_2D_-X-YZ_Y;Corner_2D_-X-Y-Z_X;Corner_2D_-X-Y-Z_Y;
J0:19:17:29:528;Hatchback_Car_AI_C_0;211;38976.183594;-68930.226562;-53636.460938;-1;-1;663.726318;0.002293;-0.975233;-0.22117;38976.347656;-68961.351562;-53562.515625;204.0;92.0;76.0;39068.945312;-69176.867188;-53533.621094;39068.6875;-69143.242188;-53681.855469;38884.945312;-69177.351562;-53533.410156;38884.6875;-69143.726562;-53681.644531;39068.007812;-68778.976562;-53443.386719;39067.75;-68745.351562;-53591.621094;38884.007812;-68779.460938;-53443.175781;38883.75;-68745.835938;-53591.410156;-1;-1;-1;-1;-1;-1;-1;-1;-1;-1;-1;-1;-1;-1;-1;-1;-1;-1
J0:19:17:29:528;Hatchback_Car_AI_C_7;211;39323.863281;-65890.335938;-53294.351562;-1;-1;633.683167;-0.212381;-0.976739;-0.029586;39320.382812;-65906.289062;-53215.800781;204.0;92.0;76.0;39366.46875;-66127.289062;-53145.859375;39367.445312;-66122.898438;-53297.789062;39186.671875;-66088.195312;-53145.882812;39187.648438;-66083.804688;-53297.8125;39453.117188;-65728.773438;-53133.789062;39454.09375;-65724.382812;-53285.71875;39273.320312;-65689.679688;-53133.8125;39274.296875;-65685.289062;-53285.742188;-1;-1;-1;-1;-1;-1;-1;-1;-1;-1;-1;-1;-1;-1;-1;-1;-1;-1
J0:19:17:29:528;Hatchback_Car_AI_C_11;211;40024.644531;-63359.863281;-53301.816406;-1;-1;270.045135;-0.309668;-0.950309;0.031922;40021.078125;-63370.765625;-53222.410156;204.0;92.0;76.0;40046.117188;-63590.820312;-53139.921875;40044.640625;-63595.445312;-53291.84375;39871.171875;-63533.8125;-53139.953125;39869.695312;-63538.4375;-53291.875;40172.460938;-63203.09375;-53152.945312;40170.984375;-63207.71875;-53304.867188;39997.515625;-63146.085938;-53152.976562;39996.039062;-63150.710938;-53304.898438;-1;-1;-1;-1;-1;-1;-1;-1;-1;-1;-1;-1;-1;-1;-1;-1;-1;-1
