Time;ID;Cat;XPos;YPos;ZPos;2D_XPos;2D_YPos;Vel;XDir;YDir;ZDir;BBox_XPos;BBox_YPos;BBox_ZPos;BBox_Ext_X;BBox_Ext_Y;BBox_Ext_Z;Corner_XYZ_X;Corner_XYZ_Y;Corner_XYZ_Z;Corner_XY-Z_X;Corner_XY-Z_Y;Corner_XY-Z_Z;Corner_X-YZ_X;Corner_X-YZ_Y;Corner_X-YZ_Z;Corner_X-Y-Z_X;Corner_X-Y-Z_Y;Corner_X-Y-Z_Z;Corner_-XYZ_X;Corner_-XYZ_Y;Corner_-XYZ_Z;Corner_-XY-Z_X;Corner_-XY-Z_Y;Corner_-XY-Z_Z;Corner_-X-YZ_X;Corner_-X-YZ_Y;Corner_-X-YZ_Z;Corner_-X-Y-Z_X;Corner_-X-Y-Z_Y;Corner_-X-Y-Z_Z;BBox_2D_XPos;BBox_2D_YPos;Corner_2D_XYZ_X;Corner_2D_XYZ_Y;Corner_2D_XY-Z_X;Corner_2D_XY-Z_Y;Corner_2D_X-YZ_X;Corner_2D_X-YZ_Y;Corner_2D_X-Y-Z_X;Corner_2D_X-Y-Z_Y;Corner_2D_-XYZ_X;Corner_2D_-XYZ_Y;Corner_-2D_XY-Z_X;Corner_2D_-XY-Z_Y;Corner_2D_-X-YZ_X;Corner_2D_-X-YZ_Y;Corner_2D_-X-Y-Z_X;Corner_2D_-X-Y-Z_Y;
J0:19:17:30:733;Hatchback_Car_AI_C_0;211;38976.894531;-68997.328125;-53651.636719;-1;-1;701.667358;0.009351;-0.974765;-0.223039;38977.242188;-69028.59375;-53577.75;204.0;92.0;76.0;39071.351562;-69243.5;-53549.21875;39070.9375;-69209.59375;-53697.390625;38887.359375;-69245.296875;-53549.109375;38886.945312;-69211.390625;-53697.28125;39067.539062;-68845.796875;-53458.21875;39067.125;-68811.890625;-53606.390625;38883.546875;-68847.59375;-53458.109375;38883.132812;-68813.6875;-53606.28125;-1;-1;-1;-1;-1;-1;-1;-1;-1;-1;-1;-1;-1;-1;-1;-1;-1;-1
J0:19:17:30:733;Hatchback_Car_AI_C_7;211;39310.320312;-65954.0625;-53296.21875;-1;-1;661.398193;-0.21018;-0.977208;-0.029827;39306.875;-65970.046875;-53217.671875;204.0;92.0;76.0;39353.457031;-66190.960938;-53147.785156;39354.425781;-66186.523438;-53299.714844;39173.574219;-66152.273438;-53147.800781;39174.542969;-66147.835938;-53299.730469;39439.207031;-65792.257812;-53135.613281;39440.175781;-65787.820312;-53287.542969;39259.324219;-65753.570312;-53135.628906;39260.292969;-65749.132812;-53287.558594;-1;-1;-1;-1;-1;-1;-1;-1;-1;-1;-1;-1;-1;-1;-1;-1;-1;-1
J0:19:17:30:733;Hatchback_Car_AI_C_11;211;40015.984375;-63386.371094;-53301.074219;-1;-1;283.893097;-0.30983;-0.950283;0.031119;40012.390625;-63397.332031;-53221.675781;204.0;92.0;76.0;40037.367188;-63617.453125;-53139.339844;40035.9375;-63621.960938;-53291.269531;39862.429688;-63560.421875;-53139.386719;39861.0;-63564.929688;-53291.316406;40163.78125;-63229.734375;-53152.035156;40162.351562;-63234.242188;-53303.964844;39988.84375;-63172.703125;-53152.082031;39987.414062;-63177.210938;-53304.011719;-1;-1;-1;-1;-1;-1;-1;-1;-1;-1;-1;-1;-1;-1;-1;-1;-1;-1
