Time;ID;Cat;XPos;YPos;ZPos;2D_XPos;2D_YPos;Vel;XDir;YDir;ZDir;BBox_XPos;BBox_YPos;BBox_ZPos;BBox_Ext_X;BBox_Ext_Y;BBox_Ext_Z;Corner_XYZ_X;Corner_XYZ_Y;Corner_XYZ_Z;Corner_XY-Z_X;Corner_XY-Z_Y;Corner_XY-Z_Z;Corner_X-YZ_X;Corner_X-YZ_Y;Corner_X-YZ_Z;Corner_X-Y-Z_X;Corner_X-Y-Z_Y;Corner_X-Y-Z_Z;Corner_-XYZ_X;Corner_-XYZ_Y;Corner_-XYZ_Z;Corner_-XY-Z_X;Corner_-XY-Z_Y;Corner_-XY-Z_Z;Corner_-X-YZ_X;Corner_-X-YZ_Y;Corner_-X-YZ_Z;Corner_-X-Y-Z_X;Corner_-X-Y-Z_Y;Corner_-X-Y-Z_Z;BBox_2D_XPos;BBox_2D_YPos;Corner_2D_XYZ_X;Corner_2D_XYZ_Y;Corner_2D_XY-Z_X;Corner_2D_XY-Z_Y;Corner_2D_X-YZ_X;Corner_2D_X-YZ_Y;Corner_2D_X-Y-Z_X;Corner_2D_X-Y-Z_Y;Corner_2D_-XYZ_X;Corner_2D_-XYZ_Y;Corner_-2D_XY-Z_X;Corner_2D_-XY-Z_Y;Corner_2D_-X-YZ_X;Corner_2D_-X-YZ_Y;Corner_2D_-X-Y-Z_X;Corner_2D_-X-Y-Z_Y;
J0:19:16:06:736;Hatchback_Car_AI_C_0;211;39656.167969;-64554.054688;-53280.167969;-1;-1;530.769165;-0.277147;-0.960805;0.006624;39652.402344;-64566.996094;-53201.078125;204.0;92.0;76.0;39684.367188;-64788.003906;-53123.6875;39684.148438;-64788.988281;-53275.6875;39507.578125;-64737.011719;-53123.765625;39507.359375;-64737.996094;-53275.765625;39797.445312;-64395.996094;-53126.390625;39797.226562;-64396.980469;-53278.390625;39620.65625;-64345.003906;-53126.46875;39620.4375;-64345.988281;-53278.46875;-1;-1;-1;-1;-1;-1;-1;-1;-1;-1;-1;-1;-1;-1;-1;-1;-1;-1
J0:19:16:06:736;Hatchback_Car_AI_C_7;211;40068.65625;-63224.917969;-53306.191406;-1;-1;-0.032204;-0.308802;-0.950621;0.031004;40065.089844;-63235.898438;-53226.796875;204.0;92.0;76.0;40090.320312;-63456.003906;-53144.507812;40088.867188;-63460.488281;-53296.4375;39915.320312;-63399.160156;-53144.507812;39913.867188;-63403.644531;-53296.4375;40216.3125;-63068.152344;-53157.15625;40214.859375;-63072.636719;-53309.085938;40041.3125;-63011.308594;-53157.15625;40039.859375;-63015.792969;-53309.085938;-1;-1;-1;-1;-1;-1;-1;-1;-1;-1;-1;-1;-1;-1;-1;-1;-1;-1
