Time;ID;Cat;XPos;YPos;ZPos;2D_XPos;2D_YPos;Vel;XDir;YDir;ZDir;BBox_XPos;BBox_YPos;BBox_ZPos;BBox_Ext_X;BBox_Ext_Y;BBox_Ext_Z;Corner_XYZ_X;Corner_XYZ_Y;Corner_XYZ_Z;Corner_XY-Z_X;Corner_XY-Z_Y;Corner_XY-Z_Z;Corner_X-YZ_X;Corner_X-YZ_Y;Corner_X-YZ_Z;Corner_X-Y-Z_X;Corner_X-Y-Z_Y;Corner_X-Y-Z_Z;Corner_-XYZ_X;Corner_-XYZ_Y;Corner_-XYZ_Z;Corner_-XY-Z_X;Corner_-XY-Z_Y;Corner_-XY-Z_Z;Corner_-X-YZ_X;Corner_-X-YZ_Y;Corner_-X-YZ_Z;Corner_-X-Y-Z_X;Corner_-X-Y-Z_Y;Corner_-X-Y-Z_Z;BBox_2D_XPos;BBox_2D_YPos;Corner_2D_XYZ_X;Corner_2D_XYZ_Y;Corner_2D_XY-Z_X;Corner_2D_XY-Z_Y;Corner_2D_X-YZ_X;Corner_2D_X-YZ_Y;Corner_2D_X-Y-Z_X;Corner_2D_X-Y-Z_Y;Corner_2D_-XYZ_X;Corner_2D_-XYZ_Y;Corner_-2D_XY-Z_X;Corner_2D_-XY-Z_Y;Corner_2D_-X-YZ_X;Corner_2D_-X-YZ_Y;Corner_2D_-X-Y-Z_X;Corner_2D_-X-Y-Z_Y;
J0:19:17:37:530;Hatchback_Car_AI_C_0;211;38986.910156;-69378.0;-53742.148438;-1;-1;675.97345;0.034194;-0.970093;-0.240313;38988.183594;-69410.546875;-53668.828125;204.0;92.0;76.0;39087.867188;-69623.421875;-53644.222656;39086.335938;-69586.921875;-53791.769531;38903.984375;-69629.96875;-53643.933594;38902.453125;-69593.46875;-53791.480469;39073.914062;-69227.625;-53546.175781;39072.382812;-69191.125;-53693.722656;38890.03125;-69234.171875;-53545.886719;38888.5;-69197.671875;-53693.433594;-1;-1;-1;-1;-1;-1;-1;-1;-1;-1;-1;-1;-1;-1;-1;-1;-1;-1
J0:19:17:37:530;Hatchback_Car_AI_C_7;211;39237.019531;-66321.515625;-53309.949219;-1;-1;680.551819;-0.188279;-0.981238;-0.041517;39233.738281;-66338.46875;-53231.597656;204.0;92.0;76.0;39285.058594;-66559.070312;-53164.101562;39286.300781;-66552.882812;-53315.96875;39104.355469;-66524.398438;-53164.164062;39105.597656;-66518.210938;-53316.03125;39361.878906;-66158.726562;-53147.164062;39363.121094;-66152.539062;-53299.03125;39181.175781;-66124.054688;-53147.226562;39182.417969;-66117.867188;-53299.09375;-1;-1;-1;-1;-1;-1;-1;-1;-1;-1;-1;-1;-1;-1;-1;-1;-1;-1
J0:19:17:37:530;Hatchback_Car_AI_C_11;211;39959.125;-63561.425781;-53296.347656;-1;-1;360.69632;-0.30871;-0.950755;0.027608;39955.445312;-63572.652344;-53216.992188;204.0;92.0;76.0;39980.589844;-63793.011719;-53135.347656;39979.355469;-63797.019531;-53287.292969;39805.582031;-63736.191406;-53135.425781;39804.347656;-63740.199219;-53287.371094;40106.542969;-63405.105469;-53146.613281;40105.308594;-63409.113281;-53298.558594;39931.535156;-63348.285156;-53146.691406;39930.300781;-63352.292969;-53298.636719;-1;-1;-1;-1;-1;-1;-1;-1;-1;-1;-1;-1;-1;-1;-1;-1;-1;-1
