Time;ID;Cat;XPos;YPos;ZPos;2D_XPos;2D_YPos;Vel;XDir;YDir;ZDir;BBox_XPos;BBox_YPos;BBox_ZPos;BBox_Ext_X;BBox_Ext_Y;BBox_Ext_Z;Corner_XYZ_X;Corner_XYZ_Y;Corner_XYZ_Z;Corner_XY-Z_X;Corner_XY-Z_Y;Corner_XY-Z_Z;Corner_X-YZ_X;Corner_X-YZ_Y;Corner_X-YZ_Z;Corner_X-Y-Z_X;Corner_X-Y-Z_Y;Corner_X-Y-Z_Z;Corner_-XYZ_X;Corner_-XYZ_Y;Corner_-XYZ_Z;Corner_-XY-Z_X;Corner_-XY-Z_Y;Corner_-XY-Z_Z;Corner_-X-YZ_X;Corner_-X-YZ_Y;Corner_-X-YZ_Z;Corner_-X-Y-Z_X;Corner_-X-Y-Z_Y;Corner_-X-Y-Z_Z;BBox_2D_XPos;BBox_2D_YPos;Corner_2D_XYZ_X;Corner_2D_XYZ_Y;Corner_2D_XY-Z_X;Corner_2D_XY-Z_Y;Corner_2D_X-YZ_X;Corner_2D_X-YZ_Y;Corner_2D_X-Y-Z_X;Corner_2D_X-Y-Z_Y;Corner_2D_-XYZ_X;Corner_2D_-XYZ_Y;Corner_-2D_XY-Z_X;Corner_2D_-XY-Z_Y;Corner_2D_-X-YZ_X;Corner_2D_-X-YZ_Y;Corner_2D_-X-Y-Z_X;Corner_2D_-X-Y-Z_Y;
J0:19:16:56:733;Hatchback_Car_AI_C_0;211;39103.050781;-67126.039062;-53360.058594;-1;-1;679.005737;-0.145858;-0.985734;-0.083986;39100.046875;-67146.40625;-53282.511719;204.0;92.0;76.0;39160.375;-67367.273438;-53223.921875;39162.226562;-67354.648438;-53375.382812;38978.359375;-67340.335938;-53223.90625;38980.210938;-67327.710938;-53375.367188;39219.882812;-66965.101562;-53189.65625;39221.734375;-66952.476562;-53341.117188;39037.867188;-66938.164062;-53189.640625;39039.71875;-66925.539062;-53341.101562;-1;-1;-1;-1;-1;-1;-1;-1;-1;-1;-1;-1;-1;-1;-1;-1;-1;-1
J0:19:16:56:733;Hatchback_Car_AI_C_7;211;39722.269531;-64323.792969;-53282.054688;-1;-1;537.988831;-0.28614;-0.958117;0.011661;39718.492188;-64336.3125;-53202.898438;204.0;92.0;76.0;39748.496094;-64557.238281;-53124.480469;39748.050781;-64558.957031;-53276.472656;39572.191406;-64504.582031;-53124.566406;39571.746094;-64506.300781;-53276.558594;39865.238281;-64166.324219;-53129.238281;39864.792969;-64168.042969;-53281.230469;39688.933594;-64113.667969;-53129.324219;39688.488281;-64115.386719;-53281.316406;-1;-1;-1;-1;-1;-1;-1;-1;-1;-1;-1;-1;-1;-1;-1;-1;-1;-1
