Time;ID;Cat;XPos;YPos;ZPos;2D_XPos;2D_YPos;Vel;XDir;YDir;ZDir;BBox_XPos;BBox_YPos;BBox_ZPos;BBox_Ext_X;BBox_Ext_Y;BBox_Ext_Z;Corner_XYZ_X;Corner_XYZ_Y;Corner_XYZ_Z;Corner_XY-Z_X;Corner_XY-Z_Y;Corner_XY-Z_Z;Corner_X-YZ_X;Corner_X-YZ_Y;Corner_X-YZ_Z;Corner_X-Y-Z_X;Corner_X-Y-Z_Y;Corner_X-Y-Z_Z;Corner_-XYZ_X;Corner_-XYZ_Y;Corner_-XYZ_Z;Corner_-XY-Z_X;Corner_-XY-Z_Y;Corner_-XY-Z_Z;Corner_-X-YZ_X;Corner_-X-YZ_Y;Corner_-X-YZ_Z;Corner_-X-Y-Z_X;Corner_-X-Y-Z_Y;Corner_-X-Y-Z_Z;BBox_2D_XPos;BBox_2D_YPos;Corner_2D_XYZ_X;Corner_2D_XYZ_Y;Corner_2D_XY-Z_X;Corner_2D_XY-Z_Y;Corner_2D_X-YZ_X;Corner_2D_X-YZ_Y;Corner_2D_X-Y-Z_X;Corner_2D_X-Y-Z_Y;Corner_2D_-XYZ_X;Corner_2D_-XYZ_Y;Corner_-2D_XY-Z_X;Corner_2D_-XY-Z_Y;Corner_2D_-X-YZ_X;Corner_2D_-X-YZ_Y;Corner_2D_-X-Y-Z_X;Corner_2D_-X-Y-Z_Y;
J0:19:17:51:928;Hatchback_Car_AI_C_0;211;39036.515625;-70179.859375;-53946.480469;-1;-1;671.540771;0.07288;-0.964347;-0.254407;39039.222656;-70213.390625;-53873.640625;204.0;92.0;76.0;39147.449219;-70422.398438;-53852.234375;39144.199219;-70383.867188;-53999.234375;38963.980469;-70436.367188;-53851.84375;38960.730469;-70397.835938;-53998.84375;39117.714844;-70028.945312;-53748.4375;39114.464844;-69990.414062;-53895.4375;38934.246094;-70042.914062;-53748.046875;38930.996094;-70004.382812;-53895.046875;-1;-1;-1;-1;-1;-1;-1;-1;-1;-1;-1;-1;-1;-1;-1;-1;-1;-1
J0:19:17:51:928;Hatchback_Car_AI_C_7;211;39107.503906;-67097.3125;-53357.679688;-1;-1;671.11322;-0.147233;-0.985658;-0.082467;39104.46875;-67117.554688;-53280.101562;204.0;92.0;76.0;39164.488281;-67338.414062;-53221.171875;39166.363281;-67326.023438;-53372.65625;38982.503906;-67311.226562;-53221.195312;38984.378906;-67298.835938;-53372.679688;39224.558594;-66936.273438;-53187.523438;39226.433594;-66923.882812;-53339.007812;39042.574219;-66909.085938;-53187.546875;39044.449219;-66896.695312;-53339.03125;-1;-1;-1;-1;-1;-1;-1;-1;-1;-1;-1;-1;-1;-1;-1;-1;-1;-1
J0:19:17:51:928;Hatchback_Car_AI_C_11;211;39801.003906;-64061.886719;-53285.335938;-1;-1;512.94989;-0.296413;-0.954912;0.016771;39797.203125;-64073.976562;-53206.113281;204.0;92.0;76.0;39824.933594;-64294.820312;-53126.648438;39824.261719;-64297.28125;-53278.625;39649.207031;-64240.273438;-53126.757812;39648.535156;-64242.734375;-53278.734375;39945.871094;-63905.21875;-53133.492188;39945.199219;-63907.679688;-53285.46875;39770.144531;-63850.671875;-53133.601562;39769.472656;-63853.132812;-53285.578125;-1;-1;-1;-1;-1;-1;-1;-1;-1;-1;-1;-1;-1;-1;-1;-1;-1;-1
