Time;ID;Cat;XPos;YPos;ZPos;2D_XPos;2D_YPos;Vel;XDir;YDir;ZDir;BBox_XPos;BBox_YPos;BBox_ZPos;BBox_Ext_X;BBox_Ext_Y;BBox_Ext_Z;Corner_XYZ_X;Corner_XYZ_Y;Corner_XYZ_Z;Corner_XY-Z_X;Corner_XY-Z_Y;Corner_XY-Z_Z;Corner_X-YZ_X;Corner_X-YZ_Y;Corner_X-YZ_Z;Corner_X-Y-Z_X;Corner_X-Y-Z_Y;Corner_X-Y-Z_Z;Corner_-XYZ_X;Corner_-XYZ_Y;Corner_-XYZ_Z;Corner_-XY-Z_X;Corner_-XY-Z_Y;Corner_-XY-Z_Z;Corner_-X-YZ_X;Corner_-X-YZ_Y;Corner_-X-YZ_Z;Corner_-X-Y-Z_X;Corner_-X-Y-Z_Y;Corner_-X-Y-Z_Z;BBox_2D_XPos;BBox_2D_YPos;Corner_2D_XYZ_X;Corner_2D_XYZ_Y;Corner_2D_XY-Z_X;Corner_2D_XY-Z_Y;Corner_2D_X-YZ_X;Corner_2D_X-YZ_Y;Corner_2D_X-Y-Z_X;Corner_2D_X-Y-Z_Y;Corner_2D_-XYZ_X;Corner_2D_-XYZ_Y;Corner_-2D_XY-Z_X;Corner_2D_-XY-Z_Y;Corner_2D_-X-YZ_X;Corner_2D_-X-YZ_Y;Corner_2D_-X-Y-Z_X;Corner_2D_-X-Y-Z_Y;
J0:19:16:40:336;Hatchback_Car_AI_C_0;211;39252.828125;-66239.984375;-53306.40625;-1;-1;685.039307;-0.193656;-0.980296;-0.038961;39249.5;-66256.726562;-53228.011719;204.0;92.0;76.0;39299.652344;-66477.429688;-53159.996094;39300.839844;-66471.632812;-53311.878906;39119.144531;-66441.773438;-53160.042969;39120.332031;-66435.976562;-53311.925781;39378.667969;-66077.476562;-53144.097656;39379.855469;-66071.679688;-53295.980469;39198.160156;-66041.820312;-53144.144531;39199.347656;-66036.023438;-53296.027344;-1;-1;-1;-1;-1;-1;-1;-1;-1;-1;-1;-1;-1;-1;-1;-1;-1;-1
J0:19:16:40:336;Hatchback_Car_AI_C_7;211;39916.492188;-63693.773438;-53293.109375;-1;-1;402.813538;-0.306652;-0.951486;0.025253;39912.773438;-63705.183594;-53213.78125;204.0;92.0;76.0;39938.332031;-63925.664062;-53132.605469;39937.230469;-63929.34375;-53284.558594;39763.199219;-63869.226562;-53132.699219;39762.097656;-63872.90625;-53284.652344;40063.449219;-63537.460938;-53142.910156;40062.347656;-63541.140625;-53294.863281;39888.316406;-63481.023438;-53143.003906;39887.214844;-63484.703125;-53294.957031;-1;-1;-1;-1;-1;-1;-1;-1;-1;-1;-1;-1;-1;-1;-1;-1;-1;-1
