Time;ID;Cat;XPos;YPos;ZPos;2D_XPos;2D_YPos;Vel;XDir;YDir;ZDir;BBox_XPos;BBox_YPos;BBox_ZPos;BBox_Ext_X;BBox_Ext_Y;BBox_Ext_Z;Corner_XYZ_X;Corner_XYZ_Y;Corner_XYZ_Z;Corner_XY-Z_X;Corner_XY-Z_Y;Corner_XY-Z_Z;Corner_X-YZ_X;Corner_X-YZ_Y;Corner_X-YZ_Z;Corner_X-Y-Z_X;Corner_X-Y-Z_Y;Corner_X-Y-Z_Z;Corner_-XYZ_X;Corner_-XYZ_Y;Corner_-XYZ_Z;Corner_-XY-Z_X;Corner_-XY-Z_Y;Corner_-XY-Z_Z;Corner_-X-YZ_X;Corner_-X-YZ_Y;Corner_-X-YZ_Z;Corner_-X-Y-Z_X;Corner_-X-Y-Z_Y;Corner_-X-Y-Z_Z;BBox_2D_XPos;BBox_2D_YPos;Corner_2D_XYZ_X;Corner_2D_XYZ_Y;Corner_2D_XY-Z_X;Corner_2D_XY-Z_Y;Corner_2D_X-YZ_X;Corner_2D_X-YZ_Y;Corner_2D_X-Y-Z_X;Corner_2D_X-Y-Z_Y;Corner_2D_-XYZ_X;Corner_2D_-XYZ_Y;Corner_-2D_XY-Z_X;Corner_2D_-XY-Z_Y;Corner_2D_-X-YZ_X;Corner_2D_-X-YZ_Y;Corner_2D_-X-Y-Z_X;Corner_2D_-X-Y-Z_Y;
J0:19:16:41:529;Hatchback_Car_AI_C_0;211;39239.707031;-66307.703125;-53309.269531;-1;-1;677.819458;-0.191205;-0.98066;-0.0418;39236.394531;-66324.671875;-53230.921875;204.0;92.0;76.0;39287.082031;-66545.453125;-53163.511719;39288.300781;-66539.21875;-53315.378906;39106.480469;-66510.234375;-53163.519531;39107.699219;-66504.0;-53315.386719;39365.089844;-66145.34375;-53146.457031;39366.308594;-66139.109375;-53298.324219;39184.488281;-66110.125;-53146.464844;39185.707031;-66103.890625;-53298.332031;-1;-1;-1;-1;-1;-1;-1;-1;-1;-1;-1;-1;-1;-1;-1;-1;-1;-1
J0:19:16:41:529;Hatchback_Car_AI_C_7;211;39903.972656;-63732.945312;-53292.214844;-1;-1;415.968506;-0.305861;-0.951758;0.024598;39900.25;-63744.410156;-53212.894531;204.0;92.0;76.0;39925.980469;-63964.929688;-53131.855469;39924.910156;-63968.507812;-53283.808594;39750.800781;-63908.632812;-53131.941406;39749.730469;-63912.210938;-53283.894531;40050.769531;-63576.609375;-53141.894531;40049.699219;-63580.1875;-53293.847656;39875.589844;-63520.3125;-53141.980469;39874.519531;-63523.890625;-53293.933594;-1;-1;-1;-1;-1;-1;-1;-1;-1;-1;-1;-1;-1;-1;-1;-1;-1;-1
