Time;ID;Cat;XPos;YPos;ZPos;2D_XPos;2D_YPos;Vel;XDir;YDir;ZDir;BBox_XPos;BBox_YPos;BBox_ZPos;BBox_Ext_X;BBox_Ext_Y;BBox_Ext_Z;Corner_XYZ_X;Corner_XYZ_Y;Corner_XYZ_Z;Corner_XY-Z_X;Corner_XY-Z_Y;Corner_XY-Z_Z;Corner_X-YZ_X;Corner_X-YZ_Y;Corner_X-YZ_Z;Corner_X-Y-Z_X;Corner_X-Y-Z_Y;Corner_X-Y-Z_Z;Corner_-XYZ_X;Corner_-XYZ_Y;Corner_-XYZ_Z;Corner_-XY-Z_X;Corner_-XY-Z_Y;Corner_-XY-Z_Z;Corner_-X-YZ_X;Corner_-X-YZ_Y;Corner_-X-YZ_Z;Corner_-X-Y-Z_X;Corner_-X-Y-Z_Y;Corner_-X-Y-Z_Z;BBox_2D_XPos;BBox_2D_YPos;Corner_2D_XYZ_X;Corner_2D_XYZ_Y;Corner_2D_XY-Z_X;Corner_2D_XY-Z_Y;Corner_2D_X-YZ_X;Corner_2D_X-YZ_Y;Corner_2D_X-Y-Z_X;Corner_2D_X-Y-Z_Y;Corner_2D_-XYZ_X;Corner_2D_-XYZ_Y;Corner_-2D_XY-Z_X;Corner_2D_-XY-Z_Y;Corner_2D_-X-YZ_X;Corner_2D_-X-YZ_Y;Corner_2D_-X-Y-Z_X;Corner_2D_-X-Y-Z_Y;
J0:19:16:19:529;Hatchback_Car_AI_C_0;211;39503.195312;-65124.753906;-53280.339844;-1;-1;606.409668;-0.250726;-0.968044;-0.005159;39499.558594;-65138.695312;-53201.414062;204.0;92.0;76.0;39537.351562;-65359.617188;-53126.433594;39537.59375;-65358.867188;-53278.433594;39359.226562;-65313.484375;-53126.496094;39359.46875;-65312.734375;-53278.496094;39639.648438;-64964.65625;-53124.332031;39639.890625;-64963.90625;-53276.332031;39461.523438;-64918.523438;-53124.394531;39461.765625;-64917.773438;-53276.394531;-1;-1;-1;-1;-1;-1;-1;-1;-1;-1;-1;-1;-1;-1;-1;-1;-1;-1
J0:19:16:19:529;Hatchback_Car_AI_C_7;211;40066.863281;-63230.417969;-53305.847656;-1;-1;67.157249;-0.308838;-0.95052;0.033618;40063.359375;-63241.199219;-53226.421875;204.0;92.0;76.0;40088.640625;-63461.105469;-53143.601562;40087.0625;-63465.964844;-53295.515625;39913.648438;-63404.246094;-53143.609375;39912.070312;-63409.105469;-53295.523438;40214.648438;-63073.292969;-53157.320312;40213.070312;-63078.152344;-53309.234375;40039.65625;-63016.433594;-53157.328125;40038.078125;-63021.292969;-53309.242188;-1;-1;-1;-1;-1;-1;-1;-1;-1;-1;-1;-1;-1;-1;-1;-1;-1;-1
