Time;ID;Cat;XPos;YPos;ZPos;2D_XPos;2D_YPos;Vel;XDir;YDir;ZDir;BBox_XPos;BBox_YPos;BBox_ZPos;BBox_Ext_X;BBox_Ext_Y;BBox_Ext_Z;Corner_XYZ_X;Corner_XYZ_Y;Corner_XYZ_Z;Corner_XY-Z_X;Corner_XY-Z_Y;Corner_XY-Z_Z;Corner_X-YZ_X;Corner_X-YZ_Y;Corner_X-YZ_Z;Corner_X-Y-Z_X;Corner_X-Y-Z_Y;Corner_X-Y-Z_Z;Corner_-XYZ_X;Corner_-XYZ_Y;Corner_-XYZ_Z;Corner_-XY-Z_X;Corner_-XY-Z_Y;Corner_-XY-Z_Z;Corner_-X-YZ_X;Corner_-X-YZ_Y;Corner_-X-YZ_Z;Corner_-X-Y-Z_X;Corner_-X-Y-Z_Y;Corner_-X-Y-Z_Z;BBox_2D_XPos;BBox_2D_YPos;Corner_2D_XYZ_X;Corner_2D_XYZ_Y;Corner_2D_XY-Z_X;Corner_2D_XY-Z_Y;Corner_2D_X-YZ_X;Corner_2D_X-YZ_Y;Corner_2D_X-Y-Z_X;Corner_2D_X-Y-Z_Y;Corner_2D_-XYZ_X;Corner_2D_-XYZ_Y;Corner_-2D_XY-Z_X;Corner_2D_-XY-Z_Y;Corner_2D_-X-YZ_X;Corner_2D_-X-YZ_Y;Corner_2D_-X-Y-Z_X;Corner_2D_-X-Y-Z_Y;
J0:19:17:32:333;Hatchback_Car_AI_C_0;211;38978.515625;-69089.0625;-53672.722656;-1;-1;701.532104;0.014946;-0.973732;-0.227205;38979.113281;-69120.640625;-53598.96875;204.0;92.0;76.0;39074.523438;-69335.101562;-53571.433594;39073.78125;-69300.570312;-53719.457031;38890.546875;-69337.992188;-53571.183594;38889.804688;-69303.460938;-53719.207031;39068.421875;-68937.820312;-53478.730469;39067.679688;-68903.289062;-53626.753906;38884.445312;-68940.710938;-53478.480469;38883.703125;-68906.179688;-53626.503906;-1;-1;-1;-1;-1;-1;-1;-1;-1;-1;-1;-1;-1;-1;-1;-1;-1;-1
J0:19:17:32:333;Hatchback_Car_AI_C_7;211;39292.273438;-66040.804688;-53298.976562;-1;-1;679.597839;-0.205177;-0.978212;-0.031684;39288.882812;-66056.945312;-53220.460938;204.0;92.0;76.0;39336.566406;-66277.742188;-53150.957031;39337.566406;-66273.023438;-53302.878906;39156.488281;-66239.976562;-53150.972656;39157.488281;-66235.257812;-53302.894531;39420.277344;-65878.632812;-53138.027344;39421.277344;-65873.914062;-53289.949219;39240.199219;-65840.867188;-53138.042969;39241.199219;-65836.148438;-53289.964844;-1;-1;-1;-1;-1;-1;-1;-1;-1;-1;-1;-1;-1;-1;-1;-1;-1;-1
J0:19:17:32:333;Hatchback_Car_AI_C_11;211;40003.75;-63423.851562;-53300.03125;-1;-1;302.537933;-0.309857;-0.950304;0.0302;40000.128906;-63434.878906;-53220.644531;204.0;92.0;76.0;40025.074219;-63655.074219;-53138.492188;40023.699219;-63659.449219;-53290.421875;39850.136719;-63598.035156;-53138.546875;39848.761719;-63602.410156;-53290.476562;40151.496094;-63267.347656;-53150.8125;40150.121094;-63271.722656;-53302.742188;39976.558594;-63210.308594;-53150.867188;39975.183594;-63214.683594;-53302.796875;-1;-1;-1;-1;-1;-1;-1;-1;-1;-1;-1;-1;-1;-1;-1;-1;-1;-1
