Time;ID;Cat;XPos;YPos;ZPos;2D_XPos;2D_YPos;Vel;XDir;YDir;ZDir;BBox_XPos;BBox_YPos;BBox_ZPos;BBox_Ext_X;BBox_Ext_Y;BBox_Ext_Z;Corner_XYZ_X;Corner_XYZ_Y;Corner_XYZ_Z;Corner_XY-Z_X;Corner_XY-Z_Y;Corner_XY-Z_Z;Corner_X-YZ_X;Corner_X-YZ_Y;Corner_X-YZ_Z;Corner_X-Y-Z_X;Corner_X-Y-Z_Y;Corner_X-Y-Z_Z;Corner_-XYZ_X;Corner_-XYZ_Y;Corner_-XYZ_Z;Corner_-XY-Z_X;Corner_-XY-Z_Y;Corner_-XY-Z_Z;Corner_-X-YZ_X;Corner_-X-YZ_Y;Corner_-X-YZ_Z;Corner_-X-Y-Z_X;Corner_-X-Y-Z_Y;Corner_-X-Y-Z_Z;BBox_2D_XPos;BBox_2D_YPos;Corner_2D_XYZ_X;Corner_2D_XYZ_Y;Corner_2D_XY-Z_X;Corner_2D_XY-Z_Y;Corner_2D_X-YZ_X;Corner_2D_X-YZ_Y;Corner_2D_X-Y-Z_X;Corner_2D_X-Y-Z_Y;Corner_2D_-XYZ_X;Corner_2D_-XYZ_Y;Corner_-2D_XY-Z_X;Corner_2D_-XY-Z_Y;Corner_2D_-X-YZ_X;Corner_2D_-X-YZ_Y;Corner_2D_-X-Y-Z_X;Corner_2D_-X-Y-Z_Y;
J0:19:16:42:335;Hatchback_Car_AI_C_0;211;39231.5625;-66350.421875;-53311.257812;-1;-1;647.555786;-0.188433;-0.981067;-0.044737;39228.25;-66367.625;-53232.964844;204.0;92.0;76.0;39279.507812;-66588.453125;-53166.15625;39280.804688;-66581.78125;-53318.007812;39098.8125;-66553.75;-53166.171875;39100.109375;-66547.078125;-53318.023438;39356.390625;-66188.171875;-53147.90625;39357.6875;-66181.5;-53299.757812;39175.695312;-66153.46875;-53147.921875;39176.992188;-66146.796875;-53299.773438;-1;-1;-1;-1;-1;-1;-1;-1;-1;-1;-1;-1;-1;-1;-1;-1;-1;-1
J0:19:16:42:335;Hatchback_Car_AI_C_7;211;39895.445312;-63759.699219;-53291.613281;-1;-1;424.099701;-0.305336;-0.95194;0.024092;39891.714844;-63771.203125;-53212.300781;204.0;92.0;76.0;39917.554688;-63991.742188;-53131.363281;39916.507812;-63995.25;-53283.316406;39742.34375;-63935.546875;-53131.457031;39741.296875;-63939.054688;-53283.410156;40042.132812;-63603.351562;-53141.191406;40041.085938;-63606.859375;-53293.144531;39866.921875;-63547.15625;-53141.285156;39865.875;-63550.664062;-53293.238281;-1;-1;-1;-1;-1;-1;-1;-1;-1;-1;-1;-1;-1;-1;-1;-1;-1;-1
