Time;ID;Cat;XPos;YPos;ZPos;2D_XPos;2D_YPos;Vel;XDir;YDir;ZDir;BBox_XPos;BBox_YPos;BBox_ZPos;BBox_Ext_X;BBox_Ext_Y;BBox_Ext_Z;Corner_XYZ_X;Corner_XYZ_Y;Corner_XYZ_Z;Corner_XY-Z_X;Corner_XY-Z_Y;Corner_XY-Z_Z;Corner_X-YZ_X;Corner_X-YZ_Y;Corner_X-YZ_Z;Corner_X-Y-Z_X;Corner_X-Y-Z_Y;Corner_X-Y-Z_Z;Corner_-XYZ_X;Corner_-XYZ_Y;Corner_-XYZ_Z;Corner_-XY-Z_X;Corner_-XY-Z_Y;Corner_-XY-Z_Z;Corner_-X-YZ_X;Corner_-X-YZ_Y;Corner_-X-YZ_Z;Corner_-X-Y-Z_X;Corner_-X-Y-Z_Y;Corner_-X-Y-Z_Z;BBox_2D_XPos;BBox_2D_YPos;Corner_2D_XYZ_X;Corner_2D_XYZ_Y;Corner_2D_XY-Z_X;Corner_2D_XY-Z_Y;Corner_2D_X-YZ_X;Corner_2D_X-YZ_Y;Corner_2D_X-Y-Z_X;Corner_2D_X-Y-Z_Y;Corner_2D_-XYZ_X;Corner_2D_-XYZ_Y;Corner_-2D_XY-Z_X;Corner_2D_-XY-Z_Y;Corner_2D_-X-YZ_X;Corner_2D_-X-YZ_Y;Corner_2D_-X-Y-Z_X;Corner_2D_-X-Y-Z_Y;
J0:19:17:33:132;Hatchback_Car_AI_C_0;211;38979.484375;-69133.398438;-53683.175781;-1;-1;680.237915;0.018194;-0.972925;-0.230402;38980.195312;-69165.21875;-53609.527344;204.0;92.0;76.0;39076.328125;-69379.453125;-53582.703125;39075.453125;-69344.4375;-53730.617188;38892.359375;-69382.953125;-53582.445312;38891.484375;-69347.9375;-53730.359375;39068.90625;-68982.5;-53488.695312;39068.03125;-68947.484375;-53636.609375;38884.9375;-68986.0;-53488.4375;38884.0625;-68950.984375;-53636.351562;-1;-1;-1;-1;-1;-1;-1;-1;-1;-1;-1;-1;-1;-1;-1;-1;-1;-1
J0:19:17:33:132;Hatchback_Car_AI_C_7;211;39283.214844;-66085.109375;-53300.496094;-1;-1;689.71283;-0.202713;-0.978689;-0.032796;39279.84375;-66101.34375;-53221.996094;204.0;92.0;76.0;39328.0625;-66322.09375;-53152.71875;39329.085938;-66317.21875;-53304.640625;39147.890625;-66284.78125;-53152.734375;39148.914062;-66279.90625;-53304.65625;39410.773438;-65922.78125;-53139.335938;39411.796875;-65917.90625;-53291.257812;39230.601562;-65885.46875;-53139.351562;39231.625;-65880.59375;-53291.273438;-1;-1;-1;-1;-1;-1;-1;-1;-1;-1;-1;-1;-1;-1;-1;-1;-1;-1
J0:19:17:33:132;Hatchback_Car_AI_C_11;211;39997.375;-63443.472656;-53299.492188;-1;-1;311.593018;-0.309682;-0.950373;0.029796;39993.742188;-63454.53125;-53220.109375;204.0;92.0;76.0;40018.714844;-63674.75;-53138.035156;40017.363281;-63679.070312;-53289.964844;39843.769531;-63617.742188;-53138.097656;39842.417969;-63622.0625;-53290.027344;40145.066406;-63287.0;-53150.191406;40143.714844;-63291.320312;-53302.121094;39970.121094;-63229.992188;-53150.253906;39968.769531;-63234.3125;-53302.183594;-1;-1;-1;-1;-1;-1;-1;-1;-1;-1;-1;-1;-1;-1;-1;-1;-1;-1
