Time;ID;Cat;XPos;YPos;ZPos;2D_XPos;2D_YPos;Vel;XDir;YDir;ZDir;BBox_XPos;BBox_YPos;BBox_ZPos;BBox_Ext_X;BBox_Ext_Y;BBox_Ext_Z;Corner_XYZ_X;Corner_XYZ_Y;Corner_XYZ_Z;Corner_XY-Z_X;Corner_XY-Z_Y;Corner_XY-Z_Z;Corner_X-YZ_X;Corner_X-YZ_Y;Corner_X-YZ_Z;Corner_X-Y-Z_X;Corner_X-Y-Z_Y;Corner_X-Y-Z_Z;Corner_-XYZ_X;Corner_-XYZ_Y;Corner_-XYZ_Z;Corner_-XY-Z_X;Corner_-XY-Z_Y;Corner_-XY-Z_Z;Corner_-X-YZ_X;Corner_-X-YZ_Y;Corner_-X-YZ_Z;Corner_-X-Y-Z_X;Corner_-X-Y-Z_Y;Corner_-X-Y-Z_Z;BBox_2D_XPos;BBox_2D_YPos;Corner_2D_XYZ_X;Corner_2D_XYZ_Y;Corner_2D_XY-Z_X;Corner_2D_XY-Z_Y;Corner_2D_X-YZ_X;Corner_2D_X-YZ_Y;Corner_2D_X-Y-Z_X;Corner_2D_X-Y-Z_Y;Corner_2D_-XYZ_X;Corner_2D_-XYZ_Y;Corner_-2D_XY-Z_X;Corner_2D_-XY-Z_Y;Corner_2D_-X-YZ_X;Corner_2D_-X-YZ_Y;Corner_2D_-X-Y-Z_X;Corner_2D_-X-Y-Z_Y;
J0:19:18:41:932;Hatchback_Car_AI_C_0;211;39316.058594;-72943.9375;-54459.082031;304;683;696.640442;0.109041;-0.99213;-0.061545;39317.796875;-72962.695312;-54381.09375;204.0;92.0;76.0;39431.695312;-73159.742188;-54317.417969;39431.289062;-73150.382812;-54469.128906;39248.796875;-73179.804688;-54318.167969;39248.390625;-73170.445312;-54469.878906;39387.203125;-72754.945312;-54292.308594;39386.796875;-72745.585938;-54444.019531;39204.304688;-72775.007812;-54293.058594;39203.898438;-72765.648438;-54444.769531;307;669;329;660;329;684;257;660;257;684;355;655;355;678;286;655;286;678
J0:19:18:41:932;Hatchback_Car_AI_C_7;211;39012.324219;-69879.40625;-53868.527344;-1;-1;669.171692;0.062426;-0.965759;-0.251819;39014.597656;-69912.773438;-53795.597656;204.0;92.0;76.0;39120.484375;-70122.914062;-53773.550781;39117.789062;-70084.726562;-53920.652344;38936.875;-70134.851562;-53773.285156;38934.179688;-70096.664062;-53920.386719;39095.015625;-69728.882812;-53670.808594;39092.320312;-69690.695312;-53817.910156;38911.40625;-69740.820312;-53670.542969;38908.710938;-69702.632812;-53817.644531;-1;-1;-1;-1;-1;-1;-1;-1;-1;-1;-1;-1;-1;-1;-1;-1;-1;-1
J0:19:18:41:932;Hatchback_Car_AI_C_15;211;39897.429688;-63753.375;-53291.746094;-1;-1;440.519958;-0.305536;-0.951868;0.02441;39893.699219;-63764.851562;-53212.429688;204.0;92.0;76.0;39919.496094;-63985.371094;-53131.421875;39918.441406;-63988.925781;-53283.375;39744.300781;-63929.136719;-53131.523438;39743.246094;-63932.691406;-53283.476562;40044.152344;-63597.011719;-53141.382812;40043.097656;-63600.566406;-53293.335938;39868.957031;-63540.777344;-53141.484375;39867.902344;-63544.332031;-53293.4375;-1;-1;-1;-1;-1;-1;-1;-1;-1;-1;-1;-1;-1;-1;-1;-1;-1;-1
