Time;ID;Cat;XPos;YPos;ZPos;2D_XPos;2D_YPos;Vel;XDir;YDir;ZDir;BBox_XPos;BBox_YPos;BBox_ZPos;BBox_Ext_X;BBox_Ext_Y;BBox_Ext_Z;Corner_XYZ_X;Corner_XYZ_Y;Corner_XYZ_Z;Corner_XY-Z_X;Corner_XY-Z_Y;Corner_XY-Z_Z;Corner_X-YZ_X;Corner_X-YZ_Y;Corner_X-YZ_Z;Corner_X-Y-Z_X;Corner_X-Y-Z_Y;Corner_X-Y-Z_Z;Corner_-XYZ_X;Corner_-XYZ_Y;Corner_-XYZ_Z;Corner_-XY-Z_X;Corner_-XY-Z_Y;Corner_-XY-Z_Z;Corner_-X-YZ_X;Corner_-X-YZ_Y;Corner_-X-YZ_Z;Corner_-X-Y-Z_X;Corner_-X-Y-Z_Y;Corner_-X-Y-Z_Z;BBox_2D_XPos;BBox_2D_YPos;Corner_2D_XYZ_X;Corner_2D_XYZ_Y;Corner_2D_XY-Z_X;Corner_2D_XY-Z_Y;Corner_2D_X-YZ_X;Corner_2D_X-YZ_Y;Corner_2D_X-Y-Z_X;Corner_2D_X-Y-Z_Y;Corner_2D_-XYZ_X;Corner_2D_-XYZ_Y;Corner_-2D_XY-Z_X;Corner_2D_-XY-Z_Y;Corner_2D_-X-YZ_X;Corner_2D_-X-YZ_Y;Corner_2D_-X-Y-Z_X;Corner_2D_-X-Y-Z_Y;
J0:19:17:01:131;Hatchback_Car_AI_C_0;211;39070.730469;-67366.867188;-53383.0625;-1;-1;642.609009;-0.128567;-0.986404;-0.102365;39067.867188;-67388.695312;-53305.910156;204.0;92.0;76.0;39131.84375;-67609.523438;-53251.171875;39133.890625;-67594.101562;-53402.375;38949.390625;-67585.742188;-53251.210938;38951.4375;-67570.320312;-53402.414062;39184.296875;-67207.070312;-53209.40625;39186.34375;-67191.648438;-53360.609375;39001.84375;-67183.289062;-53209.445312;39003.890625;-67167.867188;-53360.648438;-1;-1;-1;-1;-1;-1;-1;-1;-1;-1;-1;-1;-1;-1;-1;-1;-1;-1
J0:19:17:01:131;Hatchback_Car_AI_C_7;211;39669.082031;-64507.71875;-53280.441406;-1;-1;516.947205;-0.281542;-0.959525;0.00682;39665.253906;-64520.625;-53201.347656;204.0;92.0;76.0;39696.207031;-64741.761719;-53123.910156;39695.988281;-64742.777344;-53275.910156;39519.652344;-64689.957031;-53124.003906;39519.433594;-64690.972656;-53276.003906;39811.074219;-64350.277344;-53126.691406;39810.855469;-64351.292969;-53278.691406;39634.519531;-64298.472656;-53126.785156;39634.300781;-64299.488281;-53278.785156;-1;-1;-1;-1;-1;-1;-1;-1;-1;-1;-1;-1;-1;-1;-1;-1;-1;-1
J0:19:17:01:131;Hatchback_Car_AI_C_11;211;40068.898438;-63224.304688;-53306.601562;-1;-1;-1.311765;-0.308983;-0.951023;0.009183;40064.800781;-63236.929688;-53227.476562;204.0;92.0;76.0;40089.484375;-63458.699219;-53149.609375;40089.046875;-63460.027344;-53301.601562;39914.492188;-63401.847656;-53149.601562;39914.054688;-63403.175781;-53301.59375;40215.546875;-63070.683594;-53153.359375;40215.109375;-63072.011719;-53305.351562;40040.554688;-63013.832031;-53153.351562;40040.117188;-63015.160156;-53305.34375;-1;-1;-1;-1;-1;-1;-1;-1;-1;-1;-1;-1;-1;-1;-1;-1;-1;-1
