Time;ID;Cat;XPos;YPos;ZPos;2D_XPos;2D_YPos;Vel;XDir;YDir;ZDir;BBox_XPos;BBox_YPos;BBox_ZPos;BBox_Ext_X;BBox_Ext_Y;BBox_Ext_Z;Corner_XYZ_X;Corner_XYZ_Y;Corner_XYZ_Z;Corner_XY-Z_X;Corner_XY-Z_Y;Corner_XY-Z_Z;Corner_X-YZ_X;Corner_X-YZ_Y;Corner_X-YZ_Z;Corner_X-Y-Z_X;Corner_X-Y-Z_Y;Corner_X-Y-Z_Z;Corner_-XYZ_X;Corner_-XYZ_Y;Corner_-XYZ_Z;Corner_-XY-Z_X;Corner_-XY-Z_Y;Corner_-XY-Z_Z;Corner_-X-YZ_X;Corner_-X-YZ_Y;Corner_-X-YZ_Z;Corner_-X-Y-Z_X;Corner_-X-Y-Z_Y;Corner_-X-Y-Z_Z;BBox_2D_XPos;BBox_2D_YPos;Corner_2D_XYZ_X;Corner_2D_XYZ_Y;Corner_2D_XY-Z_X;Corner_2D_XY-Z_Y;Corner_2D_X-YZ_X;Corner_2D_X-YZ_Y;Corner_2D_X-Y-Z_X;Corner_2D_X-Y-Z_Y;Corner_2D_-XYZ_X;Corner_2D_-XYZ_Y;Corner_-2D_XY-Z_X;Corner_2D_-XY-Z_Y;Corner_2D_-X-YZ_X;Corner_2D_-X-YZ_Y;Corner_2D_-X-Y-Z_X;Corner_2D_-X-Y-Z_Y;
J0:19:16:27:131;Hatchback_Car_AI_C_0;211;39407.746094;-65517.304688;-53285.25;-1;-1;666.062073;-0.233058;-0.97233;-0.016108;39404.179688;-65532.152344;-53206.484375;204.0;92.0;76.0;39445.808594;-65753.140625;-53133.773438;39446.394531;-65750.765625;-53285.75;39266.878906;-65710.25;-53133.789062;39267.464844;-65707.875;-53285.765625;39540.894531;-65356.429688;-53127.203125;39541.480469;-65354.054688;-53279.179688;39361.964844;-65313.539062;-53127.21875;39362.550781;-65311.164062;-53279.195312;-1;-1;-1;-1;-1;-1;-1;-1;-1;-1;-1;-1;-1;-1;-1;-1;-1;-1
J0:19:16:27:131;Hatchback_Car_AI_C_7;211;40030.144531;-63342.976562;-53302.285156;-1;-1;259.154541;-0.309587;-0.950317;0.032464;40026.59375;-63353.839844;-53222.871094;204.0;92.0;76.0;40051.667969;-63573.851562;-53140.277344;40050.160156;-63578.546875;-53292.199219;39876.714844;-63516.859375;-53140.300781;39875.207031;-63521.554688;-53292.222656;40177.980469;-63186.125;-53153.519531;40176.472656;-63190.820312;-53305.441406;40003.027344;-63129.132812;-53153.542969;40001.519531;-63133.828125;-53305.464844;-1;-1;-1;-1;-1;-1;-1;-1;-1;-1;-1;-1;-1;-1;-1;-1;-1;-1
