Time;ID;Cat;XPos;YPos;ZPos;2D_XPos;2D_YPos;Vel;XDir;YDir;ZDir;BBox_XPos;BBox_YPos;BBox_ZPos;BBox_Ext_X;BBox_Ext_Y;BBox_Ext_Z;Corner_XYZ_X;Corner_XYZ_Y;Corner_XYZ_Z;Corner_XY-Z_X;Corner_XY-Z_Y;Corner_XY-Z_Z;Corner_X-YZ_X;Corner_X-YZ_Y;Corner_X-YZ_Z;Corner_X-Y-Z_X;Corner_X-Y-Z_Y;Corner_X-Y-Z_Z;Corner_-XYZ_X;Corner_-XYZ_Y;Corner_-XYZ_Z;Corner_-XY-Z_X;Corner_-XY-Z_Y;Corner_-XY-Z_Z;Corner_-X-YZ_X;Corner_-X-YZ_Y;Corner_-X-YZ_Z;Corner_-X-Y-Z_X;Corner_-X-Y-Z_Y;Corner_-X-Y-Z_Z;BBox_2D_XPos;BBox_2D_YPos;Corner_2D_XYZ_X;Corner_2D_XYZ_Y;Corner_2D_XY-Z_X;Corner_2D_XY-Z_Y;Corner_2D_X-YZ_X;Corner_2D_X-YZ_Y;Corner_2D_X-Y-Z_X;Corner_2D_X-Y-Z_Y;Corner_2D_-XYZ_X;Corner_2D_-XYZ_Y;Corner_-2D_XY-Z_X;Corner_2D_-XY-Z_Y;Corner_2D_-X-YZ_X;Corner_2D_-X-YZ_Y;Corner_2D_-X-Y-Z_X;Corner_2D_-X-Y-Z_Y;
J0:19:16:39:130;Hatchback_Car_AI_C_0;211;39266.039062;-66172.835938;-53303.800781;-1;-1;689.953369;-0.198894;-0.979349;-0.036281;39262.683594;-66189.351562;-53225.359375;204.0;92.0;76.0;39311.71875;-66410.15625;-53156.808594;39312.820312;-66404.75;-53308.707031;39131.398438;-66373.53125;-53156.816406;39132.5;-66368.125;-53308.714844;39392.867188;-66010.578125;-53142.003906;39393.96875;-66005.171875;-53293.902344;39212.546875;-65973.953125;-53142.011719;39213.648438;-65968.546875;-53293.910156;-1;-1;-1;-1;-1;-1;-1;-1;-1;-1;-1;-1;-1;-1;-1;-1;-1;-1
J0:19:16:39:130;Hatchback_Car_AI_C_7;211;39928.652344;-63655.8125;-53294.003906;-1;-1;391.399811;-0.307438;-0.951215;0.025906;39924.9375;-63667.167969;-53214.667969;204.0;92.0;76.0;39950.328125;-63887.621094;-53133.363281;39949.195312;-63891.394531;-53285.308594;39775.242188;-63831.035156;-53133.457031;39774.109375;-63834.808594;-53285.402344;40075.765625;-63499.527344;-53143.933594;40074.632812;-63503.300781;-53295.878906;39900.679688;-63442.941406;-53144.027344;39899.546875;-63446.714844;-53295.972656;-1;-1;-1;-1;-1;-1;-1;-1;-1;-1;-1;-1;-1;-1;-1;-1;-1;-1
