Time;ID;Cat;XPos;YPos;ZPos;2D_XPos;2D_YPos;Vel;XDir;YDir;ZDir;BBox_XPos;BBox_YPos;BBox_ZPos;BBox_Ext_X;BBox_Ext_Y;BBox_Ext_Z;Corner_XYZ_X;Corner_XYZ_Y;Corner_XYZ_Z;Corner_XY-Z_X;Corner_XY-Z_Y;Corner_XY-Z_Z;Corner_X-YZ_X;Corner_X-YZ_Y;Corner_X-YZ_Z;Corner_X-Y-Z_X;Corner_X-Y-Z_Y;Corner_X-Y-Z_Z;Corner_-XYZ_X;Corner_-XYZ_Y;Corner_-XYZ_Z;Corner_-XY-Z_X;Corner_-XY-Z_Y;Corner_-XY-Z_Z;Corner_-X-YZ_X;Corner_-X-YZ_Y;Corner_-X-YZ_Z;Corner_-X-Y-Z_X;Corner_-X-Y-Z_Y;Corner_-X-Y-Z_Z;BBox_2D_XPos;BBox_2D_YPos;Corner_2D_XYZ_X;Corner_2D_XYZ_Y;Corner_2D_XY-Z_X;Corner_2D_XY-Z_Y;Corner_2D_X-YZ_X;Corner_2D_X-YZ_Y;Corner_2D_X-Y-Z_X;Corner_2D_X-Y-Z_Y;Corner_2D_-XYZ_X;Corner_2D_-XYZ_Y;Corner_-2D_XY-Z_X;Corner_2D_-XY-Z_Y;Corner_2D_-X-YZ_X;Corner_2D_-X-YZ_Y;Corner_2D_-X-Y-Z_X;Corner_2D_-X-Y-Z_Y;
J0:19:17:59:130;Hatchback_Car_AI_C_0;211;39070.316406;-70582.257812;-54050.371094;-1;-1;713.008545;0.083726;-0.964687;-0.249738;39073.375;-70615.40625;-53977.371094;204.0;92.0;76.0;39183.921875;-70823.085938;-53954.933594;39180.289062;-70785.304688;-54102.113281;39000.617188;-70839.101562;-53954.519531;38996.984375;-70801.320312;-54101.699219;39149.765625;-70429.492188;-53853.042969;39146.132812;-70391.710938;-54000.222656;38966.460938;-70445.507812;-53852.628906;38962.828125;-70407.726562;-53999.808594;-1;-1;-1;-1;-1;-1;-1;-1;-1;-1;-1;-1;-1;-1;-1;-1;-1;-1
J0:19:17:59:130;Hatchback_Car_AI_C_7;211;39055.011719;-67497.296875;-53396.894531;-1;-1;699.387024;-0.121693;-0.986552;-0.109118;39052.253906;-67519.664062;-53319.894531;204.0;92.0;76.0;39117.726562;-67740.421875;-53266.609375;39119.75;-67723.953125;-53417.703125;38935.109375;-67717.890625;-53266.609375;38937.132812;-67701.421875;-53417.703125;39167.375;-67337.90625;-53222.085938;39169.398438;-67321.4375;-53373.179688;38984.757812;-67315.375;-53222.085938;38986.78125;-67298.90625;-53373.179688;-1;-1;-1;-1;-1;-1;-1;-1;-1;-1;-1;-1;-1;-1;-1;-1;-1;-1
J0:19:17:59:130;Hatchback_Car_AI_C_11;211;39710.820312;-64363.4375;-53281.6875;-1;-1;532.892639;-0.285163;-0.958421;0.010566;39707.035156;-64376.046875;-53202.542969;204.0;92.0;76.0;39737.242188;-64597.023438;-53124.351562;39736.84375;-64598.578125;-53276.34375;39560.882812;-64544.554688;-53124.429688;39560.484375;-64546.109375;-53276.421875;39853.585938;-64205.984375;-53128.664062;39853.1875;-64207.539062;-53280.65625;39677.226562;-64153.515625;-53128.742188;39676.828125;-64155.070312;-53280.734375;-1;-1;-1;-1;-1;-1;-1;-1;-1;-1;-1;-1;-1;-1;-1;-1;-1;-1
