Time;ID;Cat;XPos;YPos;ZPos;2D_XPos;2D_YPos;Vel;XDir;YDir;ZDir;BBox_XPos;BBox_YPos;BBox_ZPos;BBox_Ext_X;BBox_Ext_Y;BBox_Ext_Z;Corner_XYZ_X;Corner_XYZ_Y;Corner_XYZ_Z;Corner_XY-Z_X;Corner_XY-Z_Y;Corner_XY-Z_Z;Corner_X-YZ_X;Corner_X-YZ_Y;Corner_X-YZ_Z;Corner_X-Y-Z_X;Corner_X-Y-Z_Y;Corner_X-Y-Z_Z;Corner_-XYZ_X;Corner_-XYZ_Y;Corner_-XYZ_Z;Corner_-XY-Z_X;Corner_-XY-Z_Y;Corner_-XY-Z_Z;Corner_-X-YZ_X;Corner_-X-YZ_Y;Corner_-X-YZ_Z;Corner_-X-Y-Z_X;Corner_-X-Y-Z_Y;Corner_-X-Y-Z_Z;BBox_2D_XPos;BBox_2D_YPos;Corner_2D_XYZ_X;Corner_2D_XYZ_Y;Corner_2D_XY-Z_X;Corner_2D_XY-Z_Y;Corner_2D_X-YZ_X;Corner_2D_X-YZ_Y;Corner_2D_X-Y-Z_X;Corner_2D_X-Y-Z_Y;Corner_2D_-XYZ_X;Corner_2D_-XYZ_Y;Corner_-2D_XY-Z_X;Corner_2D_-XY-Z_Y;Corner_2D_-X-YZ_X;Corner_2D_-X-YZ_Y;Corner_2D_-X-Y-Z_X;Corner_2D_-X-Y-Z_Y;
J0:19:17:32:732;Hatchback_Car_AI_C_0;211;38978.960938;-69111.40625;-53677.980469;-1;-1;690.971619;0.014915;-0.973374;-0.228737;38979.613281;-69143.101562;-53604.277344;204.0;92.0;76.0;39075.070312;-69357.601562;-53577.144531;39074.21875;-69322.835938;-53725.113281;38891.09375;-69360.507812;-53576.769531;38890.242188;-69325.742188;-53724.738281;39068.984375;-68960.460938;-53483.816406;39068.132812;-68925.695312;-53631.785156;38885.007812;-68963.367188;-53483.441406;38884.15625;-68928.601562;-53631.410156;-1;-1;-1;-1;-1;-1;-1;-1;-1;-1;-1;-1;-1;-1;-1;-1;-1;-1
J0:19:17:32:732;Hatchback_Car_AI_C_7;211;39287.824219;-66062.585938;-53299.679688;-1;-1;669.302917;-0.202554;-0.97871;-0.033144;39284.429688;-66078.84375;-53221.1875;204.0;92.0;76.0;39332.664062;-66299.609375;-53151.960938;39333.734375;-66294.6875;-53303.875;39152.484375;-66262.3125;-53152.023438;39153.554688;-66257.390625;-53303.9375;39415.304688;-65900.296875;-53138.4375;39416.375;-65895.375;-53290.351562;39235.125;-65863.0;-53138.5;39236.195312;-65858.078125;-53290.414062;-1;-1;-1;-1;-1;-1;-1;-1;-1;-1;-1;-1;-1;-1;-1;-1;-1;-1
J0:19:17:32:732;Hatchback_Car_AI_C_11;211;40000.582031;-63433.605469;-53299.761719;-1;-1;308.040894;-0.309771;-0.950337;0.03003;39996.953125;-63444.644531;-53220.375;204.0;92.0;76.0;40021.917969;-63664.84375;-53138.253906;40020.550781;-63669.203125;-53290.183594;39846.972656;-63607.820312;-53138.316406;39845.605469;-63612.179688;-53290.246094;40148.300781;-63277.109375;-53150.503906;40146.933594;-63281.46875;-53302.433594;39973.355469;-63220.085938;-53150.566406;39971.988281;-63224.445312;-53302.496094;-1;-1;-1;-1;-1;-1;-1;-1;-1;-1;-1;-1;-1;-1;-1;-1;-1;-1
