Time;ID;Cat;XPos;YPos;ZPos;2D_XPos;2D_YPos;Vel;XDir;YDir;ZDir;BBox_XPos;BBox_YPos;BBox_ZPos;BBox_Ext_X;BBox_Ext_Y;BBox_Ext_Z;Corner_XYZ_X;Corner_XYZ_Y;Corner_XYZ_Z;Corner_XY-Z_X;Corner_XY-Z_Y;Corner_XY-Z_Z;Corner_X-YZ_X;Corner_X-YZ_Y;Corner_X-YZ_Z;Corner_X-Y-Z_X;Corner_X-Y-Z_Y;Corner_X-Y-Z_Z;Corner_-XYZ_X;Corner_-XYZ_Y;Corner_-XYZ_Z;Corner_-XY-Z_X;Corner_-XY-Z_Y;Corner_-XY-Z_Z;Corner_-X-YZ_X;Corner_-X-YZ_Y;Corner_-X-YZ_Z;Corner_-X-Y-Z_X;Corner_-X-Y-Z_Y;Corner_-X-Y-Z_Z;BBox_2D_XPos;BBox_2D_YPos;Corner_2D_XYZ_X;Corner_2D_XYZ_Y;Corner_2D_XY-Z_X;Corner_2D_XY-Z_Y;Corner_2D_X-YZ_X;Corner_2D_X-YZ_Y;Corner_2D_X-Y-Z_X;Corner_2D_X-Y-Z_Y;Corner_2D_-XYZ_X;Corner_2D_-XYZ_Y;Corner_-2D_XY-Z_X;Corner_2D_-XY-Z_Y;Corner_2D_-X-YZ_X;Corner_2D_-X-YZ_Y;Corner_2D_-X-Y-Z_X;Corner_2D_-X-Y-Z_Y;
J0:19:16:39:530;Hatchback_Car_AI_C_0;211;39261.691406;-66194.875;-53304.621094;-1;-1;676.330688;-0.196131;-0.979852;-0.03772;39258.335938;-66211.507812;-53226.207031;204.0;92.0;76.0;39307.949219;-66432.257812;-53157.929688;39309.121094;-66426.648438;-53309.820312;39127.527344;-66396.148438;-53157.984375;39128.699219;-66390.539062;-53309.875;39387.972656;-66032.476562;-53142.539062;39389.144531;-66026.867188;-53294.429688;39207.550781;-65996.367188;-53142.59375;39208.722656;-65990.757812;-53294.484375;-1;-1;-1;-1;-1;-1;-1;-1;-1;-1;-1;-1;-1;-1;-1;-1;-1;-1
J0:19:16:39:530;Hatchback_Car_AI_C_7;211;39924.640625;-63668.320312;-53293.707031;-1;-1;394.595764;-0.307173;-0.951307;0.025681;39920.925781;-63679.695312;-53214.375;204.0;92.0;76.0;39946.378906;-63900.164062;-53133.117188;39945.246094;-63903.898438;-53285.070312;39771.277344;-63843.625;-53133.203125;39770.144531;-63847.359375;-53285.15625;40071.707031;-63512.03125;-53143.59375;40070.574219;-63515.765625;-53295.546875;39896.605469;-63455.492188;-53143.679688;39895.472656;-63459.226562;-53295.632812;-1;-1;-1;-1;-1;-1;-1;-1;-1;-1;-1;-1;-1;-1;-1;-1;-1;-1
