Time;ID;Cat;XPos;YPos;ZPos;2D_XPos;2D_YPos;Vel;XDir;YDir;ZDir;BBox_XPos;BBox_YPos;BBox_ZPos;BBox_Ext_X;BBox_Ext_Y;BBox_Ext_Z;Corner_XYZ_X;Corner_XYZ_Y;Corner_XYZ_Z;Corner_XY-Z_X;Corner_XY-Z_Y;Corner_XY-Z_Z;Corner_X-YZ_X;Corner_X-YZ_Y;Corner_X-YZ_Z;Corner_X-Y-Z_X;Corner_X-Y-Z_Y;Corner_X-Y-Z_Z;Corner_-XYZ_X;Corner_-XYZ_Y;Corner_-XYZ_Z;Corner_-XY-Z_X;Corner_-XY-Z_Y;Corner_-XY-Z_Z;Corner_-X-YZ_X;Corner_-X-YZ_Y;Corner_-X-YZ_Z;Corner_-X-Y-Z_X;Corner_-X-Y-Z_Y;Corner_-X-Y-Z_Z;BBox_2D_XPos;BBox_2D_YPos;Corner_2D_XYZ_X;Corner_2D_XYZ_Y;Corner_2D_XY-Z_X;Corner_2D_XY-Z_Y;Corner_2D_X-YZ_X;Corner_2D_X-YZ_Y;Corner_2D_X-Y-Z_X;Corner_2D_X-Y-Z_Y;Corner_2D_-XYZ_X;Corner_2D_-XYZ_Y;Corner_-2D_XY-Z_X;Corner_2D_-XY-Z_Y;Corner_2D_-X-YZ_X;Corner_2D_-X-YZ_Y;Corner_2D_-X-Y-Z_X;Corner_2D_-X-Y-Z_Y;
J0:19:16:35:533;Hatchback_Car_AI_C_0;211;39305.976562;-65977.242188;-53296.949219;-1;-1;640.223145;-0.207891;-0.977614;-0.032439;39302.515625;-65993.429688;-53218.445312;204.0;92.0;76.0;39349.5625;-66214.40625;-53149.078125;39350.625;-66209.59375;-53301.0;39169.585938;-66176.125;-53149.125;39170.648438;-66171.3125;-53301.046875;39434.382812;-65815.546875;-53135.84375;39435.445312;-65810.734375;-53287.765625;39254.40625;-65777.265625;-53135.890625;39255.46875;-65772.453125;-53287.8125;-1;-1;-1;-1;-1;-1;-1;-1;-1;-1;-1;-1;-1;-1;-1;-1;-1;-1
J0:19:16:35:533;Hatchback_Car_AI_C_7;211;39963.121094;-63549.03125;-53296.675781;-1;-1;352.987366;-0.308818;-0.950715;0.027793;39959.445312;-63560.242188;-53217.316406;204.0;92.0;76.0;39984.570312;-63780.589844;-53135.640625;39983.320312;-63784.628906;-53287.578125;39809.570312;-63723.746094;-53135.71875;39808.320312;-63727.785156;-53287.65625;40110.570312;-63392.699219;-53146.976562;40109.320312;-63396.738281;-53298.914062;39935.570312;-63335.855469;-53147.054688;39934.320312;-63339.894531;-53298.992188;-1;-1;-1;-1;-1;-1;-1;-1;-1;-1;-1;-1;-1;-1;-1;-1;-1;-1
