Time;ID;Cat;XPos;YPos;ZPos;2D_XPos;2D_YPos;Vel;XDir;YDir;ZDir;BBox_XPos;BBox_YPos;BBox_ZPos;BBox_Ext_X;BBox_Ext_Y;BBox_Ext_Z;Corner_XYZ_X;Corner_XYZ_Y;Corner_XYZ_Z;Corner_XY-Z_X;Corner_XY-Z_Y;Corner_XY-Z_Z;Corner_X-YZ_X;Corner_X-YZ_Y;Corner_X-YZ_Z;Corner_X-Y-Z_X;Corner_X-Y-Z_Y;Corner_X-Y-Z_Z;Corner_-XYZ_X;Corner_-XYZ_Y;Corner_-XYZ_Z;Corner_-XY-Z_X;Corner_-XY-Z_Y;Corner_-XY-Z_Z;Corner_-X-YZ_X;Corner_-X-YZ_Y;Corner_-X-YZ_Z;Corner_-X-Y-Z_X;Corner_-X-Y-Z_Y;Corner_-X-Y-Z_Z;BBox_2D_XPos;BBox_2D_YPos;Corner_2D_XYZ_X;Corner_2D_XYZ_Y;Corner_2D_XY-Z_X;Corner_2D_XY-Z_Y;Corner_2D_X-YZ_X;Corner_2D_X-YZ_Y;Corner_2D_X-Y-Z_X;Corner_2D_X-Y-Z_Y;Corner_2D_-XYZ_X;Corner_2D_-XYZ_Y;Corner_-2D_XY-Z_X;Corner_2D_-XY-Z_Y;Corner_2D_-X-YZ_X;Corner_2D_-X-YZ_Y;Corner_2D_-X-Y-Z_X;Corner_2D_-X-Y-Z_Y;
J0:19:16:05:130;Hatchback_Car_AI_C_0;211;39675.242188;-64486.914062;-53280.625;-1;-1;530.05127;-0.279665;-0.960066;0.007858;39671.46875;-64499.75;-53201.515625;204.0;92.0;76.0;39702.882812;-64720.75;-53123.878906;39702.609375;-64721.914062;-53275.871094;39526.226562;-64669.289062;-53123.957031;39525.953125;-64670.453125;-53275.949219;39816.984375;-64329.046875;-53127.082031;39816.710938;-64330.210938;-53279.074219;39640.328125;-64277.585938;-53127.160156;39640.054688;-64278.75;-53279.152344;-1;-1;-1;-1;-1;-1;-1;-1;-1;-1;-1;-1;-1;-1;-1;-1;-1;-1
J0:19:16:05:130;Hatchback_Car_AI_C_7;211;40068.667969;-63224.90625;-53306.234375;-1;-1;-0.12978;-0.308808;-0.950631;0.030613;40065.089844;-63235.914062;-53226.84375;204.0;92.0;76.0;40090.308594;-63456.050781;-53144.628906;40088.878906;-63460.480469;-53296.558594;39915.308594;-63399.207031;-53144.636719;39913.878906;-63403.636719;-53296.566406;40216.300781;-63068.191406;-53157.121094;40214.871094;-63072.621094;-53309.050781;40041.300781;-63011.347656;-53157.128906;40039.871094;-63015.777344;-53309.058594;-1;-1;-1;-1;-1;-1;-1;-1;-1;-1;-1;-1;-1;-1;-1;-1;-1;-1
