Time;ID;Cat;XPos;YPos;ZPos;2D_XPos;2D_YPos;Vel;XDir;YDir;ZDir;BBox_XPos;BBox_YPos;BBox_ZPos;BBox_Ext_X;BBox_Ext_Y;BBox_Ext_Z;Corner_XYZ_X;Corner_XYZ_Y;Corner_XYZ_Z;Corner_XY-Z_X;Corner_XY-Z_Y;Corner_XY-Z_Z;Corner_X-YZ_X;Corner_X-YZ_Y;Corner_X-YZ_Z;Corner_X-Y-Z_X;Corner_X-Y-Z_Y;Corner_X-Y-Z_Z;Corner_-XYZ_X;Corner_-XYZ_Y;Corner_-XYZ_Z;Corner_-XY-Z_X;Corner_-XY-Z_Y;Corner_-XY-Z_Z;Corner_-X-YZ_X;Corner_-X-YZ_Y;Corner_-X-YZ_Z;Corner_-X-Y-Z_X;Corner_-X-Y-Z_Y;Corner_-X-Y-Z_Z;BBox_2D_XPos;BBox_2D_YPos;Corner_2D_XYZ_X;Corner_2D_XYZ_Y;Corner_2D_XY-Z_X;Corner_2D_XY-Z_Y;Corner_2D_X-YZ_X;Corner_2D_X-YZ_Y;Corner_2D_X-Y-Z_X;Corner_2D_X-Y-Z_Y;Corner_2D_-XYZ_X;Corner_2D_-XYZ_Y;Corner_-2D_XY-Z_X;Corner_2D_-XY-Z_Y;Corner_2D_-X-YZ_X;Corner_2D_-X-YZ_Y;Corner_2D_-X-Y-Z_X;Corner_2D_-X-Y-Z_Y;
J0:19:16:07:529;Hatchback_Car_AI_C_0;211;39646.628906;-64587.972656;-53279.960938;-1;-1;537.370483;-0.275973;-0.961146;0.006188;39642.871094;-64600.949219;-53200.875;204.0;92.0;76.0;39675.101562;-64821.953125;-53123.578125;39674.898438;-64822.875;-53275.578125;39498.25;-64771.171875;-53123.648438;39498.046875;-64772.09375;-53275.648438;39787.695312;-64429.804688;-53126.101562;39787.492188;-64430.726562;-53278.101562;39610.84375;-64379.023438;-53126.171875;39610.640625;-64379.945312;-53278.171875;-1;-1;-1;-1;-1;-1;-1;-1;-1;-1;-1;-1;-1;-1;-1;-1;-1;-1
J0:19:16:07:529;Hatchback_Car_AI_C_7;211;40068.652344;-63224.921875;-53306.179688;-1;-1;-0.031872;-0.308798;-0.950617;0.031152;40065.089844;-63235.890625;-53226.78125;204.0;92.0;76.0;40090.324219;-63455.988281;-53144.460938;40088.863281;-63460.488281;-53296.390625;39915.324219;-63399.144531;-53144.460938;39913.863281;-63403.644531;-53296.390625;40216.316406;-63068.136719;-53157.171875;40214.855469;-63072.636719;-53309.101562;40041.316406;-63011.292969;-53157.171875;40039.855469;-63015.792969;-53309.101562;-1;-1;-1;-1;-1;-1;-1;-1;-1;-1;-1;-1;-1;-1;-1;-1;-1;-1
