Time;ID;Cat;XPos;YPos;ZPos;2D_XPos;2D_YPos;Vel;XDir;YDir;ZDir;BBox_XPos;BBox_YPos;BBox_ZPos;BBox_Ext_X;BBox_Ext_Y;BBox_Ext_Z;Corner_XYZ_X;Corner_XYZ_Y;Corner_XYZ_Z;Corner_XY-Z_X;Corner_XY-Z_Y;Corner_XY-Z_Z;Corner_X-YZ_X;Corner_X-YZ_Y;Corner_X-YZ_Z;Corner_X-Y-Z_X;Corner_X-Y-Z_Y;Corner_X-Y-Z_Z;Corner_-XYZ_X;Corner_-XYZ_Y;Corner_-XYZ_Z;Corner_-XY-Z_X;Corner_-XY-Z_Y;Corner_-XY-Z_Z;Corner_-X-YZ_X;Corner_-X-YZ_Y;Corner_-X-YZ_Z;Corner_-X-Y-Z_X;Corner_-X-Y-Z_Y;Corner_-X-Y-Z_Z;BBox_2D_XPos;BBox_2D_YPos;Corner_2D_XYZ_X;Corner_2D_XYZ_Y;Corner_2D_XY-Z_X;Corner_2D_XY-Z_Y;Corner_2D_X-YZ_X;Corner_2D_X-YZ_Y;Corner_2D_X-Y-Z_X;Corner_2D_X-Y-Z_Y;Corner_2D_-XYZ_X;Corner_2D_-XYZ_Y;Corner_-2D_XY-Z_X;Corner_2D_-XY-Z_Y;Corner_2D_-X-YZ_X;Corner_2D_-X-YZ_Y;Corner_2D_-X-Y-Z_X;Corner_2D_-X-Y-Z_Y;
J0:19:16:22:334;Hatchback_Car_AI_C_0;211;39468.535156;-65263.554688;-53281.570312;-1;-1;617.116882;-0.245396;-0.969377;-0.00943;39464.910156;-65277.847656;-53202.707031;204.0;92.0;76.0;39503.851562;-65498.871094;-53128.625;39504.21875;-65497.488281;-53280.617188;39325.476562;-65453.714844;-53128.640625;39325.84375;-65452.332031;-53280.632812;39603.976562;-65103.363281;-53124.78125;39604.34375;-65101.980469;-53276.773438;39425.601562;-65058.207031;-53124.796875;39425.96875;-65056.824219;-53276.789062;-1;-1;-1;-1;-1;-1;-1;-1;-1;-1;-1;-1;-1;-1;-1;-1;-1;-1
J0:19:16:22:334;Hatchback_Car_AI_C_7;211;40057.691406;-63258.539062;-53304.753906;-1;-1;166.631805;-0.309022;-0.9504;0.035296;40054.21875;-63269.191406;-53225.308594;204.0;92.0;76.0;40079.496094;-63488.96875;-53142.148438;40077.847656;-63494.078125;-53294.054688;39904.511719;-63432.070312;-53142.164062;39902.863281;-63437.179688;-53294.070312;40205.574219;-63101.203125;-53156.546875;40203.925781;-63106.3125;-53308.453125;40030.589844;-63044.304688;-53156.5625;40028.941406;-63049.414062;-53308.46875;-1;-1;-1;-1;-1;-1;-1;-1;-1;-1;-1;-1;-1;-1;-1;-1;-1;-1
