Time;ID;Cat;XPos;YPos;ZPos;2D_XPos;2D_YPos;Vel;XDir;YDir;ZDir;BBox_XPos;BBox_YPos;BBox_ZPos;BBox_Ext_X;BBox_Ext_Y;BBox_Ext_Z;Corner_XYZ_X;Corner_XYZ_Y;Corner_XYZ_Z;Corner_XY-Z_X;Corner_XY-Z_Y;Corner_XY-Z_Z;Corner_X-YZ_X;Corner_X-YZ_Y;Corner_X-YZ_Z;Corner_X-Y-Z_X;Corner_X-Y-Z_Y;Corner_X-Y-Z_Z;Corner_-XYZ_X;Corner_-XYZ_Y;Corner_-XYZ_Z;Corner_-XY-Z_X;Corner_-XY-Z_Y;Corner_-XY-Z_Z;Corner_-X-YZ_X;Corner_-X-YZ_Y;Corner_-X-YZ_Z;Corner_-X-Y-Z_X;Corner_-X-Y-Z_Y;Corner_-X-Y-Z_Z;BBox_2D_XPos;BBox_2D_YPos;Corner_2D_XYZ_X;Corner_2D_XYZ_Y;Corner_2D_XY-Z_X;Corner_2D_XY-Z_Y;Corner_2D_X-YZ_X;Corner_2D_X-YZ_Y;Corner_2D_X-Y-Z_X;Corner_2D_X-Y-Z_Y;Corner_2D_-XYZ_X;Corner_2D_-XYZ_Y;Corner_-2D_XY-Z_X;Corner_2D_-XY-Z_Y;Corner_2D_-X-YZ_X;Corner_2D_-X-YZ_Y;Corner_2D_-X-Y-Z_X;Corner_2D_-X-Y-Z_Y;
J0:19:17:24:737;Hatchback_Car_AI_C_0;211;38977.546875;-68664.125;-53579.324219;-1;-1;718.266724;-0.021831;-0.979999;-0.1978;38976.949219;-68693.46875;-53504.652344;204.0;92.0;76.0;39064.191406;-68910.460938;-53470.570312;39064.753906;-68880.398438;-53619.570312;38880.238281;-68906.382812;-53470.4375;38880.800781;-68876.320312;-53619.4375;39073.097656;-68510.617188;-53389.867188;39073.660156;-68480.554688;-53538.867188;38889.144531;-68506.539062;-53389.734375;38889.707031;-68476.476562;-53538.734375;-1;-1;-1;-1;-1;-1;-1;-1;-1;-1;-1;-1;-1;-1;-1;-1;-1;-1
J0:19:17:24:737;Hatchback_Car_AI_C_7;211;39380.234375;-65635.03125;-53287.613281;-1;-1;700.665405;-0.225846;-0.973982;-0.018771;39376.71875;-65650.109375;-53208.890625;204.0;92.0;76.0;39419.925781;-65870.96875;-53136.710938;39420.605469;-65868.203125;-53288.6875;39240.683594;-65829.40625;-53136.75;39241.363281;-65826.640625;-53288.726562;39512.074219;-65473.585938;-53129.054688;39512.753906;-65470.8125;-53281.03125;39332.832031;-65432.023438;-53129.09375;39333.511719;-65429.25;-53281.070312;-1;-1;-1;-1;-1;-1;-1;-1;-1;-1;-1;-1;-1;-1;-1;-1;-1;-1
J0:19:17:24:737;Hatchback_Car_AI_C_11;211;40053.949219;-63270.058594;-53304.382812;-1;-1;187.938202;-0.309081;-0.950386;0.035145;40050.472656;-63280.722656;-53224.941406;204.0;92.0;76.0;40075.730469;-63500.511719;-53141.8125;40074.089844;-63505.597656;-53293.71875;39900.753906;-63443.605469;-53141.828125;39899.113281;-63448.691406;-53293.734375;40201.832031;-63112.753906;-53156.148438;40200.191406;-63117.839844;-53308.054688;40026.855469;-63055.847656;-53156.164062;40025.214844;-63060.933594;-53308.070312;-1;-1;-1;-1;-1;-1;-1;-1;-1;-1;-1;-1;-1;-1;-1;-1;-1;-1
