Time;ID;Cat;XPos;YPos;ZPos;2D_XPos;2D_YPos;Vel;XDir;YDir;ZDir;BBox_XPos;BBox_YPos;BBox_ZPos;BBox_Ext_X;BBox_Ext_Y;BBox_Ext_Z;Corner_XYZ_X;Corner_XYZ_Y;Corner_XYZ_Z;Corner_XY-Z_X;Corner_XY-Z_Y;Corner_XY-Z_Z;Corner_X-YZ_X;Corner_X-YZ_Y;Corner_X-YZ_Z;Corner_X-Y-Z_X;Corner_X-Y-Z_Y;Corner_X-Y-Z_Z;Corner_-XYZ_X;Corner_-XYZ_Y;Corner_-XYZ_Z;Corner_-XY-Z_X;Corner_-XY-Z_Y;Corner_-XY-Z_Z;Corner_-X-YZ_X;Corner_-X-YZ_Y;Corner_-X-YZ_Z;Corner_-X-Y-Z_X;Corner_-X-Y-Z_Y;Corner_-X-Y-Z_Z;BBox_2D_XPos;BBox_2D_YPos;Corner_2D_XYZ_X;Corner_2D_XYZ_Y;Corner_2D_XY-Z_X;Corner_2D_XY-Z_Y;Corner_2D_X-YZ_X;Corner_2D_X-YZ_Y;Corner_2D_X-Y-Z_X;Corner_2D_X-Y-Z_Y;Corner_2D_-XYZ_X;Corner_2D_-XYZ_Y;Corner_-2D_XY-Z_X;Corner_2D_-XY-Z_Y;Corner_2D_-X-YZ_X;Corner_2D_-X-YZ_Y;Corner_2D_-X-Y-Z_X;Corner_2D_-X-Y-Z_Y;
J0:19:16:21:534;Hatchback_Car_AI_C_0;211;39478.515625;-65223.179688;-53281.148438;-1;-1;611.88147;-0.247386;-0.968881;-0.008346;39474.875;-65237.378906;-53202.269531;204.0;92.0;76.0;39513.378906;-65458.402344;-53127.960938;39513.722656;-65457.183594;-53279.953125;39335.097656;-65412.878906;-53127.992188;39335.441406;-65411.660156;-53279.984375;39614.308594;-65063.097656;-53124.554688;39614.652344;-65061.878906;-53276.546875;39436.027344;-65017.574219;-53124.585938;39436.371094;-65016.355469;-53276.578125;-1;-1;-1;-1;-1;-1;-1;-1;-1;-1;-1;-1;-1;-1;-1;-1;-1;-1
J0:19:16:21:534;Hatchback_Car_AI_C_7;211;40061.003906;-63248.390625;-53305.105469;-1;-1;141.865448;-0.308957;-0.950424;0.035212;40057.535156;-63259.050781;-53225.660156;204.0;92.0;76.0;40082.824219;-63478.832031;-53142.519531;40081.175781;-63483.925781;-53294.425781;39907.839844;-63421.949219;-53142.527344;39906.191406;-63427.042969;-53294.433594;40208.878906;-63091.058594;-53156.886719;40207.230469;-63096.152344;-53308.792969;40033.894531;-63034.175781;-53156.894531;40032.246094;-63039.269531;-53308.800781;-1;-1;-1;-1;-1;-1;-1;-1;-1;-1;-1;-1;-1;-1;-1;-1;-1;-1
