Time;ID;Cat;XPos;YPos;ZPos;2D_XPos;2D_YPos;Vel;XDir;YDir;ZDir;BBox_XPos;BBox_YPos;BBox_ZPos;BBox_Ext_X;BBox_Ext_Y;BBox_Ext_Z;Corner_XYZ_X;Corner_XYZ_Y;Corner_XYZ_Z;Corner_XY-Z_X;Corner_XY-Z_Y;Corner_XY-Z_Z;Corner_X-YZ_X;Corner_X-YZ_Y;Corner_X-YZ_Z;Corner_X-Y-Z_X;Corner_X-Y-Z_Y;Corner_X-Y-Z_Z;Corner_-XYZ_X;Corner_-XYZ_Y;Corner_-XYZ_Z;Corner_-XY-Z_X;Corner_-XY-Z_Y;Corner_-XY-Z_Z;Corner_-X-YZ_X;Corner_-X-YZ_Y;Corner_-X-YZ_Z;Corner_-X-Y-Z_X;Corner_-X-Y-Z_Y;Corner_-X-Y-Z_Z;BBox_2D_XPos;BBox_2D_YPos;Corner_2D_XYZ_X;Corner_2D_XYZ_Y;Corner_2D_XY-Z_X;Corner_2D_XY-Z_Y;Corner_2D_X-YZ_X;Corner_2D_X-YZ_Y;Corner_2D_X-Y-Z_X;Corner_2D_X-Y-Z_Y;Corner_2D_-XYZ_X;Corner_2D_-XYZ_Y;Corner_-2D_XY-Z_X;Corner_2D_-XY-Z_Y;Corner_2D_-X-YZ_X;Corner_2D_-X-YZ_Y;Corner_2D_-X-Y-Z_X;Corner_2D_-X-Y-Z_Y;
J0:19:15:58:734;Hatchback_Car_AI_C_0;211;39754.0;-64217.046875;-53283.199219;-1;-1;542.391357;-0.289946;-0.956927;0.01489;39750.238281;-64229.304688;-53204.0;204.0;92.0;76.0;39779.421875;-64450.097656;-53124.914062;39778.851562;-64452.292969;-53276.898438;39603.328125;-64396.746094;-53125.023438;39602.757812;-64398.941406;-53277.007812;39897.71875;-64059.667969;-53130.992188;39897.148438;-64061.863281;-53282.976562;39721.625;-64006.316406;-53131.101562;39721.054688;-64008.511719;-53283.085938;-1;-1;-1;-1;-1;-1;-1;-1;-1;-1;-1;-1;-1;-1;-1;-1;-1;-1
J0:19:15:58:734;Hatchback_Car_AI_C_7;211;40068.945312;-63224.167969;-53306.292969;-1;-1;-1.340029;-0.309006;-0.951048;0.004888;40064.738281;-63237.113281;-53227.226562;204.0;92.0;76.0;40089.308594;-63459.203125;-53150.230469;40089.082031;-63459.914062;-53302.230469;39914.316406;-63402.34375;-53150.230469;39914.089844;-63403.054688;-53302.230469;40215.386719;-63071.171875;-53152.222656;40215.160156;-63071.882812;-53304.222656;40040.394531;-63014.3125;-53152.222656;40040.167969;-63015.023438;-53304.222656;-1;-1;-1;-1;-1;-1;-1;-1;-1;-1;-1;-1;-1;-1;-1;-1;-1;-1
