Time;ID;Cat;XPos;YPos;ZPos;2D_XPos;2D_YPos;Vel;XDir;YDir;ZDir;BBox_XPos;BBox_YPos;BBox_ZPos;BBox_Ext_X;BBox_Ext_Y;BBox_Ext_Z;Corner_XYZ_X;Corner_XYZ_Y;Corner_XYZ_Z;Corner_XY-Z_X;Corner_XY-Z_Y;Corner_XY-Z_Z;Corner_X-YZ_X;Corner_X-YZ_Y;Corner_X-YZ_Z;Corner_X-Y-Z_X;Corner_X-Y-Z_Y;Corner_X-Y-Z_Z;Corner_-XYZ_X;Corner_-XYZ_Y;Corner_-XYZ_Z;Corner_-XY-Z_X;Corner_-XY-Z_Y;Corner_-XY-Z_Z;Corner_-X-YZ_X;Corner_-X-YZ_Y;Corner_-X-YZ_Z;Corner_-X-Y-Z_X;Corner_-X-Y-Z_Y;Corner_-X-Y-Z_Z;BBox_2D_XPos;BBox_2D_YPos;Corner_2D_XYZ_X;Corner_2D_XYZ_Y;Corner_2D_XY-Z_X;Corner_2D_XY-Z_Y;Corner_2D_X-YZ_X;Corner_2D_X-YZ_Y;Corner_2D_X-Y-Z_X;Corner_2D_X-Y-Z_Y;Corner_2D_-XYZ_X;Corner_2D_-XYZ_Y;Corner_-2D_XY-Z_X;Corner_2D_-XY-Z_Y;Corner_2D_-X-YZ_X;Corner_2D_-X-YZ_Y;Corner_2D_-X-Y-Z_X;Corner_2D_-X-Y-Z_Y;
J0:19:16:03:531;Hatchback_Car_AI_C_0;211;39694.46875;-64419.878906;-53281.167969;-1;-1;530.852722;-0.282162;-0.959322;0.009275;39690.691406;-64432.597656;-53202.042969;204.0;92.0;76.0;39721.558594;-64653.574219;-53124.117188;39721.222656;-64654.949219;-53276.109375;39545.035156;-64601.652344;-53124.195312;39544.699219;-64603.027344;-53276.1875;39836.683594;-64262.167969;-53127.898438;39836.347656;-64263.542969;-53279.890625;39660.160156;-64210.246094;-53127.976562;39659.824219;-64211.621094;-53279.96875;-1;-1;-1;-1;-1;-1;-1;-1;-1;-1;-1;-1;-1;-1;-1;-1;-1;-1
J0:19:16:03:531;Hatchback_Car_AI_C_7;211;40068.679688;-63224.867188;-53306.402344;-1;-1;-0.285303;-0.308828;-0.950675;0.029006;40065.0625;-63235.996094;-53227.03125;204.0;92.0;76.0;40090.242188;-63456.261719;-53145.140625;40088.882812;-63460.457031;-53297.078125;39915.242188;-63399.410156;-53145.148438;39913.882812;-63403.605469;-53297.085938;40216.242188;-63068.386719;-53156.976562;40214.882812;-63072.582031;-53308.914062;40041.242188;-63011.535156;-53156.984375;40039.882812;-63015.730469;-53308.921875;-1;-1;-1;-1;-1;-1;-1;-1;-1;-1;-1;-1;-1;-1;-1;-1;-1;-1
