Time;ID;Cat;XPos;YPos;ZPos;2D_XPos;2D_YPos;Vel;XDir;YDir;ZDir;BBox_XPos;BBox_YPos;BBox_ZPos;BBox_Ext_X;BBox_Ext_Y;BBox_Ext_Z;Corner_XYZ_X;Corner_XYZ_Y;Corner_XYZ_Z;Corner_XY-Z_X;Corner_XY-Z_Y;Corner_XY-Z_Z;Corner_X-YZ_X;Corner_X-YZ_Y;Corner_X-YZ_Z;Corner_X-Y-Z_X;Corner_X-Y-Z_Y;Corner_X-Y-Z_Z;Corner_-XYZ_X;Corner_-XYZ_Y;Corner_-XYZ_Z;Corner_-XY-Z_X;Corner_-XY-Z_Y;Corner_-XY-Z_Z;Corner_-X-YZ_X;Corner_-X-YZ_Y;Corner_-X-YZ_Z;Corner_-X-Y-Z_X;Corner_-X-Y-Z_Y;Corner_-X-Y-Z_Z;BBox_2D_XPos;BBox_2D_YPos;Corner_2D_XYZ_X;Corner_2D_XYZ_Y;Corner_2D_XY-Z_X;Corner_2D_XY-Z_Y;Corner_2D_X-YZ_X;Corner_2D_X-YZ_Y;Corner_2D_X-Y-Z_X;Corner_2D_X-Y-Z_Y;Corner_2D_-XYZ_X;Corner_2D_-XYZ_Y;Corner_-2D_XY-Z_X;Corner_2D_-XY-Z_Y;Corner_2D_-X-YZ_X;Corner_2D_-X-YZ_Y;Corner_2D_-X-Y-Z_X;Corner_2D_-X-Y-Z_Y;
J0:19:17:56:338;Hatchback_Car_AI_C_0;211;39056.675781;-70424.398438;-54009.699219;-1;-1;711.483704;0.080769;-0.964537;-0.251284;39059.644531;-70457.671875;-53936.753906;204.0;92.0;76.0;39169.5625;-70665.726562;-53914.65625;39166.03125;-70627.695312;-54061.78125;38986.210938;-70681.179688;-53914.25;38982.679688;-70643.148438;-54061.375;39136.609375;-70272.195312;-53812.132812;39133.078125;-70234.164062;-53959.257812;38953.257812;-70287.648438;-53811.726562;38949.726562;-70249.617188;-53958.851562;-1;-1;-1;-1;-1;-1;-1;-1;-1;-1;-1;-1;-1;-1;-1;-1;-1;-1
J0:19:17:56:338;Hatchback_Car_AI_C_7;211;39074.832031;-67335.476562;-53379.730469;-1;-1;678.611633;-0.133152;-0.986224;-0.098143;39071.945312;-67356.96875;-53302.484375;204.0;92.0;76.0;39134.96875;-67577.851562;-53246.890625;39136.9375;-67563.070312;-53398.15625;38952.625;-67553.242188;-53246.851562;38954.59375;-67538.460938;-53398.117188;39189.296875;-67175.476562;-53206.851562;39191.265625;-67160.695312;-53358.117188;39006.953125;-67150.867188;-53206.8125;39008.921875;-67136.085938;-53358.078125;-1;-1;-1;-1;-1;-1;-1;-1;-1;-1;-1;-1;-1;-1;-1;-1;-1;-1
J0:19:17:56:338;Hatchback_Car_AI_C_11;211;39745.441406;-64245.738281;-53282.867188;-1;-1;518.60199;-0.290881;-0.956676;0.012651;39741.625;-64258.164062;-53203.695312;204.0;92.0;76.0;39770.550781;-64479.15625;-53125.078125;39770.058594;-64481.015625;-53277.0625;39594.511719;-64425.632812;-53125.164062;39594.019531;-64427.492188;-53277.148438;39889.230469;-64088.835938;-53130.242188;39888.738281;-64090.695312;-53282.226562;39713.191406;-64035.3125;-53130.328125;39712.699219;-64037.171875;-53282.3125;-1;-1;-1;-1;-1;-1;-1;-1;-1;-1;-1;-1;-1;-1;-1;-1;-1;-1
