Time;ID;Cat;XPos;YPos;ZPos;2D_XPos;2D_YPos;Vel;XDir;YDir;ZDir;BBox_XPos;BBox_YPos;BBox_ZPos;BBox_Ext_X;BBox_Ext_Y;BBox_Ext_Z;Corner_XYZ_X;Corner_XYZ_Y;Corner_XYZ_Z;Corner_XY-Z_X;Corner_XY-Z_Y;Corner_XY-Z_Z;Corner_X-YZ_X;Corner_X-YZ_Y;Corner_X-YZ_Z;Corner_X-Y-Z_X;Corner_X-Y-Z_Y;Corner_X-Y-Z_Z;Corner_-XYZ_X;Corner_-XYZ_Y;Corner_-XYZ_Z;Corner_-XY-Z_X;Corner_-XY-Z_Y;Corner_-XY-Z_Z;Corner_-X-YZ_X;Corner_-X-YZ_Y;Corner_-X-YZ_Z;Corner_-X-Y-Z_X;Corner_-X-Y-Z_Y;Corner_-X-Y-Z_Z;BBox_2D_XPos;BBox_2D_YPos;Corner_2D_XYZ_X;Corner_2D_XYZ_Y;Corner_2D_XY-Z_X;Corner_2D_XY-Z_Y;Corner_2D_X-YZ_X;Corner_2D_X-YZ_Y;Corner_2D_X-Y-Z_X;Corner_2D_X-Y-Z_Y;Corner_2D_-XYZ_X;Corner_2D_-XYZ_Y;Corner_-2D_XY-Z_X;Corner_2D_-XY-Z_Y;Corner_2D_-X-YZ_X;Corner_2D_-X-YZ_Y;Corner_2D_-X-Y-Z_X;Corner_2D_-X-Y-Z_Y;
J0:19:17:35:930;Hatchback_Car_AI_C_0;211;38983.8125;-69292.039062;-53721.050781;-1;-1;682.001648;0.027769;-0.971063;-0.237206;38984.898438;-69324.359375;-53647.625;204.0;92.0;76.0;39083.195312;-69537.796875;-53622.367188;39081.851562;-69501.765625;-53770.03125;38899.273438;-69543.140625;-53622.0;38897.929688;-69507.109375;-53769.664062;39071.867188;-69141.609375;-53525.585938;39070.523438;-69105.578125;-53673.25;38887.945312;-69146.953125;-53525.21875;38886.601562;-69110.921875;-53672.882812;-1;-1;-1;-1;-1;-1;-1;-1;-1;-1;-1;-1;-1;-1;-1;-1;-1;-1
J0:19:17:35:930;Hatchback_Car_AI_C_7;211;39253.574219;-66234.382812;-53306.355469;-1;-1;660.720459;-0.192127;-0.980579;-0.039394;39250.25;-66251.15625;-53227.96875;204.0;92.0;76.0;39300.722656;-66471.8125;-53160.015625;39301.949219;-66465.953125;-53311.898438;39120.160156;-66436.4375;-53160.109375;39121.386719;-66430.578125;-53311.992188;39379.113281;-66071.734375;-53143.945312;39380.339844;-66065.875;-53295.828125;39198.550781;-66036.359375;-53144.039062;39199.777344;-66030.5;-53295.921875;-1;-1;-1;-1;-1;-1;-1;-1;-1;-1;-1;-1;-1;-1;-1;-1;-1;-1
J0:19:17:35:930;Hatchback_Car_AI_C_11;211;39973.648438;-63516.605469;-53297.519531;-1;-1;343.425323;-0.309066;-0.950615;0.02845;39969.992188;-63527.769531;-53218.152344;204.0;92.0;76.0;39995.078125;-63748.078125;-53136.347656;39993.789062;-63752.203125;-53288.285156;39820.09375;-63691.1875;-53136.410156;39818.804688;-63695.3125;-53288.347656;40121.179688;-63360.226562;-53147.957031;40119.890625;-63364.351562;-53299.894531;39946.195312;-63303.335938;-53148.019531;39944.90625;-63307.460938;-53299.957031;-1;-1;-1;-1;-1;-1;-1;-1;-1;-1;-1;-1;-1;-1;-1;-1;-1;-1
