Time;ID;Cat;XPos;YPos;ZPos;2D_XPos;2D_YPos;Vel;XDir;YDir;ZDir;BBox_XPos;BBox_YPos;BBox_ZPos;BBox_Ext_X;BBox_Ext_Y;BBox_Ext_Z;Corner_XYZ_X;Corner_XYZ_Y;Corner_XYZ_Z;Corner_XY-Z_X;Corner_XY-Z_Y;Corner_XY-Z_Z;Corner_X-YZ_X;Corner_X-YZ_Y;Corner_X-YZ_Z;Corner_X-Y-Z_X;Corner_X-Y-Z_Y;Corner_X-Y-Z_Z;Corner_-XYZ_X;Corner_-XYZ_Y;Corner_-XYZ_Z;Corner_-XY-Z_X;Corner_-XY-Z_Y;Corner_-XY-Z_Z;Corner_-X-YZ_X;Corner_-X-YZ_Y;Corner_-X-YZ_Z;Corner_-X-Y-Z_X;Corner_-X-Y-Z_Y;Corner_-X-Y-Z_Z;BBox_2D_XPos;BBox_2D_YPos;Corner_2D_XYZ_X;Corner_2D_XYZ_Y;Corner_2D_XY-Z_X;Corner_2D_XY-Z_Y;Corner_2D_X-YZ_X;Corner_2D_X-YZ_Y;Corner_2D_X-Y-Z_X;Corner_2D_X-Y-Z_Y;Corner_2D_-XYZ_X;Corner_2D_-XYZ_Y;Corner_-2D_XY-Z_X;Corner_2D_-XY-Z_Y;Corner_2D_-X-YZ_X;Corner_2D_-X-YZ_Y;Corner_2D_-X-Y-Z_X;Corner_2D_-X-Y-Z_Y;
J0:19:16:12:733;Hatchback_Car_AI_C_0;211;39585.199219;-64810.996094;-53279.257812;-1;-1;535.399048;-0.267651;-0.963516;0.000762;39581.457031;-64824.421875;-53200.246094;204.0;92.0;76.0;39615.503906;-65045.546875;-53124.074219;39615.496094;-65045.664062;-53276.074219;39438.214844;-64996.296875;-53124.105469;39438.207031;-64996.414062;-53276.105469;39724.707031;-64652.429688;-53124.386719;39724.699219;-64652.546875;-53276.386719;39547.417969;-64603.179688;-53124.417969;39547.410156;-64603.296875;-53276.417969;-1;-1;-1;-1;-1;-1;-1;-1;-1;-1;-1;-1;-1;-1;-1;-1;-1;-1
J0:19:16:12:733;Hatchback_Car_AI_C_7;211;40068.648438;-63224.9375;-53306.144531;-1;-1;-0.001825;-0.308786;-0.950611;0.031477;40065.09375;-63235.882812;-53226.742188;204.0;92.0;76.0;40090.339844;-63455.957031;-53144.359375;40088.863281;-63460.503906;-53296.28125;39915.339844;-63399.113281;-53144.359375;39913.863281;-63403.660156;-53296.28125;40216.324219;-63068.105469;-53157.203125;40214.847656;-63072.652344;-53309.125;40041.324219;-63011.261719;-53157.203125;40039.847656;-63015.808594;-53309.125;-1;-1;-1;-1;-1;-1;-1;-1;-1;-1;-1;-1;-1;-1;-1;-1;-1;-1
