Time;ID;Cat;XPos;YPos;ZPos;2D_XPos;2D_YPos;Vel;XDir;YDir;ZDir;BBox_XPos;BBox_YPos;BBox_ZPos;BBox_Ext_X;BBox_Ext_Y;BBox_Ext_Z;Corner_XYZ_X;Corner_XYZ_Y;Corner_XYZ_Z;Corner_XY-Z_X;Corner_XY-Z_Y;Corner_XY-Z_Z;Corner_X-YZ_X;Corner_X-YZ_Y;Corner_X-YZ_Z;Corner_X-Y-Z_X;Corner_X-Y-Z_Y;Corner_X-Y-Z_Z;Corner_-XYZ_X;Corner_-XYZ_Y;Corner_-XYZ_Z;Corner_-XY-Z_X;Corner_-XY-Z_Y;Corner_-XY-Z_Z;Corner_-X-YZ_X;Corner_-X-YZ_Y;Corner_-X-YZ_Z;Corner_-X-Y-Z_X;Corner_-X-Y-Z_Y;Corner_-X-Y-Z_Z;BBox_2D_XPos;BBox_2D_YPos;Corner_2D_XYZ_X;Corner_2D_XYZ_Y;Corner_2D_XY-Z_X;Corner_2D_XY-Z_Y;Corner_2D_X-YZ_X;Corner_2D_X-YZ_Y;Corner_2D_X-Y-Z_X;Corner_2D_X-Y-Z_Y;Corner_2D_-XYZ_X;Corner_2D_-XYZ_Y;Corner_-2D_XY-Z_X;Corner_2D_-XY-Z_Y;Corner_2D_-X-YZ_X;Corner_2D_-X-YZ_Y;Corner_2D_-X-Y-Z_X;Corner_2D_-X-Y-Z_Y;
J0:19:16:55:134;Hatchback_Car_AI_C_0;211;39116.335938;-67035.789062;-53352.566406;-1;-1;690.937988;-0.151552;-0.985455;-0.076878;39113.292969;-67055.585938;-53274.875;204.0;92.0;76.0;39172.417969;-67276.375;-53214.789062;39174.191406;-67264.828125;-53366.335938;38990.558594;-67248.40625;-53214.78125;38992.332031;-67236.859375;-53366.328125;39234.253906;-66874.3125;-53183.421875;39236.027344;-66862.765625;-53334.96875;39052.394531;-66846.34375;-53183.414062;39054.167969;-66834.796875;-53334.960938;-1;-1;-1;-1;-1;-1;-1;-1;-1;-1;-1;-1;-1;-1;-1;-1;-1;-1
J0:19:16:55:134;Hatchback_Car_AI_C_7;211;39742.210938;-64256.203125;-53282.746094;-1;-1;542.499878;-0.288455;-0.957395;0.01371;39738.441406;-64268.554688;-53203.5625;204.0;92.0;76.0;39767.945312;-64489.390625;-53124.71875;39767.429688;-64491.414062;-53276.703125;39591.765625;-64436.3125;-53124.828125;39591.25;-64438.335938;-53276.8125;39885.632812;-64098.773438;-53130.3125;39885.117188;-64100.796875;-53282.296875;39709.453125;-64045.695312;-53130.421875;39708.9375;-64047.71875;-53282.40625;-1;-1;-1;-1;-1;-1;-1;-1;-1;-1;-1;-1;-1;-1;-1;-1;-1;-1
