Time;ID;Cat;XPos;YPos;ZPos;2D_XPos;2D_YPos;Vel;XDir;YDir;ZDir;BBox_XPos;BBox_YPos;BBox_ZPos;BBox_Ext_X;BBox_Ext_Y;BBox_Ext_Z;Corner_XYZ_X;Corner_XYZ_Y;Corner_XYZ_Z;Corner_XY-Z_X;Corner_XY-Z_Y;Corner_XY-Z_Z;Corner_X-YZ_X;Corner_X-YZ_Y;Corner_X-YZ_Z;Corner_X-Y-Z_X;Corner_X-Y-Z_Y;Corner_X-Y-Z_Z;Corner_-XYZ_X;Corner_-XYZ_Y;Corner_-XYZ_Z;Corner_-XY-Z_X;Corner_-XY-Z_Y;Corner_-XY-Z_Z;Corner_-X-YZ_X;Corner_-X-YZ_Y;Corner_-X-YZ_Z;Corner_-X-Y-Z_X;Corner_-X-Y-Z_Y;Corner_-X-Y-Z_Z;BBox_2D_XPos;BBox_2D_YPos;Corner_2D_XYZ_X;Corner_2D_XYZ_Y;Corner_2D_XY-Z_X;Corner_2D_XY-Z_Y;Corner_2D_X-YZ_X;Corner_2D_X-YZ_Y;Corner_2D_X-Y-Z_X;Corner_2D_X-Y-Z_Y;Corner_2D_-XYZ_X;Corner_2D_-XYZ_Y;Corner_-2D_XY-Z_X;Corner_2D_-XY-Z_Y;Corner_2D_-X-YZ_X;Corner_2D_-X-YZ_Y;Corner_2D_-X-Y-Z_X;Corner_2D_-X-Y-Z_Y;
J0:19:17:54:333;Hatchback_Car_AI_C_0;211;39047.277344;-70311.546875;-53980.644531;-1;-1;686.506042;0.075905;-0.964498;-0.252945;39050.109375;-70344.953125;-53907.753906;204.0;92.0;76.0;39159.007812;-70553.585938;-53886.054688;39155.601562;-70515.289062;-54033.109375;38975.585938;-70568.132812;-53885.601562;38972.179688;-70529.835938;-54032.65625;39128.039062;-70160.070312;-53782.851562;39124.632812;-70121.773438;-53929.90625;38944.617188;-70174.617188;-53782.398438;38941.210938;-70136.320312;-53929.453125;-1;-1;-1;-1;-1;-1;-1;-1;-1;-1;-1;-1;-1;-1;-1;-1;-1;-1
J0:19:17:54:333;Hatchback_Car_AI_C_7;211;39089.425781;-67225.007812;-53369.171875;-1;-1;663.942688;-0.138057;-0.986213;-0.091239;39086.460938;-67245.945312;-53291.777344;204.0;92.0;76.0;39148.414062;-67466.75;-53234.671875;39150.398438;-67453.03125;-53386.039062;38966.195312;-67441.234375;-53234.742188;38968.179688;-67427.515625;-53386.109375;39204.742188;-67064.375;-53197.445312;39206.726562;-67050.65625;-53348.8125;39022.523438;-67038.859375;-53197.515625;39024.507812;-67025.140625;-53348.882812;-1;-1;-1;-1;-1;-1;-1;-1;-1;-1;-1;-1;-1;-1;-1;-1;-1;-1
J0:19:17:54:333;Hatchback_Car_AI_C_11;211;39770.742188;-64161.335938;-53283.914062;-1;-1;539.965576;-0.292514;-0.956123;0.01623;39766.976562;-64173.480469;-53204.695312;204.0;92.0;76.0;39795.597656;-64394.253906;-53125.339844;39794.964844;-64396.636719;-53277.316406;39619.644531;-64340.425781;-53125.449219;39619.011719;-64342.808594;-53277.425781;39914.941406;-64004.152344;-53131.964844;39914.308594;-64006.535156;-53283.941406;39738.988281;-63950.324219;-53132.074219;39738.355469;-63952.707031;-53284.050781;-1;-1;-1;-1;-1;-1;-1;-1;-1;-1;-1;-1;-1;-1;-1;-1;-1;-1
