Time;ID;Cat;XPos;YPos;ZPos;2D_XPos;2D_YPos;Vel;XDir;YDir;ZDir;BBox_XPos;BBox_YPos;BBox_ZPos;BBox_Ext_X;BBox_Ext_Y;BBox_Ext_Z;Corner_XYZ_X;Corner_XYZ_Y;Corner_XYZ_Z;Corner_XY-Z_X;Corner_XY-Z_Y;Corner_XY-Z_Z;Corner_X-YZ_X;Corner_X-YZ_Y;Corner_X-YZ_Z;Corner_X-Y-Z_X;Corner_X-Y-Z_Y;Corner_X-Y-Z_Z;Corner_-XYZ_X;Corner_-XYZ_Y;Corner_-XYZ_Z;Corner_-XY-Z_X;Corner_-XY-Z_Y;Corner_-XY-Z_Z;Corner_-X-YZ_X;Corner_-X-YZ_Y;Corner_-X-YZ_Z;Corner_-X-Y-Z_X;Corner_-X-Y-Z_Y;Corner_-X-Y-Z_Z;BBox_2D_XPos;BBox_2D_YPos;Corner_2D_XYZ_X;Corner_2D_XYZ_Y;Corner_2D_XY-Z_X;Corner_2D_XY-Z_Y;Corner_2D_X-YZ_X;Corner_2D_X-YZ_Y;Corner_2D_X-Y-Z_X;Corner_2D_X-Y-Z_Y;Corner_2D_-XYZ_X;Corner_2D_-XYZ_Y;Corner_-2D_XY-Z_X;Corner_2D_-XY-Z_Y;Corner_2D_-X-YZ_X;Corner_2D_-X-YZ_Y;Corner_2D_-X-Y-Z_X;Corner_2D_-X-Y-Z_Y;
J0:19:16:10:334;Hatchback_Car_AI_C_0;211;39613.625;-64706.695312;-53279.441406;-1;-1;528.246033;-0.272599;-0.962123;0.002997;39609.84375;-64719.929688;-53200.398438;204.0;92.0;76.0;39642.785156;-64941.054688;-53123.75;39642.714844;-64941.507812;-53275.75;39465.753906;-64890.898438;-53123.820312;39465.683594;-64891.351562;-53275.820312;39754.003906;-64548.507812;-53124.976562;39753.933594;-64548.960938;-53276.976562;39576.972656;-64498.351562;-53125.046875;39576.902344;-64498.804688;-53277.046875;-1;-1;-1;-1;-1;-1;-1;-1;-1;-1;-1;-1;-1;-1;-1;-1;-1;-1
J0:19:16:10:334;Hatchback_Car_AI_C_7;211;40068.648438;-63224.933594;-53306.148438;-1;-1;-0.010895;-0.308787;-0.950611;0.031437;40065.09375;-63235.878906;-53226.746094;204.0;92.0;76.0;40090.339844;-63455.953125;-53144.371094;40088.863281;-63460.5;-53296.292969;39915.339844;-63399.109375;-53144.371094;39913.863281;-63403.65625;-53296.292969;40216.324219;-63068.101562;-53157.199219;40214.847656;-63072.648438;-53309.121094;40041.324219;-63011.257812;-53157.199219;40039.847656;-63015.804688;-53309.121094;-1;-1;-1;-1;-1;-1;-1;-1;-1;-1;-1;-1;-1;-1;-1;-1;-1;-1
