Time;ID;Cat;XPos;YPos;ZPos;2D_XPos;2D_YPos;Vel;XDir;YDir;ZDir;BBox_XPos;BBox_YPos;BBox_ZPos;BBox_Ext_X;BBox_Ext_Y;BBox_Ext_Z;Corner_XYZ_X;Corner_XYZ_Y;Corner_XYZ_Z;Corner_XY-Z_X;Corner_XY-Z_Y;Corner_XY-Z_Z;Corner_X-YZ_X;Corner_X-YZ_Y;Corner_X-YZ_Z;Corner_X-Y-Z_X;Corner_X-Y-Z_Y;Corner_X-Y-Z_Z;Corner_-XYZ_X;Corner_-XYZ_Y;Corner_-XYZ_Z;Corner_-XY-Z_X;Corner_-XY-Z_Y;Corner_-XY-Z_Z;Corner_-X-YZ_X;Corner_-X-YZ_Y;Corner_-X-YZ_Z;Corner_-X-Y-Z_X;Corner_-X-Y-Z_Y;Corner_-X-Y-Z_Z;BBox_2D_XPos;BBox_2D_YPos;Corner_2D_XYZ_X;Corner_2D_XYZ_Y;Corner_2D_XY-Z_X;Corner_2D_XY-Z_Y;Corner_2D_X-YZ_X;Corner_2D_X-YZ_Y;Corner_2D_X-Y-Z_X;Corner_2D_X-Y-Z_Y;Corner_2D_-XYZ_X;Corner_2D_-XYZ_Y;Corner_-2D_XY-Z_X;Corner_2D_-XY-Z_Y;Corner_2D_-X-YZ_X;Corner_2D_-X-YZ_Y;Corner_2D_-X-Y-Z_X;Corner_2D_-X-Y-Z_Y;
J0:19:16:37:531;Hatchback_Car_AI_C_0;211;39283.800781;-66084.710938;-53300.605469;-1;-1;674.396606;-0.203827;-0.978411;-0.034164;39280.402344;-66101.054688;-53222.128906;204.0;92.0;76.0;39328.359375;-66321.953125;-53153.144531;39329.414062;-66316.875;-53305.058594;39148.226562;-66284.421875;-53153.136719;39149.28125;-66279.34375;-53305.050781;39411.523438;-65922.765625;-53139.207031;39412.578125;-65917.6875;-53291.121094;39231.390625;-65885.234375;-53139.199219;39232.445312;-65880.15625;-53291.113281;-1;-1;-1;-1;-1;-1;-1;-1;-1;-1;-1;-1;-1;-1;-1;-1;-1;-1
J0:19:16:37:531;Hatchback_Car_AI_C_7;211;39944.347656;-63607.027344;-53295.199219;-1;-1;374.848328;-0.308349;-0.950896;0.026787;39940.652344;-63618.316406;-53215.851562;204.0;92.0;76.0;39965.863281;-63838.734375;-53134.375;39964.667969;-63842.625;-53286.320312;39790.832031;-63781.976562;-53134.453125;39789.636719;-63785.867188;-53286.398438;40091.667969;-63450.765625;-53145.304688;40090.472656;-63454.65625;-53297.25;39916.636719;-63394.007812;-53145.382812;39915.441406;-63397.898438;-53297.328125;-1;-1;-1;-1;-1;-1;-1;-1;-1;-1;-1;-1;-1;-1;-1;-1;-1;-1
