Time;ID;Cat;XPos;YPos;ZPos;2D_XPos;2D_YPos;Vel;XDir;YDir;ZDir;BBox_XPos;BBox_YPos;BBox_ZPos;BBox_Ext_X;BBox_Ext_Y;BBox_Ext_Z;Corner_XYZ_X;Corner_XYZ_Y;Corner_XYZ_Z;Corner_XY-Z_X;Corner_XY-Z_Y;Corner_XY-Z_Z;Corner_X-YZ_X;Corner_X-YZ_Y;Corner_X-YZ_Z;Corner_X-Y-Z_X;Corner_X-Y-Z_Y;Corner_X-Y-Z_Z;Corner_-XYZ_X;Corner_-XYZ_Y;Corner_-XYZ_Z;Corner_-XY-Z_X;Corner_-XY-Z_Y;Corner_-XY-Z_Z;Corner_-X-YZ_X;Corner_-X-YZ_Y;Corner_-X-YZ_Z;Corner_-X-Y-Z_X;Corner_-X-Y-Z_Y;Corner_-X-Y-Z_Z;BBox_2D_XPos;BBox_2D_YPos;Corner_2D_XYZ_X;Corner_2D_XYZ_Y;Corner_2D_XY-Z_X;Corner_2D_XY-Z_Y;Corner_2D_X-YZ_X;Corner_2D_X-YZ_Y;Corner_2D_X-Y-Z_X;Corner_2D_X-Y-Z_Y;Corner_2D_-XYZ_X;Corner_2D_-XYZ_Y;Corner_-2D_XY-Z_X;Corner_2D_-XY-Z_Y;Corner_2D_-X-YZ_X;Corner_2D_-X-YZ_Y;Corner_2D_-X-Y-Z_X;Corner_2D_-X-Y-Z_Y;
J0:19:16:46:333;Hatchback_Car_AI_C_0;211;39193.597656;-66560.484375;-53321.417969;-1;-1;657.255005;-0.177012;-0.982893;-0.050879;39190.382812;-66578.195312;-53243.234375;204.0;92.0;76.0;39244.105469;-66798.8125;-53177.679688;39245.527344;-66791.203125;-53329.484375;39063.019531;-66766.203125;-53177.742188;39064.441406;-66758.59375;-53329.546875;39316.324219;-66397.796875;-53156.921875;39317.746094;-66390.1875;-53308.726562;39135.238281;-66365.1875;-53156.984375;39136.660156;-66357.578125;-53308.789062;-1;-1;-1;-1;-1;-1;-1;-1;-1;-1;-1;-1;-1;-1;-1;-1;-1;-1
J0:19:16:46:333;Hatchback_Car_AI_C_7;211;39850.707031;-63901.296875;-53288.6875;-1;-1;464.326935;-0.3016;-0.953191;0.021554;39846.957031;-63913.003906;-53209.402344;204.0;92.0;76.0;39873.597656;-64133.632812;-53128.972656;39872.691406;-64136.78125;-53280.933594;39698.167969;-64078.125;-53129.074219;39697.261719;-64081.273438;-53281.035156;39996.652344;-63744.734375;-53137.769531;39995.746094;-63747.882812;-53289.730469;39821.222656;-63689.226562;-53137.871094;39820.316406;-63692.375;-53289.832031;-1;-1;-1;-1;-1;-1;-1;-1;-1;-1;-1;-1;-1;-1;-1;-1;-1;-1
