Time;ID;Cat;XPos;YPos;ZPos;2D_XPos;2D_YPos;Vel;XDir;YDir;ZDir;BBox_XPos;BBox_YPos;BBox_ZPos;BBox_Ext_X;BBox_Ext_Y;BBox_Ext_Z;Corner_XYZ_X;Corner_XYZ_Y;Corner_XYZ_Z;Corner_XY-Z_X;Corner_XY-Z_Y;Corner_XY-Z_Z;Corner_X-YZ_X;Corner_X-YZ_Y;Corner_X-YZ_Z;Corner_X-Y-Z_X;Corner_X-Y-Z_Y;Corner_X-Y-Z_Z;Corner_-XYZ_X;Corner_-XYZ_Y;Corner_-XYZ_Z;Corner_-XY-Z_X;Corner_-XY-Z_Y;Corner_-XY-Z_Z;Corner_-X-YZ_X;Corner_-X-YZ_Y;Corner_-X-YZ_Z;Corner_-X-Y-Z_X;Corner_-X-Y-Z_Y;Corner_-X-Y-Z_Z;BBox_2D_XPos;BBox_2D_YPos;Corner_2D_XYZ_X;Corner_2D_XYZ_Y;Corner_2D_XY-Z_X;Corner_2D_XY-Z_Y;Corner_2D_X-YZ_X;Corner_2D_X-YZ_Y;Corner_2D_X-Y-Z_X;Corner_2D_X-Y-Z_Y;Corner_2D_-XYZ_X;Corner_2D_-XYZ_Y;Corner_-2D_XY-Z_X;Corner_2D_-XY-Z_Y;Corner_2D_-X-YZ_X;Corner_2D_-X-YZ_Y;Corner_2D_-X-Y-Z_X;Corner_2D_-X-Y-Z_Y;
J0:19:16:03:132;Hatchback_Car_AI_C_0;211;39699.386719;-64402.855469;-53281.273438;-1;-1;513.953735;-0.285015;-0.958483;0.008722;39695.5625;-64415.605469;-53202.15625;204.0;92.0;76.0;39725.761719;-64636.714844;-53124.34375;39725.441406;-64638.003906;-53276.335938;39549.394531;-64584.269531;-53124.414062;39549.074219;-64585.558594;-53276.40625;39842.050781;-64245.652344;-53127.90625;39841.730469;-64246.941406;-53279.898438;39665.683594;-64193.207031;-53127.976562;39665.363281;-64194.496094;-53279.96875;-1;-1;-1;-1;-1;-1;-1;-1;-1;-1;-1;-1;-1;-1;-1;-1;-1;-1
J0:19:16:03:132;Hatchback_Car_AI_C_7;211;40068.683594;-63224.847656;-53306.460938;-1;-1;-0.330859;-0.308835;-0.950693;0.028345;40065.050781;-63236.027344;-53227.097656;204.0;92.0;76.0;40090.210938;-63456.34375;-53145.347656;40088.882812;-63460.445312;-53297.285156;39915.210938;-63399.492188;-53145.347656;39913.882812;-63403.59375;-53297.285156;40216.21875;-63068.460938;-53156.910156;40214.890625;-63072.5625;-53308.847656;40041.21875;-63011.609375;-53156.910156;40039.890625;-63015.710938;-53308.847656;-1;-1;-1;-1;-1;-1;-1;-1;-1;-1;-1;-1;-1;-1;-1;-1;-1;-1
