Time;ID;Cat;XPos;YPos;ZPos;2D_XPos;2D_YPos;Vel;XDir;YDir;ZDir;BBox_XPos;BBox_YPos;BBox_ZPos;BBox_Ext_X;BBox_Ext_Y;BBox_Ext_Z;Corner_XYZ_X;Corner_XYZ_Y;Corner_XYZ_Z;Corner_XY-Z_X;Corner_XY-Z_Y;Corner_XY-Z_Z;Corner_X-YZ_X;Corner_X-YZ_Y;Corner_X-YZ_Z;Corner_X-Y-Z_X;Corner_X-Y-Z_Y;Corner_X-Y-Z_Z;Corner_-XYZ_X;Corner_-XYZ_Y;Corner_-XYZ_Z;Corner_-XY-Z_X;Corner_-XY-Z_Y;Corner_-XY-Z_Z;Corner_-X-YZ_X;Corner_-X-YZ_Y;Corner_-X-YZ_Z;Corner_-X-Y-Z_X;Corner_-X-Y-Z_Y;Corner_-X-Y-Z_Z;BBox_2D_XPos;BBox_2D_YPos;Corner_2D_XYZ_X;Corner_2D_XYZ_Y;Corner_2D_XY-Z_X;Corner_2D_XY-Z_Y;Corner_2D_X-YZ_X;Corner_2D_X-YZ_Y;Corner_2D_X-Y-Z_X;Corner_2D_X-Y-Z_Y;Corner_2D_-XYZ_X;Corner_2D_-XYZ_Y;Corner_-2D_XY-Z_X;Corner_2D_-XY-Z_Y;Corner_2D_-X-YZ_X;Corner_2D_-X-YZ_Y;Corner_2D_-X-Y-Z_X;Corner_2D_-X-Y-Z_Y;
J0:19:16:59:938;Hatchback_Car_AI_C_0;211;39078.941406;-67302.375;-53376.460938;-1;-1;681.715942;-0.134453;-0.986239;-0.096209;39076.042969;-67323.710938;-53299.175781;204.0;92.0;76.0;39138.792969;-67544.585938;-53243.167969;39140.746094;-67530.085938;-53394.464844;38956.480469;-67519.726562;-53243.136719;38958.433594;-67505.226562;-53394.433594;39193.652344;-67142.195312;-53203.917969;39195.605469;-67127.695312;-53355.214844;39011.339844;-67117.335938;-53203.886719;39013.292969;-67102.835938;-53355.183594;-1;-1;-1;-1;-1;-1;-1;-1;-1;-1;-1;-1;-1;-1;-1;-1;-1;-1
J0:19:16:59:938;Hatchback_Car_AI_C_7;211;39683.332031;-64457.882812;-53280.847656;-1;-1;532.595581;-0.281373;-0.95956;0.008627;39679.550781;-64470.652344;-53201.730469;204.0;92.0;76.0;39710.582031;-64691.648438;-53123.929688;39710.285156;-64692.929688;-53275.921875;39534.019531;-64639.875;-53124.015625;39533.722656;-64641.15625;-53276.007812;39825.378906;-64300.148438;-53127.453125;39825.082031;-64301.429688;-53279.445312;39648.816406;-64248.375;-53127.539062;39648.519531;-64249.65625;-53279.53125;-1;-1;-1;-1;-1;-1;-1;-1;-1;-1;-1;-1;-1;-1;-1;-1;-1;-1
