Time;ID;Cat;XPos;YPos;ZPos;2D_XPos;2D_YPos;Vel;XDir;YDir;ZDir;BBox_XPos;BBox_YPos;BBox_ZPos;BBox_Ext_X;BBox_Ext_Y;BBox_Ext_Z;Corner_XYZ_X;Corner_XYZ_Y;Corner_XYZ_Z;Corner_XY-Z_X;Corner_XY-Z_Y;Corner_XY-Z_Z;Corner_X-YZ_X;Corner_X-YZ_Y;Corner_X-YZ_Z;Corner_X-Y-Z_X;Corner_X-Y-Z_Y;Corner_X-Y-Z_Z;Corner_-XYZ_X;Corner_-XYZ_Y;Corner_-XYZ_Z;Corner_-XY-Z_X;Corner_-XY-Z_Y;Corner_-XY-Z_Z;Corner_-X-YZ_X;Corner_-X-YZ_Y;Corner_-X-YZ_Z;Corner_-X-Y-Z_X;Corner_-X-Y-Z_Y;Corner_-X-Y-Z_Z;BBox_2D_XPos;BBox_2D_YPos;Corner_2D_XYZ_X;Corner_2D_XYZ_Y;Corner_2D_XY-Z_X;Corner_2D_XY-Z_Y;Corner_2D_X-YZ_X;Corner_2D_X-YZ_Y;Corner_2D_X-Y-Z_X;Corner_2D_X-Y-Z_Y;Corner_2D_-XYZ_X;Corner_2D_-XYZ_Y;Corner_-2D_XY-Z_X;Corner_2D_-XY-Z_Y;Corner_2D_-X-YZ_X;Corner_2D_-X-YZ_Y;Corner_2D_-X-Y-Z_X;Corner_2D_-X-Y-Z_Y;
J0:19:16:47:132;Hatchback_Car_AI_C_0;211;39185.972656;-66604.460938;-53323.714844;-1;-1;664.514954;-0.174984;-0.98318;-0.052329;39182.777344;-66622.289062;-53245.554688;204.0;92.0;76.0;39236.941406;-66842.898438;-53180.308594;39238.378906;-66835.070312;-53332.097656;39055.785156;-66810.648438;-53180.363281;39057.222656;-66802.820312;-53332.152344;39308.332031;-66441.757812;-53158.957031;39309.769531;-66433.929688;-53310.746094;39127.175781;-66409.507812;-53159.011719;39128.613281;-66401.679688;-53310.800781;-1;-1;-1;-1;-1;-1;-1;-1;-1;-1;-1;-1;-1;-1;-1;-1;-1;-1
J0:19:16:47:132;Hatchback_Car_AI_C_7;211;39841.367188;-63931.175781;-53288.117188;-1;-1;472.291718;-0.300711;-0.953484;0.021026;39837.613281;-63942.925781;-53208.839844;204.0;92.0;76.0;39864.445312;-64163.570312;-53128.511719;39863.570312;-64166.648438;-53280.480469;39688.96875;-64108.226562;-53128.621094;39688.09375;-64111.304688;-53280.589844;39987.132812;-63774.546875;-53137.089844;39986.257812;-63777.625;-53289.058594;39811.65625;-63719.203125;-53137.199219;39810.78125;-63722.28125;-53289.167969;-1;-1;-1;-1;-1;-1;-1;-1;-1;-1;-1;-1;-1;-1;-1;-1;-1;-1
