Time;ID;Cat;XPos;YPos;ZPos;2D_XPos;2D_YPos;Vel;XDir;YDir;ZDir;BBox_XPos;BBox_YPos;BBox_ZPos;BBox_Ext_X;BBox_Ext_Y;BBox_Ext_Z;Corner_XYZ_X;Corner_XYZ_Y;Corner_XYZ_Z;Corner_XY-Z_X;Corner_XY-Z_Y;Corner_XY-Z_Z;Corner_X-YZ_X;Corner_X-YZ_Y;Corner_X-YZ_Z;Corner_X-Y-Z_X;Corner_X-Y-Z_Y;Corner_X-Y-Z_Z;Corner_-XYZ_X;Corner_-XYZ_Y;Corner_-XYZ_Z;Corner_-XY-Z_X;Corner_-XY-Z_Y;Corner_-XY-Z_Z;Corner_-X-YZ_X;Corner_-X-YZ_Y;Corner_-X-YZ_Z;Corner_-X-Y-Z_X;Corner_-X-Y-Z_Y;Corner_-X-Y-Z_Z;BBox_2D_XPos;BBox_2D_YPos;Corner_2D_XYZ_X;Corner_2D_XYZ_Y;Corner_2D_XY-Z_X;Corner_2D_XY-Z_Y;Corner_2D_X-YZ_X;Corner_2D_X-YZ_Y;Corner_2D_X-Y-Z_X;Corner_2D_X-Y-Z_Y;Corner_2D_-XYZ_X;Corner_2D_-XYZ_Y;Corner_-2D_XY-Z_X;Corner_2D_-XY-Z_Y;Corner_2D_-X-YZ_X;Corner_2D_-X-YZ_Y;Corner_2D_-X-Y-Z_X;Corner_2D_-X-Y-Z_Y;
J0:19:17:40:734;Hatchback_Car_AI_C_0;211;38994.964844;-69556.085938;-53786.203125;-1;-1;701.223022;0.045071;-0.968647;-0.244318;38996.613281;-69588.921875;-53713.019531;204.0;92.0;76.0;39098.683594;-69800.75;-53689.296875;39096.730469;-69763.671875;-53836.6875;38914.886719;-69809.375;-53689.03125;38912.933594;-69772.296875;-53836.421875;39080.292969;-69405.546875;-53589.617188;39078.339844;-69368.46875;-53737.007812;38896.496094;-69414.171875;-53589.351562;38894.542969;-69377.09375;-53736.742188;-1;-1;-1;-1;-1;-1;-1;-1;-1;-1;-1;-1;-1;-1;-1;-1;-1;-1
J0:19:17:40:734;Hatchback_Car_AI_C_11;211;39928.109375;-63657.625;-53293.960938;-1;-1;394.740112;-0.307261;-0.951273;0.025911;39924.402344;-63668.984375;-53214.625;204.0;92.0;76.0;39949.839844;-63889.433594;-53133.324219;39948.699219;-63893.207031;-53285.269531;39774.746094;-63832.878906;-53133.410156;39773.605469;-63836.652344;-53285.355469;40075.199219;-63501.316406;-53143.894531;40074.058594;-63505.089844;-53295.839844;39900.105469;-63444.761719;-53143.980469;39898.964844;-63448.535156;-53295.925781;-1;-1;-1;-1;-1;-1;-1;-1;-1;-1;-1;-1;-1;-1;-1;-1;-1;-1
