Time;ID;Cat;XPos;YPos;ZPos;2D_XPos;2D_YPos;Vel;XDir;YDir;ZDir;BBox_XPos;BBox_YPos;BBox_ZPos;BBox_Ext_X;BBox_Ext_Y;BBox_Ext_Z;Corner_XYZ_X;Corner_XYZ_Y;Corner_XYZ_Z;Corner_XY-Z_X;Corner_XY-Z_Y;Corner_XY-Z_Z;Corner_X-YZ_X;Corner_X-YZ_Y;Corner_X-YZ_Z;Corner_X-Y-Z_X;Corner_X-Y-Z_Y;Corner_X-Y-Z_Z;Corner_-XYZ_X;Corner_-XYZ_Y;Corner_-XYZ_Z;Corner_-XY-Z_X;Corner_-XY-Z_Y;Corner_-XY-Z_Z;Corner_-X-YZ_X;Corner_-X-YZ_Y;Corner_-X-YZ_Z;Corner_-X-Y-Z_X;Corner_-X-Y-Z_Y;Corner_-X-Y-Z_Z;BBox_2D_XPos;BBox_2D_YPos;Corner_2D_XYZ_X;Corner_2D_XYZ_Y;Corner_2D_XY-Z_X;Corner_2D_XY-Z_Y;Corner_2D_X-YZ_X;Corner_2D_X-YZ_Y;Corner_2D_X-Y-Z_X;Corner_2D_X-Y-Z_Y;Corner_2D_-XYZ_X;Corner_2D_-XYZ_Y;Corner_-2D_XY-Z_X;Corner_2D_-XY-Z_Y;Corner_2D_-X-YZ_X;Corner_2D_-X-YZ_Y;Corner_2D_-X-Y-Z_X;Corner_2D_-X-Y-Z_Y;
J0:19:17:35:531;Hatchback_Car_AI_C_0;211;38983.160156;-69270.007812;-53715.703125;-1;-1;692.413635;0.027684;-0.971391;-0.235867;38984.191406;-69302.226562;-53642.234375;204.0;92.0;76.0;39082.421875;-69515.65625;-53616.625;39081.179688;-69479.828125;-53764.335938;38898.5;-69520.953125;-53616.367188;38897.257812;-69485.125;-53764.078125;39071.125;-69119.328125;-53520.390625;39069.882812;-69083.5;-53668.101562;38887.203125;-69124.625;-53520.132812;38885.960938;-69088.796875;-53667.84375;-1;-1;-1;-1;-1;-1;-1;-1;-1;-1;-1;-1;-1;-1;-1;-1;-1;-1
J0:19:17:35:531;Hatchback_Car_AI_C_7;211;39257.746094;-66212.757812;-53305.445312;-1;-1;639.270386;-0.194757;-0.980038;-0.039935;39254.382812;-66229.570312;-53227.066406;204.0;92.0;76.0;39304.277344;-66450.40625;-53159.253906;39305.496094;-66444.453125;-53311.128906;39123.808594;-66414.546875;-53159.300781;39125.027344;-66408.59375;-53311.175781;39383.738281;-66050.546875;-53142.957031;39384.957031;-66044.59375;-53294.832031;39203.269531;-66014.6875;-53143.003906;39204.488281;-66008.734375;-53294.878906;-1;-1;-1;-1;-1;-1;-1;-1;-1;-1;-1;-1;-1;-1;-1;-1;-1;-1
J0:19:17:35:531;Hatchback_Car_AI_C_11;211;39977.175781;-63505.722656;-53297.808594;-1;-1;338.112762;-0.309153;-0.950582;0.028614;39973.523438;-63516.871094;-53218.441406;204.0;92.0;76.0;39998.59375;-63737.167969;-53136.605469;39997.296875;-63741.316406;-53288.542969;39823.617188;-63680.261719;-53136.667969;39822.320312;-63684.410156;-53288.605469;40124.726562;-63349.332031;-53148.277344;40123.429688;-63353.480469;-53300.214844;39949.75;-63292.425781;-53148.339844;39948.453125;-63296.574219;-53300.277344;-1;-1;-1;-1;-1;-1;-1;-1;-1;-1;-1;-1;-1;-1;-1;-1;-1;-1
