Time;ID;Cat;XPos;YPos;ZPos;2D_XPos;2D_YPos;Vel;XDir;YDir;ZDir;BBox_XPos;BBox_YPos;BBox_ZPos;BBox_Ext_X;BBox_Ext_Y;BBox_Ext_Z;Corner_XYZ_X;Corner_XYZ_Y;Corner_XYZ_Z;Corner_XY-Z_X;Corner_XY-Z_Y;Corner_XY-Z_Z;Corner_X-YZ_X;Corner_X-YZ_Y;Corner_X-YZ_Z;Corner_X-Y-Z_X;Corner_X-Y-Z_Y;Corner_X-Y-Z_Z;Corner_-XYZ_X;Corner_-XYZ_Y;Corner_-XYZ_Z;Corner_-XY-Z_X;Corner_-XY-Z_Y;Corner_-XY-Z_Z;Corner_-X-YZ_X;Corner_-X-YZ_Y;Corner_-X-YZ_Z;Corner_-X-Y-Z_X;Corner_-X-Y-Z_Y;Corner_-X-Y-Z_Z;BBox_2D_XPos;BBox_2D_YPos;Corner_2D_XYZ_X;Corner_2D_XYZ_Y;Corner_2D_XY-Z_X;Corner_2D_XY-Z_Y;Corner_2D_X-YZ_X;Corner_2D_X-YZ_Y;Corner_2D_X-Y-Z_X;Corner_2D_X-Y-Z_Y;Corner_2D_-XYZ_X;Corner_2D_-XYZ_Y;Corner_-2D_XY-Z_X;Corner_2D_-XY-Z_Y;Corner_2D_-X-YZ_X;Corner_2D_-X-YZ_Y;Corner_2D_-X-Y-Z_X;Corner_2D_-X-Y-Z_Y;
J0:19:16:23:533;Hatchback_Car_AI_C_0;211;39453.402344;-65325.539062;-53282.328125;-1;-1;648.660217;-0.24091;-0.970496;-0.010026;39449.820312;-65339.890625;-53203.472656;204.0;92.0;76.0;39489.765625;-65560.773438;-53129.503906;39490.164062;-65559.304688;-53281.496094;39311.1875;-65516.445312;-53129.542969;39311.585938;-65514.976562;-53281.535156;39588.054688;-65164.808594;-53125.410156;39588.453125;-65163.339844;-53277.402344;39409.476562;-65120.480469;-53125.449219;39409.875;-65119.011719;-53277.441406;-1;-1;-1;-1;-1;-1;-1;-1;-1;-1;-1;-1;-1;-1;-1;-1;-1;-1
J0:19:16:23:533;Hatchback_Car_AI_C_7;211;40051.894531;-63276.3125;-53304.191406;-1;-1;196.705429;-0.309144;-0.950374;0.034925;40048.410156;-63286.992188;-53224.75;204.0;92.0;76.0;40073.644531;-63506.796875;-53141.660156;40072.019531;-63511.851562;-53293.566406;39898.667969;-63449.882812;-53141.683594;39897.042969;-63454.9375;-53293.589844;40199.777344;-63119.046875;-53155.910156;40198.152344;-63124.101562;-53307.816406;40024.800781;-63062.132812;-53155.933594;40023.175781;-63067.1875;-53307.839844;-1;-1;-1;-1;-1;-1;-1;-1;-1;-1;-1;-1;-1;-1;-1;-1;-1;-1
