Time;ID;Cat;XPos;YPos;ZPos;2D_XPos;2D_YPos;Vel;XDir;YDir;ZDir;BBox_XPos;BBox_YPos;BBox_ZPos;BBox_Ext_X;BBox_Ext_Y;BBox_Ext_Z;Corner_XYZ_X;Corner_XYZ_Y;Corner_XYZ_Z;Corner_XY-Z_X;Corner_XY-Z_Y;Corner_XY-Z_Z;Corner_X-YZ_X;Corner_X-YZ_Y;Corner_X-YZ_Z;Corner_X-Y-Z_X;Corner_X-Y-Z_Y;Corner_X-Y-Z_Z;Corner_-XYZ_X;Corner_-XYZ_Y;Corner_-XYZ_Z;Corner_-XY-Z_X;Corner_-XY-Z_Y;Corner_-XY-Z_Z;Corner_-X-YZ_X;Corner_-X-YZ_Y;Corner_-X-YZ_Z;Corner_-X-Y-Z_X;Corner_-X-Y-Z_Y;Corner_-X-Y-Z_Z;BBox_2D_XPos;BBox_2D_YPos;Corner_2D_XYZ_X;Corner_2D_XYZ_Y;Corner_2D_XY-Z_X;Corner_2D_XY-Z_Y;Corner_2D_X-YZ_X;Corner_2D_X-YZ_Y;Corner_2D_X-Y-Z_X;Corner_2D_X-Y-Z_Y;Corner_2D_-XYZ_X;Corner_2D_-XYZ_Y;Corner_-2D_XY-Z_X;Corner_2D_-XY-Z_Y;Corner_2D_-X-YZ_X;Corner_2D_-X-YZ_Y;Corner_2D_-X-Y-Z_X;Corner_2D_-X-Y-Z_Y;
J0:19:16:17:130;Hatchback_Car_AI_C_0;211;39532.4375;-65010.640625;-53279.667969;-1;-1;588.499207;-0.256376;-0.966574;-0.002437;39528.777344;-65024.351562;-53200.703125;204.0;92.0;76.0;39565.332031;-65245.289062;-53125.171875;39565.472656;-65244.945312;-53277.171875;39387.480469;-65198.117188;-53125.226562;39387.621094;-65197.773438;-53277.226562;39669.933594;-64850.929688;-53124.179688;39670.074219;-64850.585938;-53276.179688;39492.082031;-64803.757812;-53124.234375;39492.222656;-64803.414062;-53276.234375;-1;-1;-1;-1;-1;-1;-1;-1;-1;-1;-1;-1;-1;-1;-1;-1;-1;-1
J0:19:16:17:130;Hatchback_Car_AI_C_7;211;40068.648438;-63224.9375;-53306.140625;-1;-1;0.0;-0.308785;-0.95061;0.031502;40065.09375;-63235.878906;-53226.738281;204.0;92.0;76.0;40090.34375;-63455.949219;-53144.351562;40088.859375;-63460.503906;-53296.273438;39915.34375;-63399.105469;-53144.351562;39913.859375;-63403.660156;-53296.273438;40216.328125;-63068.097656;-53157.203125;40214.84375;-63072.652344;-53309.125;40041.328125;-63011.253906;-53157.203125;40039.84375;-63015.808594;-53309.125;-1;-1;-1;-1;-1;-1;-1;-1;-1;-1;-1;-1;-1;-1;-1;-1;-1;-1
