Time;ID;Cat;XPos;YPos;ZPos;2D_XPos;2D_YPos;Vel;XDir;YDir;ZDir;BBox_XPos;BBox_YPos;BBox_ZPos;BBox_Ext_X;BBox_Ext_Y;BBox_Ext_Z;Corner_XYZ_X;Corner_XYZ_Y;Corner_XYZ_Z;Corner_XY-Z_X;Corner_XY-Z_Y;Corner_XY-Z_Z;Corner_X-YZ_X;Corner_X-YZ_Y;Corner_X-YZ_Z;Corner_X-Y-Z_X;Corner_X-Y-Z_Y;Corner_X-Y-Z_Z;Corner_-XYZ_X;Corner_-XYZ_Y;Corner_-XYZ_Z;Corner_-XY-Z_X;Corner_-XY-Z_Y;Corner_-XY-Z_Z;Corner_-X-YZ_X;Corner_-X-YZ_Y;Corner_-X-YZ_Z;Corner_-X-Y-Z_X;Corner_-X-Y-Z_Y;Corner_-X-Y-Z_Z;BBox_2D_XPos;BBox_2D_YPos;Corner_2D_XYZ_X;Corner_2D_XYZ_Y;Corner_2D_XY-Z_X;Corner_2D_XY-Z_Y;Corner_2D_X-YZ_X;Corner_2D_X-YZ_Y;Corner_2D_X-Y-Z_X;Corner_2D_X-Y-Z_Y;Corner_2D_-XYZ_X;Corner_2D_-XYZ_Y;Corner_-2D_XY-Z_X;Corner_2D_-XY-Z_Y;Corner_2D_-X-YZ_X;Corner_2D_-X-YZ_Y;Corner_2D_-X-Y-Z_X;Corner_2D_-X-Y-Z_Y;
J0:19:18:42:338;Hatchback_Car_AI_C_0;211;39318.496094;-72966.570312;-54460.382812;307;683;682.643982;0.106787;-0.992446;-0.060397;39320.203125;-72985.242188;-54382.375;204.0;92.0;76.0;39433.667969;-73182.476562;-54318.488281;39433.253906;-73173.289062;-54470.207031;39250.722656;-73202.117188;-54319.183594;39250.308594;-73192.929688;-54470.902344;39390.097656;-72777.554688;-54293.847656;39389.683594;-72768.367188;-54445.566406;39207.152344;-72797.195312;-54294.542969;39206.738281;-72788.007812;-54446.261719;311;669;332;661;332;684;261;661;261;684;358;656;358;678;290;656;290;678
J0:19:18:42:338;Hatchback_Car_AI_C_7;211;39013.839844;-69900.601562;-53874.011719;-1;-1;659.337708;0.065021;-0.965419;-0.252464;39016.15625;-69934.015625;-53801.105469;204.0;92.0;76.0;39122.566406;-70143.898438;-53779.148438;39119.855469;-70105.617188;-53926.226562;38938.988281;-70156.304688;-53778.992188;38936.277344;-70118.023438;-53926.070312;39096.035156;-69750.007812;-53676.140625;39093.324219;-69711.726562;-53823.21875;38912.457031;-69762.414062;-53675.984375;38909.746094;-69724.132812;-53823.0625;-1;-1;-1;-1;-1;-1;-1;-1;-1;-1;-1;-1;-1;-1;-1;-1;-1;-1
J0:19:18:42:338;Hatchback_Car_AI_C_15;211;39892.933594;-63767.46875;-53291.433594;-1;-1;444.282623;-0.305258;-0.951964;0.024117;39889.203125;-63778.96875;-53212.117188;204.0;92.0;76.0;39915.058594;-63999.5;-53131.175781;39914.011719;-64003.015625;-53283.128906;39739.847656;-63943.320312;-53131.269531;39738.800781;-63946.835938;-53283.222656;40039.605469;-63611.101562;-53141.011719;40038.558594;-63614.617188;-53292.964844;39864.394531;-63554.921875;-53141.105469;39863.347656;-63558.4375;-53293.058594;-1;-1;-1;-1;-1;-1;-1;-1;-1;-1;-1;-1;-1;-1;-1;-1;-1;-1
