Time;ID;Cat;XPos;YPos;ZPos;2D_XPos;2D_YPos;Vel;XDir;YDir;ZDir;BBox_XPos;BBox_YPos;BBox_ZPos;BBox_Ext_X;BBox_Ext_Y;BBox_Ext_Z;Corner_XYZ_X;Corner_XYZ_Y;Corner_XYZ_Z;Corner_XY-Z_X;Corner_XY-Z_Y;Corner_XY-Z_Z;Corner_X-YZ_X;Corner_X-YZ_Y;Corner_X-YZ_Z;Corner_X-Y-Z_X;Corner_X-Y-Z_Y;Corner_X-Y-Z_Z;Corner_-XYZ_X;Corner_-XYZ_Y;Corner_-XYZ_Z;Corner_-XY-Z_X;Corner_-XY-Z_Y;Corner_-XY-Z_Z;Corner_-X-YZ_X;Corner_-X-YZ_Y;Corner_-X-YZ_Z;Corner_-X-Y-Z_X;Corner_-X-Y-Z_Y;Corner_-X-Y-Z_Z;BBox_2D_XPos;BBox_2D_YPos;Corner_2D_XYZ_X;Corner_2D_XYZ_Y;Corner_2D_XY-Z_X;Corner_2D_XY-Z_Y;Corner_2D_X-YZ_X;Corner_2D_X-YZ_Y;Corner_2D_X-Y-Z_X;Corner_2D_X-Y-Z_Y;Corner_2D_-XYZ_X;Corner_2D_-XYZ_Y;Corner_-2D_XY-Z_X;Corner_2D_-XY-Z_Y;Corner_2D_-X-YZ_X;Corner_2D_-X-YZ_Y;Corner_2D_-X-Y-Z_X;Corner_2D_-X-Y-Z_Y;
J0:19:16:44:734;Hatchback_Car_AI_C_0;211;39208.761719;-66474.46875;-53317.179688;-1;-1;637.171814;-0.180861;-0.98228;-0.049142;39205.492188;-66492.03125;-53238.964844;204.0;92.0;76.0;39258.371094;-66712.742188;-53173.042969;39259.785156;-66705.414062;-53324.855469;39077.410156;-66679.414062;-53173.121094;39078.824219;-66672.085938;-53324.933594;39332.160156;-66311.976562;-53152.996094;39333.574219;-66304.648438;-53304.808594;39151.199219;-66278.648438;-53153.074219;39152.613281;-66271.320312;-53304.886719;-1;-1;-1;-1;-1;-1;-1;-1;-1;-1;-1;-1;-1;-1;-1;-1;-1;-1
J0:19:16:44:734;Hatchback_Car_AI_C_7;211;39868.992188;-63843.09375;-53289.847656;-1;-1;448.322601;-0.303362;-0.952607;0.022611;39865.246094;-63854.714844;-53210.550781;204.0;92.0;76.0;39891.503906;-64075.308594;-53129.90625;39890.542969;-64078.613281;-53281.867188;39716.175781;-64019.480469;-53130.007812;39715.214844;-64022.785156;-53281.96875;40015.277344;-63686.644531;-53139.132812;40014.316406;-63689.949219;-53291.09375;39839.949219;-63630.816406;-53139.234375;39838.988281;-63634.121094;-53291.195312;-1;-1;-1;-1;-1;-1;-1;-1;-1;-1;-1;-1;-1;-1;-1;-1;-1;-1
