Time;ID;Cat;XPos;YPos;ZPos;2D_XPos;2D_YPos;Vel;XDir;YDir;ZDir;BBox_XPos;BBox_YPos;BBox_ZPos;BBox_Ext_X;BBox_Ext_Y;BBox_Ext_Z;Corner_XYZ_X;Corner_XYZ_Y;Corner_XYZ_Z;Corner_XY-Z_X;Corner_XY-Z_Y;Corner_XY-Z_Z;Corner_X-YZ_X;Corner_X-YZ_Y;Corner_X-YZ_Z;Corner_X-Y-Z_X;Corner_X-Y-Z_Y;Corner_X-Y-Z_Z;Corner_-XYZ_X;Corner_-XYZ_Y;Corner_-XYZ_Z;Corner_-XY-Z_X;Corner_-XY-Z_Y;Corner_-XY-Z_Z;Corner_-X-YZ_X;Corner_-X-YZ_Y;Corner_-X-YZ_Z;Corner_-X-Y-Z_X;Corner_-X-Y-Z_Y;Corner_-X-Y-Z_Z;BBox_2D_XPos;BBox_2D_YPos;Corner_2D_XYZ_X;Corner_2D_XYZ_Y;Corner_2D_XY-Z_X;Corner_2D_XY-Z_Y;Corner_2D_X-YZ_X;Corner_2D_X-YZ_Y;Corner_2D_X-Y-Z_X;Corner_2D_X-Y-Z_Y;Corner_2D_-XYZ_X;Corner_2D_-XYZ_Y;Corner_-2D_XY-Z_X;Corner_2D_-XY-Z_Y;Corner_2D_-X-YZ_X;Corner_2D_-X-YZ_Y;Corner_2D_-X-Y-Z_X;Corner_2D_-X-Y-Z_Y;
J0:19:17:40:335;Hatchback_Car_AI_C_0;211;38993.839844;-69533.429688;-53780.492188;-1;-1;677.417908;0.045605;-0.968524;-0.244706;38995.46875;-69566.296875;-53707.320312;204.0;92.0;76.0;39097.625;-69778.09375;-53683.648438;39095.71875;-69740.953125;-53831.023438;38913.828125;-69786.796875;-53683.460938;38911.921875;-69749.65625;-53830.835938;39079.015625;-69382.9375;-53583.804688;39077.109375;-69345.796875;-53731.179688;38895.21875;-69391.640625;-53583.617188;38893.3125;-69354.5;-53730.992188;-1;-1;-1;-1;-1;-1;-1;-1;-1;-1;-1;-1;-1;-1;-1;-1;-1;-1
J0:19:17:40:335;Hatchback_Car_AI_C_7;211;39208.636719;-66475.5625;-53317.074219;-1;-1;692.33728;-0.182407;-0.982112;-0.046727;39205.402344;-66492.9375;-53238.816406;204.0;92.0;76.0;39257.988281;-66713.578125;-53172.421875;39259.300781;-66706.59375;-53324.257812;39077.082031;-66679.984375;-53172.4375;39078.394531;-66673.0;-53324.273438;39332.410156;-66312.875;-53153.359375;39333.722656;-66305.890625;-53305.195312;39151.503906;-66279.28125;-53153.375;39152.816406;-66272.296875;-53305.210938;-1;-1;-1;-1;-1;-1;-1;-1;-1;-1;-1;-1;-1;-1;-1;-1;-1;-1
J0:19:17:40:335;Hatchback_Car_AI_C_11;211;39932.125;-63645.109375;-53294.265625;-1;-1;389.597198;-0.307518;-0.951184;0.026127;39928.417969;-63656.449219;-53214.925781;204.0;92.0;76.0;39953.796875;-63876.890625;-53133.582031;39952.648438;-63880.695312;-53285.527344;39778.71875;-63820.289062;-53133.667969;39777.570312;-63824.09375;-53285.613281;40079.265625;-63488.804688;-53144.238281;40078.117188;-63492.609375;-53296.183594;39904.1875;-63432.203125;-53144.324219;39903.039062;-63436.007812;-53296.269531;-1;-1;-1;-1;-1;-1;-1;-1;-1;-1;-1;-1;-1;-1;-1;-1;-1;-1
