Time;ID;Cat;XPos;YPos;ZPos;2D_XPos;2D_YPos;Vel;XDir;YDir;ZDir;BBox_XPos;BBox_YPos;BBox_ZPos;BBox_Ext_X;BBox_Ext_Y;BBox_Ext_Z;Corner_XYZ_X;Corner_XYZ_Y;Corner_XYZ_Z;Corner_XY-Z_X;Corner_XY-Z_Y;Corner_XY-Z_Z;Corner_X-YZ_X;Corner_X-YZ_Y;Corner_X-YZ_Z;Corner_X-Y-Z_X;Corner_X-Y-Z_Y;Corner_X-Y-Z_Z;Corner_-XYZ_X;Corner_-XYZ_Y;Corner_-XYZ_Z;Corner_-XY-Z_X;Corner_-XY-Z_Y;Corner_-XY-Z_Z;Corner_-X-YZ_X;Corner_-X-YZ_Y;Corner_-X-YZ_Z;Corner_-X-Y-Z_X;Corner_-X-Y-Z_Y;Corner_-X-Y-Z_Z;BBox_2D_XPos;BBox_2D_YPos;Corner_2D_XYZ_X;Corner_2D_XYZ_Y;Corner_2D_XY-Z_X;Corner_2D_XY-Z_Y;Corner_2D_X-YZ_X;Corner_2D_X-YZ_Y;Corner_2D_X-Y-Z_X;Corner_2D_X-Y-Z_Y;Corner_2D_-XYZ_X;Corner_2D_-XYZ_Y;Corner_-2D_XY-Z_X;Corner_2D_-XY-Z_Y;Corner_2D_-X-YZ_X;Corner_2D_-X-YZ_Y;Corner_2D_-X-Y-Z_X;Corner_2D_-X-Y-Z_Y;
J0:19:17:11:132;Hatchback_Car_AI_C_0;211;39013.796875;-67911.554688;-53449.710938;-1;-1;665.302795;-0.087353;-0.986278;-0.140092;39011.632812;-67936.390625;-53373.453125;204.0;92.0;76.0;39084.546875;-68156.3125;-53326.824219;39086.359375;-68135.09375;-53477.324219;38901.265625;-68140.09375;-53326.738281;38903.078125;-68118.875;-53477.238281;39120.1875;-67753.90625;-53269.667969;39122.0;-67732.6875;-53420.167969;38936.90625;-67737.6875;-53269.582031;38938.71875;-67716.46875;-53420.082031;-1;-1;-1;-1;-1;-1;-1;-1;-1;-1;-1;-1;-1;-1;-1;-1;-1;-1
J0:19:17:11:132;Hatchback_Car_AI_C_7;211;39550.175781;-64941.257812;-53279.429688;-1;-1;576.602295;-0.259995;-0.965609;-0.000869;39546.496094;-64954.835938;-53200.441406;204.0;92.0;76.0;39582.253906;-65175.796875;-53124.59375;39582.332031;-65175.679688;-53276.59375;39404.582031;-65127.960938;-53124.640625;39404.660156;-65127.84375;-53276.640625;39688.332031;-64781.828125;-53124.242188;39688.410156;-64781.710938;-53276.242188;39510.660156;-64733.992188;-53124.289062;39510.738281;-64733.875;-53276.289062;-1;-1;-1;-1;-1;-1;-1;-1;-1;-1;-1;-1;-1;-1;-1;-1;-1;-1
J0:19:17:11:132;Hatchback_Car_AI_C_11;211;40068.648438;-63224.929688;-53306.160156;-1;-1;-0.013923;-0.308791;-0.950613;0.031353;40065.09375;-63235.882812;-53226.761719;204.0;92.0;76.0;40090.339844;-63455.964844;-53144.410156;40088.863281;-63460.496094;-53296.332031;39915.339844;-63399.121094;-53144.402344;39913.863281;-63403.652344;-53296.324219;40216.324219;-63068.113281;-53157.199219;40214.847656;-63072.644531;-53309.121094;40041.324219;-63011.269531;-53157.191406;40039.847656;-63015.800781;-53309.113281;-1;-1;-1;-1;-1;-1;-1;-1;-1;-1;-1;-1;-1;-1;-1;-1;-1;-1
