Time;ID;Cat;XPos;YPos;ZPos;2D_XPos;2D_YPos;Vel;XDir;YDir;ZDir;BBox_XPos;BBox_YPos;BBox_ZPos;BBox_Ext_X;BBox_Ext_Y;BBox_Ext_Z;Corner_XYZ_X;Corner_XYZ_Y;Corner_XYZ_Z;Corner_XY-Z_X;Corner_XY-Z_Y;Corner_XY-Z_Z;Corner_X-YZ_X;Corner_X-YZ_Y;Corner_X-YZ_Z;Corner_X-Y-Z_X;Corner_X-Y-Z_Y;Corner_X-Y-Z_Z;Corner_-XYZ_X;Corner_-XYZ_Y;Corner_-XYZ_Z;Corner_-XY-Z_X;Corner_-XY-Z_Y;Corner_-XY-Z_Z;Corner_-X-YZ_X;Corner_-X-YZ_Y;Corner_-X-YZ_Z;Corner_-X-Y-Z_X;Corner_-X-Y-Z_Y;Corner_-X-Y-Z_Z;BBox_2D_XPos;BBox_2D_YPos;Corner_2D_XYZ_X;Corner_2D_XYZ_Y;Corner_2D_XY-Z_X;Corner_2D_XY-Z_Y;Corner_2D_X-YZ_X;Corner_2D_X-YZ_Y;Corner_2D_X-Y-Z_X;Corner_2D_X-Y-Z_Y;Corner_2D_-XYZ_X;Corner_2D_-XYZ_Y;Corner_-2D_XY-Z_X;Corner_2D_-XY-Z_Y;Corner_2D_-X-YZ_X;Corner_2D_-X-YZ_Y;Corner_2D_-X-Y-Z_X;Corner_2D_-X-Y-Z_Y;
J0:19:16:41:129;Hatchback_Car_AI_C_0;211;39243.996094;-66285.59375;-53308.289062;-1;-1;691.97467;-0.191146;-0.980728;-0.04046;39240.683594;-66302.453125;-53229.921875;204.0;92.0;76.0;39291.378906;-66523.140625;-53162.207031;39292.605469;-66517.109375;-53314.082031;39110.777344;-66487.9375;-53162.269531;39112.003906;-66481.90625;-53314.144531;39369.363281;-66123.0;-53145.699219;39370.589844;-66116.96875;-53297.574219;39188.761719;-66087.796875;-53145.761719;39189.988281;-66081.765625;-53297.636719;-1;-1;-1;-1;-1;-1;-1;-1;-1;-1;-1;-1;-1;-1;-1;-1;-1;-1
J0:19:16:41:129;Hatchback_Car_AI_C_7;211;39908.1875;-63719.746094;-53292.515625;-1;-1;411.017517;-0.306124;-0.951668;0.024802;39904.464844;-63731.191406;-53213.191406;204.0;92.0;76.0;39930.140625;-63951.699219;-53132.109375;39929.054688;-63955.308594;-53284.0625;39754.976562;-63895.355469;-53132.203125;39753.890625;-63898.964844;-53284.15625;40055.039062;-63563.417969;-53142.226562;40053.953125;-63567.027344;-53294.179688;39879.875;-63507.074219;-53142.320312;39878.789062;-63510.683594;-53294.273438;-1;-1;-1;-1;-1;-1;-1;-1;-1;-1;-1;-1;-1;-1;-1;-1;-1;-1
