Time;ID;Cat;XPos;YPos;ZPos;2D_XPos;2D_YPos;Vel;XDir;YDir;ZDir;BBox_XPos;BBox_YPos;BBox_ZPos;BBox_Ext_X;BBox_Ext_Y;BBox_Ext_Z;Corner_XYZ_X;Corner_XYZ_Y;Corner_XYZ_Z;Corner_XY-Z_X;Corner_XY-Z_Y;Corner_XY-Z_Z;Corner_X-YZ_X;Corner_X-YZ_Y;Corner_X-YZ_Z;Corner_X-Y-Z_X;Corner_X-Y-Z_Y;Corner_X-Y-Z_Z;Corner_-XYZ_X;Corner_-XYZ_Y;Corner_-XYZ_Z;Corner_-XY-Z_X;Corner_-XY-Z_Y;Corner_-XY-Z_Z;Corner_-X-YZ_X;Corner_-X-YZ_Y;Corner_-X-YZ_Z;Corner_-X-Y-Z_X;Corner_-X-Y-Z_Y;Corner_-X-Y-Z_Z;BBox_2D_XPos;BBox_2D_YPos;Corner_2D_XYZ_X;Corner_2D_XYZ_Y;Corner_2D_XY-Z_X;Corner_2D_XY-Z_Y;Corner_2D_X-YZ_X;Corner_2D_X-YZ_Y;Corner_2D_X-Y-Z_X;Corner_2D_X-Y-Z_Y;Corner_2D_-XYZ_X;Corner_2D_-XYZ_Y;Corner_-2D_XY-Z_X;Corner_2D_-XY-Z_Y;Corner_2D_-X-YZ_X;Corner_2D_-X-YZ_Y;Corner_2D_-X-Y-Z_X;Corner_2D_-X-Y-Z_Y;
J0:19:16:00:333;Hatchback_Car_AI_C_0;211;39733.769531;-64285.136719;-53282.441406;-1;-1;537.936951;-0.286648;-0.957952;0.012681;39730.0;-64297.574219;-53203.269531;204.0;92.0;76.0;39759.898438;-64518.433594;-53124.640625;39759.429688;-64520.308594;-53276.625;39583.617188;-64465.683594;-53124.742188;39583.148438;-64467.558594;-53276.726562;39876.851562;-64127.589844;-53129.8125;39876.382812;-64129.464844;-53281.796875;39700.570312;-64074.839844;-53129.914062;39700.101562;-64076.714844;-53281.898438;-1;-1;-1;-1;-1;-1;-1;-1;-1;-1;-1;-1;-1;-1;-1;-1;-1;-1
J0:19:16:00:333;Hatchback_Car_AI_C_7;211;40068.785156;-63224.582031;-53306.890625;-1;-1;-1.022557;-0.308925;-0.950906;0.018513;40064.917969;-63236.507812;-53227.644531;204.0;92.0;76.0;40089.839844;-63457.582031;-53147.886719;40088.957031;-63460.253906;-53299.863281;39914.839844;-63400.730469;-53147.871094;39913.957031;-63403.402344;-53299.847656;40215.878906;-63069.613281;-53155.441406;40214.996094;-63072.285156;-53307.417969;40040.878906;-63012.761719;-53155.425781;40039.996094;-63015.433594;-53307.402344;-1;-1;-1;-1;-1;-1;-1;-1;-1;-1;-1;-1;-1;-1;-1;-1;-1;-1
