Time;ID;Cat;XPos;YPos;ZPos;2D_XPos;2D_YPos;Vel;XDir;YDir;ZDir;BBox_XPos;BBox_YPos;BBox_ZPos;BBox_Ext_X;BBox_Ext_Y;BBox_Ext_Z;Corner_XYZ_X;Corner_XYZ_Y;Corner_XYZ_Z;Corner_XY-Z_X;Corner_XY-Z_Y;Corner_XY-Z_Z;Corner_X-YZ_X;Corner_X-YZ_Y;Corner_X-YZ_Z;Corner_X-Y-Z_X;Corner_X-Y-Z_Y;Corner_X-Y-Z_Z;Corner_-XYZ_X;Corner_-XYZ_Y;Corner_-XYZ_Z;Corner_-XY-Z_X;Corner_-XY-Z_Y;Corner_-XY-Z_Z;Corner_-X-YZ_X;Corner_-X-YZ_Y;Corner_-X-YZ_Z;Corner_-X-Y-Z_X;Corner_-X-Y-Z_Y;Corner_-X-Y-Z_Z;BBox_2D_XPos;BBox_2D_YPos;Corner_2D_XYZ_X;Corner_2D_XYZ_Y;Corner_2D_XY-Z_X;Corner_2D_XY-Z_Y;Corner_2D_X-YZ_X;Corner_2D_X-YZ_Y;Corner_2D_X-Y-Z_X;Corner_2D_X-Y-Z_Y;Corner_2D_-XYZ_X;Corner_2D_-XYZ_Y;Corner_-2D_XY-Z_X;Corner_2D_-XY-Z_Y;Corner_2D_-X-YZ_X;Corner_2D_-X-YZ_Y;Corner_2D_-X-Y-Z_X;Corner_2D_-X-Y-Z_Y;
J0:19:16:34:733;Hatchback_Car_AI_C_0;211;39314.800781;-65935.117188;-53295.523438;-1;-1;671.271484;-0.210065;-0.977235;-0.029746;39311.339844;-65951.09375;-53216.976562;204.0;92.0;76.0;39357.933594;-66171.992188;-53147.046875;39358.933594;-66167.585938;-53298.976562;39178.042969;-66133.320312;-53147.109375;39179.042969;-66128.914062;-53299.039062;39443.636719;-65773.273438;-53134.914062;39444.636719;-65768.867188;-53286.84375;39263.746094;-65734.601562;-53134.976562;39264.746094;-65730.195312;-53286.90625;-1;-1;-1;-1;-1;-1;-1;-1;-1;-1;-1;-1;-1;-1;-1;-1;-1;-1
J0:19:16:34:733;Hatchback_Car_AI_C_7;211;39970.332031;-63526.769531;-53297.257812;-1;-1;344.539948;-0.308992;-0.950646;0.028213;39966.667969;-63537.949219;-53217.894531;204.0;92.0;76.0;39991.765625;-63758.273438;-53136.136719;39990.492188;-63762.367188;-53288.074219;39816.773438;-63701.398438;-53136.207031;39815.5;-63705.492188;-53288.144531;40117.835938;-63370.40625;-53147.644531;40116.5625;-63374.5;-53299.582031;39942.84375;-63313.53125;-53147.714844;39941.570312;-63317.625;-53299.652344;-1;-1;-1;-1;-1;-1;-1;-1;-1;-1;-1;-1;-1;-1;-1;-1;-1;-1
