Time;ID;Cat;XPos;YPos;ZPos;2D_XPos;2D_YPos;Vel;XDir;YDir;ZDir;BBox_XPos;BBox_YPos;BBox_ZPos;BBox_Ext_X;BBox_Ext_Y;BBox_Ext_Z;Corner_XYZ_X;Corner_XYZ_Y;Corner_XYZ_Z;Corner_XY-Z_X;Corner_XY-Z_Y;Corner_XY-Z_Z;Corner_X-YZ_X;Corner_X-YZ_Y;Corner_X-YZ_Z;Corner_X-Y-Z_X;Corner_X-Y-Z_Y;Corner_X-Y-Z_Z;Corner_-XYZ_X;Corner_-XYZ_Y;Corner_-XYZ_Z;Corner_-XY-Z_X;Corner_-XY-Z_Y;Corner_-XY-Z_Z;Corner_-X-YZ_X;Corner_-X-YZ_Y;Corner_-X-YZ_Z;Corner_-X-Y-Z_X;Corner_-X-Y-Z_Y;Corner_-X-Y-Z_Z;BBox_2D_XPos;BBox_2D_YPos;Corner_2D_XYZ_X;Corner_2D_XYZ_Y;Corner_2D_XY-Z_X;Corner_2D_XY-Z_Y;Corner_2D_X-YZ_X;Corner_2D_X-YZ_Y;Corner_2D_X-Y-Z_X;Corner_2D_X-Y-Z_Y;Corner_2D_-XYZ_X;Corner_2D_-XYZ_Y;Corner_-2D_XY-Z_X;Corner_2D_-XY-Z_Y;Corner_2D_-X-YZ_X;Corner_2D_-X-YZ_Y;Corner_2D_-X-Y-Z_X;Corner_2D_-X-Y-Z_Y;
J0:19:16:14:731;Hatchback_Car_AI_C_0;211;39561.332031;-64900.347656;-53279.347656;-1;-1;565.96521;-0.26156;-0.965187;-0.00017;39557.640625;-64913.867188;-53200.351562;204.0;92.0;76.0;39593.046875;-65134.832031;-53124.351562;39593.109375;-65134.824219;-53276.351562;39415.453125;-65086.707031;-53124.421875;39415.515625;-65086.699219;-53276.421875;39699.765625;-64741.035156;-53124.28125;39699.828125;-64741.027344;-53276.28125;39522.171875;-64692.910156;-53124.351562;39522.234375;-64692.902344;-53276.351562;-1;-1;-1;-1;-1;-1;-1;-1;-1;-1;-1;-1;-1;-1;-1;-1;-1;-1
J0:19:16:14:731;Hatchback_Car_AI_C_7;211;40068.648438;-63224.9375;-53306.140625;-1;-1;-0.002037;-0.308785;-0.95061;0.031499;40065.09375;-63235.878906;-53226.738281;204.0;92.0;76.0;40090.339844;-63455.949219;-53144.351562;40088.863281;-63460.503906;-53296.273438;39915.339844;-63399.105469;-53144.351562;39913.863281;-63403.660156;-53296.273438;40216.324219;-63068.097656;-53157.203125;40214.847656;-63072.652344;-53309.125;40041.324219;-63011.253906;-53157.203125;40039.847656;-63015.808594;-53309.125;-1;-1;-1;-1;-1;-1;-1;-1;-1;-1;-1;-1;-1;-1;-1;-1;-1;-1
