Time;ID;Cat;XPos;YPos;ZPos;2D_XPos;2D_YPos;Vel;XDir;YDir;ZDir;BBox_XPos;BBox_YPos;BBox_ZPos;BBox_Ext_X;BBox_Ext_Y;BBox_Ext_Z;Corner_XYZ_X;Corner_XYZ_Y;Corner_XYZ_Z;Corner_XY-Z_X;Corner_XY-Z_Y;Corner_XY-Z_Z;Corner_X-YZ_X;Corner_X-YZ_Y;Corner_X-YZ_Z;Corner_X-Y-Z_X;Corner_X-Y-Z_Y;Corner_X-Y-Z_Z;Corner_-XYZ_X;Corner_-XYZ_Y;Corner_-XYZ_Z;Corner_-XY-Z_X;Corner_-XY-Z_Y;Corner_-XY-Z_Z;Corner_-X-YZ_X;Corner_-X-YZ_Y;Corner_-X-YZ_Z;Corner_-X-Y-Z_X;Corner_-X-Y-Z_Y;Corner_-X-Y-Z_Z;BBox_2D_XPos;BBox_2D_YPos;Corner_2D_XYZ_X;Corner_2D_XYZ_Y;Corner_2D_XY-Z_X;Corner_2D_XY-Z_Y;Corner_2D_X-YZ_X;Corner_2D_X-YZ_Y;Corner_2D_X-Y-Z_X;Corner_2D_X-Y-Z_Y;Corner_2D_-XYZ_X;Corner_2D_-XYZ_Y;Corner_-2D_XY-Z_X;Corner_2D_-XY-Z_Y;Corner_2D_-X-YZ_X;Corner_2D_-X-YZ_Y;Corner_2D_-X-Y-Z_X;Corner_2D_-X-Y-Z_Y;
J0:19:16:39:937;Hatchback_Car_AI_C_0;211;39257.195312;-66217.648438;-53305.535156;-1;-1;696.774414;-0.19636;-0.97981;-0.037617;39253.847656;-66234.273438;-53227.117188;204.0;92.0;76.0;39303.421875;-66455.03125;-53158.828125;39304.570312;-66449.4375;-53310.71875;39123.007812;-66418.875;-53158.859375;39124.15625;-66413.28125;-53310.75;39383.539062;-66055.265625;-53143.484375;39384.6875;-66049.671875;-53295.375;39203.125;-66019.109375;-53143.515625;39204.273438;-66013.515625;-53295.40625;-1;-1;-1;-1;-1;-1;-1;-1;-1;-1;-1;-1;-1;-1;-1;-1;-1;-1
J0:19:16:39:937;Hatchback_Car_AI_C_7;211;39920.582031;-63681.0;-53293.40625;-1;-1;399.614899;-0.306912;-0.951396;0.025513;39916.867188;-63692.390625;-53214.074219;204.0;92.0;76.0;39942.375;-63912.863281;-53132.847656;39941.257812;-63916.574219;-53284.800781;39767.257812;-63856.378906;-53132.941406;39766.140625;-63860.089844;-53284.894531;40067.59375;-63524.691406;-53143.253906;40066.476562;-63528.402344;-53295.207031;39892.476562;-63468.207031;-53143.347656;39891.359375;-63471.917969;-53295.300781;-1;-1;-1;-1;-1;-1;-1;-1;-1;-1;-1;-1;-1;-1;-1;-1;-1;-1
