Time;ID;Cat;XPos;YPos;ZPos;2D_XPos;2D_YPos;Vel;XDir;YDir;ZDir;BBox_XPos;BBox_YPos;BBox_ZPos;BBox_Ext_X;BBox_Ext_Y;BBox_Ext_Z;Corner_XYZ_X;Corner_XYZ_Y;Corner_XYZ_Z;Corner_XY-Z_X;Corner_XY-Z_Y;Corner_XY-Z_Z;Corner_X-YZ_X;Corner_X-YZ_Y;Corner_X-YZ_Z;Corner_X-Y-Z_X;Corner_X-Y-Z_Y;Corner_X-Y-Z_Z;Corner_-XYZ_X;Corner_-XYZ_Y;Corner_-XYZ_Z;Corner_-XY-Z_X;Corner_-XY-Z_Y;Corner_-XY-Z_Z;Corner_-X-YZ_X;Corner_-X-YZ_Y;Corner_-X-YZ_Z;Corner_-X-Y-Z_X;Corner_-X-Y-Z_Y;Corner_-X-Y-Z_Z;BBox_2D_XPos;BBox_2D_YPos;Corner_2D_XYZ_X;Corner_2D_XYZ_Y;Corner_2D_XY-Z_X;Corner_2D_XY-Z_Y;Corner_2D_X-YZ_X;Corner_2D_X-YZ_Y;Corner_2D_X-Y-Z_X;Corner_2D_X-Y-Z_Y;Corner_2D_-XYZ_X;Corner_2D_-XYZ_Y;Corner_-2D_XY-Z_X;Corner_2D_-XY-Z_Y;Corner_2D_-X-YZ_X;Corner_2D_-X-YZ_Y;Corner_2D_-X-Y-Z_X;Corner_2D_-X-Y-Z_Y;
J0:19:16:55:528;Hatchback_Car_AI_C_0;211;39113.03125;-67058.117188;-53354.324219;-1;-1;682.028259;-0.148765;-0.985698;-0.079182;39109.988281;-67078.101562;-53276.679688;204.0;92.0;76.0;39169.6875;-67298.867188;-53217.039062;39171.53125;-67286.976562;-53368.5625;38987.75;-67271.398438;-53217.101562;38989.59375;-67259.507812;-53368.625;39230.382812;-66896.695312;-53184.734375;39232.226562;-66884.804688;-53336.257812;39048.445312;-66869.226562;-53184.796875;39050.289062;-66857.335938;-53336.320312;-1;-1;-1;-1;-1;-1;-1;-1;-1;-1;-1;-1;-1;-1;-1;-1;-1;-1
J0:19:16:55:528;Hatchback_Car_AI_C_7;211;39737.289062;-64272.757812;-53282.542969;-1;-1;520.209717;-0.289842;-0.956998;0.012097;39733.46875;-64285.230469;-53203.378906;204.0;92.0;76.0;39762.621094;-64506.234375;-53124.867188;39762.160156;-64508.015625;-53276.859375;39586.519531;-64452.898438;-53124.960938;39586.058594;-64454.679688;-53276.953125;39880.878906;-64115.78125;-53129.804688;39880.417969;-64117.5625;-53281.796875;39704.777344;-64062.445312;-53129.898438;39704.316406;-64064.226562;-53281.890625;-1;-1;-1;-1;-1;-1;-1;-1;-1;-1;-1;-1;-1;-1;-1;-1;-1;-1
