Time;ID;Cat;XPos;YPos;ZPos;2D_XPos;2D_YPos;Vel;XDir;YDir;ZDir;BBox_XPos;BBox_YPos;BBox_ZPos;BBox_Ext_X;BBox_Ext_Y;BBox_Ext_Z;Corner_XYZ_X;Corner_XYZ_Y;Corner_XYZ_Z;Corner_XY-Z_X;Corner_XY-Z_Y;Corner_XY-Z_Z;Corner_X-YZ_X;Corner_X-YZ_Y;Corner_X-YZ_Z;Corner_X-Y-Z_X;Corner_X-Y-Z_Y;Corner_X-Y-Z_Z;Corner_-XYZ_X;Corner_-XYZ_Y;Corner_-XYZ_Z;Corner_-XY-Z_X;Corner_-XY-Z_Y;Corner_-XY-Z_Z;Corner_-X-YZ_X;Corner_-X-YZ_Y;Corner_-X-YZ_Z;Corner_-X-Y-Z_X;Corner_-X-Y-Z_Y;Corner_-X-Y-Z_Z;BBox_2D_XPos;BBox_2D_YPos;Corner_2D_XYZ_X;Corner_2D_XYZ_Y;Corner_2D_XY-Z_X;Corner_2D_XY-Z_Y;Corner_2D_X-YZ_X;Corner_2D_X-YZ_Y;Corner_2D_X-Y-Z_X;Corner_2D_X-Y-Z_Y;Corner_2D_-XYZ_X;Corner_2D_-XYZ_Y;Corner_-2D_XY-Z_X;Corner_2D_-XY-Z_Y;Corner_2D_-X-YZ_X;Corner_2D_-X-YZ_Y;Corner_2D_-X-Y-Z_X;Corner_2D_-X-Y-Z_Y;
J0:19:17:28:735;Hatchback_Car_AI_C_0;211;38976.0;-68886.84375;-53626.765625;-1;-1;684.576904;-0.001843;-0.976074;-0.217431;38976.039062;-68917.6875;-53552.699219;204.0;92.0;76.0;39067.726562;-69133.476562;-53522.980469;39067.601562;-69100.429688;-53671.347656;38883.726562;-69133.179688;-53522.761719;38883.601562;-69100.132812;-53671.128906;39068.476562;-68735.242188;-53434.269531;39068.351562;-68702.195312;-53582.636719;38884.476562;-68734.945312;-53434.050781;38884.351562;-68701.898438;-53582.417969;-1;-1;-1;-1;-1;-1;-1;-1;-1;-1;-1;-1;-1;-1;-1;-1;-1;-1
J0:19:17:28:735;Hatchback_Car_AI_C_7;211;39332.824219;-65848.796875;-53293.195312;-1;-1;620.564148;-0.214819;-0.976214;-0.029303;39329.304688;-65864.71875;-53214.640625;204.0;92.0;76.0;39374.839844;-66085.8125;-53144.632812;39375.824219;-66081.46875;-53296.570312;39195.136719;-66046.265625;-53144.664062;39196.121094;-66041.921875;-53296.601562;39462.488281;-65687.515625;-53132.679688;39463.472656;-65683.171875;-53284.617188;39282.785156;-65647.96875;-53132.710938;39283.769531;-65643.625;-53284.648438;-1;-1;-1;-1;-1;-1;-1;-1;-1;-1;-1;-1;-1;-1;-1;-1;-1;-1
J0:19:17:28:735;Hatchback_Car_AI_C_11;211;40030.160156;-63342.972656;-53302.285156;-1;-1;259.545044;-0.309563;-0.950324;0.032474;40026.609375;-63353.835938;-53222.871094;204.0;92.0;76.0;40051.6875;-63573.847656;-53140.269531;40050.179688;-63578.550781;-53292.191406;39876.734375;-63516.855469;-53140.300781;39875.226562;-63521.558594;-53292.222656;40177.992188;-63186.113281;-53153.519531;40176.484375;-63190.816406;-53305.441406;40003.039062;-63129.121094;-53153.550781;40001.53125;-63133.824219;-53305.472656;-1;-1;-1;-1;-1;-1;-1;-1;-1;-1;-1;-1;-1;-1;-1;-1;-1;-1
