Time;ID;Cat;XPos;YPos;ZPos;2D_XPos;2D_YPos;Vel;XDir;YDir;ZDir;BBox_XPos;BBox_YPos;BBox_ZPos;BBox_Ext_X;BBox_Ext_Y;BBox_Ext_Z;Corner_XYZ_X;Corner_XYZ_Y;Corner_XYZ_Z;Corner_XY-Z_X;Corner_XY-Z_Y;Corner_XY-Z_Z;Corner_X-YZ_X;Corner_X-YZ_Y;Corner_X-YZ_Z;Corner_X-Y-Z_X;Corner_X-Y-Z_Y;Corner_X-Y-Z_Z;Corner_-XYZ_X;Corner_-XYZ_Y;Corner_-XYZ_Z;Corner_-XY-Z_X;Corner_-XY-Z_Y;Corner_-XY-Z_Z;Corner_-X-YZ_X;Corner_-X-YZ_Y;Corner_-X-YZ_Z;Corner_-X-Y-Z_X;Corner_-X-Y-Z_Y;Corner_-X-Y-Z_Z;BBox_2D_XPos;BBox_2D_YPos;Corner_2D_XYZ_X;Corner_2D_XYZ_Y;Corner_2D_XY-Z_X;Corner_2D_XY-Z_Y;Corner_2D_X-YZ_X;Corner_2D_X-YZ_Y;Corner_2D_X-Y-Z_X;Corner_2D_X-Y-Z_Y;Corner_2D_-XYZ_X;Corner_2D_-XYZ_Y;Corner_-2D_XY-Z_X;Corner_2D_-XY-Z_Y;Corner_2D_-X-YZ_X;Corner_2D_-X-YZ_Y;Corner_2D_-X-Y-Z_X;Corner_2D_-X-Y-Z_Y;
J0:19:17:42:733;Hatchback_Car_AI_C_0;211;39001.011719;-69669.179688;-53814.691406;-1;-1;690.102234;0.053315;-0.967343;-0.2478;39002.917969;-69702.265625;-53741.625;204.0;92.0;76.0;39106.769531;-69913.3125;-53718.640625;39104.535156;-69875.71875;-53865.898438;38923.050781;-69923.484375;-53718.453125;38920.816406;-69885.890625;-53865.710938;39085.019531;-69518.640625;-53617.539062;39082.785156;-69481.046875;-53764.796875;38901.300781;-69528.8125;-53617.351562;38899.066406;-69491.21875;-53764.609375;-1;-1;-1;-1;-1;-1;-1;-1;-1;-1;-1;-1;-1;-1;-1;-1;-1;-1
J0:19:17:42:733;Hatchback_Car_AI_C_7;211;39186.179688;-66601.554688;-53323.792969;-1;-1;606.723267;-0.174308;-0.983141;-0.055231;39182.96875;-66619.617188;-53245.6875;204.0;92.0;76.0;39237.257812;-66840.375;-53181.0625;39238.734375;-66832.109375;-53332.828125;39056.085938;-66808.25;-53181.078125;39057.5625;-66799.984375;-53332.84375;39308.375;-66439.25;-53158.53125;39309.851562;-66430.984375;-53310.296875;39127.203125;-66407.125;-53158.546875;39128.679688;-66398.859375;-53310.3125;-1;-1;-1;-1;-1;-1;-1;-1;-1;-1;-1;-1;-1;-1;-1;-1;-1;-1
J0:19:17:42:733;Hatchback_Car_AI_C_11;211;39907.46875;-63722.140625;-53292.460938;-1;-1;414.861328;-0.305959;-0.951721;0.024826;39903.746094;-63733.585938;-53213.136719;204.0;92.0;76.0;39929.457031;-63954.085938;-53132.042969;39928.378906;-63957.703125;-53283.996094;39754.285156;-63897.773438;-53132.144531;39753.207031;-63901.390625;-53284.097656;40054.285156;-63565.78125;-53142.175781;40053.207031;-63569.398438;-53294.128906;39879.113281;-63509.46875;-53142.277344;39878.035156;-63513.085938;-53294.230469;-1;-1;-1;-1;-1;-1;-1;-1;-1;-1;-1;-1;-1;-1;-1;-1;-1;-1
