Time;ID;Cat;XPos;YPos;ZPos;2D_XPos;2D_YPos;Vel;XDir;YDir;ZDir;BBox_XPos;BBox_YPos;BBox_ZPos;BBox_Ext_X;BBox_Ext_Y;BBox_Ext_Z;Corner_XYZ_X;Corner_XYZ_Y;Corner_XYZ_Z;Corner_XY-Z_X;Corner_XY-Z_Y;Corner_XY-Z_Z;Corner_X-YZ_X;Corner_X-YZ_Y;Corner_X-YZ_Z;Corner_X-Y-Z_X;Corner_X-Y-Z_Y;Corner_X-Y-Z_Z;Corner_-XYZ_X;Corner_-XYZ_Y;Corner_-XYZ_Z;Corner_-XY-Z_X;Corner_-XY-Z_Y;Corner_-XY-Z_Z;Corner_-X-YZ_X;Corner_-X-YZ_Y;Corner_-X-YZ_Z;Corner_-X-Y-Z_X;Corner_-X-Y-Z_Y;Corner_-X-Y-Z_Z;BBox_2D_XPos;BBox_2D_YPos;Corner_2D_XYZ_X;Corner_2D_XYZ_Y;Corner_2D_XY-Z_X;Corner_2D_XY-Z_Y;Corner_2D_X-YZ_X;Corner_2D_X-YZ_Y;Corner_2D_X-Y-Z_X;Corner_2D_X-Y-Z_Y;Corner_2D_-XYZ_X;Corner_2D_-XYZ_Y;Corner_-2D_XY-Z_X;Corner_2D_-XY-Z_Y;Corner_2D_-X-YZ_X;Corner_2D_-X-YZ_Y;Corner_2D_-X-Y-Z_X;Corner_2D_-X-Y-Z_Y;
J0:19:16:36:732;Hatchback_Car_AI_C_0;211;39292.683594;-66041.390625;-53299.136719;-1;-1;664.306152;-0.206271;-0.977928;-0.033315;39289.253906;-66057.65625;-53220.648438;204.0;92.0;76.0;39336.675781;-66278.617188;-53151.492188;39337.714844;-66273.664062;-53303.40625;39156.636719;-66240.648438;-53151.484375;39157.675781;-66235.695312;-53303.398438;39420.832031;-65879.617188;-53137.898438;39421.871094;-65874.664062;-53289.8125;39240.792969;-65841.648438;-53137.890625;39241.832031;-65836.695312;-53289.804688;-1;-1;-1;-1;-1;-1;-1;-1;-1;-1;-1;-1;-1;-1;-1;-1;-1;-1
J0:19:16:36:732;Hatchback_Car_AI_C_7;211;39951.980469;-63583.4375;-53295.796875;-1;-1;366.514252;-0.308539;-0.950822;0.027243;39948.292969;-63594.691406;-53216.445312;204.0;92.0;76.0;39973.46875;-63815.074219;-53134.875;39972.25;-63819.035156;-53286.820312;39798.453125;-63758.285156;-53134.953125;39797.234375;-63762.246094;-53286.898438;40099.351562;-63427.136719;-53145.992188;40098.132812;-63431.097656;-53297.9375;39924.335938;-63370.347656;-53146.070312;39923.117188;-63374.308594;-53298.015625;-1;-1;-1;-1;-1;-1;-1;-1;-1;-1;-1;-1;-1;-1;-1;-1;-1;-1
