Time;ID;Cat;XPos;YPos;ZPos;2D_XPos;2D_YPos;Vel;XDir;YDir;ZDir;BBox_XPos;BBox_YPos;BBox_ZPos;BBox_Ext_X;BBox_Ext_Y;BBox_Ext_Z;Corner_XYZ_X;Corner_XYZ_Y;Corner_XYZ_Z;Corner_XY-Z_X;Corner_XY-Z_Y;Corner_XY-Z_Z;Corner_X-YZ_X;Corner_X-YZ_Y;Corner_X-YZ_Z;Corner_X-Y-Z_X;Corner_X-Y-Z_Y;Corner_X-Y-Z_Z;Corner_-XYZ_X;Corner_-XYZ_Y;Corner_-XYZ_Z;Corner_-XY-Z_X;Corner_-XY-Z_Y;Corner_-XY-Z_Z;Corner_-X-YZ_X;Corner_-X-YZ_Y;Corner_-X-YZ_Z;Corner_-X-Y-Z_X;Corner_-X-Y-Z_Y;Corner_-X-Y-Z_Z;BBox_2D_XPos;BBox_2D_YPos;Corner_2D_XYZ_X;Corner_2D_XYZ_Y;Corner_2D_XY-Z_X;Corner_2D_XY-Z_Y;Corner_2D_X-YZ_X;Corner_2D_X-YZ_Y;Corner_2D_X-Y-Z_X;Corner_2D_X-Y-Z_Y;Corner_2D_-XYZ_X;Corner_2D_-XYZ_Y;Corner_-2D_XY-Z_X;Corner_2D_-XY-Z_Y;Corner_2D_-X-YZ_X;Corner_2D_-X-YZ_Y;Corner_2D_-X-Y-Z_X;Corner_2D_-X-Y-Z_Y;
J0:19:17:58:337;Hatchback_Car_AI_C_0;211;39066.210938;-70536.140625;-54038.574219;-1;-1;694.038269;0.082887;-0.964426;-0.251022;39069.253906;-70569.382812;-53965.617188;204.0;92.0;76.0;39179.632812;-70777.1875;-53943.46875;39176.007812;-70739.203125;-54090.601562;38996.320312;-70793.046875;-53943.046875;38992.695312;-70755.0625;-54090.179688;39145.8125;-70383.703125;-53841.054688;39142.1875;-70345.71875;-53988.1875;38962.5;-70399.5625;-53840.632812;38958.875;-70361.578125;-53987.765625;-1;-1;-1;-1;-1;-1;-1;-1;-1;-1;-1;-1;-1;-1;-1;-1;-1;-1
J0:19:17:58:337;Hatchback_Car_AI_C_7;211;39060.484375;-67451.085938;-53391.800781;-1;-1;721.605103;-0.124487;-0.986695;-0.10458;39057.707031;-67473.09375;-53314.699219;204.0;92.0;76.0;39122.59375;-67693.78125;-53260.453125;39124.585938;-67678.015625;-53411.617188;38940.039062;-67670.75;-53260.453125;38942.03125;-67654.984375;-53411.617188;39173.382812;-67291.203125;-53217.78125;39175.375;-67275.4375;-53368.945312;38990.828125;-67268.171875;-53217.78125;38992.820312;-67252.40625;-53368.945312;-1;-1;-1;-1;-1;-1;-1;-1;-1;-1;-1;-1;-1;-1;-1;-1;-1;-1
J0:19:17:58:337;Hatchback_Car_AI_C_11;211;39720.628906;-64329.875;-53282.023438;-1;-1;530.142639;-0.285978;-0.958171;0.011141;39716.835938;-64342.433594;-53202.871094;204.0;92.0;76.0;39746.855469;-64563.390625;-53124.554688;39746.449219;-64565.039062;-53276.546875;39570.542969;-64510.765625;-53124.648438;39570.136719;-64512.414062;-53276.640625;39863.535156;-64172.453125;-53129.101562;39863.128906;-64174.101562;-53281.09375;39687.222656;-64119.828125;-53129.195312;39686.816406;-64121.476562;-53281.1875;-1;-1;-1;-1;-1;-1;-1;-1;-1;-1;-1;-1;-1;-1;-1;-1;-1;-1
