Time;ID;Cat;XPos;YPos;ZPos;2D_XPos;2D_YPos;Vel;XDir;YDir;ZDir;BBox_XPos;BBox_YPos;BBox_ZPos;BBox_Ext_X;BBox_Ext_Y;BBox_Ext_Z;Corner_XYZ_X;Corner_XYZ_Y;Corner_XYZ_Z;Corner_XY-Z_X;Corner_XY-Z_Y;Corner_XY-Z_Z;Corner_X-YZ_X;Corner_X-YZ_Y;Corner_X-YZ_Z;Corner_X-Y-Z_X;Corner_X-Y-Z_Y;Corner_X-Y-Z_Z;Corner_-XYZ_X;Corner_-XYZ_Y;Corner_-XYZ_Z;Corner_-XY-Z_X;Corner_-XY-Z_Y;Corner_-XY-Z_Z;Corner_-X-YZ_X;Corner_-X-YZ_Y;Corner_-X-YZ_Z;Corner_-X-Y-Z_X;Corner_-X-Y-Z_Y;Corner_-X-Y-Z_Z;BBox_2D_XPos;BBox_2D_YPos;Corner_2D_XYZ_X;Corner_2D_XYZ_Y;Corner_2D_XY-Z_X;Corner_2D_XY-Z_Y;Corner_2D_X-YZ_X;Corner_2D_X-YZ_Y;Corner_2D_X-Y-Z_X;Corner_2D_X-Y-Z_Y;Corner_2D_-XYZ_X;Corner_2D_-XYZ_Y;Corner_-2D_XY-Z_X;Corner_2D_-XY-Z_Y;Corner_2D_-X-YZ_X;Corner_2D_-X-YZ_Y;Corner_2D_-X-Y-Z_X;Corner_2D_-X-Y-Z_Y;
J0:19:16:15:531;Hatchback_Car_AI_C_0;211;39551.722656;-64936.769531;-53279.421875;-1;-1;575.245972;-0.259946;-0.965623;-0.000793;39548.042969;-64950.339844;-53200.433594;204.0;92.0;76.0;39583.8125;-65171.292969;-53124.5625;39583.890625;-65171.191406;-53276.5625;39406.140625;-65123.464844;-53124.625;39406.21875;-65123.363281;-53276.625;39689.867188;-64777.316406;-53124.242188;39689.945312;-64777.214844;-53276.242188;39512.195312;-64729.488281;-53124.304688;39512.273438;-64729.386719;-53276.304688;-1;-1;-1;-1;-1;-1;-1;-1;-1;-1;-1;-1;-1;-1;-1;-1;-1;-1
J0:19:16:15:531;Hatchback_Car_AI_C_7;211;40068.648438;-63224.9375;-53306.140625;-1;-1;-0.005579;-0.308785;-0.95061;0.031502;40065.09375;-63235.878906;-53226.738281;204.0;92.0;76.0;40090.34375;-63455.949219;-53144.351562;40088.859375;-63460.503906;-53296.273438;39915.34375;-63399.105469;-53144.351562;39913.859375;-63403.660156;-53296.273438;40216.328125;-63068.097656;-53157.203125;40214.84375;-63072.652344;-53309.125;40041.328125;-63011.253906;-53157.203125;40039.84375;-63015.808594;-53309.125;-1;-1;-1;-1;-1;-1;-1;-1;-1;-1;-1;-1;-1;-1;-1;-1;-1;-1
