Time;ID;Cat;XPos;YPos;ZPos;2D_XPos;2D_YPos;Vel;XDir;YDir;ZDir;BBox_XPos;BBox_YPos;BBox_ZPos;BBox_Ext_X;BBox_Ext_Y;BBox_Ext_Z;Corner_XYZ_X;Corner_XYZ_Y;Corner_XYZ_Z;Corner_XY-Z_X;Corner_XY-Z_Y;Corner_XY-Z_Z;Corner_X-YZ_X;Corner_X-YZ_Y;Corner_X-YZ_Z;Corner_X-Y-Z_X;Corner_X-Y-Z_Y;Corner_X-Y-Z_Z;Corner_-XYZ_X;Corner_-XYZ_Y;Corner_-XYZ_Z;Corner_-XY-Z_X;Corner_-XY-Z_Y;Corner_-XY-Z_Z;Corner_-X-YZ_X;Corner_-X-YZ_Y;Corner_-X-YZ_Z;Corner_-X-Y-Z_X;Corner_-X-Y-Z_Y;Corner_-X-Y-Z_Z;BBox_2D_XPos;BBox_2D_YPos;Corner_2D_XYZ_X;Corner_2D_XYZ_Y;Corner_2D_XY-Z_X;Corner_2D_XY-Z_Y;Corner_2D_X-YZ_X;Corner_2D_X-YZ_Y;Corner_2D_X-Y-Z_X;Corner_2D_X-Y-Z_Y;Corner_2D_-XYZ_X;Corner_2D_-XYZ_Y;Corner_-2D_XY-Z_X;Corner_2D_-XY-Z_Y;Corner_2D_-X-YZ_X;Corner_2D_-X-YZ_Y;Corner_2D_-X-Y-Z_X;Corner_2D_-X-Y-Z_Y;
J0:19:17:20:333;Hatchback_Car_AI_C_0;211;38983.878906;-68416.054688;-53531.566406;-1;-1;691.915649;-0.040333;-0.983098;-0.178585;38982.695312;-68443.914062;-53456.335938;204.0;92.0;76.0;39065.792969;-68661.8125;-53417.941406;39066.988281;-68634.6875;-53567.496094;38881.949219;-68654.25;-53418.035156;38883.144531;-68627.125;-53567.589844;39082.246094;-68260.703125;-53345.082031;39083.441406;-68233.578125;-53494.636719;38898.402344;-68253.140625;-53345.175781;38899.597656;-68226.015625;-53494.730469;-1;-1;-1;-1;-1;-1;-1;-1;-1;-1;-1;-1;-1;-1;-1;-1;-1;-1
J0:19:17:20:333;Hatchback_Car_AI_C_7;211;39436.496094;-65393.859375;-53283.234375;-1;-1;645.609253;-0.238998;-0.970937;-0.01267;39432.902344;-65408.421875;-53204.417969;204.0;92.0;76.0;39473.242188;-65629.414062;-53131.0;39473.71875;-65627.554688;-53282.984375;39294.578125;-65585.429688;-53131.023438;39295.054688;-65583.570312;-53283.007812;39570.75;-65233.273438;-53125.828125;39571.226562;-65231.40625;-53277.8125;39392.085938;-65189.296875;-53125.851562;39392.5625;-65187.429688;-53277.835938;-1;-1;-1;-1;-1;-1;-1;-1;-1;-1;-1;-1;-1;-1;-1;-1;-1;-1
J0:19:17:20:333;Hatchback_Car_AI_C_11;211;40068.101562;-63226.625;-53306.050781;-1;-1;34.465076;-0.308807;-0.950568;0.032538;40064.570312;-63237.488281;-53226.636719;204.0;92.0;76.0;40089.835938;-63457.476562;-53144.035156;40088.3125;-63462.179688;-53295.957031;39914.835938;-63400.625;-53144.042969;39913.3125;-63405.328125;-53295.964844;40215.828125;-63069.648438;-53157.308594;40214.304688;-63074.351562;-53309.230469;40040.828125;-63012.796875;-53157.316406;40039.304688;-63017.5;-53309.238281;-1;-1;-1;-1;-1;-1;-1;-1;-1;-1;-1;-1;-1;-1;-1;-1;-1;-1
