Time;ID;Cat;XPos;YPos;ZPos;2D_XPos;2D_YPos;Vel;XDir;YDir;ZDir;BBox_XPos;BBox_YPos;BBox_ZPos;BBox_Ext_X;BBox_Ext_Y;BBox_Ext_Z;Corner_XYZ_X;Corner_XYZ_Y;Corner_XYZ_Z;Corner_XY-Z_X;Corner_XY-Z_Y;Corner_XY-Z_Z;Corner_X-YZ_X;Corner_X-YZ_Y;Corner_X-YZ_Z;Corner_X-Y-Z_X;Corner_X-Y-Z_Y;Corner_X-Y-Z_Z;Corner_-XYZ_X;Corner_-XYZ_Y;Corner_-XYZ_Z;Corner_-XY-Z_X;Corner_-XY-Z_Y;Corner_-XY-Z_Z;Corner_-X-YZ_X;Corner_-X-YZ_Y;Corner_-X-YZ_Z;Corner_-X-Y-Z_X;Corner_-X-Y-Z_Y;Corner_-X-Y-Z_Z;BBox_2D_XPos;BBox_2D_YPos;Corner_2D_XYZ_X;Corner_2D_XYZ_Y;Corner_2D_XY-Z_X;Corner_2D_XY-Z_Y;Corner_2D_X-YZ_X;Corner_2D_X-YZ_Y;Corner_2D_X-Y-Z_X;Corner_2D_X-Y-Z_Y;Corner_2D_-XYZ_X;Corner_2D_-XYZ_Y;Corner_-2D_XY-Z_X;Corner_2D_-XY-Z_Y;Corner_2D_-X-YZ_X;Corner_2D_-X-YZ_Y;Corner_2D_-X-Y-Z_X;Corner_2D_-X-Y-Z_Y;
J0:19:17:23:531;Hatchback_Car_AI_C_0;211;38978.835938;-68595.148438;-53565.5625;-1;-1;678.275146;-0.025738;-0.980699;-0.193825;38978.066406;-68624.1875;-53490.773438;204.0;92.0;76.0;39064.390625;-68841.390625;-53455.746094;39065.179688;-68811.9375;-53604.863281;38880.453125;-68836.5625;-53455.761719;38881.242188;-68807.109375;-53604.878906;39074.890625;-68441.265625;-53376.667969;39075.679688;-68411.8125;-53525.785156;38890.953125;-68436.4375;-53376.683594;38891.742188;-68406.984375;-53525.800781;-1;-1;-1;-1;-1;-1;-1;-1;-1;-1;-1;-1;-1;-1;-1;-1;-1;-1
J0:19:17:23:531;Hatchback_Car_AI_C_7;211;39395.664062;-65567.625;-53286.203125;-1;-1;675.601929;-0.230609;-0.972889;-0.017508;39392.109375;-65582.585938;-53207.460938;204.0;92.0;76.0;39434.269531;-65803.5625;-53135.035156;39434.902344;-65800.984375;-53287.011719;39255.230469;-65761.125;-53135.050781;39255.863281;-65758.546875;-53287.027344;39528.355469;-65406.628906;-53127.894531;39528.988281;-65404.042969;-53279.871094;39349.316406;-65364.191406;-53127.910156;39349.949219;-65361.605469;-53279.886719;-1;-1;-1;-1;-1;-1;-1;-1;-1;-1;-1;-1;-1;-1;-1;-1;-1;-1
J0:19:17:23:531;Hatchback_Car_AI_C_11;211;40059.433594;-63253.238281;-53304.933594;-1;-1;153.596146;-0.30898;-0.950414;0.035267;40055.960938;-63263.890625;-53225.488281;204.0;92.0;76.0;40081.242188;-63483.667969;-53142.328125;40079.601562;-63488.769531;-53294.234375;39906.257812;-63426.777344;-53142.351562;39904.617188;-63431.878906;-53294.257812;40207.304688;-63095.902344;-53156.71875;40205.664062;-63101.003906;-53308.625;40032.320312;-63039.011719;-53156.742188;40030.679688;-63044.113281;-53308.648438;-1;-1;-1;-1;-1;-1;-1;-1;-1;-1;-1;-1;-1;-1;-1;-1;-1;-1
