Time;ID;Cat;XPos;YPos;ZPos;2D_XPos;2D_YPos;Vel;XDir;YDir;ZDir;BBox_XPos;BBox_YPos;BBox_ZPos;BBox_Ext_X;BBox_Ext_Y;BBox_Ext_Z;Corner_XYZ_X;Corner_XYZ_Y;Corner_XYZ_Z;Corner_XY-Z_X;Corner_XY-Z_Y;Corner_XY-Z_Z;Corner_X-YZ_X;Corner_X-YZ_Y;Corner_X-YZ_Z;Corner_X-Y-Z_X;Corner_X-Y-Z_Y;Corner_X-Y-Z_Z;Corner_-XYZ_X;Corner_-XYZ_Y;Corner_-XYZ_Z;Corner_-XY-Z_X;Corner_-XY-Z_Y;Corner_-XY-Z_Z;Corner_-X-YZ_X;Corner_-X-YZ_Y;Corner_-X-YZ_Z;Corner_-X-Y-Z_X;Corner_-X-Y-Z_Y;Corner_-X-Y-Z_Z;BBox_2D_XPos;BBox_2D_YPos;Corner_2D_XYZ_X;Corner_2D_XYZ_Y;Corner_2D_XY-Z_X;Corner_2D_XY-Z_Y;Corner_2D_X-YZ_X;Corner_2D_X-YZ_Y;Corner_2D_X-Y-Z_X;Corner_2D_X-Y-Z_Y;Corner_2D_-XYZ_X;Corner_2D_-XYZ_Y;Corner_-2D_XY-Z_X;Corner_2D_-XY-Z_Y;Corner_2D_-X-YZ_X;Corner_2D_-X-YZ_Y;Corner_2D_-X-Y-Z_X;Corner_2D_-X-Y-Z_Y;
J0:19:17:35:131;Hatchback_Car_AI_C_0;211;38982.453125;-69247.648438;-53710.296875;-1;-1;702.690918;0.024264;-0.971804;-0.234538;38983.433594;-69279.773438;-53636.785156;204.0;92.0;76.0;39080.96875;-69493.492188;-53610.957031;39079.734375;-69457.867188;-53758.714844;38897.03125;-69498.179688;-53610.550781;38895.796875;-69462.554688;-53758.308594;39071.070312;-69096.992188;-53515.261719;39069.835938;-69061.367188;-53663.019531;38887.132812;-69101.679688;-53514.855469;38885.898438;-69066.054688;-53662.613281;-1;-1;-1;-1;-1;-1;-1;-1;-1;-1;-1;-1;-1;-1;-1;-1;-1;-1
J0:19:17:35:131;Hatchback_Car_AI_C_7;211;39261.828125;-66191.929688;-53304.648438;-1;-1;654.874207;-0.194477;-0.980159;-0.038303;39258.484375;-66208.617188;-53226.242188;204.0;92.0;76.0;39308.457031;-66429.328125;-53158.070312;39309.652344;-66423.625;-53309.960938;39127.972656;-66393.515625;-53158.148438;39129.167969;-66387.8125;-53310.039062;39387.800781;-66029.421875;-53142.445312;39388.996094;-66023.71875;-53294.335938;39207.316406;-65993.609375;-53142.523438;39208.511719;-65987.90625;-53294.414062;-1;-1;-1;-1;-1;-1;-1;-1;-1;-1;-1;-1;-1;-1;-1;-1;-1;-1
J0:19:17:35:131;Hatchback_Car_AI_C_11;211;39980.652344;-63495.015625;-53298.097656;-1;-1;334.696838;-0.309238;-0.950547;0.028849;39977.003906;-63506.148438;-53218.726562;204.0;92.0;76.0;40002.058594;-63726.425781;-53136.839844;40000.753906;-63730.613281;-53288.777344;39827.082031;-63669.503906;-53136.902344;39825.777344;-63673.691406;-53288.839844;40128.230469;-63338.605469;-53148.613281;40126.925781;-63342.792969;-53300.550781;39953.253906;-63281.683594;-53148.675781;39951.949219;-63285.871094;-53300.613281;-1;-1;-1;-1;-1;-1;-1;-1;-1;-1;-1;-1;-1;-1;-1;-1;-1;-1
