Time;ID;Cat;XPos;YPos;ZPos;2D_XPos;2D_YPos;Vel;XDir;YDir;ZDir;BBox_XPos;BBox_YPos;BBox_ZPos;BBox_Ext_X;BBox_Ext_Y;BBox_Ext_Z;Corner_XYZ_X;Corner_XYZ_Y;Corner_XYZ_Z;Corner_XY-Z_X;Corner_XY-Z_Y;Corner_XY-Z_Z;Corner_X-YZ_X;Corner_X-YZ_Y;Corner_X-YZ_Z;Corner_X-Y-Z_X;Corner_X-Y-Z_Y;Corner_X-Y-Z_Z;Corner_-XYZ_X;Corner_-XYZ_Y;Corner_-XYZ_Z;Corner_-XY-Z_X;Corner_-XY-Z_Y;Corner_-XY-Z_Z;Corner_-X-YZ_X;Corner_-X-YZ_Y;Corner_-X-YZ_Z;Corner_-X-Y-Z_X;Corner_-X-Y-Z_Y;Corner_-X-Y-Z_Z;BBox_2D_XPos;BBox_2D_YPos;Corner_2D_XYZ_X;Corner_2D_XYZ_Y;Corner_2D_XY-Z_X;Corner_2D_XY-Z_Y;Corner_2D_X-YZ_X;Corner_2D_X-YZ_Y;Corner_2D_X-Y-Z_X;Corner_2D_X-Y-Z_Y;Corner_2D_-XYZ_X;Corner_2D_-XYZ_Y;Corner_-2D_XY-Z_X;Corner_2D_-XY-Z_Y;Corner_2D_-X-YZ_X;Corner_2D_-X-YZ_Y;Corner_2D_-X-Y-Z_X;Corner_2D_-X-Y-Z_Y;
J0:19:17:55:932;Hatchback_Car_AI_C_0;211;39054.746094;-70401.515625;-54003.84375;-1;-1;720.205566;0.078433;-0.964818;-0.250948;39057.667969;-70434.765625;-53930.886719;204.0;92.0;76.0;39167.113281;-70643.0625;-53908.757812;39163.605469;-70605.078125;-54055.890625;38983.730469;-70658.09375;-53908.265625;38980.222656;-70620.109375;-54055.398438;39135.113281;-70249.421875;-53806.375;39131.605469;-70211.4375;-53953.507812;38951.730469;-70264.453125;-53805.882812;38948.222656;-70226.46875;-53953.015625;-1;-1;-1;-1;-1;-1;-1;-1;-1;-1;-1;-1;-1;-1;-1;-1;-1;-1
J0:19:17:55:932;Hatchback_Car_AI_C_7;211;39077.710938;-67313.242188;-53377.558594;-1;-1;688.609192;-0.132978;-0.986452;-0.096073;39074.824219;-67334.570312;-53300.269531;204.0;92.0;76.0;39137.886719;-67555.328125;-53244.207031;39139.855469;-67540.859375;-53395.503906;38955.535156;-67530.75;-53244.230469;38957.503906;-67516.28125;-53395.527344;39192.144531;-67152.859375;-53205.011719;39194.113281;-67138.390625;-53356.308594;39009.792969;-67128.28125;-53205.035156;39011.761719;-67113.8125;-53356.332031;-1;-1;-1;-1;-1;-1;-1;-1;-1;-1;-1;-1;-1;-1;-1;-1;-1;-1
J0:19:17:55:932;Hatchback_Car_AI_C_11;211;39750.378906;-64229.246094;-53283.078125;-1;-1;541.251709;-0.289482;-0.957078;0.014202;39746.605469;-64241.558594;-53203.886719;204.0;92.0;76.0;39775.878906;-64462.386719;-53124.941406;39775.339844;-64464.480469;-53276.925781;39599.761719;-64409.121094;-53125.050781;39599.222656;-64411.214844;-53277.035156;39893.988281;-64071.902344;-53130.738281;39893.449219;-64073.996094;-53282.722656;39717.871094;-64018.636719;-53130.847656;39717.332031;-64020.730469;-53282.832031;-1;-1;-1;-1;-1;-1;-1;-1;-1;-1;-1;-1;-1;-1;-1;-1;-1;-1
