Time;ID;Cat;XPos;YPos;ZPos;2D_XPos;2D_YPos;Vel;XDir;YDir;ZDir;BBox_XPos;BBox_YPos;BBox_ZPos;BBox_Ext_X;BBox_Ext_Y;BBox_Ext_Z;Corner_XYZ_X;Corner_XYZ_Y;Corner_XYZ_Z;Corner_XY-Z_X;Corner_XY-Z_Y;Corner_XY-Z_Z;Corner_X-YZ_X;Corner_X-YZ_Y;Corner_X-YZ_Z;Corner_X-Y-Z_X;Corner_X-Y-Z_Y;Corner_X-Y-Z_Z;Corner_-XYZ_X;Corner_-XYZ_Y;Corner_-XYZ_Z;Corner_-XY-Z_X;Corner_-XY-Z_Y;Corner_-XY-Z_Z;Corner_-X-YZ_X;Corner_-X-YZ_Y;Corner_-X-YZ_Z;Corner_-X-Y-Z_X;Corner_-X-Y-Z_Y;Corner_-X-Y-Z_Z;BBox_2D_XPos;BBox_2D_YPos;Corner_2D_XYZ_X;Corner_2D_XYZ_Y;Corner_2D_XY-Z_X;Corner_2D_XY-Z_Y;Corner_2D_X-YZ_X;Corner_2D_X-YZ_Y;Corner_2D_X-Y-Z_X;Corner_2D_X-Y-Z_Y;Corner_2D_-XYZ_X;Corner_2D_-XYZ_Y;Corner_-2D_XY-Z_X;Corner_2D_-XY-Z_Y;Corner_2D_-X-YZ_X;Corner_2D_-X-YZ_Y;Corner_2D_-X-Y-Z_X;Corner_2D_-X-Y-Z_Y;
J0:19:16:54:335;Hatchback_Car_AI_C_0;211;39123.058594;-66991.195312;-53349.070312;-1;-1;681.148804;-0.154338;-0.985215;-0.074365;39119.988281;-67010.789062;-53271.332031;204.0;92.0;76.0;39178.519531;-67231.601562;-53210.714844;39180.269531;-67220.429688;-53362.292969;38996.738281;-67203.117188;-53210.714844;38998.488281;-67191.945312;-53362.292969;39241.488281;-66829.632812;-53180.371094;39243.238281;-66818.460938;-53331.949219;39059.707031;-66801.148438;-53180.371094;39061.457031;-66789.976562;-53331.949219;-1;-1;-1;-1;-1;-1;-1;-1;-1;-1;-1;-1;-1;-1;-1;-1;-1;-1
J0:19:16:54:335;Hatchback_Car_AI_C_7;211;39752.363281;-64222.046875;-53283.136719;-1;-1;542.116333;-0.289491;-0.957068;0.014669;39748.601562;-64234.324219;-53203.941406;204.0;92.0;76.0;39777.886719;-64455.125;-53124.902344;39777.324219;-64457.28125;-53276.886719;39601.769531;-64401.851562;-53125.011719;39601.207031;-64404.007812;-53276.996094;39895.996094;-64064.640625;-53130.886719;39895.433594;-64066.796875;-53282.871094;39719.878906;-64011.367188;-53130.996094;39719.316406;-64013.523438;-53282.980469;-1;-1;-1;-1;-1;-1;-1;-1;-1;-1;-1;-1;-1;-1;-1;-1;-1;-1
