Time;ID;Cat;XPos;YPos;ZPos;2D_XPos;2D_YPos;Vel;XDir;YDir;ZDir;BBox_XPos;BBox_YPos;BBox_ZPos;BBox_Ext_X;BBox_Ext_Y;BBox_Ext_Z;Corner_XYZ_X;Corner_XYZ_Y;Corner_XYZ_Z;Corner_XY-Z_X;Corner_XY-Z_Y;Corner_XY-Z_Z;Corner_X-YZ_X;Corner_X-YZ_Y;Corner_X-YZ_Z;Corner_X-Y-Z_X;Corner_X-Y-Z_Y;Corner_X-Y-Z_Z;Corner_-XYZ_X;Corner_-XYZ_Y;Corner_-XYZ_Z;Corner_-XY-Z_X;Corner_-XY-Z_Y;Corner_-XY-Z_Z;Corner_-X-YZ_X;Corner_-X-YZ_Y;Corner_-X-YZ_Z;Corner_-X-Y-Z_X;Corner_-X-Y-Z_Y;Corner_-X-Y-Z_Z;BBox_2D_XPos;BBox_2D_YPos;Corner_2D_XYZ_X;Corner_2D_XYZ_Y;Corner_2D_XY-Z_X;Corner_2D_XY-Z_Y;Corner_2D_X-YZ_X;Corner_2D_X-YZ_Y;Corner_2D_X-Y-Z_X;Corner_2D_X-Y-Z_Y;Corner_2D_-XYZ_X;Corner_2D_-XYZ_Y;Corner_-2D_XY-Z_X;Corner_2D_-XY-Z_Y;Corner_2D_-X-YZ_X;Corner_2D_-X-YZ_Y;Corner_2D_-X-Y-Z_X;Corner_2D_-X-Y-Z_Y;
J0:19:17:55:133;Hatchback_Car_AI_C_0;211;39050.949219;-70355.90625;-53992.101562;-1;-1;701.34375;0.077011;-0.964654;-0.252015;39053.828125;-70389.242188;-53919.179688;204.0;92.0;76.0;39162.972656;-70597.726562;-53897.285156;39159.511719;-70559.570312;-54044.378906;38979.566406;-70612.492188;-53896.800781;38976.105469;-70574.335938;-54043.894531;39131.550781;-70204.148438;-53794.464844;39128.089844;-70165.992188;-53941.558594;38948.144531;-70218.914062;-53793.980469;38944.683594;-70180.757812;-53941.074219;-1;-1;-1;-1;-1;-1;-1;-1;-1;-1;-1;-1;-1;-1;-1;-1;-1;-1
J0:19:17:55:133;Hatchback_Car_AI_C_7;211;39083.558594;-67268.78125;-53373.257812;-1;-1;678.013916;-0.135572;-0.986336;-0.093603;39080.636719;-67289.914062;-53295.914062;204.0;92.0;76.0;39143.140625;-67510.703125;-53239.320312;39145.109375;-67496.609375;-53390.65625;38960.851562;-67485.640625;-53239.359375;38962.820312;-67471.546875;-53390.695312;39198.453125;-67108.28125;-53201.132812;39200.421875;-67094.1875;-53352.46875;39016.164062;-67083.21875;-53201.171875;39018.132812;-67069.125;-53352.507812;-1;-1;-1;-1;-1;-1;-1;-1;-1;-1;-1;-1;-1;-1;-1;-1;-1;-1
J0:19:17:55:133;Hatchback_Car_AI_C_11;211;39760.542969;-64195.183594;-53283.492188;-1;-1;540.108398;-0.290529;-0.956745;0.015246;39756.777344;-64207.410156;-53204.289062;204.0;92.0;76.0;39785.828125;-64428.191406;-53125.128906;39785.25;-64430.441406;-53277.113281;39609.765625;-64374.730469;-53125.246094;39609.1875;-64376.980469;-53277.230469;39904.367188;-64037.839844;-53131.347656;39903.789062;-64040.089844;-53283.332031;39728.304688;-63984.378906;-53131.464844;39727.726562;-63986.628906;-53283.449219;-1;-1;-1;-1;-1;-1;-1;-1;-1;-1;-1;-1;-1;-1;-1;-1;-1;-1
