Time;ID;Cat;XPos;YPos;ZPos;2D_XPos;2D_YPos;Vel;XDir;YDir;ZDir;BBox_XPos;BBox_YPos;BBox_ZPos;BBox_Ext_X;BBox_Ext_Y;BBox_Ext_Z;Corner_XYZ_X;Corner_XYZ_Y;Corner_XYZ_Z;Corner_XY-Z_X;Corner_XY-Z_Y;Corner_XY-Z_Z;Corner_X-YZ_X;Corner_X-YZ_Y;Corner_X-YZ_Z;Corner_X-Y-Z_X;Corner_X-Y-Z_Y;Corner_X-Y-Z_Z;Corner_-XYZ_X;Corner_-XYZ_Y;Corner_-XYZ_Z;Corner_-XY-Z_X;Corner_-XY-Z_Y;Corner_-XY-Z_Z;Corner_-X-YZ_X;Corner_-X-YZ_Y;Corner_-X-YZ_Z;Corner_-X-Y-Z_X;Corner_-X-Y-Z_Y;Corner_-X-Y-Z_Z;BBox_2D_XPos;BBox_2D_YPos;Corner_2D_XYZ_X;Corner_2D_XYZ_Y;Corner_2D_XY-Z_X;Corner_2D_XY-Z_Y;Corner_2D_X-YZ_X;Corner_2D_X-YZ_Y;Corner_2D_X-Y-Z_X;Corner_2D_X-Y-Z_Y;Corner_2D_-XYZ_X;Corner_2D_-XYZ_Y;Corner_-2D_XY-Z_X;Corner_2D_-XY-Z_Y;Corner_2D_-X-YZ_X;Corner_2D_-X-YZ_Y;Corner_2D_-X-Y-Z_X;Corner_2D_-X-Y-Z_Y;
J0:19:16:14:338;Hatchback_Car_AI_C_0;211;39566.160156;-64882.085938;-53279.285156;-1;-1;545.531616;-0.264196;-0.964468;-0.00069;39562.433594;-64895.636719;-53200.292969;204.0;92.0;76.0;39597.246094;-65116.738281;-53124.417969;39597.292969;-65116.644531;-53276.417969;39419.785156;-65068.128906;-53124.449219;39419.832031;-65068.035156;-53276.449219;39705.035156;-64723.238281;-53124.136719;39705.082031;-64723.144531;-53276.136719;39527.574219;-64674.628906;-53124.167969;39527.621094;-64674.535156;-53276.167969;-1;-1;-1;-1;-1;-1;-1;-1;-1;-1;-1;-1;-1;-1;-1;-1;-1;-1
J0:19:16:14:338;Hatchback_Car_AI_C_7;211;40068.648438;-63224.9375;-53306.140625;-1;-1;0.003603;-0.308785;-0.95061;0.031499;40065.09375;-63235.878906;-53226.738281;204.0;92.0;76.0;40090.339844;-63455.949219;-53144.351562;40088.863281;-63460.503906;-53296.273438;39915.339844;-63399.105469;-53144.351562;39913.863281;-63403.660156;-53296.273438;40216.324219;-63068.097656;-53157.203125;40214.847656;-63072.652344;-53309.125;40041.324219;-63011.253906;-53157.203125;40039.847656;-63015.808594;-53309.125;-1;-1;-1;-1;-1;-1;-1;-1;-1;-1;-1;-1;-1;-1;-1;-1;-1;-1
