Time;ID;Cat;XPos;YPos;ZPos;2D_XPos;2D_YPos;Vel;XDir;YDir;ZDir;BBox_XPos;BBox_YPos;BBox_ZPos;BBox_Ext_X;BBox_Ext_Y;BBox_Ext_Z;Corner_XYZ_X;Corner_XYZ_Y;Corner_XYZ_Z;Corner_XY-Z_X;Corner_XY-Z_Y;Corner_XY-Z_Z;Corner_X-YZ_X;Corner_X-YZ_Y;Corner_X-YZ_Z;Corner_X-Y-Z_X;Corner_X-Y-Z_Y;Corner_X-Y-Z_Z;Corner_-XYZ_X;Corner_-XYZ_Y;Corner_-XYZ_Z;Corner_-XY-Z_X;Corner_-XY-Z_Y;Corner_-XY-Z_Z;Corner_-X-YZ_X;Corner_-X-YZ_Y;Corner_-X-YZ_Z;Corner_-X-Y-Z_X;Corner_-X-Y-Z_Y;Corner_-X-Y-Z_Z;BBox_2D_XPos;BBox_2D_YPos;Corner_2D_XYZ_X;Corner_2D_XYZ_Y;Corner_2D_XY-Z_X;Corner_2D_XY-Z_Y;Corner_2D_X-YZ_X;Corner_2D_X-YZ_Y;Corner_2D_X-Y-Z_X;Corner_2D_X-Y-Z_Y;Corner_2D_-XYZ_X;Corner_2D_-XYZ_Y;Corner_-2D_XY-Z_X;Corner_2D_-XY-Z_Y;Corner_2D_-X-YZ_X;Corner_2D_-X-YZ_Y;Corner_2D_-X-Y-Z_X;Corner_2D_-X-Y-Z_Y;
J0:19:16:18:736;Hatchback_Car_AI_C_0;211;39512.972656;-65086.300781;-53280.078125;-1;-1;601.72522;-0.252553;-0.967574;-0.004123;39509.332031;-65100.15625;-53201.136719;204.0;92.0;76.0;39546.726562;-65321.074219;-53125.949219;39546.929688;-65320.480469;-53277.949219;39368.695312;-65274.605469;-53126.003906;39368.898438;-65274.011719;-53278.003906;39649.765625;-64926.300781;-53124.269531;39649.96875;-64925.707031;-53276.269531;39471.734375;-64879.832031;-53124.324219;39471.9375;-64879.238281;-53276.324219;-1;-1;-1;-1;-1;-1;-1;-1;-1;-1;-1;-1;-1;-1;-1;-1;-1;-1
J0:19:16:18:736;Hatchback_Car_AI_C_7;211;40068.097656;-63226.625;-53306.050781;-1;-1;34.471626;-0.308807;-0.950568;0.032539;40064.566406;-63237.488281;-53226.636719;204.0;92.0;76.0;40089.832031;-63457.476562;-53144.035156;40088.308594;-63462.179688;-53295.957031;39914.832031;-63400.625;-53144.042969;39913.308594;-63405.328125;-53295.964844;40215.824219;-63069.648438;-53157.308594;40214.300781;-63074.351562;-53309.230469;40040.824219;-63012.796875;-53157.316406;40039.300781;-63017.5;-53309.238281;-1;-1;-1;-1;-1;-1;-1;-1;-1;-1;-1;-1;-1;-1;-1;-1;-1;-1
