Time;ID;Cat;XPos;YPos;ZPos;2D_XPos;2D_YPos;Vel;XDir;YDir;ZDir;BBox_XPos;BBox_YPos;BBox_ZPos;BBox_Ext_X;BBox_Ext_Y;BBox_Ext_Z;Corner_XYZ_X;Corner_XYZ_Y;Corner_XYZ_Z;Corner_XY-Z_X;Corner_XY-Z_Y;Corner_XY-Z_Z;Corner_X-YZ_X;Corner_X-YZ_Y;Corner_X-YZ_Z;Corner_X-Y-Z_X;Corner_X-Y-Z_Y;Corner_X-Y-Z_Z;Corner_-XYZ_X;Corner_-XYZ_Y;Corner_-XYZ_Z;Corner_-XY-Z_X;Corner_-XY-Z_Y;Corner_-XY-Z_Z;Corner_-X-YZ_X;Corner_-X-YZ_Y;Corner_-X-YZ_Z;Corner_-X-Y-Z_X;Corner_-X-Y-Z_Y;Corner_-X-Y-Z_Z;BBox_2D_XPos;BBox_2D_YPos;Corner_2D_XYZ_X;Corner_2D_XYZ_Y;Corner_2D_XY-Z_X;Corner_2D_XY-Z_Y;Corner_2D_X-YZ_X;Corner_2D_X-YZ_Y;Corner_2D_X-Y-Z_X;Corner_2D_X-Y-Z_Y;Corner_2D_-XYZ_X;Corner_2D_-XYZ_Y;Corner_-2D_XY-Z_X;Corner_2D_-XY-Z_Y;Corner_2D_-X-YZ_X;Corner_2D_-X-YZ_Y;Corner_2D_-X-Y-Z_X;Corner_2D_-X-Y-Z_Y;
J0:19:17:04:735;Hatchback_Car_AI_C_0;211;39047.328125;-67562.890625;-53404.625;-1;-1;638.943115;-0.115185;-0.986551;-0.115975;39044.679688;-67585.804688;-53327.78125;204.0;92.0;76.0;39111.566406;-67806.484375;-53275.984375;39113.558594;-67788.96875;-53426.960938;38928.808594;-67785.15625;-53275.921875;38930.800781;-67767.640625;-53426.898438;39158.558594;-67403.96875;-53228.664062;39160.550781;-67386.453125;-53379.640625;38975.800781;-67382.640625;-53228.601562;38977.792969;-67365.125;-53379.578125;-1;-1;-1;-1;-1;-1;-1;-1;-1;-1;-1;-1;-1;-1;-1;-1;-1;-1
J0:19:17:04:735;Hatchback_Car_AI_C_7;211;39626.242188;-64659.894531;-53279.625;-1;-1;540.114929;-0.273043;-0.96199;0.004796;39622.496094;-64672.992188;-53200.558594;204.0;92.0;76.0;39655.375;-64894.0;-53123.550781;39655.226562;-64894.71875;-53275.550781;39478.367188;-64843.757812;-53123.613281;39478.21875;-64844.476562;-53275.613281;39766.773438;-64501.507812;-53125.503906;39766.625;-64502.226562;-53277.503906;39589.765625;-64451.265625;-53125.566406;39589.617188;-64451.984375;-53277.566406;-1;-1;-1;-1;-1;-1;-1;-1;-1;-1;-1;-1;-1;-1;-1;-1;-1;-1
J0:19:17:04:735;Hatchback_Car_AI_C_11;211;40068.691406;-63224.828125;-53306.527344;-1;-1;-0.389839;-0.308844;-0.950713;0.027577;40065.039062;-63236.066406;-53227.171875;204.0;92.0;76.0;40090.183594;-63456.445312;-53145.574219;40088.886719;-63460.429688;-53297.519531;39915.183594;-63399.59375;-53145.574219;39913.886719;-63403.578125;-53297.519531;40216.191406;-63068.554688;-53156.824219;40214.894531;-63072.539062;-53308.769531;40041.191406;-63011.703125;-53156.824219;40039.894531;-63015.6875;-53308.769531;-1;-1;-1;-1;-1;-1;-1;-1;-1;-1;-1;-1;-1;-1;-1;-1;-1;-1
