Time;ID;Cat;XPos;YPos;ZPos;2D_XPos;2D_YPos;Vel;XDir;YDir;ZDir;BBox_XPos;BBox_YPos;BBox_ZPos;BBox_Ext_X;BBox_Ext_Y;BBox_Ext_Z;Corner_XYZ_X;Corner_XYZ_Y;Corner_XYZ_Z;Corner_XY-Z_X;Corner_XY-Z_Y;Corner_XY-Z_Z;Corner_X-YZ_X;Corner_X-YZ_Y;Corner_X-YZ_Z;Corner_X-Y-Z_X;Corner_X-Y-Z_Y;Corner_X-Y-Z_Z;Corner_-XYZ_X;Corner_-XYZ_Y;Corner_-XYZ_Z;Corner_-XY-Z_X;Corner_-XY-Z_Y;Corner_-XY-Z_Z;Corner_-X-YZ_X;Corner_-X-YZ_Y;Corner_-X-YZ_Z;Corner_-X-Y-Z_X;Corner_-X-Y-Z_Y;Corner_-X-Y-Z_Z;BBox_2D_XPos;BBox_2D_YPos;Corner_2D_XYZ_X;Corner_2D_XYZ_Y;Corner_2D_XY-Z_X;Corner_2D_XY-Z_Y;Corner_2D_X-YZ_X;Corner_2D_X-YZ_Y;Corner_2D_X-Y-Z_X;Corner_2D_X-Y-Z_Y;Corner_2D_-XYZ_X;Corner_2D_-XYZ_Y;Corner_-2D_XY-Z_X;Corner_2D_-XY-Z_Y;Corner_2D_-X-YZ_X;Corner_2D_-X-YZ_Y;Corner_2D_-X-Y-Z_X;Corner_2D_-X-Y-Z_Y;
J0:19:17:00:338;Hatchback_Car_AI_C_0;211;39076.148438;-67324.296875;-53378.640625;-1;-1;669.03363;-0.131639;-0.986408;-0.098341;39073.253906;-67345.804688;-53301.398438;204.0;92.0;76.0;39136.578125;-67566.609375;-53245.800781;39138.601562;-67551.796875;-53397.066406;38954.195312;-67542.265625;-53245.855469;38956.21875;-67527.453125;-53397.121094;39190.289062;-67164.15625;-53205.675781;39192.3125;-67149.34375;-53356.941406;39007.90625;-67139.8125;-53205.730469;39009.929688;-67125.0;-53356.996094;-1;-1;-1;-1;-1;-1;-1;-1;-1;-1;-1;-1;-1;-1;-1;-1;-1;-1
J0:19:17:00:338;Hatchback_Car_AI_C_7;211;39678.632812;-64474.203125;-53280.6875;-1;-1;511.339417;-0.282682;-0.959186;0.007229;39674.808594;-64487.078125;-53201.589844;204.0;92.0;76.0;39705.515625;-64708.226562;-53124.085938;39705.257812;-64709.296875;-53276.078125;39529.023438;-64656.210938;-53124.148438;39528.765625;-64657.28125;-53276.140625;39820.851562;-64316.875;-53127.039062;39820.59375;-64317.945312;-53279.03125;39644.359375;-64264.859375;-53127.101562;39644.101562;-64265.929688;-53279.09375;-1;-1;-1;-1;-1;-1;-1;-1;-1;-1;-1;-1;-1;-1;-1;-1;-1;-1
J0:19:17:00:338;Hatchback_Car_AI_C_11;211;40069.0;-63224.0;-53305.835938;-1;-1;0.0;-0.309027;-0.951053;0.0;40064.671875;-63237.316406;-53226.835938;204.0;92.0;76.0;40089.125;-63459.761719;-53150.835938;40089.125;-63459.761719;-53302.835938;39914.132812;-63402.902344;-53150.835938;39914.132812;-63402.902344;-53302.835938;40215.210938;-63071.730469;-53150.835938;40215.210938;-63071.730469;-53302.835938;40040.21875;-63014.871094;-53150.835938;40040.21875;-63014.871094;-53302.835938;-1;-1;-1;-1;-1;-1;-1;-1;-1;-1;-1;-1;-1;-1;-1;-1;-1;-1
