Time;ID;Cat;XPos;YPos;ZPos;2D_XPos;2D_YPos;Vel;XDir;YDir;ZDir;BBox_XPos;BBox_YPos;BBox_ZPos;BBox_Ext_X;BBox_Ext_Y;BBox_Ext_Z;Corner_XYZ_X;Corner_XYZ_Y;Corner_XYZ_Z;Corner_XY-Z_X;Corner_XY-Z_Y;Corner_XY-Z_Z;Corner_X-YZ_X;Corner_X-YZ_Y;Corner_X-YZ_Z;Corner_X-Y-Z_X;Corner_X-Y-Z_Y;Corner_X-Y-Z_Z;Corner_-XYZ_X;Corner_-XYZ_Y;Corner_-XYZ_Z;Corner_-XY-Z_X;Corner_-XY-Z_Y;Corner_-XY-Z_Z;Corner_-X-YZ_X;Corner_-X-YZ_Y;Corner_-X-YZ_Z;Corner_-X-Y-Z_X;Corner_-X-Y-Z_Y;Corner_-X-Y-Z_Z;BBox_2D_XPos;BBox_2D_YPos;Corner_2D_XYZ_X;Corner_2D_XYZ_Y;Corner_2D_XY-Z_X;Corner_2D_XY-Z_Y;Corner_2D_X-YZ_X;Corner_2D_X-YZ_Y;Corner_2D_X-Y-Z_X;Corner_2D_X-Y-Z_Y;Corner_2D_-XYZ_X;Corner_2D_-XYZ_Y;Corner_-2D_XY-Z_X;Corner_2D_-XY-Z_Y;Corner_2D_-X-YZ_X;Corner_2D_-X-YZ_Y;Corner_2D_-X-Y-Z_X;Corner_2D_-X-Y-Z_Y;
J0:19:17:48:736;Hatchback_Car_AI_C_0;211;39023.089844;-70004.554688;-53900.816406;-1;-1;718.443542;0.067354;-0.965426;-0.251825;39025.535156;-70037.90625;-53827.886719;204.0;92.0;76.0;39132.496094;-70247.5;-53805.839844;39129.605469;-70209.328125;-53952.941406;38948.949219;-70260.375;-53805.574219;38946.058594;-70222.203125;-53952.675781;39105.011719;-69853.609375;-53703.097656;39102.121094;-69815.4375;-53850.199219;38921.464844;-69866.484375;-53702.832031;38918.574219;-69828.3125;-53849.933594;-1;-1;-1;-1;-1;-1;-1;-1;-1;-1;-1;-1;-1;-1;-1;-1;-1;-1
J0:19:17:48:736;Hatchback_Car_AI_C_7;211;39133.664062;-66923.742188;-53343.90625;-1;-1;669.587341;-0.157143;-0.985044;-0.070672;39130.550781;-66943.039062;-53266.09375;204.0;92.0;76.0;39188.464844;-67163.78125;-53204.664062;39190.222656;-67153.1875;-53356.28125;39006.761719;-67134.78125;-53204.742188;39008.519531;-67124.1875;-53356.359375;39252.582031;-66761.890625;-53175.828125;39254.339844;-66751.296875;-53327.445312;39070.878906;-66732.890625;-53175.90625;39072.636719;-66722.296875;-53327.523438;-1;-1;-1;-1;-1;-1;-1;-1;-1;-1;-1;-1;-1;-1;-1;-1;-1;-1
J0:19:17:48:736;Hatchback_Car_AI_C_11;211;39840.023438;-63935.78125;-53288.027344;-1;-1;477.552368;-0.300388;-0.953587;0.020943;39836.277344;-63947.539062;-53208.75;204.0;92.0;76.0;39863.191406;-64168.179688;-53128.445312;39862.308594;-64171.242188;-53280.414062;39687.691406;-64112.898438;-53128.539062;39686.808594;-64115.960938;-53280.507812;39985.746094;-63779.117188;-53136.992188;39984.863281;-63782.179688;-53288.960938;39810.246094;-63723.835938;-53137.085938;39809.363281;-63726.898438;-53289.054688;-1;-1;-1;-1;-1;-1;-1;-1;-1;-1;-1;-1;-1;-1;-1;-1;-1;-1
