Time;ID;Cat;XPos;YPos;ZPos;2D_XPos;2D_YPos;Vel;XDir;YDir;ZDir;BBox_XPos;BBox_YPos;BBox_ZPos;BBox_Ext_X;BBox_Ext_Y;BBox_Ext_Z;Corner_XYZ_X;Corner_XYZ_Y;Corner_XYZ_Z;Corner_XY-Z_X;Corner_XY-Z_Y;Corner_XY-Z_Z;Corner_X-YZ_X;Corner_X-YZ_Y;Corner_X-YZ_Z;Corner_X-Y-Z_X;Corner_X-Y-Z_Y;Corner_X-Y-Z_Z;Corner_-XYZ_X;Corner_-XYZ_Y;Corner_-XYZ_Z;Corner_-XY-Z_X;Corner_-XY-Z_Y;Corner_-XY-Z_Z;Corner_-X-YZ_X;Corner_-X-YZ_Y;Corner_-X-YZ_Z;Corner_-X-Y-Z_X;Corner_-X-Y-Z_Y;Corner_-X-Y-Z_Z;BBox_2D_XPos;BBox_2D_YPos;Corner_2D_XYZ_X;Corner_2D_XYZ_Y;Corner_2D_XY-Z_X;Corner_2D_XY-Z_Y;Corner_2D_X-YZ_X;Corner_2D_X-YZ_Y;Corner_2D_X-Y-Z_X;Corner_2D_X-Y-Z_Y;Corner_2D_-XYZ_X;Corner_2D_-XYZ_Y;Corner_-2D_XY-Z_X;Corner_2D_-XY-Z_Y;Corner_2D_-X-YZ_X;Corner_2D_-X-YZ_Y;Corner_2D_-X-Y-Z_X;Corner_2D_-X-Y-Z_Y;
J0:19:16:31:935;Hatchback_Car_AI_C_0;211;39348.15625;-65779.59375;-53291.125;-1;-1;663.132019;-0.218855;-0.975432;-0.025186;39344.648438;-65795.1875;-53212.503906;204.0;92.0;76.0;39389.34375;-66016.179688;-53141.652344;39390.203125;-66012.445312;-53293.605469;39209.804688;-65975.898438;-53141.675781;39210.664062;-65972.164062;-53293.628906;39478.632812;-65618.210938;-53131.378906;39479.492188;-65614.476562;-53283.332031;39299.09375;-65577.929688;-53131.402344;39299.953125;-65574.195312;-53283.355469;-1;-1;-1;-1;-1;-1;-1;-1;-1;-1;-1;-1;-1;-1;-1;-1;-1;-1
J0:19:16:31:935;Hatchback_Car_AI_C_7;211;39994.222656;-63453.132812;-53299.230469;-1;-1;315.458466;-0.309612;-0.950402;0.029606;39990.585938;-63464.207031;-53219.851562;204.0;92.0;76.0;40015.574219;-63684.4375;-53137.816406;40014.230469;-63688.734375;-53289.746094;39840.621094;-63627.445312;-53137.878906;39839.277344;-63631.742188;-53289.808594;40141.894531;-63296.671875;-53149.894531;40140.550781;-63300.96875;-53301.824219;39966.941406;-63239.679688;-53149.957031;39965.597656;-63243.976562;-53301.886719;-1;-1;-1;-1;-1;-1;-1;-1;-1;-1;-1;-1;-1;-1;-1;-1;-1;-1
