Time;ID;Cat;XPos;YPos;ZPos;2D_XPos;2D_YPos;Vel;XDir;YDir;ZDir;BBox_XPos;BBox_YPos;BBox_ZPos;BBox_Ext_X;BBox_Ext_Y;BBox_Ext_Z;Corner_XYZ_X;Corner_XYZ_Y;Corner_XYZ_Z;Corner_XY-Z_X;Corner_XY-Z_Y;Corner_XY-Z_Z;Corner_X-YZ_X;Corner_X-YZ_Y;Corner_X-YZ_Z;Corner_X-Y-Z_X;Corner_X-Y-Z_Y;Corner_X-Y-Z_Z;Corner_-XYZ_X;Corner_-XYZ_Y;Corner_-XYZ_Z;Corner_-XY-Z_X;Corner_-XY-Z_Y;Corner_-XY-Z_Z;Corner_-X-YZ_X;Corner_-X-YZ_Y;Corner_-X-YZ_Z;Corner_-X-Y-Z_X;Corner_-X-Y-Z_Y;Corner_-X-Y-Z_Z;BBox_2D_XPos;BBox_2D_YPos;Corner_2D_XYZ_X;Corner_2D_XYZ_Y;Corner_2D_XY-Z_X;Corner_2D_XY-Z_Y;Corner_2D_X-YZ_X;Corner_2D_X-YZ_Y;Corner_2D_X-Y-Z_X;Corner_2D_X-Y-Z_Y;Corner_2D_-XYZ_X;Corner_2D_-XYZ_Y;Corner_-2D_XY-Z_X;Corner_2D_-XY-Z_Y;Corner_2D_-X-YZ_X;Corner_2D_-X-YZ_Y;Corner_2D_-X-Y-Z_X;Corner_2D_-X-Y-Z_Y;
J0:19:17:05:135;Hatchback_Car_AI_C_0;211;39044.960938;-67584.617188;-53407.207031;-1;-1;661.338562;-0.111691;-0.986862;-0.116745;39042.332031;-67607.59375;-53330.382812;204.0;92.0;76.0;39109.9375;-67828.078125;-53278.683594;39111.984375;-67810.453125;-53429.644531;38927.109375;-67807.375;-53278.753906;38929.15625;-67789.75;-53429.714844;39155.507812;-67425.4375;-53231.050781;39157.554688;-67407.8125;-53382.011719;38972.679688;-67404.734375;-53231.121094;38974.726562;-67387.109375;-53382.082031;-1;-1;-1;-1;-1;-1;-1;-1;-1;-1;-1;-1;-1;-1;-1;-1;-1;-1
J0:19:17:05:135;Hatchback_Car_AI_C_7;211;39621.609375;-64676.546875;-53279.535156;-1;-1;520.366516;-0.274146;-0.961682;0.003439;39617.824219;-64689.742188;-53200.488281;204.0;92.0;76.0;39650.425781;-64910.890625;-53123.761719;39650.324219;-64911.40625;-53275.761719;39473.472656;-64860.445312;-53123.808594;39473.371094;-64860.960938;-53275.808594;39762.277344;-64518.523438;-53125.167969;39762.175781;-64519.039062;-53277.167969;39585.324219;-64468.078125;-53125.214844;39585.222656;-64468.59375;-53277.214844;-1;-1;-1;-1;-1;-1;-1;-1;-1;-1;-1;-1;-1;-1;-1;-1;-1;-1
J0:19:17:05:135;Hatchback_Car_AI_C_11;211;40068.683594;-63224.847656;-53306.460938;-1;-1;-0.330859;-0.308835;-0.950693;0.028345;40065.050781;-63236.027344;-53227.097656;204.0;92.0;76.0;40090.210938;-63456.34375;-53145.347656;40088.882812;-63460.445312;-53297.285156;39915.210938;-63399.492188;-53145.347656;39913.882812;-63403.59375;-53297.285156;40216.21875;-63068.460938;-53156.910156;40214.890625;-63072.5625;-53308.847656;40041.21875;-63011.609375;-53156.910156;40039.890625;-63015.710938;-53308.847656;-1;-1;-1;-1;-1;-1;-1;-1;-1;-1;-1;-1;-1;-1;-1;-1;-1;-1
