Time;ID;Cat;XPos;YPos;ZPos;2D_XPos;2D_YPos;Vel;XDir;YDir;ZDir;BBox_XPos;BBox_YPos;BBox_ZPos;BBox_Ext_X;BBox_Ext_Y;BBox_Ext_Z;Corner_XYZ_X;Corner_XYZ_Y;Corner_XYZ_Z;Corner_XY-Z_X;Corner_XY-Z_Y;Corner_XY-Z_Z;Corner_X-YZ_X;Corner_X-YZ_Y;Corner_X-YZ_Z;Corner_X-Y-Z_X;Corner_X-Y-Z_Y;Corner_X-Y-Z_Z;Corner_-XYZ_X;Corner_-XYZ_Y;Corner_-XYZ_Z;Corner_-XY-Z_X;Corner_-XY-Z_Y;Corner_-XY-Z_Z;Corner_-X-YZ_X;Corner_-X-YZ_Y;Corner_-X-YZ_Z;Corner_-X-Y-Z_X;Corner_-X-Y-Z_Y;Corner_-X-Y-Z_Z;BBox_2D_XPos;BBox_2D_YPos;Corner_2D_XYZ_X;Corner_2D_XYZ_Y;Corner_2D_XY-Z_X;Corner_2D_XY-Z_Y;Corner_2D_X-YZ_X;Corner_2D_X-YZ_Y;Corner_2D_X-Y-Z_X;Corner_2D_X-Y-Z_Y;Corner_2D_-XYZ_X;Corner_2D_-XYZ_Y;Corner_-2D_XY-Z_X;Corner_2D_-XY-Z_Y;Corner_2D_-X-YZ_X;Corner_2D_-X-YZ_Y;Corner_2D_-X-Y-Z_X;Corner_2D_-X-Y-Z_Y;
J0:19:16:13:938;Hatchback_Car_AI_C_0;211;39570.851562;-64864.582031;-53279.296875;-1;-1;564.132812;-0.263395;-0.964688;0.000721;39567.15625;-64878.027344;-53200.285156;204.0;92.0;76.0;39602.164062;-65098.996094;-53124.109375;39602.179688;-65099.113281;-53276.109375;39424.664062;-65050.535156;-53124.164062;39424.679688;-65050.652344;-53276.164062;39709.632812;-64705.402344;-53124.40625;39709.648438;-64705.519531;-53276.40625;39532.132812;-64656.941406;-53124.460938;39532.148438;-64657.058594;-53276.460938;-1;-1;-1;-1;-1;-1;-1;-1;-1;-1;-1;-1;-1;-1;-1;-1;-1;-1
J0:19:16:13:938;Hatchback_Car_AI_C_7;211;40068.648438;-63224.9375;-53306.140625;-1;-1;-0.007454;-0.308785;-0.95061;0.031499;40065.09375;-63235.878906;-53226.738281;204.0;92.0;76.0;40090.339844;-63455.949219;-53144.351562;40088.863281;-63460.503906;-53296.273438;39915.339844;-63399.105469;-53144.351562;39913.863281;-63403.660156;-53296.273438;40216.324219;-63068.097656;-53157.203125;40214.847656;-63072.652344;-53309.125;40041.324219;-63011.253906;-53157.203125;40039.847656;-63015.808594;-53309.125;-1;-1;-1;-1;-1;-1;-1;-1;-1;-1;-1;-1;-1;-1;-1;-1;-1;-1
