Time;ID;Cat;XPos;YPos;ZPos;2D_XPos;2D_YPos;Vel;XDir;YDir;ZDir;BBox_XPos;BBox_YPos;BBox_ZPos;BBox_Ext_X;BBox_Ext_Y;BBox_Ext_Z;Corner_XYZ_X;Corner_XYZ_Y;Corner_XYZ_Z;Corner_XY-Z_X;Corner_XY-Z_Y;Corner_XY-Z_Z;Corner_X-YZ_X;Corner_X-YZ_Y;Corner_X-YZ_Z;Corner_X-Y-Z_X;Corner_X-Y-Z_Y;Corner_X-Y-Z_Z;Corner_-XYZ_X;Corner_-XYZ_Y;Corner_-XYZ_Z;Corner_-XY-Z_X;Corner_-XY-Z_Y;Corner_-XY-Z_Z;Corner_-X-YZ_X;Corner_-X-YZ_Y;Corner_-X-YZ_Z;Corner_-X-Y-Z_X;Corner_-X-Y-Z_Y;Corner_-X-Y-Z_Z;BBox_2D_XPos;BBox_2D_YPos;Corner_2D_XYZ_X;Corner_2D_XYZ_Y;Corner_2D_XY-Z_X;Corner_2D_XY-Z_Y;Corner_2D_X-YZ_X;Corner_2D_X-YZ_Y;Corner_2D_X-Y-Z_X;Corner_2D_X-Y-Z_Y;Corner_2D_-XYZ_X;Corner_2D_-XYZ_Y;Corner_-2D_XY-Z_X;Corner_2D_-XY-Z_Y;Corner_2D_-X-YZ_X;Corner_2D_-X-YZ_Y;Corner_2D_-X-Y-Z_X;Corner_2D_-X-Y-Z_Y;
J0:19:16:18:336;Hatchback_Car_AI_C_0;211;39517.933594;-65066.84375;-53279.933594;-1;-1;581.534485;-0.255107;-0.966902;-0.00461;39514.257812;-65080.730469;-53201.0;204.0;92.0;76.0;39551.070312;-65301.78125;-53125.929688;39551.273438;-65301.109375;-53277.929688;39373.15625;-65254.84375;-53125.953125;39373.359375;-65254.171875;-53277.953125;39655.15625;-64907.289062;-53124.046875;39655.359375;-64906.617188;-53276.046875;39477.242188;-64860.351562;-53124.070312;39477.445312;-64859.679688;-53276.070312;-1;-1;-1;-1;-1;-1;-1;-1;-1;-1;-1;-1;-1;-1;-1;-1;-1;-1
J0:19:16:18:336;Hatchback_Car_AI_C_7;211;40068.460938;-63225.511719;-53306.109375;-1;-1;17.553417;-0.308794;-0.950593;0.031942;40064.917969;-63236.421875;-53226.703125;204.0;92.0;76.0;40090.175781;-63456.457031;-53144.226562;40088.675781;-63461.074219;-53296.148438;39915.175781;-63399.613281;-53144.226562;39913.675781;-63404.230469;-53296.148438;40216.160156;-63068.613281;-53157.257812;40214.660156;-63073.230469;-53309.179688;40041.160156;-63011.769531;-53157.257812;40039.660156;-63016.386719;-53309.179688;-1;-1;-1;-1;-1;-1;-1;-1;-1;-1;-1;-1;-1;-1;-1;-1;-1;-1
