Time;ID;Cat;XPos;YPos;ZPos;2D_XPos;2D_YPos;Vel;XDir;YDir;ZDir;BBox_XPos;BBox_YPos;BBox_ZPos;BBox_Ext_X;BBox_Ext_Y;BBox_Ext_Z;Corner_XYZ_X;Corner_XYZ_Y;Corner_XYZ_Z;Corner_XY-Z_X;Corner_XY-Z_Y;Corner_XY-Z_Z;Corner_X-YZ_X;Corner_X-YZ_Y;Corner_X-YZ_Z;Corner_X-Y-Z_X;Corner_X-Y-Z_Y;Corner_X-Y-Z_Z;Corner_-XYZ_X;Corner_-XYZ_Y;Corner_-XYZ_Z;Corner_-XY-Z_X;Corner_-XY-Z_Y;Corner_-XY-Z_Z;Corner_-X-YZ_X;Corner_-X-YZ_Y;Corner_-X-YZ_Z;Corner_-X-Y-Z_X;Corner_-X-Y-Z_Y;Corner_-X-Y-Z_Z;BBox_2D_XPos;BBox_2D_YPos;Corner_2D_XYZ_X;Corner_2D_XYZ_Y;Corner_2D_XY-Z_X;Corner_2D_XY-Z_Y;Corner_2D_X-YZ_X;Corner_2D_X-YZ_Y;Corner_2D_X-Y-Z_X;Corner_2D_X-Y-Z_Y;Corner_2D_-XYZ_X;Corner_2D_-XYZ_Y;Corner_-2D_XY-Z_X;Corner_2D_-XY-Z_Y;Corner_2D_-X-YZ_X;Corner_2D_-X-YZ_Y;Corner_2D_-X-Y-Z_X;Corner_2D_-X-Y-Z_Y;
J0:19:16:21:134;Hatchback_Car_AI_C_0;211;39483.421875;-65203.445312;-53280.992188;-1;-1;622.078064;-0.2468;-0.969041;-0.006984;39479.8125;-65217.542969;-53202.09375;204.0;92.0;76.0;39518.46875;-65438.445312;-53127.496094;39518.765625;-65437.421875;-53279.496094;39340.164062;-65393.03125;-53127.542969;39340.460938;-65392.007812;-53279.542969;39619.164062;-65043.078125;-53124.644531;39619.460938;-65042.054688;-53276.644531;39440.859375;-64997.664062;-53124.691406;39441.15625;-64996.640625;-53276.691406;-1;-1;-1;-1;-1;-1;-1;-1;-1;-1;-1;-1;-1;-1;-1;-1;-1;-1
J0:19:16:21:134;Hatchback_Car_AI_C_7;211;40062.46875;-63243.890625;-53305.273438;-1;-1;127.385559;-0.308927;-0.95044;0.035034;40059.0;-63254.5625;-53225.832031;204.0;92.0;76.0;40084.296875;-63474.359375;-53142.730469;40082.65625;-63479.421875;-53294.636719;39909.304688;-63417.484375;-53142.730469;39907.664062;-63422.546875;-53294.636719;40210.335938;-63086.578125;-53157.027344;40208.695312;-63091.640625;-53308.933594;40035.34375;-63029.703125;-53157.027344;40033.703125;-63034.765625;-53308.933594;-1;-1;-1;-1;-1;-1;-1;-1;-1;-1;-1;-1;-1;-1;-1;-1;-1;-1
