Time;ID;Cat;XPos;YPos;ZPos;2D_XPos;2D_YPos;Vel;XDir;YDir;ZDir;BBox_XPos;BBox_YPos;BBox_ZPos;BBox_Ext_X;BBox_Ext_Y;BBox_Ext_Z;Corner_XYZ_X;Corner_XYZ_Y;Corner_XYZ_Z;Corner_XY-Z_X;Corner_XY-Z_Y;Corner_XY-Z_Z;Corner_X-YZ_X;Corner_X-YZ_Y;Corner_X-YZ_Z;Corner_X-Y-Z_X;Corner_X-Y-Z_Y;Corner_X-Y-Z_Z;Corner_-XYZ_X;Corner_-XYZ_Y;Corner_-XYZ_Z;Corner_-XY-Z_X;Corner_-XY-Z_Y;Corner_-XY-Z_Z;Corner_-X-YZ_X;Corner_-X-YZ_Y;Corner_-X-YZ_Z;Corner_-X-Y-Z_X;Corner_-X-Y-Z_Y;Corner_-X-Y-Z_Z;BBox_2D_XPos;BBox_2D_YPos;Corner_2D_XYZ_X;Corner_2D_XYZ_Y;Corner_2D_XY-Z_X;Corner_2D_XY-Z_Y;Corner_2D_X-YZ_X;Corner_2D_X-YZ_Y;Corner_2D_X-Y-Z_X;Corner_2D_X-Y-Z_Y;Corner_2D_-XYZ_X;Corner_2D_-XYZ_Y;Corner_-2D_XY-Z_X;Corner_2D_-XY-Z_Y;Corner_2D_-X-YZ_X;Corner_2D_-X-YZ_Y;Corner_2D_-X-Y-Z_X;Corner_2D_-X-Y-Z_Y;
J0:19:17:58:737;Hatchback_Car_AI_C_0;211;39068.253906;-70559.320312;-54044.542969;-1;-1;718.823425;0.08516;-0.964586;-0.249643;39071.335938;-70592.453125;-53971.539062;204.0;92.0;76.0;39182.167969;-70799.976562;-53949.046875;39178.527344;-70762.210938;-54096.234375;38998.886719;-70816.242188;-53948.695312;38995.246094;-70778.476562;-54095.882812;39147.425781;-70406.429688;-53847.195312;39143.785156;-70368.664062;-53994.382812;38964.144531;-70422.695312;-53846.84375;38960.503906;-70384.929688;-53994.03125;-1;-1;1878;607;1878;614;-1;-1;-1;-1;1915;610;1915;617;-1;-1;-1;-1
J0:19:17:58:737;Hatchback_Car_AI_C_7;211;39057.6875;-67474.375;-53394.3125;-1;-1;711.127563;-0.1246;-0.986407;-0.107129;39054.914062;-67496.585938;-53317.265625;204.0;92.0;76.0;39119.777344;-67717.414062;-53263.59375;39121.761719;-67701.257812;-53414.71875;38937.230469;-67694.367188;-53263.523438;38939.214844;-67678.210938;-53414.648438;39170.613281;-67314.960938;-53219.882812;39172.597656;-67298.804688;-53371.007812;38988.066406;-67291.914062;-53219.8125;38990.050781;-67275.757812;-53370.9375;-1;-1;-1;-1;-1;-1;-1;-1;-1;-1;-1;-1;-1;-1;-1;-1;-1;-1
J0:19:17:58:737;Hatchback_Car_AI_C_11;211;39715.8125;-64346.367188;-53281.828125;-1;-1;516.88678;-0.287775;-0.957645;0.010044;39711.972656;-64359.003906;-53202.691406;204.0;92.0;76.0;39741.554688;-64580.097656;-53124.597656;39741.195312;-64581.582031;-53276.589844;39565.335938;-64527.144531;-53124.691406;39564.976562;-64528.628906;-53276.683594;39858.96875;-64189.378906;-53128.699219;39858.609375;-64190.863281;-53280.691406;39682.75;-64136.425781;-53128.792969;39682.390625;-64137.910156;-53280.785156;-1;-1;-1;-1;-1;-1;-1;-1;-1;-1;-1;-1;-1;-1;-1;-1;-1;-1
