Time;ID;Cat;XPos;YPos;ZPos;2D_XPos;2D_YPos;Vel;XDir;YDir;ZDir;BBox_XPos;BBox_YPos;BBox_ZPos;BBox_Ext_X;BBox_Ext_Y;BBox_Ext_Z;Corner_XYZ_X;Corner_XYZ_Y;Corner_XYZ_Z;Corner_XY-Z_X;Corner_XY-Z_Y;Corner_XY-Z_Z;Corner_X-YZ_X;Corner_X-YZ_Y;Corner_X-YZ_Z;Corner_X-Y-Z_X;Corner_X-Y-Z_Y;Corner_X-Y-Z_Z;Corner_-XYZ_X;Corner_-XYZ_Y;Corner_-XYZ_Z;Corner_-XY-Z_X;Corner_-XY-Z_Y;Corner_-XY-Z_Z;Corner_-X-YZ_X;Corner_-X-YZ_Y;Corner_-X-YZ_Z;Corner_-X-Y-Z_X;Corner_-X-Y-Z_Y;Corner_-X-Y-Z_Z;BBox_2D_XPos;BBox_2D_YPos;Corner_2D_XYZ_X;Corner_2D_XYZ_Y;Corner_2D_XY-Z_X;Corner_2D_XY-Z_Y;Corner_2D_X-YZ_X;Corner_2D_X-YZ_Y;Corner_2D_X-Y-Z_X;Corner_2D_X-Y-Z_Y;Corner_2D_-XYZ_X;Corner_2D_-XYZ_Y;Corner_-2D_XY-Z_X;Corner_2D_-XY-Z_Y;Corner_2D_-X-YZ_X;Corner_2D_-X-YZ_Y;Corner_2D_-X-Y-Z_X;Corner_2D_-X-Y-Z_Y;
J0:19:17:39:528;Hatchback_Car_AI_C_0;211;38991.753906;-69489.414062;-53769.46875;-1;-1;696.30426;0.042612;-0.96915;-0.24276;38993.28125;-69522.140625;-53696.230469;204.0;92.0;76.0;39094.777344;-69734.210938;-53672.125;39092.988281;-69697.351562;-53819.578125;38910.957031;-69742.335938;-53671.929688;38909.167969;-69705.476562;-53819.382812;39077.394531;-69338.804688;-53573.078125;39075.605469;-69301.945312;-53720.53125;38893.574219;-69346.929688;-53572.882812;38891.785156;-69310.070312;-53720.335938;-1;-1;-1;-1;-1;-1;-1;-1;-1;-1;-1;-1;-1;-1;-1;-1;-1;-1
J0:19:17:39:528;Hatchback_Car_AI_C_7;211;39216.78125;-66430.914062;-53314.933594;-1;-1;682.14093;-0.184792;-0.981722;-0.045529;39213.519531;-66448.195312;-53236.652344;204.0;92.0;76.0;39265.585938;-66668.882812;-53170.011719;39266.882812;-66662.085938;-53321.855469;39084.757812;-66634.851562;-53170.027344;39086.054688;-66628.054688;-53321.871094;39340.984375;-66268.335938;-53151.433594;39342.28125;-66261.539062;-53303.277344;39160.15625;-66234.304688;-53151.449219;39161.453125;-66227.507812;-53303.292969;-1;-1;-1;-1;-1;-1;-1;-1;-1;-1;-1;-1;-1;-1;-1;-1;-1;-1
J0:19:17:39:528;Hatchback_Car_AI_C_11;211;39940.03125;-63620.511719;-53294.863281;-1;-1;381.116364;-0.308027;-0.951007;0.02656;39936.328125;-63631.816406;-53215.519531;204.0;92.0;76.0;39961.601562;-63852.234375;-53134.085938;39960.429688;-63856.101562;-53286.03125;39786.554688;-63795.539062;-53134.171875;39785.382812;-63799.40625;-53286.117188;40087.273438;-63464.226562;-53144.921875;40086.101562;-63468.09375;-53296.867188;39912.226562;-63407.53125;-53145.007812;39911.054688;-63411.398438;-53296.953125;-1;-1;-1;-1;-1;-1;-1;-1;-1;-1;-1;-1;-1;-1;-1;-1;-1;-1
