Time;ID;Cat;XPos;YPos;ZPos;2D_XPos;2D_YPos;Vel;XDir;YDir;ZDir;BBox_XPos;BBox_YPos;BBox_ZPos;BBox_Ext_X;BBox_Ext_Y;BBox_Ext_Z;Corner_XYZ_X;Corner_XYZ_Y;Corner_XYZ_Z;Corner_XY-Z_X;Corner_XY-Z_Y;Corner_XY-Z_Z;Corner_X-YZ_X;Corner_X-YZ_Y;Corner_X-YZ_Z;Corner_X-Y-Z_X;Corner_X-Y-Z_Y;Corner_X-Y-Z_Z;Corner_-XYZ_X;Corner_-XYZ_Y;Corner_-XYZ_Z;Corner_-XY-Z_X;Corner_-XY-Z_Y;Corner_-XY-Z_Z;Corner_-X-YZ_X;Corner_-X-YZ_Y;Corner_-X-YZ_Z;Corner_-X-Y-Z_X;Corner_-X-Y-Z_Y;Corner_-X-Y-Z_Z;BBox_2D_XPos;BBox_2D_YPos;Corner_2D_XYZ_X;Corner_2D_XYZ_Y;Corner_2D_XY-Z_X;Corner_2D_XY-Z_Y;Corner_2D_X-YZ_X;Corner_2D_X-YZ_Y;Corner_2D_X-Y-Z_X;Corner_2D_X-Y-Z_Y;Corner_2D_-XYZ_X;Corner_2D_-XYZ_Y;Corner_-2D_XY-Z_X;Corner_2D_-XY-Z_Y;Corner_2D_-X-YZ_X;Corner_2D_-X-YZ_Y;Corner_2D_-X-Y-Z_X;Corner_2D_-X-Y-Z_Y;
J0:19:16:01:532;Hatchback_Car_AI_C_0;211;39718.960938;-64335.582031;-53281.902344;-1;-1;516.970459;-0.287112;-0.957842;0.01029;39715.132812;-64348.199219;-53202.761719;204.0;92.0;76.0;39744.871094;-64569.25;-53124.617188;39744.503906;-64570.773438;-53276.609375;39568.621094;-64516.421875;-53124.71875;39568.253906;-64517.945312;-53276.710938;39862.011719;-64178.453125;-53128.8125;39861.644531;-64179.976562;-53280.804688;39685.761719;-64125.625;-53128.914062;39685.394531;-64127.148438;-53280.90625;-1;-1;-1;-1;-1;-1;-1;-1;-1;-1;-1;-1;-1;-1;-1;-1;-1;-1
J0:19:16:01:532;Hatchback_Car_AI_C_7;211;40068.722656;-63224.742188;-53306.75;-1;-1;-0.668842;-0.308877;-0.950794;0.024208;40064.992188;-63236.234375;-53227.433594;204.0;92.0;76.0;40090.050781;-63456.871094;-53146.523438;40088.910156;-63460.371094;-53298.476562;39915.050781;-63400.019531;-53146.515625;39913.910156;-63403.519531;-53298.46875;40216.074219;-63068.949219;-53156.398438;40214.933594;-63072.449219;-53308.351562;40041.074219;-63012.097656;-53156.390625;40039.933594;-63015.597656;-53308.34375;-1;-1;-1;-1;-1;-1;-1;-1;-1;-1;-1;-1;-1;-1;-1;-1;-1;-1
