Time;ID;Cat;XPos;YPos;ZPos;2D_XPos;2D_YPos;Vel;XDir;YDir;ZDir;BBox_XPos;BBox_YPos;BBox_ZPos;BBox_Ext_X;BBox_Ext_Y;BBox_Ext_Z;Corner_XYZ_X;Corner_XYZ_Y;Corner_XYZ_Z;Corner_XY-Z_X;Corner_XY-Z_Y;Corner_XY-Z_Z;Corner_X-YZ_X;Corner_X-YZ_Y;Corner_X-YZ_Z;Corner_X-Y-Z_X;Corner_X-Y-Z_Y;Corner_X-Y-Z_Z;Corner_-XYZ_X;Corner_-XYZ_Y;Corner_-XYZ_Z;Corner_-XY-Z_X;Corner_-XY-Z_Y;Corner_-XY-Z_Z;Corner_-X-YZ_X;Corner_-X-YZ_Y;Corner_-X-YZ_Z;Corner_-X-Y-Z_X;Corner_-X-Y-Z_Y;Corner_-X-Y-Z_Z;BBox_2D_XPos;BBox_2D_YPos;Corner_2D_XYZ_X;Corner_2D_XYZ_Y;Corner_2D_XY-Z_X;Corner_2D_XY-Z_Y;Corner_2D_X-YZ_X;Corner_2D_X-YZ_Y;Corner_2D_X-Y-Z_X;Corner_2D_X-Y-Z_Y;Corner_2D_-XYZ_X;Corner_2D_-XYZ_Y;Corner_-2D_XY-Z_X;Corner_2D_-XY-Z_Y;Corner_2D_-X-YZ_X;Corner_2D_-X-YZ_Y;Corner_2D_-X-Y-Z_X;Corner_2D_-X-Y-Z_Y;
J0:19:16:06:336;Hatchback_Car_AI_C_0;211;39660.984375;-64537.0;-53280.234375;-1;-1;512.89032;-0.27984;-0.960028;0.005994;39657.179688;-64549.980469;-53201.152344;204.0;92.0;76.0;39688.527344;-64771.128906;-53123.90625;39688.308594;-64772.011719;-53275.90625;39511.878906;-64719.636719;-53123.953125;39511.660156;-64720.519531;-53275.953125;39802.699219;-64379.441406;-53126.351562;39802.480469;-64380.324219;-53278.351562;39626.050781;-64327.949219;-53126.398438;39625.832031;-64328.832031;-53278.398438;-1;-1;-1;-1;-1;-1;-1;-1;-1;-1;-1;-1;-1;-1;-1;-1;-1;-1
J0:19:16:06:336;Hatchback_Car_AI_C_7;211;40068.660156;-63224.914062;-53306.203125;-1;-1;-0.044741;-0.308804;-0.950623;0.030933;40065.089844;-63235.898438;-53226.808594;204.0;92.0;76.0;40090.316406;-63456.007812;-53144.53125;40088.871094;-63460.484375;-53296.460938;39915.316406;-63399.164062;-53144.539062;39913.871094;-63403.640625;-53296.46875;40216.308594;-63068.15625;-53157.148438;40214.863281;-63072.632812;-53309.078125;40041.308594;-63011.3125;-53157.15625;40039.863281;-63015.789062;-53309.085938;-1;-1;-1;-1;-1;-1;-1;-1;-1;-1;-1;-1;-1;-1;-1;-1;-1;-1
