Time;ID;Cat;XPos;YPos;ZPos;2D_XPos;2D_YPos;Vel;XDir;YDir;ZDir;BBox_XPos;BBox_YPos;BBox_ZPos;BBox_Ext_X;BBox_Ext_Y;BBox_Ext_Z;Corner_XYZ_X;Corner_XYZ_Y;Corner_XYZ_Z;Corner_XY-Z_X;Corner_XY-Z_Y;Corner_XY-Z_Z;Corner_X-YZ_X;Corner_X-YZ_Y;Corner_X-YZ_Z;Corner_X-Y-Z_X;Corner_X-Y-Z_Y;Corner_X-Y-Z_Z;Corner_-XYZ_X;Corner_-XYZ_Y;Corner_-XYZ_Z;Corner_-XY-Z_X;Corner_-XY-Z_Y;Corner_-XY-Z_Z;Corner_-X-YZ_X;Corner_-X-YZ_Y;Corner_-X-YZ_Z;Corner_-X-Y-Z_X;Corner_-X-Y-Z_Y;Corner_-X-Y-Z_Z;BBox_2D_XPos;BBox_2D_YPos;Corner_2D_XYZ_X;Corner_2D_XYZ_Y;Corner_2D_XY-Z_X;Corner_2D_XY-Z_Y;Corner_2D_X-YZ_X;Corner_2D_X-YZ_Y;Corner_2D_X-Y-Z_X;Corner_2D_X-Y-Z_Y;Corner_2D_-XYZ_X;Corner_2D_-XYZ_Y;Corner_-2D_XY-Z_X;Corner_2D_-XY-Z_Y;Corner_2D_-X-YZ_X;Corner_2D_-X-YZ_Y;Corner_2D_-X-Y-Z_X;Corner_2D_-X-Y-Z_Y;
J0:19:17:09:133;Hatchback_Car_AI_C_0;211;39023.457031;-67801.25;-53434.527344;-1;-1;647.759216;-0.095282;-0.986533;-0.132946;39021.097656;-67825.515625;-53358.089844;204.0;92.0;76.0;39092.25;-68045.664062;-53309.871094;39094.21875;-68025.554688;-53460.519531;38909.101562;-68027.976562;-53309.902344;38911.070312;-68007.867188;-53460.550781;39131.125;-67643.164062;-53255.628906;39133.09375;-67623.054688;-53406.277344;38947.976562;-67625.476562;-53255.660156;38949.945312;-67605.367188;-53406.308594;-1;-1;-1;-1;-1;-1;-1;-1;-1;-1;-1;-1;-1;-1;-1;-1;-1;-1
J0:19:17:09:133;Hatchback_Car_AI_C_7;211;39574.195312;-64850.703125;-53279.261719;-1;-1;545.407654;-0.266065;-0.963955;0.000107;39570.445312;-64864.183594;-53200.261719;204.0;92.0;76.0;39604.828125;-65085.292969;-53124.207031;39604.875;-65085.324219;-53276.207031;39427.460938;-65036.339844;-53124.269531;39427.507812;-65036.371094;-53276.269531;39713.382812;-64691.996094;-53124.253906;39713.429688;-64692.027344;-53276.253906;39536.015625;-64643.042969;-53124.316406;39536.0625;-64643.074219;-53276.316406;-1;-1;-1;-1;-1;-1;-1;-1;-1;-1;-1;-1;-1;-1;-1;-1;-1;-1
J0:19:17:09:133;Hatchback_Car_AI_C_11;211;40068.65625;-63224.917969;-53306.183594;-1;-1;-0.034525;-0.3088;-0.950619;0.031082;40065.09375;-63235.890625;-53226.785156;204.0;92.0;76.0;40090.328125;-63455.992188;-53144.480469;40088.867188;-63460.484375;-53296.410156;39915.328125;-63399.148438;-53144.480469;39913.867188;-63403.640625;-53296.410156;40216.320312;-63068.140625;-53157.160156;40214.859375;-63072.632812;-53309.089844;40041.320312;-63011.296875;-53157.160156;40039.859375;-63015.789062;-53309.089844;-1;-1;-1;-1;-1;-1;-1;-1;-1;-1;-1;-1;-1;-1;-1;-1;-1;-1
