Time;ID;Cat;XPos;YPos;ZPos;2D_XPos;2D_YPos;Vel;XDir;YDir;ZDir;BBox_XPos;BBox_YPos;BBox_ZPos;BBox_Ext_X;BBox_Ext_Y;BBox_Ext_Z;Corner_XYZ_X;Corner_XYZ_Y;Corner_XYZ_Z;Corner_XY-Z_X;Corner_XY-Z_Y;Corner_XY-Z_Z;Corner_X-YZ_X;Corner_X-YZ_Y;Corner_X-YZ_Z;Corner_X-Y-Z_X;Corner_X-Y-Z_Y;Corner_X-Y-Z_Z;Corner_-XYZ_X;Corner_-XYZ_Y;Corner_-XYZ_Z;Corner_-XY-Z_X;Corner_-XY-Z_Y;Corner_-XY-Z_Z;Corner_-X-YZ_X;Corner_-X-YZ_Y;Corner_-X-YZ_Z;Corner_-X-Y-Z_X;Corner_-X-Y-Z_Y;Corner_-X-Y-Z_Z;BBox_2D_XPos;BBox_2D_YPos;Corner_2D_XYZ_X;Corner_2D_XYZ_Y;Corner_2D_XY-Z_X;Corner_2D_XY-Z_Y;Corner_2D_X-YZ_X;Corner_2D_X-YZ_Y;Corner_2D_X-Y-Z_X;Corner_2D_X-Y-Z_Y;Corner_2D_-XYZ_X;Corner_2D_-XYZ_Y;Corner_-2D_XY-Z_X;Corner_2D_-XY-Z_Y;Corner_2D_-X-YZ_X;Corner_2D_-X-YZ_Y;Corner_2D_-X-Y-Z_X;Corner_2D_-X-Y-Z_Y;
J0:19:16:50:737;Hatchback_Car_AI_C_0;211;39153.355469;-66799.265625;-53335.542969;-1;-1;613.98175;-0.16386;-0.984284;-0.065845;39150.171875;-66818.171875;-53257.636719;204.0;92.0;76.0;39206.640625;-67039.007812;-53195.195312;39208.351562;-67029.148438;-53346.867188;39025.140625;-67008.789062;-53195.273438;39026.851562;-66998.929688;-53346.945312;39273.492188;-66637.414062;-53168.328125;39275.203125;-66627.554688;-53320.0;39091.992188;-66607.195312;-53168.40625;39093.703125;-66597.335938;-53320.078125;-1;-1;-1;-1;-1;-1;-1;-1;-1;-1;-1;-1;-1;-1;-1;-1;-1;-1
J0:19:16:50:737;Hatchback_Car_AI_C_7;211;39797.875;-64071.757812;-53285.09375;-1;-1;506.487946;-0.296114;-0.955056;0.0136;39793.996094;-64084.085938;-53205.910156;204.0;92.0;76.0;39821.722656;-64305.160156;-53127.082031;39821.207031;-64307.167969;-53279.066406;39645.972656;-64250.667969;-53127.207031;39645.457031;-64252.675781;-53279.191406;39942.535156;-63915.496094;-53132.628906;39942.019531;-63917.503906;-53284.613281;39766.785156;-63861.003906;-53132.753906;39766.269531;-63863.011719;-53284.738281;-1;-1;-1;-1;-1;-1;-1;-1;-1;-1;-1;-1;-1;-1;-1;-1;-1;-1
