Time;ID;Cat;XPos;YPos;ZPos;2D_XPos;2D_YPos;Vel;XDir;YDir;ZDir;BBox_XPos;BBox_YPos;BBox_ZPos;BBox_Ext_X;BBox_Ext_Y;BBox_Ext_Z;Corner_XYZ_X;Corner_XYZ_Y;Corner_XYZ_Z;Corner_XY-Z_X;Corner_XY-Z_Y;Corner_XY-Z_Z;Corner_X-YZ_X;Corner_X-YZ_Y;Corner_X-YZ_Z;Corner_X-Y-Z_X;Corner_X-Y-Z_Y;Corner_X-Y-Z_Z;Corner_-XYZ_X;Corner_-XYZ_Y;Corner_-XYZ_Z;Corner_-XY-Z_X;Corner_-XY-Z_Y;Corner_-XY-Z_Z;Corner_-X-YZ_X;Corner_-X-YZ_Y;Corner_-X-YZ_Z;Corner_-X-Y-Z_X;Corner_-X-Y-Z_Y;Corner_-X-Y-Z_Z;BBox_2D_XPos;BBox_2D_YPos;Corner_2D_XYZ_X;Corner_2D_XYZ_Y;Corner_2D_XY-Z_X;Corner_2D_XY-Z_Y;Corner_2D_X-YZ_X;Corner_2D_X-YZ_Y;Corner_2D_X-Y-Z_X;Corner_2D_X-Y-Z_Y;Corner_2D_-XYZ_X;Corner_2D_-XYZ_Y;Corner_-2D_XY-Z_X;Corner_2D_-XY-Z_Y;Corner_2D_-X-YZ_X;Corner_2D_-X-YZ_Y;Corner_2D_-X-Y-Z_X;Corner_2D_-X-Y-Z_Y;
J0:19:16:42:735;Hatchback_Car_AI_C_0;211;39227.714844;-66371.046875;-53312.246094;-1;-1;632.049561;-0.185422;-0.981572;-0.046212;39224.402344;-66388.367188;-53233.976562;204.0;92.0;76.0;39276.292969;-66609.132812;-53167.441406;39277.667969;-66602.242188;-53319.277344;39095.488281;-66574.976562;-53167.527344;39096.863281;-66568.085938;-53319.363281;39351.941406;-66208.648438;-53148.589844;39353.316406;-66201.757812;-53300.425781;39171.136719;-66174.492188;-53148.675781;39172.511719;-66167.601562;-53300.511719;-1;-1;-1;-1;-1;-1;-1;-1;-1;-1;-1;-1;-1;-1;-1;-1;-1;-1
J0:19:16:42:735;Hatchback_Car_AI_C_7;211;39891.125;-63773.257812;-53291.320312;-1;-1;427.339417;-0.305072;-0.952031;0.023839;39887.390625;-63784.78125;-53212.007812;204.0;92.0;76.0;39913.285156;-64005.332031;-53131.121094;39912.253906;-64008.808594;-53283.074219;39738.058594;-63949.183594;-53131.214844;39737.027344;-63952.660156;-53283.167969;40037.753906;-63616.902344;-53140.847656;40036.722656;-63620.378906;-53292.800781;39862.527344;-63560.753906;-53140.941406;39861.496094;-63564.230469;-53292.894531;-1;-1;-1;-1;-1;-1;-1;-1;-1;-1;-1;-1;-1;-1;-1;-1;-1;-1
