Time;ID;Cat;XPos;YPos;ZPos;2D_XPos;2D_YPos;Vel;XDir;YDir;ZDir;BBox_XPos;BBox_YPos;BBox_ZPos;BBox_Ext_X;BBox_Ext_Y;BBox_Ext_Z;Corner_XYZ_X;Corner_XYZ_Y;Corner_XYZ_Z;Corner_XY-Z_X;Corner_XY-Z_Y;Corner_XY-Z_Z;Corner_X-YZ_X;Corner_X-YZ_Y;Corner_X-YZ_Z;Corner_X-Y-Z_X;Corner_X-Y-Z_Y;Corner_X-Y-Z_Z;Corner_-XYZ_X;Corner_-XYZ_Y;Corner_-XYZ_Z;Corner_-XY-Z_X;Corner_-XY-Z_Y;Corner_-XY-Z_Z;Corner_-X-YZ_X;Corner_-X-YZ_Y;Corner_-X-YZ_Z;Corner_-X-Y-Z_X;Corner_-X-Y-Z_Y;Corner_-X-Y-Z_Z;BBox_2D_XPos;BBox_2D_YPos;Corner_2D_XYZ_X;Corner_2D_XYZ_Y;Corner_2D_XY-Z_X;Corner_2D_XY-Z_Y;Corner_2D_X-YZ_X;Corner_2D_X-YZ_Y;Corner_2D_X-Y-Z_X;Corner_2D_X-Y-Z_Y;Corner_2D_-XYZ_X;Corner_2D_-XYZ_Y;Corner_-2D_XY-Z_X;Corner_2D_-XY-Z_Y;Corner_2D_-X-YZ_X;Corner_2D_-X-YZ_Y;Corner_2D_-X-Y-Z_X;Corner_2D_-X-Y-Z_Y;
J0:19:15:59:534;Hatchback_Car_AI_C_0;211;39743.789062;-64251.308594;-53282.796875;-1;-1;544.332703;-0.28816;-0.957481;0.013948;39740.03125;-64263.644531;-53203.609375;204.0;92.0;76.0;39769.609375;-64484.453125;-53124.722656;39769.078125;-64486.507812;-53276.707031;39593.414062;-64431.429688;-53124.824219;39592.882812;-64433.484375;-53276.808594;39887.179688;-64093.804688;-53130.410156;39886.648438;-64095.859375;-53282.394531;39710.984375;-64040.78125;-53130.511719;39710.453125;-64042.835938;-53282.496094;-1;-1;-1;-1;-1;-1;-1;-1;-1;-1;-1;-1;-1;-1;-1;-1;-1;-1
J0:19:15:59:534;Hatchback_Car_AI_C_7;211;40068.855469;-63224.417969;-53306.78125;-1;-1;-1.235139;-0.308962;-0.950988;0.012823;40064.847656;-63236.769531;-53227.609375;204.0;92.0;76.0;40089.625;-63458.269531;-53149.007812;40089.015625;-63460.121094;-53300.992188;39914.625;-63401.417969;-53148.992188;39914.015625;-63403.269531;-53300.976562;40215.679688;-63070.269531;-53154.242188;40215.070312;-63072.121094;-53306.226562;40040.679688;-63013.417969;-53154.226562;40040.070312;-63015.269531;-53306.210938;-1;-1;-1;-1;-1;-1;-1;-1;-1;-1;-1;-1;-1;-1;-1;-1;-1;-1
