Time;ID;Cat;XPos;YPos;ZPos;2D_XPos;2D_YPos;Vel;XDir;YDir;ZDir;BBox_XPos;BBox_YPos;BBox_ZPos;BBox_Ext_X;BBox_Ext_Y;BBox_Ext_Z;Corner_XYZ_X;Corner_XYZ_Y;Corner_XYZ_Z;Corner_XY-Z_X;Corner_XY-Z_Y;Corner_XY-Z_Z;Corner_X-YZ_X;Corner_X-YZ_Y;Corner_X-YZ_Z;Corner_X-Y-Z_X;Corner_X-Y-Z_Y;Corner_X-Y-Z_Z;Corner_-XYZ_X;Corner_-XYZ_Y;Corner_-XYZ_Z;Corner_-XY-Z_X;Corner_-XY-Z_Y;Corner_-XY-Z_Z;Corner_-X-YZ_X;Corner_-X-YZ_Y;Corner_-X-YZ_Z;Corner_-X-Y-Z_X;Corner_-X-Y-Z_Y;Corner_-X-Y-Z_Z;BBox_2D_XPos;BBox_2D_YPos;Corner_2D_XYZ_X;Corner_2D_XYZ_Y;Corner_2D_XY-Z_X;Corner_2D_XY-Z_Y;Corner_2D_X-YZ_X;Corner_2D_X-YZ_Y;Corner_2D_X-Y-Z_X;Corner_2D_X-Y-Z_Y;Corner_2D_-XYZ_X;Corner_2D_-XYZ_Y;Corner_-2D_XY-Z_X;Corner_2D_-XY-Z_Y;Corner_2D_-X-YZ_X;Corner_2D_-X-YZ_Y;Corner_2D_-X-Y-Z_X;Corner_2D_-X-Y-Z_Y;
J0:19:16:37:938;Hatchback_Car_AI_C_0;211;39279.445312;-66106.210938;-53301.335938;-1;-1;660.216797;-0.201097;-0.978926;-0.035549;39276.050781;-66122.664062;-53222.882812;204.0;92.0;76.0;39324.585938;-66343.523438;-53154.164062;39325.703125;-66338.242188;-53306.070312;39144.351562;-66306.492188;-53154.203125;39145.46875;-66301.210938;-53306.109375;39406.632812;-65944.117188;-53139.65625;39407.75;-65938.835938;-53291.5625;39226.398438;-65907.085938;-53139.695312;39227.515625;-65901.804688;-53291.601562;-1;-1;-1;-1;-1;-1;-1;-1;-1;-1;-1;-1;-1;-1;-1;-1;-1;-1
J0:19:16:37:938;Hatchback_Car_AI_C_7;211;39940.484375;-63619.007812;-53294.902344;-1;-1;378.063171;-0.308189;-0.950954;0.026579;39936.785156;-63630.3125;-53215.558594;204.0;92.0;76.0;39962.023438;-63850.738281;-53134.121094;39960.84375;-63854.605469;-53286.066406;39786.984375;-63794.011719;-53134.207031;39785.804688;-63797.878906;-53286.152344;40087.765625;-63462.746094;-53144.964844;40086.585938;-63466.613281;-53296.910156;39912.726562;-63406.019531;-53145.050781;39911.546875;-63409.886719;-53296.996094;-1;-1;-1;-1;-1;-1;-1;-1;-1;-1;-1;-1;-1;-1;-1;-1;-1;-1
