Time;ID;Cat;XPos;YPos;ZPos;2D_XPos;2D_YPos;Vel;XDir;YDir;ZDir;BBox_XPos;BBox_YPos;BBox_ZPos;BBox_Ext_X;BBox_Ext_Y;BBox_Ext_Z;Corner_XYZ_X;Corner_XYZ_Y;Corner_XYZ_Z;Corner_XY-Z_X;Corner_XY-Z_Y;Corner_XY-Z_Z;Corner_X-YZ_X;Corner_X-YZ_Y;Corner_X-YZ_Z;Corner_X-Y-Z_X;Corner_X-Y-Z_Y;Corner_X-Y-Z_Z;Corner_-XYZ_X;Corner_-XYZ_Y;Corner_-XYZ_Z;Corner_-XY-Z_X;Corner_-XY-Z_Y;Corner_-XY-Z_Z;Corner_-X-YZ_X;Corner_-X-YZ_Y;Corner_-X-YZ_Z;Corner_-X-Y-Z_X;Corner_-X-Y-Z_Y;Corner_-X-Y-Z_Z;BBox_2D_XPos;BBox_2D_YPos;Corner_2D_XYZ_X;Corner_2D_XYZ_Y;Corner_2D_XY-Z_X;Corner_2D_XY-Z_Y;Corner_2D_X-YZ_X;Corner_2D_X-YZ_Y;Corner_2D_X-Y-Z_X;Corner_2D_X-Y-Z_Y;Corner_2D_-XYZ_X;Corner_2D_-XYZ_Y;Corner_-2D_XY-Z_X;Corner_2D_-XY-Z_Y;Corner_2D_-X-YZ_X;Corner_2D_-X-YZ_Y;Corner_2D_-X-Y-Z_X;Corner_2D_-X-Y-Z_Y;
J0:19:17:15:129;Hatchback_Car_AI_C_0;211;38998.167969;-68129.539062;-53482.621094;-1;-1;659.073303;-0.068275;-0.985251;-0.156904;38996.378906;-68155.703125;-53406.796875;204.0;92.0;76.0;39073.429688;-68374.953125;-53363.773438;39075.03125;-68351.15625;-53513.890625;38889.867188;-68362.234375;-53363.71875;38891.46875;-68338.4375;-53513.835938;39101.289062;-67972.96875;-53299.757812;39102.890625;-67949.171875;-53449.875;38917.726562;-67960.25;-53299.703125;38919.328125;-67936.453125;-53449.820312;-1;-1;-1;-1;-1;-1;-1;-1;-1;-1;-1;-1;-1;-1;-1;-1;-1;-1
J0:19:17:15:129;Hatchback_Car_AI_C_7;211;39501.527344;-65129.746094;-53280.378906;-1;-1;608.072083;-0.250601;-0.968077;-0.005236;39497.894531;-65143.695312;-53201.453125;204.0;92.0;76.0;39535.714844;-65364.617188;-53126.496094;39535.957031;-65363.859375;-53278.496094;39357.589844;-65318.507812;-53126.542969;39357.832031;-65317.75;-53278.542969;39637.957031;-64969.640625;-53124.363281;39638.199219;-64968.882812;-53276.363281;39459.832031;-64923.53125;-53124.410156;39460.074219;-64922.773438;-53276.410156;-1;-1;-1;-1;-1;-1;-1;-1;-1;-1;-1;-1;-1;-1;-1;-1;-1;-1
J0:19:17:15:129;Hatchback_Car_AI_C_11;211;40068.648438;-63224.9375;-53306.144531;-1;-1;-0.002184;-0.308786;-0.950611;0.031477;40065.09375;-63235.882812;-53226.742188;204.0;92.0;76.0;40090.339844;-63455.957031;-53144.359375;40088.863281;-63460.503906;-53296.28125;39915.339844;-63399.113281;-53144.359375;39913.863281;-63403.660156;-53296.28125;40216.324219;-63068.105469;-53157.203125;40214.847656;-63072.652344;-53309.125;40041.324219;-63011.261719;-53157.203125;40039.847656;-63015.808594;-53309.125;-1;-1;-1;-1;-1;-1;-1;-1;-1;-1;-1;-1;-1;-1;-1;-1;-1;-1
