Time;ID;Cat;XPos;YPos;ZPos;2D_XPos;2D_YPos;Vel;XDir;YDir;ZDir;BBox_XPos;BBox_YPos;BBox_ZPos;BBox_Ext_X;BBox_Ext_Y;BBox_Ext_Z;Corner_XYZ_X;Corner_XYZ_Y;Corner_XYZ_Z;Corner_XY-Z_X;Corner_XY-Z_Y;Corner_XY-Z_Z;Corner_X-YZ_X;Corner_X-YZ_Y;Corner_X-YZ_Z;Corner_X-Y-Z_X;Corner_X-Y-Z_Y;Corner_X-Y-Z_Z;Corner_-XYZ_X;Corner_-XYZ_Y;Corner_-XYZ_Z;Corner_-XY-Z_X;Corner_-XY-Z_Y;Corner_-XY-Z_Z;Corner_-X-YZ_X;Corner_-X-YZ_Y;Corner_-X-YZ_Z;Corner_-X-Y-Z_X;Corner_-X-Y-Z_Y;Corner_-X-Y-Z_Z;BBox_2D_XPos;BBox_2D_YPos;Corner_2D_XYZ_X;Corner_2D_XYZ_Y;Corner_2D_XY-Z_X;Corner_2D_XY-Z_Y;Corner_2D_X-YZ_X;Corner_2D_X-YZ_Y;Corner_2D_X-Y-Z_X;Corner_2D_X-Y-Z_Y;Corner_2D_-XYZ_X;Corner_2D_-XYZ_Y;Corner_-2D_XY-Z_X;Corner_2D_-XY-Z_Y;Corner_2D_-X-YZ_X;Corner_2D_-X-YZ_Y;Corner_2D_-X-Y-Z_X;Corner_2D_-X-Y-Z_Y;
J0:19:16:26:731;Hatchback_Car_AI_C_0;211;39412.789062;-65495.75;-53284.890625;-1;-1;679.522827;-0.232633;-0.972454;-0.01464;39409.246094;-65510.484375;-53206.105469;204.0;92.0;76.0;39450.992188;-65731.351562;-53133.082031;39451.539062;-65729.195312;-53285.066406;39272.039062;-65688.539062;-53133.121094;39272.585938;-65686.382812;-53285.105469;39545.90625;-65334.589844;-53127.105469;39546.453125;-65332.433594;-53279.089844;39366.953125;-65291.777344;-53127.144531;39367.5;-65289.621094;-53279.128906;-1;-1;-1;-1;-1;-1;-1;-1;-1;-1;-1;-1;-1;-1;-1;-1;-1;-1
J0:19:16:26:731;Hatchback_Car_AI_C_7;211;40032.816406;-63334.78125;-53302.511719;-1;-1;252.777237;-0.30953;-0.950326;0.032734;40029.277344;-63345.625;-53223.097656;204.0;92.0;76.0;40054.375;-63565.617188;-53140.453125;40052.84375;-63570.351562;-53292.375;39879.421875;-63508.632812;-53140.46875;39877.890625;-63513.367188;-53292.390625;40180.664062;-63177.882812;-53153.804688;40179.132812;-63182.617188;-53305.726562;40005.710938;-63120.898438;-53153.820312;40004.179688;-63125.632812;-53305.742188;-1;-1;-1;-1;-1;-1;-1;-1;-1;-1;-1;-1;-1;-1;-1;-1;-1;-1
