Time;ID;Cat;XPos;YPos;ZPos;2D_XPos;2D_YPos;Vel;XDir;YDir;ZDir;BBox_XPos;BBox_YPos;BBox_ZPos;BBox_Ext_X;BBox_Ext_Y;BBox_Ext_Z;Corner_XYZ_X;Corner_XYZ_Y;Corner_XYZ_Z;Corner_XY-Z_X;Corner_XY-Z_Y;Corner_XY-Z_Z;Corner_X-YZ_X;Corner_X-YZ_Y;Corner_X-YZ_Z;Corner_X-Y-Z_X;Corner_X-Y-Z_Y;Corner_X-Y-Z_Z;Corner_-XYZ_X;Corner_-XYZ_Y;Corner_-XYZ_Z;Corner_-XY-Z_X;Corner_-XY-Z_Y;Corner_-XY-Z_Z;Corner_-X-YZ_X;Corner_-X-YZ_Y;Corner_-X-YZ_Z;Corner_-X-Y-Z_X;Corner_-X-Y-Z_Y;Corner_-X-Y-Z_Z;BBox_2D_XPos;BBox_2D_YPos;Corner_2D_XYZ_X;Corner_2D_XYZ_Y;Corner_2D_XY-Z_X;Corner_2D_XY-Z_Y;Corner_2D_X-YZ_X;Corner_2D_X-YZ_Y;Corner_2D_X-Y-Z_X;Corner_2D_X-Y-Z_Y;Corner_2D_-XYZ_X;Corner_2D_-XYZ_Y;Corner_-2D_XY-Z_X;Corner_2D_-XY-Z_Y;Corner_2D_-X-YZ_X;Corner_2D_-X-YZ_Y;Corner_2D_-X-Y-Z_X;Corner_2D_-X-Y-Z_Y;
J0:19:16:25:132;Hatchback_Car_AI_C_0;211;39433.15625;-65409.589844;-53283.492188;-1;-1;664.010437;-0.236736;-0.971497;-0.012235;39429.597656;-65424.125;-53204.667969;204.0;92.0;76.0;39470.449219;-65644.992188;-53131.148438;39470.925781;-65643.195312;-53283.140625;39291.683594;-65601.429688;-53131.1875;39292.160156;-65599.632812;-53283.179688;39567.035156;-65248.621094;-53126.15625;39567.511719;-65246.824219;-53278.148438;39388.269531;-65205.058594;-53126.195312;39388.746094;-65203.261719;-53278.1875;-1;-1;-1;-1;-1;-1;-1;-1;-1;-1;-1;-1;-1;-1;-1;-1;-1;-1
J0:19:16:25:132;Hatchback_Car_AI_C_7;211;40042.914062;-63303.847656;-53303.382812;-1;-1;228.335266;-0.30932;-0.950355;0.033859;40039.402344;-63314.605469;-53223.953125;204.0;92.0;76.0;40064.574219;-63534.5;-53141.078125;40062.996094;-63539.398438;-53292.992188;39889.605469;-63477.554688;-53141.101562;39888.027344;-63482.453125;-53293.015625;40190.777344;-63146.757812;-53154.890625;40189.199219;-63151.65625;-53306.804688;40015.808594;-63089.8125;-53154.914062;40014.230469;-63094.710938;-53306.828125;-1;-1;-1;-1;-1;-1;-1;-1;-1;-1;-1;-1;-1;-1;-1;-1;-1;-1
