Time;ID;Cat;XPos;YPos;ZPos;2D_XPos;2D_YPos;Vel;XDir;YDir;ZDir;BBox_XPos;BBox_YPos;BBox_ZPos;BBox_Ext_X;BBox_Ext_Y;BBox_Ext_Z;Corner_XYZ_X;Corner_XYZ_Y;Corner_XYZ_Z;Corner_XY-Z_X;Corner_XY-Z_Y;Corner_XY-Z_Z;Corner_X-YZ_X;Corner_X-YZ_Y;Corner_X-YZ_Z;Corner_X-Y-Z_X;Corner_X-Y-Z_Y;Corner_X-Y-Z_Z;Corner_-XYZ_X;Corner_-XYZ_Y;Corner_-XYZ_Z;Corner_-XY-Z_X;Corner_-XY-Z_Y;Corner_-XY-Z_Z;Corner_-X-YZ_X;Corner_-X-YZ_Y;Corner_-X-YZ_Z;Corner_-X-Y-Z_X;Corner_-X-Y-Z_Y;Corner_-X-Y-Z_Z;BBox_2D_XPos;BBox_2D_YPos;Corner_2D_XYZ_X;Corner_2D_XYZ_Y;Corner_2D_XY-Z_X;Corner_2D_XY-Z_Y;Corner_2D_X-YZ_X;Corner_2D_X-YZ_Y;Corner_2D_X-Y-Z_X;Corner_2D_X-Y-Z_Y;Corner_2D_-XYZ_X;Corner_2D_-XYZ_Y;Corner_-2D_XY-Z_X;Corner_2D_-XY-Z_Y;Corner_2D_-X-YZ_X;Corner_2D_-X-YZ_Y;Corner_2D_-X-Y-Z_X;Corner_2D_-X-Y-Z_Y;
J0:19:16:15:131;Hatchback_Car_AI_C_0;211;39556.605469;-64918.203125;-53279.351562;-1;-1;555.597107;-0.262527;-0.964924;-0.001292;39552.886719;-64931.804688;-53200.371094;204.0;92.0;76.0;39588.0625;-65152.890625;-53124.613281;39588.148438;-65152.710938;-53276.613281;39410.515625;-65104.585938;-53124.652344;39410.601562;-65104.40625;-53276.652344;39695.171875;-64759.203125;-53124.089844;39695.257812;-64759.023438;-53276.089844;39517.625;-64710.898438;-53124.128906;39517.710938;-64710.71875;-53276.128906;-1;-1;-1;-1;-1;-1;-1;-1;-1;-1;-1;-1;-1;-1;-1;-1;-1;-1
J0:19:16:15:131;Hatchback_Car_AI_C_7;211;40068.652344;-63224.9375;-53306.140625;-1;-1;0.002106;-0.308785;-0.95061;0.031493;40065.097656;-63235.878906;-53226.738281;204.0;92.0;76.0;40090.34375;-63455.949219;-53144.347656;40088.867188;-63460.503906;-53296.269531;39915.34375;-63399.105469;-53144.355469;39913.867188;-63403.660156;-53296.277344;40216.328125;-63068.097656;-53157.199219;40214.851562;-63072.652344;-53309.121094;40041.328125;-63011.253906;-53157.207031;40039.851562;-63015.808594;-53309.128906;-1;-1;-1;-1;-1;-1;-1;-1;-1;-1;-1;-1;-1;-1;-1;-1;-1;-1
