Time;ID;Cat;XPos;YPos;ZPos;2D_XPos;2D_YPos;Vel;XDir;YDir;ZDir;BBox_XPos;BBox_YPos;BBox_ZPos;BBox_Ext_X;BBox_Ext_Y;BBox_Ext_Z;Corner_XYZ_X;Corner_XYZ_Y;Corner_XYZ_Z;Corner_XY-Z_X;Corner_XY-Z_Y;Corner_XY-Z_Z;Corner_X-YZ_X;Corner_X-YZ_Y;Corner_X-YZ_Z;Corner_X-Y-Z_X;Corner_X-Y-Z_Y;Corner_X-Y-Z_Z;Corner_-XYZ_X;Corner_-XYZ_Y;Corner_-XYZ_Z;Corner_-XY-Z_X;Corner_-XY-Z_Y;Corner_-XY-Z_Z;Corner_-X-YZ_X;Corner_-X-YZ_Y;Corner_-X-YZ_Z;Corner_-X-Y-Z_X;Corner_-X-Y-Z_Y;Corner_-X-Y-Z_Z;BBox_2D_XPos;BBox_2D_YPos;Corner_2D_XYZ_X;Corner_2D_XYZ_Y;Corner_2D_XY-Z_X;Corner_2D_XY-Z_Y;Corner_2D_X-YZ_X;Corner_2D_X-YZ_Y;Corner_2D_X-Y-Z_X;Corner_2D_X-Y-Z_Y;Corner_2D_-XYZ_X;Corner_2D_-XYZ_Y;Corner_-2D_XY-Z_X;Corner_2D_-XY-Z_Y;Corner_2D_-X-YZ_X;Corner_2D_-X-YZ_Y;Corner_2D_-X-Y-Z_X;Corner_2D_-X-Y-Z_Y;
J0:19:17:09:939;Hatchback_Car_AI_C_0;211;39019.535156;-67845.070312;-53440.441406;-1;-1;664.37793;-0.091752;-0.986521;-0.135487;39017.253906;-67869.539062;-53364.066406;204.0;92.0;76.0;39089.179688;-68089.5625;-53316.398438;39091.101562;-68069.0625;-53467.0;38905.96875;-68072.515625;-53316.414062;38907.890625;-68052.015625;-53467.015625;39126.617188;-67687.0625;-53261.117188;39128.539062;-67666.5625;-53411.71875;38943.40625;-67670.015625;-53261.132812;38945.328125;-67649.515625;-53411.734375;-1;-1;-1;-1;-1;-1;-1;-1;-1;-1;-1;-1;-1;-1;-1;-1;-1;-1
J0:19:17:09:939;Hatchback_Car_AI_C_7;211;39564.644531;-64886.453125;-53279.289062;-1;-1;546.58313;-0.264246;-0.964455;-0.000762;39560.914062;-64900.011719;-53200.300781;204.0;92.0;76.0;39595.710938;-65121.125;-53124.441406;39595.765625;-65121.023438;-53276.441406;39418.25;-65072.5;-53124.472656;39418.304688;-65072.398438;-53276.472656;39703.523438;-64727.625;-53124.128906;39703.578125;-64727.523438;-53276.128906;39526.0625;-64679.0;-53124.160156;39526.117188;-64678.898438;-53276.160156;-1;-1;-1;-1;-1;-1;-1;-1;-1;-1;-1;-1;-1;-1;-1;-1;-1;-1
J0:19:17:09:939;Hatchback_Car_AI_C_11;211;40068.652344;-63224.925781;-53306.175781;-1;-1;-0.030667;-0.308797;-0.950616;0.03122;40065.09375;-63235.890625;-53226.777344;204.0;92.0;76.0;40090.332031;-63455.980469;-53144.449219;40088.863281;-63460.496094;-53296.378906;39915.332031;-63399.136719;-53144.441406;39913.863281;-63403.652344;-53296.371094;40216.324219;-63068.128906;-53157.183594;40214.855469;-63072.644531;-53309.113281;40041.324219;-63011.285156;-53157.175781;40039.855469;-63015.800781;-53309.105469;-1;-1;-1;-1;-1;-1;-1;-1;-1;-1;-1;-1;-1;-1;-1;-1;-1;-1
