Time;ID;Cat;XPos;YPos;ZPos;2D_XPos;2D_YPos;Vel;XDir;YDir;ZDir;BBox_XPos;BBox_YPos;BBox_ZPos;BBox_Ext_X;BBox_Ext_Y;BBox_Ext_Z;Corner_XYZ_X;Corner_XYZ_Y;Corner_XYZ_Z;Corner_XY-Z_X;Corner_XY-Z_Y;Corner_XY-Z_Z;Corner_X-YZ_X;Corner_X-YZ_Y;Corner_X-YZ_Z;Corner_X-Y-Z_X;Corner_X-Y-Z_Y;Corner_X-Y-Z_Z;Corner_-XYZ_X;Corner_-XYZ_Y;Corner_-XYZ_Z;Corner_-XY-Z_X;Corner_-XY-Z_Y;Corner_-XY-Z_Z;Corner_-X-YZ_X;Corner_-X-YZ_Y;Corner_-X-YZ_Z;Corner_-X-Y-Z_X;Corner_-X-Y-Z_Y;Corner_-X-Y-Z_Z;BBox_2D_XPos;BBox_2D_YPos;Corner_2D_XYZ_X;Corner_2D_XYZ_Y;Corner_2D_XY-Z_X;Corner_2D_XY-Z_Y;Corner_2D_X-YZ_X;Corner_2D_X-YZ_Y;Corner_2D_X-Y-Z_X;Corner_2D_X-Y-Z_Y;Corner_2D_-XYZ_X;Corner_2D_-XYZ_Y;Corner_-2D_XY-Z_X;Corner_2D_-XY-Z_Y;Corner_2D_-X-YZ_X;Corner_2D_-X-YZ_Y;Corner_2D_-X-Y-Z_X;Corner_2D_-X-Y-Z_Y;
J0:19:17:45:132;Hatchback_Car_AI_C_0;211;39008.875;-69800.210938;-53848.253906;-1;-1;699.341797;0.060989;-0.966377;-0.249792;39011.027344;-69833.429688;-53775.253906;204.0;92.0;76.0;39116.535156;-70043.703125;-53752.683594;39114.035156;-70005.8125;-53899.863281;38932.902344;-70055.328125;-53752.558594;38930.402344;-70017.4375;-53899.738281;39091.652344;-69649.421875;-53650.769531;39089.152344;-69611.53125;-53797.949219;38908.019531;-69661.046875;-53650.644531;38905.519531;-69623.15625;-53797.824219;-1;-1;-1;-1;-1;-1;-1;-1;-1;-1;-1;-1;-1;-1;-1;-1;-1;-1
J0:19:17:45:132;Hatchback_Car_AI_C_7;211;39165.226562;-66725.835938;-53330.84375;-1;-1;636.442444;-0.167685;-0.984048;-0.05943;39162.070312;-66744.234375;-53252.816406;204.0;92.0;76.0;39217.777344;-66964.875;-53189.050781;39219.332031;-66955.984375;-53340.785156;39036.394531;-66933.96875;-53189.097656;39037.949219;-66925.078125;-53340.832031;39286.191406;-66563.390625;-53164.800781;39287.746094;-66554.5;-53316.535156;39104.808594;-66532.484375;-53164.847656;39106.363281;-66523.59375;-53316.582031;-1;-1;-1;-1;-1;-1;-1;-1;-1;-1;-1;-1;-1;-1;-1;-1;-1;-1
J0:19:17:45:132;Hatchback_Car_AI_C_11;211;39881.417969;-63803.988281;-53290.65625;-1;-1;439.887604;-0.304292;-0.952293;0.023324;39877.675781;-63815.550781;-53211.351562;204.0;92.0;76.0;39903.734375;-64036.117188;-53130.558594;39902.742188;-64039.523438;-53282.519531;39728.460938;-63980.117188;-53130.667969;39727.46875;-63983.523438;-53282.628906;40027.882812;-63647.578125;-53140.074219;40026.890625;-63650.984375;-53292.035156;39852.609375;-63591.578125;-53140.183594;39851.617188;-63594.984375;-53292.144531;-1;-1;-1;-1;-1;-1;-1;-1;-1;-1;-1;-1;-1;-1;-1;-1;-1;-1
