Time;ID;Cat;XPos;YPos;ZPos;2D_XPos;2D_YPos;Vel;XDir;YDir;ZDir;BBox_XPos;BBox_YPos;BBox_ZPos;BBox_Ext_X;BBox_Ext_Y;BBox_Ext_Z;Corner_XYZ_X;Corner_XYZ_Y;Corner_XYZ_Z;Corner_XY-Z_X;Corner_XY-Z_Y;Corner_XY-Z_Z;Corner_X-YZ_X;Corner_X-YZ_Y;Corner_X-YZ_Z;Corner_X-Y-Z_X;Corner_X-Y-Z_Y;Corner_X-Y-Z_Z;Corner_-XYZ_X;Corner_-XYZ_Y;Corner_-XYZ_Z;Corner_-XY-Z_X;Corner_-XY-Z_Y;Corner_-XY-Z_Z;Corner_-X-YZ_X;Corner_-X-YZ_Y;Corner_-X-YZ_Z;Corner_-X-Y-Z_X;Corner_-X-Y-Z_Y;Corner_-X-Y-Z_Z;BBox_2D_XPos;BBox_2D_YPos;Corner_2D_XYZ_X;Corner_2D_XYZ_Y;Corner_2D_XY-Z_X;Corner_2D_XY-Z_Y;Corner_2D_X-YZ_X;Corner_2D_X-YZ_Y;Corner_2D_X-Y-Z_X;Corner_2D_X-Y-Z_Y;Corner_2D_-XYZ_X;Corner_2D_-XYZ_Y;Corner_-2D_XY-Z_X;Corner_2D_-XY-Z_Y;Corner_2D_-X-YZ_X;Corner_2D_-X-YZ_Y;Corner_2D_-X-Y-Z_X;Corner_2D_-X-Y-Z_Y;
J0:19:15:59:134;Hatchback_Car_AI_C_0;211;39748.972656;-64233.90625;-53282.96875;-1;-1;529.526855;-0.291089;-0.956599;0.013622;39745.164062;-64246.253906;-53203.785156;204.0;92.0;76.0;39774.054688;-64467.175781;-53124.960938;39773.539062;-64469.183594;-53276.945312;39598.023438;-64413.613281;-53125.070312;39597.507812;-64415.621094;-53277.054688;39892.820312;-64076.886719;-53130.515625;39892.304688;-64078.894531;-53282.5;39716.789062;-64023.324219;-53130.625;39716.273438;-64025.332031;-53282.609375;-1;-1;-1;-1;-1;-1;-1;-1;-1;-1;-1;-1;-1;-1;-1;-1;-1;-1
J0:19:15:59:134;Hatchback_Car_AI_C_7;211;40068.898438;-63224.304688;-53306.601562;-1;-1;-1.311765;-0.308983;-0.951023;0.009183;40064.800781;-63236.929688;-53227.476562;204.0;92.0;76.0;40089.484375;-63458.699219;-53149.609375;40089.046875;-63460.027344;-53301.601562;39914.492188;-63401.847656;-53149.601562;39914.054688;-63403.175781;-53301.59375;40215.546875;-63070.683594;-53153.359375;40215.109375;-63072.011719;-53305.351562;40040.554688;-63013.832031;-53153.351562;40040.117188;-63015.160156;-53305.34375;-1;-1;-1;-1;-1;-1;-1;-1;-1;-1;-1;-1;-1;-1;-1;-1;-1;-1
