Time;ID;Cat;XPos;YPos;ZPos;2D_XPos;2D_YPos;Vel;XDir;YDir;ZDir;BBox_XPos;BBox_YPos;BBox_ZPos;BBox_Ext_X;BBox_Ext_Y;BBox_Ext_Z;Corner_XYZ_X;Corner_XYZ_Y;Corner_XYZ_Z;Corner_XY-Z_X;Corner_XY-Z_Y;Corner_XY-Z_Z;Corner_X-YZ_X;Corner_X-YZ_Y;Corner_X-YZ_Z;Corner_X-Y-Z_X;Corner_X-Y-Z_Y;Corner_X-Y-Z_Z;Corner_-XYZ_X;Corner_-XYZ_Y;Corner_-XYZ_Z;Corner_-XY-Z_X;Corner_-XY-Z_Y;Corner_-XY-Z_Z;Corner_-X-YZ_X;Corner_-X-YZ_Y;Corner_-X-YZ_Z;Corner_-X-Y-Z_X;Corner_-X-Y-Z_Y;Corner_-X-Y-Z_Z;BBox_2D_XPos;BBox_2D_YPos;Corner_2D_XYZ_X;Corner_2D_XYZ_Y;Corner_2D_XY-Z_X;Corner_2D_XY-Z_Y;Corner_2D_X-YZ_X;Corner_2D_X-YZ_Y;Corner_2D_X-Y-Z_X;Corner_2D_X-Y-Z_Y;Corner_2D_-XYZ_X;Corner_2D_-XYZ_Y;Corner_-2D_XY-Z_X;Corner_2D_-XY-Z_Y;Corner_2D_-X-YZ_X;Corner_2D_-X-YZ_Y;Corner_2D_-X-Y-Z_X;Corner_2D_-X-Y-Z_Y;
J0:19:17:22:338;Hatchback_Car_AI_C_0;211;38980.367188;-68528.84375;-53552.601562;-1;-1;677.140808;-0.032843;-0.981549;-0.188371;38979.4375;-68557.460938;-53477.652344;204.0;92.0;76.0;39064.234375;-68775.078125;-53441.46875;39065.140625;-68746.453125;-53590.75;38880.335938;-68768.9375;-53441.40625;38881.242188;-68740.3125;-53590.6875;39077.632812;-68374.609375;-53364.617188;39078.539062;-68345.984375;-53513.898438;38893.734375;-68368.46875;-53364.554688;38894.640625;-68339.84375;-53513.835938;-1;-1;-1;-1;-1;-1;-1;-1;-1;-1;-1;-1;-1;-1;-1;-1;-1;-1
J0:19:17:22:338;Hatchback_Car_AI_C_7;211;39410.953125;-65501.832031;-53285.0;-1;-1;681.124878;-0.232289;-0.972535;-0.014786;39407.414062;-65516.578125;-53206.214844;204.0;92.0;76.0;39449.234375;-65737.4375;-53133.21875;39449.789062;-65735.265625;-53285.203125;39270.265625;-65694.6875;-53133.257812;39270.820312;-65692.515625;-53285.242188;39544.007812;-65340.644531;-53127.1875;39544.5625;-65338.464844;-53279.171875;39365.039062;-65297.894531;-53127.226562;39365.59375;-65295.714844;-53279.210938;-1;-1;-1;-1;-1;-1;-1;-1;-1;-1;-1;-1;-1;-1;-1;-1;-1;-1
J0:19:17:22:338;Hatchback_Car_AI_C_11;211;40063.800781;-63239.835938;-53305.429688;-1;-1;114.024887;-0.308891;-0.950461;0.034802;40060.324219;-63250.527344;-53225.992188;204.0;92.0;76.0;40085.621094;-63470.339844;-53142.9375;40083.988281;-63475.371094;-53294.84375;39910.628906;-63413.472656;-53142.945312;39908.996094;-63418.503906;-53294.851562;40211.652344;-63082.550781;-53157.132812;40210.019531;-63087.582031;-53309.039062;40036.660156;-63025.683594;-53157.140625;40035.027344;-63030.714844;-53309.046875;-1;-1;-1;-1;-1;-1;-1;-1;-1;-1;-1;-1;-1;-1;-1;-1;-1;-1
