Time;ID;Cat;XPos;YPos;ZPos;2D_XPos;2D_YPos;Vel;XDir;YDir;ZDir;BBox_XPos;BBox_YPos;BBox_ZPos;BBox_Ext_X;BBox_Ext_Y;BBox_Ext_Z;Corner_XYZ_X;Corner_XYZ_Y;Corner_XYZ_Z;Corner_XY-Z_X;Corner_XY-Z_Y;Corner_XY-Z_Z;Corner_X-YZ_X;Corner_X-YZ_Y;Corner_X-YZ_Z;Corner_X-Y-Z_X;Corner_X-Y-Z_Y;Corner_X-Y-Z_Z;Corner_-XYZ_X;Corner_-XYZ_Y;Corner_-XYZ_Z;Corner_-XY-Z_X;Corner_-XY-Z_Y;Corner_-XY-Z_Z;Corner_-X-YZ_X;Corner_-X-YZ_Y;Corner_-X-YZ_Z;Corner_-X-Y-Z_X;Corner_-X-Y-Z_Y;Corner_-X-Y-Z_Z;BBox_2D_XPos;BBox_2D_YPos;Corner_2D_XYZ_X;Corner_2D_XYZ_Y;Corner_2D_XY-Z_X;Corner_2D_XY-Z_Y;Corner_2D_X-YZ_X;Corner_2D_X-YZ_Y;Corner_2D_X-Y-Z_X;Corner_2D_X-Y-Z_Y;Corner_2D_-XYZ_X;Corner_2D_-XYZ_Y;Corner_-2D_XY-Z_X;Corner_2D_-XY-Z_Y;Corner_2D_-X-YZ_X;Corner_2D_-X-YZ_Y;Corner_2D_-X-Y-Z_X;Corner_2D_-X-Y-Z_Y;
J0:19:17:21:532;Hatchback_Car_AI_C_0;211;38981.621094;-68484.359375;-53544.113281;-1;-1;698.631836;-0.036499;-0.982288;-0.183787;38980.585938;-68512.617188;-53469.03125;204.0;92.0;76.0;39064.574219;-68730.382812;-53431.832031;39065.582031;-68702.460938;-53581.246094;38880.699219;-68723.554688;-53431.800781;38881.707031;-68695.632812;-53581.214844;39079.464844;-68329.601562;-53356.847656;39080.472656;-68301.679688;-53506.261719;38895.589844;-68322.773438;-53356.816406;38896.597656;-68294.851562;-53506.230469;-1;-1;-1;-1;-1;-1;-1;-1;-1;-1;-1;-1;-1;-1;-1;-1;-1;-1
J0:19:17:21:532;Hatchback_Car_AI_C_7;211;39421.171875;-65458.328125;-53284.265625;-1;-1;671.989319;-0.234356;-0.972055;-0.013612;39417.617188;-65472.976562;-53205.464844;204.0;92.0;76.0;39458.984375;-65693.835938;-53132.226562;39459.507812;-65691.835938;-53284.210938;39280.109375;-65650.710938;-53132.273438;39280.632812;-65648.710938;-53284.257812;39554.601562;-65297.238281;-53126.671875;39555.125;-65295.238281;-53278.65625;39375.726562;-65254.113281;-53126.71875;39376.25;-65252.113281;-53278.703125;-1;-1;-1;-1;-1;-1;-1;-1;-1;-1;-1;-1;-1;-1;-1;-1;-1;-1
J0:19:17:21:532;Hatchback_Car_AI_C_11;211;40065.996094;-63233.089844;-53305.726562;-1;-1;83.77182;-0.308847;-0.950499;0.034125;40062.503906;-63243.832031;-53226.292969;204.0;92.0;76.0;40087.796875;-63463.695312;-53143.371094;40086.195312;-63468.632812;-53295.285156;39912.804688;-63406.835938;-53143.378906;39911.203125;-63411.773438;-53295.292969;40213.804688;-63075.890625;-53157.292969;40212.203125;-63080.828125;-53309.207031;40038.8125;-63019.03125;-53157.300781;40037.210938;-63023.96875;-53309.214844;-1;-1;-1;-1;-1;-1;-1;-1;-1;-1;-1;-1;-1;-1;-1;-1;-1;-1
