Time;ID;Cat;XPos;YPos;ZPos;2D_XPos;2D_YPos;Vel;XDir;YDir;ZDir;BBox_XPos;BBox_YPos;BBox_ZPos;BBox_Ext_X;BBox_Ext_Y;BBox_Ext_Z;Corner_XYZ_X;Corner_XYZ_Y;Corner_XYZ_Z;Corner_XY-Z_X;Corner_XY-Z_Y;Corner_XY-Z_Z;Corner_X-YZ_X;Corner_X-YZ_Y;Corner_X-YZ_Z;Corner_X-Y-Z_X;Corner_X-Y-Z_Y;Corner_X-Y-Z_Z;Corner_-XYZ_X;Corner_-XYZ_Y;Corner_-XYZ_Z;Corner_-XY-Z_X;Corner_-XY-Z_Y;Corner_-XY-Z_Z;Corner_-X-YZ_X;Corner_-X-YZ_Y;Corner_-X-YZ_Z;Corner_-X-Y-Z_X;Corner_-X-Y-Z_Y;Corner_-X-Y-Z_Z;BBox_2D_XPos;BBox_2D_YPos;Corner_2D_XYZ_X;Corner_2D_XYZ_Y;Corner_2D_XY-Z_X;Corner_2D_XY-Z_Y;Corner_2D_X-YZ_X;Corner_2D_X-YZ_Y;Corner_2D_X-Y-Z_X;Corner_2D_X-Y-Z_Y;Corner_2D_-XYZ_X;Corner_2D_-XYZ_Y;Corner_-2D_XY-Z_X;Corner_2D_-XY-Z_Y;Corner_2D_-X-YZ_X;Corner_2D_-X-YZ_Y;Corner_2D_-X-Y-Z_X;Corner_2D_-X-Y-Z_Y;
J0:19:16:25:532;Hatchback_Car_AI_C_0;211;39428.144531;-65430.601562;-53283.785156;-1;-1;650.070129;-0.237197;-0.971364;-0.013794;39424.550781;-65445.257812;-53204.984375;204.0;92.0;76.0;39465.277344;-65666.257812;-53131.789062;39465.800781;-65664.226562;-53283.773438;39286.527344;-65622.601562;-53131.820312;39287.050781;-65620.570312;-53283.804688;39562.050781;-65269.941406;-53126.164062;39562.574219;-65267.910156;-53278.148438;39383.300781;-65226.292969;-53126.195312;39383.824219;-65224.261719;-53278.179688;-1;-1;-1;-1;-1;-1;-1;-1;-1;-1;-1;-1;-1;-1;-1;-1;-1;-1
J0:19:16:25:532;Hatchback_Car_AI_C_7;211;40040.476562;-63311.3125;-53303.171875;-1;-1;235.912567;-0.30937;-0.950348;0.033607;40036.960938;-63322.089844;-53223.746094;204.0;92.0;76.0;40062.109375;-63542.007812;-53140.925781;40060.546875;-63546.867188;-53292.839844;39887.148438;-63485.054688;-53140.941406;39885.585938;-63489.914062;-53292.855469;40188.335938;-63154.265625;-53154.636719;40186.773438;-63159.125;-53306.550781;40013.375;-63097.3125;-53154.652344;40011.8125;-63102.171875;-53306.566406;-1;-1;-1;-1;-1;-1;-1;-1;-1;-1;-1;-1;-1;-1;-1;-1;-1;-1
