Time;ID;Cat;XPos;YPos;ZPos;2D_XPos;2D_YPos;Vel;XDir;YDir;ZDir;BBox_XPos;BBox_YPos;BBox_ZPos;BBox_Ext_X;BBox_Ext_Y;BBox_Ext_Z;Corner_XYZ_X;Corner_XYZ_Y;Corner_XYZ_Z;Corner_XY-Z_X;Corner_XY-Z_Y;Corner_XY-Z_Z;Corner_X-YZ_X;Corner_X-YZ_Y;Corner_X-YZ_Z;Corner_X-Y-Z_X;Corner_X-Y-Z_Y;Corner_X-Y-Z_Z;Corner_-XYZ_X;Corner_-XYZ_Y;Corner_-XYZ_Z;Corner_-XY-Z_X;Corner_-XY-Z_Y;Corner_-XY-Z_Z;Corner_-X-YZ_X;Corner_-X-YZ_Y;Corner_-X-YZ_Z;Corner_-X-Y-Z_X;Corner_-X-Y-Z_Y;Corner_-X-Y-Z_Z;BBox_2D_XPos;BBox_2D_YPos;Corner_2D_XYZ_X;Corner_2D_XYZ_Y;Corner_2D_XY-Z_X;Corner_2D_XY-Z_Y;Corner_2D_X-YZ_X;Corner_2D_X-YZ_Y;Corner_2D_X-Y-Z_X;Corner_2D_X-Y-Z_Y;Corner_2D_-XYZ_X;Corner_2D_-XYZ_Y;Corner_-2D_XY-Z_X;Corner_2D_-XY-Z_Y;Corner_2D_-X-YZ_X;Corner_2D_-X-YZ_Y;Corner_2D_-X-Y-Z_X;Corner_2D_-X-Y-Z_Y;
J0:19:16:43:934;Hatchback_Car_AI_C_0;211;39216.316406;-66432.476562;-53315.1875;-1;-1;622.959351;-0.182975;-0.981916;-0.048592;39213.027344;-66449.992188;-53236.960938;204.0;92.0;76.0;39265.441406;-66670.78125;-53170.933594;39266.839844;-66663.53125;-53322.753906;39084.558594;-66637.078125;-53170.996094;39085.957031;-66629.828125;-53322.816406;39340.097656;-66270.15625;-53151.105469;39341.496094;-66262.90625;-53302.925781;39159.214844;-66236.453125;-53151.167969;39160.613281;-66229.203125;-53302.988281;-1;-1;-1;-1;-1;-1;-1;-1;-1;-1;-1;-1;-1;-1;-1;-1;-1;-1
J0:19:16:43:934;Hatchback_Car_AI_C_7;211;39877.9375;-63814.769531;-53290.433594;-1;-1;440.273865;-0.304206;-0.952326;0.023104;39874.191406;-63826.347656;-53211.132812;204.0;92.0;76.0;39900.261719;-64046.925781;-53130.382812;39899.277344;-64050.300781;-53282.34375;39724.988281;-63990.941406;-53130.492188;39724.003906;-63994.316406;-53282.453125;40024.378906;-63658.378906;-53139.8125;40023.394531;-63661.753906;-53291.773438;39849.105469;-63602.394531;-53139.921875;39848.121094;-63605.769531;-53291.882812;-1;-1;-1;-1;-1;-1;-1;-1;-1;-1;-1;-1;-1;-1;-1;-1;-1;-1
