Time;ID;Cat;XPos;YPos;ZPos;2D_XPos;2D_YPos;Vel;XDir;YDir;ZDir;BBox_XPos;BBox_YPos;BBox_ZPos;BBox_Ext_X;BBox_Ext_Y;BBox_Ext_Z;Corner_XYZ_X;Corner_XYZ_Y;Corner_XYZ_Z;Corner_XY-Z_X;Corner_XY-Z_Y;Corner_XY-Z_Z;Corner_X-YZ_X;Corner_X-YZ_Y;Corner_X-YZ_Z;Corner_X-Y-Z_X;Corner_X-Y-Z_Y;Corner_X-Y-Z_Z;Corner_-XYZ_X;Corner_-XYZ_Y;Corner_-XYZ_Z;Corner_-XY-Z_X;Corner_-XY-Z_Y;Corner_-XY-Z_Z;Corner_-X-YZ_X;Corner_-X-YZ_Y;Corner_-X-YZ_Z;Corner_-X-Y-Z_X;Corner_-X-Y-Z_Y;Corner_-X-Y-Z_Z;BBox_2D_XPos;BBox_2D_YPos;Corner_2D_XYZ_X;Corner_2D_XYZ_Y;Corner_2D_XY-Z_X;Corner_2D_XY-Z_Y;Corner_2D_X-YZ_X;Corner_2D_X-YZ_Y;Corner_2D_X-Y-Z_X;Corner_2D_X-Y-Z_Y;Corner_2D_-XYZ_X;Corner_2D_-XYZ_Y;Corner_-2D_XY-Z_X;Corner_2D_-XY-Z_Y;Corner_2D_-X-YZ_X;Corner_2D_-X-YZ_Y;Corner_2D_-X-Y-Z_X;Corner_2D_-X-Y-Z_Y;
J0:19:16:33:534;Hatchback_Car_AI_C_0;211;39328.953125;-65868.242188;-53293.523438;-1;-1;677.263367;-0.214507;-0.976338;-0.027396;39325.472656;-65884.023438;-53214.9375;204.0;92.0;76.0;39371.113281;-66104.96875;-53144.542969;39372.027344;-66100.90625;-53296.488281;39191.402344;-66065.484375;-53144.566406;39192.316406;-66061.421875;-53296.511719;39458.628906;-65706.625;-53133.363281;39459.542969;-65702.5625;-53285.308594;39278.917969;-65667.140625;-53133.386719;39279.832031;-65663.078125;-53285.332031;-1;-1;-1;-1;-1;-1;-1;-1;-1;-1;-1;-1;-1;-1;-1;-1;-1;-1
J0:19:16:33:534;Hatchback_Car_AI_C_7;211;39980.828125;-63494.402344;-53298.117188;-1;-1;332.739777;-0.309263;-0.95054;0.028809;39977.175781;-63505.535156;-53218.746094;204.0;92.0;76.0;40002.222656;-63725.820312;-53136.867188;40000.917969;-63730.0;-53288.804688;39827.253906;-63668.890625;-53136.929688;39825.949219;-63673.070312;-53288.867188;40128.402344;-63338.0;-53148.625;40127.097656;-63342.179688;-53300.5625;39953.433594;-63281.070312;-53148.6875;39952.128906;-63285.25;-53300.625;-1;-1;-1;-1;-1;-1;-1;-1;-1;-1;-1;-1;-1;-1;-1;-1;-1;-1
