Time;ID;Cat;XPos;YPos;ZPos;2D_XPos;2D_YPos;Vel;XDir;YDir;ZDir;BBox_XPos;BBox_YPos;BBox_ZPos;BBox_Ext_X;BBox_Ext_Y;BBox_Ext_Z;Corner_XYZ_X;Corner_XYZ_Y;Corner_XYZ_Z;Corner_XY-Z_X;Corner_XY-Z_Y;Corner_XY-Z_Z;Corner_X-YZ_X;Corner_X-YZ_Y;Corner_X-YZ_Z;Corner_X-Y-Z_X;Corner_X-Y-Z_Y;Corner_X-Y-Z_Z;Corner_-XYZ_X;Corner_-XYZ_Y;Corner_-XYZ_Z;Corner_-XY-Z_X;Corner_-XY-Z_Y;Corner_-XY-Z_Z;Corner_-X-YZ_X;Corner_-X-YZ_Y;Corner_-X-YZ_Z;Corner_-X-Y-Z_X;Corner_-X-Y-Z_Y;Corner_-X-Y-Z_Z;BBox_2D_XPos;BBox_2D_YPos;Corner_2D_XYZ_X;Corner_2D_XYZ_Y;Corner_2D_XY-Z_X;Corner_2D_XY-Z_Y;Corner_2D_X-YZ_X;Corner_2D_X-YZ_Y;Corner_2D_X-Y-Z_X;Corner_2D_X-Y-Z_Y;Corner_2D_-XYZ_X;Corner_2D_-XYZ_Y;Corner_-2D_XY-Z_X;Corner_2D_-XY-Z_Y;Corner_2D_-X-YZ_X;Corner_2D_-X-YZ_Y;Corner_2D_-X-Y-Z_X;Corner_2D_-X-Y-Z_Y;
J0:19:16:47:938;Hatchback_Car_AI_C_0;211;39178.339844;-66649.054688;-53326.167969;-1;-1;675.729919;-0.172948;-0.983447;-0.054049;39175.160156;-66667.023438;-53248.039062;204.0;92.0;76.0;39229.757812;-66887.625;-53183.15625;39231.21875;-66879.546875;-53334.9375;39048.539062;-66855.75;-53183.195312;39050.0;-66847.671875;-53334.976562;39300.320312;-66486.375;-53161.101562;39301.78125;-66478.296875;-53312.882812;39119.101562;-66454.5;-53161.140625;39120.5625;-66446.421875;-53312.921875;-1;-1;-1;-1;-1;-1;-1;-1;-1;-1;-1;-1;-1;-1;-1;-1;-1;-1
J0:19:16:47:938;Hatchback_Car_AI_C_7;211;39831.890625;-63961.566406;-53287.558594;-1;-1;480.241516;-0.299825;-0.953775;0.020439;39828.136719;-63973.367188;-53208.289062;204.0;92.0;76.0;39855.164062;-64194.03125;-53128.085938;39854.3125;-64197.023438;-53280.054688;39679.632812;-64138.851562;-53128.1875;39678.78125;-64141.84375;-53280.15625;39977.492188;-63804.890625;-53136.421875;39976.640625;-63807.882812;-53288.390625;39801.960938;-63749.710938;-53136.523438;39801.109375;-63752.703125;-53288.492188;-1;-1;-1;-1;-1;-1;-1;-1;-1;-1;-1;-1;-1;-1;-1;-1;-1;-1
