Time;ID;Cat;XPos;YPos;ZPos;2D_XPos;2D_YPos;Vel;XDir;YDir;ZDir;BBox_XPos;BBox_YPos;BBox_ZPos;BBox_Ext_X;BBox_Ext_Y;BBox_Ext_Z;Corner_XYZ_X;Corner_XYZ_Y;Corner_XYZ_Z;Corner_XY-Z_X;Corner_XY-Z_Y;Corner_XY-Z_Z;Corner_X-YZ_X;Corner_X-YZ_Y;Corner_X-YZ_Z;Corner_X-Y-Z_X;Corner_X-Y-Z_Y;Corner_X-Y-Z_Z;Corner_-XYZ_X;Corner_-XYZ_Y;Corner_-XYZ_Z;Corner_-XY-Z_X;Corner_-XY-Z_Y;Corner_-XY-Z_Z;Corner_-X-YZ_X;Corner_-X-YZ_Y;Corner_-X-YZ_Z;Corner_-X-Y-Z_X;Corner_-X-Y-Z_Y;Corner_-X-Y-Z_Z;BBox_2D_XPos;BBox_2D_YPos;Corner_2D_XYZ_X;Corner_2D_XYZ_Y;Corner_2D_XY-Z_X;Corner_2D_XY-Z_Y;Corner_2D_X-YZ_X;Corner_2D_X-YZ_Y;Corner_2D_X-Y-Z_X;Corner_2D_X-Y-Z_Y;Corner_2D_-XYZ_X;Corner_2D_-XYZ_Y;Corner_-2D_XY-Z_X;Corner_2D_-XY-Z_Y;Corner_2D_-X-YZ_X;Corner_2D_-X-YZ_Y;Corner_2D_-X-Y-Z_X;Corner_2D_-X-Y-Z_Y;
J0:19:17:21:939;Hatchback_Car_AI_C_0;211;38981.003906;-68506.789062;-53548.367188;-1;-1;688.215881;-0.033184;-0.98198;-0.186051;38980.019531;-68535.226562;-53473.351562;204.0;92.0;76.0;39064.699219;-68752.789062;-53436.609375;39065.699219;-68724.523438;-53585.953125;38880.800781;-68746.570312;-53436.65625;38881.800781;-68718.304688;-53586.0;39078.238281;-68352.148438;-53360.703125;39079.238281;-68323.882812;-53510.046875;38894.339844;-68345.929688;-53360.75;38895.339844;-68317.664062;-53510.09375;-1;-1;-1;-1;-1;-1;-1;-1;-1;-1;-1;-1;-1;-1;-1;-1;-1;-1
J0:19:17:21:939;Hatchback_Car_AI_C_7;211;39416.132812;-65479.71875;-53284.589844;-1;-1;661.203796;-0.234801;-0.971927;-0.015065;39412.554688;-65494.480469;-53205.808594;204.0;92.0;76.0;39453.800781;-65715.460938;-53132.875;39454.363281;-65713.242188;-53284.859375;39274.949219;-65672.257812;-53132.90625;39275.511719;-65670.039062;-53284.890625;39549.597656;-65318.921875;-53126.726562;39550.160156;-65316.703125;-53278.710938;39370.746094;-65275.710938;-53126.757812;39371.308594;-65273.492188;-53278.742188;-1;-1;-1;-1;-1;-1;-1;-1;-1;-1;-1;-1;-1;-1;-1;-1;-1;-1
J0:19:17:21:939;Hatchback_Car_AI_C_11;211;40064.980469;-63236.214844;-53305.582031;-1;-1;98.245773;-0.308869;-0.950479;0.034481;40061.496094;-63246.929688;-53226.144531;204.0;92.0;76.0;40086.792969;-63466.769531;-53143.152344;40085.175781;-63471.753906;-53295.058594;39911.800781;-63409.902344;-53143.160156;39910.183594;-63414.886719;-53295.066406;40212.808594;-63078.972656;-53157.222656;40211.191406;-63083.957031;-53309.128906;40037.816406;-63022.105469;-53157.230469;40036.199219;-63027.089844;-53309.136719;-1;-1;-1;-1;-1;-1;-1;-1;-1;-1;-1;-1;-1;-1;-1;-1;-1;-1
