Time;ID;Cat;XPos;YPos;ZPos;2D_XPos;2D_YPos;Vel;XDir;YDir;ZDir;BBox_XPos;BBox_YPos;BBox_ZPos;BBox_Ext_X;BBox_Ext_Y;BBox_Ext_Z;Corner_XYZ_X;Corner_XYZ_Y;Corner_XYZ_Z;Corner_XY-Z_X;Corner_XY-Z_Y;Corner_XY-Z_Z;Corner_X-YZ_X;Corner_X-YZ_Y;Corner_X-YZ_Z;Corner_X-Y-Z_X;Corner_X-Y-Z_Y;Corner_X-Y-Z_Z;Corner_-XYZ_X;Corner_-XYZ_Y;Corner_-XYZ_Z;Corner_-XY-Z_X;Corner_-XY-Z_Y;Corner_-XY-Z_Z;Corner_-X-YZ_X;Corner_-X-YZ_Y;Corner_-X-YZ_Z;Corner_-X-Y-Z_X;Corner_-X-Y-Z_Y;Corner_-X-Y-Z_Z;BBox_2D_XPos;BBox_2D_YPos;Corner_2D_XYZ_X;Corner_2D_XYZ_Y;Corner_2D_XY-Z_X;Corner_2D_XY-Z_Y;Corner_2D_X-YZ_X;Corner_2D_X-YZ_Y;Corner_2D_X-Y-Z_X;Corner_2D_X-Y-Z_Y;Corner_2D_-XYZ_X;Corner_2D_-XYZ_Y;Corner_-2D_XY-Z_X;Corner_2D_-XY-Z_Y;Corner_2D_-X-YZ_X;Corner_2D_-X-YZ_Y;Corner_2D_-X-Y-Z_X;Corner_2D_-X-Y-Z_Y;
J0:19:16:35:133;Hatchback_Car_AI_C_0;211;39310.300781;-65956.40625;-53296.222656;-1;-1;655.153076;-0.210533;-0.977087;-0.031239;39306.828125;-65972.5;-53217.699219;204.0;92.0;76.0;39353.3125;-66193.523438;-53148.101562;39354.320312;-66188.882812;-53300.03125;39173.4375;-66154.773438;-53148.109375;39174.445312;-66150.132812;-53300.039062;39439.210938;-65794.867188;-53135.359375;39440.21875;-65790.226562;-53287.289062;39259.335938;-65756.117188;-53135.367188;39260.34375;-65751.476562;-53287.296875;-1;-1;-1;-1;-1;-1;-1;-1;-1;-1;-1;-1;-1;-1;-1;-1;-1;-1
J0:19:16:35:133;Hatchback_Car_AI_C_7;211;39966.742188;-63537.847656;-53296.96875;-1;-1;349.723724;-0.308905;-0.95068;0.028036;39963.074219;-63549.042969;-53217.605469;204.0;92.0;76.0;39988.1875;-63769.375;-53135.882812;39986.921875;-63773.445312;-53287.820312;39813.195312;-63712.515625;-53135.953125;39811.929688;-63716.585938;-53287.890625;40114.21875;-63381.5;-53147.320312;40112.953125;-63385.570312;-53299.257812;39939.226562;-63324.640625;-53147.390625;39937.960938;-63328.710938;-53299.328125;-1;-1;-1;-1;-1;-1;-1;-1;-1;-1;-1;-1;-1;-1;-1;-1;-1;-1
