Time;ID;Cat;XPos;YPos;ZPos;2D_XPos;2D_YPos;Vel;XDir;YDir;ZDir;BBox_XPos;BBox_YPos;BBox_ZPos;BBox_Ext_X;BBox_Ext_Y;BBox_Ext_Z;Corner_XYZ_X;Corner_XYZ_Y;Corner_XYZ_Z;Corner_XY-Z_X;Corner_XY-Z_Y;Corner_XY-Z_Z;Corner_X-YZ_X;Corner_X-YZ_Y;Corner_X-YZ_Z;Corner_X-Y-Z_X;Corner_X-Y-Z_Y;Corner_X-Y-Z_Z;Corner_-XYZ_X;Corner_-XYZ_Y;Corner_-XYZ_Z;Corner_-XY-Z_X;Corner_-XY-Z_Y;Corner_-XY-Z_Z;Corner_-X-YZ_X;Corner_-X-YZ_Y;Corner_-X-YZ_Z;Corner_-X-Y-Z_X;Corner_-X-Y-Z_Y;Corner_-X-Y-Z_Z;BBox_2D_XPos;BBox_2D_YPos;Corner_2D_XYZ_X;Corner_2D_XYZ_Y;Corner_2D_XY-Z_X;Corner_2D_XY-Z_Y;Corner_2D_X-YZ_X;Corner_2D_X-YZ_Y;Corner_2D_X-Y-Z_X;Corner_2D_X-Y-Z_Y;Corner_2D_-XYZ_X;Corner_2D_-XYZ_Y;Corner_-2D_XY-Z_X;Corner_2D_-XY-Z_Y;Corner_2D_-X-YZ_X;Corner_2D_-X-YZ_Y;Corner_2D_-X-Y-Z_X;Corner_2D_-X-Y-Z_Y;
J0:19:17:09:533;Hatchback_Car_AI_C_0;211;39021.449219;-67823.296875;-53437.53125;-1;-1;670.909546;-0.095069;-0.986503;-0.133319;39019.132812;-67847.59375;-53361.101562;204.0;92.0;76.0;39090.363281;-68067.75;-53313.003906;39092.261719;-68047.578125;-53463.644531;38907.214844;-68050.109375;-53312.949219;38909.113281;-68029.9375;-53463.589844;39129.152344;-67665.25;-53258.613281;39131.050781;-67645.078125;-53409.253906;38946.003906;-67647.609375;-53258.558594;38947.902344;-67627.4375;-53409.199219;-1;-1;-1;-1;-1;-1;-1;-1;-1;-1;-1;-1;-1;-1;-1;-1;-1;-1
J0:19:17:09:533;Hatchback_Car_AI_C_7;211;39569.335938;-64868.914062;-53279.300781;-1;-1;564.789673;-0.263421;-0.964681;0.000663;39565.636719;-64882.363281;-53200.292969;204.0;92.0;76.0;39600.636719;-65103.335938;-53124.128906;39600.660156;-65103.445312;-53276.128906;39423.136719;-65054.867188;-53124.183594;39423.160156;-65054.976562;-53276.183594;39708.113281;-64709.75;-53124.402344;39708.136719;-64709.859375;-53276.402344;39530.613281;-64661.28125;-53124.457031;39530.636719;-64661.390625;-53276.457031;-1;-1;-1;-1;-1;-1;-1;-1;-1;-1;-1;-1;-1;-1;-1;-1;-1;-1
J0:19:17:09:533;Hatchback_Car_AI_C_11;211;40068.652344;-63224.921875;-53306.179688;-1;-1;-0.031872;-0.308798;-0.950617;0.031152;40065.089844;-63235.890625;-53226.78125;204.0;92.0;76.0;40090.324219;-63455.988281;-53144.460938;40088.863281;-63460.488281;-53296.390625;39915.324219;-63399.144531;-53144.460938;39913.863281;-63403.644531;-53296.390625;40216.316406;-63068.136719;-53157.171875;40214.855469;-63072.636719;-53309.101562;40041.316406;-63011.292969;-53157.171875;40039.855469;-63015.792969;-53309.101562;-1;-1;-1;-1;-1;-1;-1;-1;-1;-1;-1;-1;-1;-1;-1;-1;-1;-1
