Time;ID;Cat;XPos;YPos;ZPos;2D_XPos;2D_YPos;Vel;XDir;YDir;ZDir;BBox_XPos;BBox_YPos;BBox_ZPos;BBox_Ext_X;BBox_Ext_Y;BBox_Ext_Z;Corner_XYZ_X;Corner_XYZ_Y;Corner_XYZ_Z;Corner_XY-Z_X;Corner_XY-Z_Y;Corner_XY-Z_Z;Corner_X-YZ_X;Corner_X-YZ_Y;Corner_X-YZ_Z;Corner_X-Y-Z_X;Corner_X-Y-Z_Y;Corner_X-Y-Z_Z;Corner_-XYZ_X;Corner_-XYZ_Y;Corner_-XYZ_Z;Corner_-XY-Z_X;Corner_-XY-Z_Y;Corner_-XY-Z_Z;Corner_-X-YZ_X;Corner_-X-YZ_Y;Corner_-X-YZ_Z;Corner_-X-Y-Z_X;Corner_-X-Y-Z_Y;Corner_-X-Y-Z_Z;BBox_2D_XPos;BBox_2D_YPos;Corner_2D_XYZ_X;Corner_2D_XYZ_Y;Corner_2D_XY-Z_X;Corner_2D_XY-Z_Y;Corner_2D_X-YZ_X;Corner_2D_X-YZ_Y;Corner_2D_X-Y-Z_X;Corner_2D_X-Y-Z_Y;Corner_2D_-XYZ_X;Corner_2D_-XYZ_Y;Corner_-2D_XY-Z_X;Corner_2D_-XY-Z_Y;Corner_2D_-X-YZ_X;Corner_2D_-X-YZ_Y;Corner_2D_-X-Y-Z_X;Corner_2D_-X-Y-Z_Y;
J0:19:17:44:732;Hatchback_Car_AI_C_0;211;39007.417969;-69777.632812;-53842.472656;-1;-1;673.837402;0.058235;-0.966339;-0.250596;39009.523438;-69810.914062;-53769.5;204.0;92.0;76.0;39114.472656;-70021.492188;-53747.15625;39111.996094;-69983.476562;-53894.304688;38930.808594;-70032.617188;-53746.9375;38928.332031;-69994.601562;-53894.085938;39090.714844;-69627.226562;-53644.914062;39088.238281;-69589.210938;-53792.0625;38907.050781;-69638.351562;-53644.695312;38904.574219;-69600.335938;-53791.84375;-1;-1;-1;-1;-1;-1;-1;-1;-1;-1;-1;-1;-1;-1;-1;-1;-1;-1
J0:19:17:44:732;Hatchback_Car_AI_C_7;211;39168.6875;-66705.015625;-53329.648438;-1;-1;650.220947;-0.167165;-0.984242;-0.057646;39165.535156;-66723.273438;-53251.585938;204.0;92.0;76.0;39221.351562;-66943.78125;-53187.414062;39222.914062;-66935.15625;-53339.164062;39039.953125;-66912.96875;-53187.53125;39041.515625;-66904.34375;-53339.28125;39289.554688;-66542.203125;-53163.890625;39291.117188;-66533.578125;-53315.640625;39108.15625;-66511.390625;-53164.007812;39109.71875;-66502.765625;-53315.757812;-1;-1;-1;-1;-1;-1;-1;-1;-1;-1;-1;-1;-1;-1;-1;-1;-1;-1
J0:19:17:44:732;Hatchback_Car_AI_C_11;211;39885.84375;-63790.027344;-53290.957031;-1;-1;436.521027;-0.304623;-0.95218;0.023612;39882.105469;-63801.570312;-53211.648438;204.0;92.0;76.0;39908.09375;-64022.125;-53130.800781;39907.078125;-64025.570312;-53282.761719;39732.84375;-63966.0625;-53130.902344;39731.828125;-63969.507812;-53282.863281;40032.382812;-63633.632812;-53140.433594;40031.367188;-63637.078125;-53292.394531;39857.132812;-63577.570312;-53140.535156;39856.117188;-63581.015625;-53292.496094;-1;-1;-1;-1;-1;-1;-1;-1;-1;-1;-1;-1;-1;-1;-1;-1;-1;-1
