Time;ID;Cat;XPos;YPos;ZPos;2D_XPos;2D_YPos;Vel;XDir;YDir;ZDir;BBox_XPos;BBox_YPos;BBox_ZPos;BBox_Ext_X;BBox_Ext_Y;BBox_Ext_Z;Corner_XYZ_X;Corner_XYZ_Y;Corner_XYZ_Z;Corner_XY-Z_X;Corner_XY-Z_Y;Corner_XY-Z_Z;Corner_X-YZ_X;Corner_X-YZ_Y;Corner_X-YZ_Z;Corner_X-Y-Z_X;Corner_X-Y-Z_Y;Corner_X-Y-Z_Z;Corner_-XYZ_X;Corner_-XYZ_Y;Corner_-XYZ_Z;Corner_-XY-Z_X;Corner_-XY-Z_Y;Corner_-XY-Z_Z;Corner_-X-YZ_X;Corner_-X-YZ_Y;Corner_-X-YZ_Z;Corner_-X-Y-Z_X;Corner_-X-Y-Z_Y;Corner_-X-Y-Z_Z;BBox_2D_XPos;BBox_2D_YPos;Corner_2D_XYZ_X;Corner_2D_XYZ_Y;Corner_2D_XY-Z_X;Corner_2D_XY-Z_Y;Corner_2D_X-YZ_X;Corner_2D_X-YZ_Y;Corner_2D_X-Y-Z_X;Corner_2D_X-Y-Z_Y;Corner_2D_-XYZ_X;Corner_2D_-XYZ_Y;Corner_-2D_XY-Z_X;Corner_2D_-XY-Z_Y;Corner_2D_-X-YZ_X;Corner_2D_-X-YZ_Y;Corner_2D_-X-Y-Z_X;Corner_2D_-X-Y-Z_Y;
J0:19:16:52:736;Hatchback_Car_AI_C_0;211;39136.527344;-66904.125;-53342.675781;-1;-1;659.336792;-0.159463;-0.98472;-0.069989;39133.40625;-66923.367188;-53264.847656;204.0;92.0;76.0;39190.835938;-67144.203125;-53203.308594;39192.546875;-67133.703125;-53354.933594;39009.203125;-67114.796875;-53203.316406;39010.914062;-67104.296875;-53354.941406;39255.898438;-66742.4375;-53174.753906;39257.609375;-66731.9375;-53326.378906;39074.265625;-66713.03125;-53174.761719;39075.976562;-66702.53125;-53326.386719;-1;-1;-1;-1;-1;-1;-1;-1;-1;-1;-1;-1;-1;-1;-1;-1;-1;-1
J0:19:16:52:736;Hatchback_Car_AI_C_7;211;39772.78125;-64154.1875;-53283.980469;-1;-1;530.412659;-0.293075;-0.955953;0.016149;39769.007812;-64166.335938;-53204.765625;204.0;92.0;76.0;39797.496094;-64387.128906;-53125.433594;39796.863281;-64389.503906;-53277.410156;39621.574219;-64333.199219;-53125.535156;39620.941406;-64335.574219;-53277.511719;39917.074219;-63997.097656;-53132.019531;39916.441406;-63999.472656;-53283.996094;39741.152344;-63943.167969;-53132.121094;39740.519531;-63945.542969;-53284.097656;-1;-1;-1;-1;-1;-1;-1;-1;-1;-1;-1;-1;-1;-1;-1;-1;-1;-1
