Time;ID;Cat;XPos;YPos;ZPos;2D_XPos;2D_YPos;Vel;XDir;YDir;ZDir;BBox_XPos;BBox_YPos;BBox_ZPos;BBox_Ext_X;BBox_Ext_Y;BBox_Ext_Z;Corner_XYZ_X;Corner_XYZ_Y;Corner_XYZ_Z;Corner_XY-Z_X;Corner_XY-Z_Y;Corner_XY-Z_Z;Corner_X-YZ_X;Corner_X-YZ_Y;Corner_X-YZ_Z;Corner_X-Y-Z_X;Corner_X-Y-Z_Y;Corner_X-Y-Z_Z;Corner_-XYZ_X;Corner_-XYZ_Y;Corner_-XYZ_Z;Corner_-XY-Z_X;Corner_-XY-Z_Y;Corner_-XY-Z_Z;Corner_-X-YZ_X;Corner_-X-YZ_Y;Corner_-X-YZ_Z;Corner_-X-Y-Z_X;Corner_-X-Y-Z_Y;Corner_-X-Y-Z_Z;BBox_2D_XPos;BBox_2D_YPos;Corner_2D_XYZ_X;Corner_2D_XYZ_Y;Corner_2D_XY-Z_X;Corner_2D_XY-Z_Y;Corner_2D_X-YZ_X;Corner_2D_X-YZ_Y;Corner_2D_X-Y-Z_X;Corner_2D_X-Y-Z_Y;Corner_2D_-XYZ_X;Corner_2D_-XYZ_Y;Corner_-2D_XY-Z_X;Corner_2D_-XY-Z_Y;Corner_2D_-X-YZ_X;Corner_2D_-X-YZ_Y;Corner_2D_-X-Y-Z_X;Corner_2D_-X-Y-Z_Y;
J0:19:16:51:936;Hatchback_Car_AI_C_0;211;39143.269531;-66861.625;-53339.757812;-1;-1;644.621643;-0.161994;-0.984443;-0.068047;39140.128906;-66880.710938;-53261.894531;204.0;92.0;76.0;39197.019531;-67101.578125;-53199.953125;39198.699219;-67091.375;-53351.601562;39015.464844;-67071.703125;-53199.953125;39017.144531;-67061.5;-53351.601562;39263.113281;-66699.921875;-53172.1875;39264.792969;-66689.71875;-53323.835938;39081.558594;-66670.046875;-53172.1875;39083.238281;-66659.84375;-53323.835938;-1;-1;-1;-1;-1;-1;-1;-1;-1;-1;-1;-1;-1;-1;-1;-1;-1;-1
J0:19:16:51:936;Hatchback_Car_AI_C_7;211;39782.828125;-64121.074219;-53284.414062;-1;-1;524.935242;-0.294283;-0.955576;0.016471;39779.050781;-64133.195312;-53205.195312;204.0;92.0;76.0;39807.269531;-64354.003906;-53125.796875;39806.613281;-64356.417969;-53277.773438;39631.417969;-64299.847656;-53125.898438;39630.761719;-64302.261719;-53277.875;39927.339844;-63964.128906;-53132.515625;39926.683594;-63966.542969;-53284.492188;39751.488281;-63909.972656;-53132.617188;39750.832031;-63912.386719;-53284.59375;-1;-1;-1;-1;-1;-1;-1;-1;-1;-1;-1;-1;-1;-1;-1;-1;-1;-1
