Time;ID;Cat;XPos;YPos;ZPos;2D_XPos;2D_YPos;Vel;XDir;YDir;ZDir;BBox_XPos;BBox_YPos;BBox_ZPos;BBox_Ext_X;BBox_Ext_Y;BBox_Ext_Z;Corner_XYZ_X;Corner_XYZ_Y;Corner_XYZ_Z;Corner_XY-Z_X;Corner_XY-Z_Y;Corner_XY-Z_Z;Corner_X-YZ_X;Corner_X-YZ_Y;Corner_X-YZ_Z;Corner_X-Y-Z_X;Corner_X-Y-Z_Y;Corner_X-Y-Z_Z;Corner_-XYZ_X;Corner_-XYZ_Y;Corner_-XYZ_Z;Corner_-XY-Z_X;Corner_-XY-Z_Y;Corner_-XY-Z_Z;Corner_-X-YZ_X;Corner_-X-YZ_Y;Corner_-X-YZ_Z;Corner_-X-Y-Z_X;Corner_-X-Y-Z_Y;Corner_-X-Y-Z_Z;BBox_2D_XPos;BBox_2D_YPos;Corner_2D_XYZ_X;Corner_2D_XYZ_Y;Corner_2D_XY-Z_X;Corner_2D_XY-Z_Y;Corner_2D_X-YZ_X;Corner_2D_X-YZ_Y;Corner_2D_X-Y-Z_X;Corner_2D_X-Y-Z_Y;Corner_2D_-XYZ_X;Corner_2D_-XYZ_Y;Corner_-2D_XY-Z_X;Corner_2D_-XY-Z_Y;Corner_2D_-X-YZ_X;Corner_2D_-X-YZ_Y;Corner_2D_-X-Y-Z_X;Corner_2D_-X-Y-Z_Y;
J0:19:17:27:929;Hatchback_Car_AI_C_0;211;38975.96875;-68842.109375;-53617.0;-1;-1;699.928406;-0.005852;-0.976947;-0.213401;38975.875;-68872.648438;-53542.808594;204.0;92.0;76.0;39066.671875;-69088.695312;-53512.199219;39066.6875;-69056.257812;-53660.699219;38882.671875;-69087.632812;-53511.988281;38882.6875;-69055.195312;-53660.488281;39069.0625;-68690.101562;-53425.128906;39069.078125;-68657.664062;-53573.628906;38885.0625;-68689.039062;-53424.917969;38885.078125;-68656.601562;-53573.417969;-1;-1;-1;-1;-1;-1;-1;-1;-1;-1;-1;-1;-1;-1;-1;-1;-1;-1
J0:19:17:27:929;Hatchback_Car_AI_C_7;211;39341.710938;-65807.898438;-53292.058594;-1;-1;616.202637;-0.216921;-0.975779;-0.028303;39338.167969;-65823.734375;-53213.488281;204.0;92.0;76.0;39383.234375;-66044.859375;-53143.269531;39384.210938;-66040.671875;-53295.207031;39203.617188;-66004.921875;-53143.316406;39204.59375;-66000.734375;-53295.253906;39471.742188;-65646.734375;-53131.722656;39472.71875;-65642.546875;-53283.660156;39292.125;-65606.796875;-53131.769531;39293.101562;-65602.609375;-53283.707031;-1;-1;-1;-1;-1;-1;-1;-1;-1;-1;-1;-1;-1;-1;-1;-1;-1;-1
J0:19:17:27:929;Hatchback_Car_AI_C_11;211;40035.449219;-63326.757812;-53302.738281;-1;-1;248.289932;-0.309457;-0.950337;0.033095;40031.917969;-63337.574219;-53223.316406;204.0;92.0;76.0;40057.039062;-63557.53125;-53140.597656;40055.5;-63562.320312;-53292.511719;39882.078125;-63500.5625;-53140.621094;39880.539062;-63505.351562;-53292.535156;40183.296875;-63169.796875;-53154.097656;40181.757812;-63174.585938;-53306.011719;40008.335938;-63112.828125;-53154.121094;40006.796875;-63117.617188;-53306.035156;-1;-1;-1;-1;-1;-1;-1;-1;-1;-1;-1;-1;-1;-1;-1;-1;-1;-1
