Time;ID;Cat;XPos;YPos;ZPos;2D_XPos;2D_YPos;Vel;XDir;YDir;ZDir;BBox_XPos;BBox_YPos;BBox_ZPos;BBox_Ext_X;BBox_Ext_Y;BBox_Ext_Z;Corner_XYZ_X;Corner_XYZ_Y;Corner_XYZ_Z;Corner_XY-Z_X;Corner_XY-Z_Y;Corner_XY-Z_Z;Corner_X-YZ_X;Corner_X-YZ_Y;Corner_X-YZ_Z;Corner_X-Y-Z_X;Corner_X-Y-Z_Y;Corner_X-Y-Z_Z;Corner_-XYZ_X;Corner_-XYZ_Y;Corner_-XYZ_Z;Corner_-XY-Z_X;Corner_-XY-Z_Y;Corner_-XY-Z_Z;Corner_-X-YZ_X;Corner_-X-YZ_Y;Corner_-X-YZ_Z;Corner_-X-Y-Z_X;Corner_-X-Y-Z_Y;Corner_-X-Y-Z_Z;BBox_2D_XPos;BBox_2D_YPos;Corner_2D_XYZ_X;Corner_2D_XYZ_Y;Corner_2D_XY-Z_X;Corner_2D_XY-Z_Y;Corner_2D_X-YZ_X;Corner_2D_X-YZ_Y;Corner_2D_X-Y-Z_X;Corner_2D_X-Y-Z_Y;Corner_2D_-XYZ_X;Corner_2D_-XYZ_Y;Corner_-2D_XY-Z_X;Corner_2D_-XY-Z_Y;Corner_2D_-X-YZ_X;Corner_2D_-X-YZ_Y;Corner_2D_-X-Y-Z_X;Corner_2D_-X-Y-Z_Y;
J0:19:17:02:337;Hatchback_Car_AI_C_0;211;39062.636719;-67432.226562;-53389.972656;-1;-1;674.516357;-0.125632;-0.986455;-0.105467;39059.839844;-67454.304688;-53312.890625;204.0;92.0;76.0;39124.472656;-67675.117188;-53258.847656;39126.472656;-67659.210938;-53409.996094;38941.949219;-67651.867188;-53258.816406;38943.949219;-67635.960938;-53409.964844;39175.730469;-67272.648438;-53215.816406;39177.730469;-67256.742188;-53366.964844;38993.207031;-67249.398438;-53215.785156;38995.207031;-67233.492188;-53366.933594;-1;-1;-1;-1;-1;-1;-1;-1;-1;-1;-1;-1;-1;-1;-1;-1;-1;-1
J0:19:17:02:337;Hatchback_Car_AI_C_7;211;39654.71875;-64558.253906;-53280.144531;-1;-1;530.180664;-0.277336;-0.96075;0.006579;39650.949219;-64571.195312;-53201.054688;204.0;92.0;76.0;39682.871094;-64792.214844;-53123.671875;39682.652344;-64793.191406;-53275.671875;39506.089844;-64741.183594;-53123.75;39505.871094;-64742.160156;-53275.75;39796.027344;-64400.230469;-53126.359375;39795.808594;-64401.207031;-53278.359375;39619.246094;-64349.199219;-53126.4375;39619.027344;-64350.175781;-53278.4375;-1;-1;-1;-1;-1;-1;-1;-1;-1;-1;-1;-1;-1;-1;-1;-1;-1;-1
J0:19:17:02:337;Hatchback_Car_AI_C_11;211;40068.785156;-63224.582031;-53306.890625;-1;-1;-1.022557;-0.308925;-0.950906;0.018513;40064.917969;-63236.507812;-53227.644531;204.0;92.0;76.0;40089.839844;-63457.582031;-53147.886719;40088.957031;-63460.253906;-53299.863281;39914.839844;-63400.730469;-53147.871094;39913.957031;-63403.402344;-53299.847656;40215.878906;-63069.613281;-53155.441406;40214.996094;-63072.285156;-53307.417969;40040.878906;-63012.761719;-53155.425781;40039.996094;-63015.433594;-53307.402344;-1;-1;-1;-1;-1;-1;-1;-1;-1;-1;-1;-1;-1;-1;-1;-1;-1;-1
