Time;ID;Cat;XPos;YPos;ZPos;2D_XPos;2D_YPos;Vel;XDir;YDir;ZDir;BBox_XPos;BBox_YPos;BBox_ZPos;BBox_Ext_X;BBox_Ext_Y;BBox_Ext_Z;Corner_XYZ_X;Corner_XYZ_Y;Corner_XYZ_Z;Corner_XY-Z_X;Corner_XY-Z_Y;Corner_XY-Z_Z;Corner_X-YZ_X;Corner_X-YZ_Y;Corner_X-YZ_Z;Corner_X-Y-Z_X;Corner_X-Y-Z_Y;Corner_X-Y-Z_Z;Corner_-XYZ_X;Corner_-XYZ_Y;Corner_-XYZ_Z;Corner_-XY-Z_X;Corner_-XY-Z_Y;Corner_-XY-Z_Z;Corner_-X-YZ_X;Corner_-X-YZ_Y;Corner_-X-YZ_Z;Corner_-X-Y-Z_X;Corner_-X-Y-Z_Y;Corner_-X-Y-Z_Z;BBox_2D_XPos;BBox_2D_YPos;Corner_2D_XYZ_X;Corner_2D_XYZ_Y;Corner_2D_XY-Z_X;Corner_2D_XY-Z_Y;Corner_2D_X-YZ_X;Corner_2D_X-YZ_Y;Corner_2D_X-Y-Z_X;Corner_2D_X-Y-Z_Y;Corner_2D_-XYZ_X;Corner_2D_-XYZ_Y;Corner_-2D_XY-Z_X;Corner_2D_-XY-Z_Y;Corner_2D_-X-YZ_X;Corner_2D_-X-YZ_Y;Corner_2D_-X-Y-Z_X;Corner_2D_-X-Y-Z_Y;
J0:19:17:10:732;Hatchback_Car_AI_C_0;211;39015.675781;-67889.765625;-53446.605469;-1;-1;675.492065;-0.087956;-0.986484;-0.138247;39013.46875;-67914.453125;-53370.300781;204.0;92.0;76.0;39086.226562;-68134.335938;-53323.230469;39088.101562;-68113.398438;-53473.769531;38902.953125;-68117.992188;-53323.238281;38904.828125;-68097.054688;-53473.777344;39122.109375;-67731.851562;-53266.824219;39123.984375;-67710.914062;-53417.363281;38938.835938;-67715.507812;-53266.832031;38940.710938;-67694.570312;-53417.371094;-1;-1;-1;-1;-1;-1;-1;-1;-1;-1;-1;-1;-1;-1;-1;-1;-1;-1
J0:19:17:10:732;Hatchback_Car_AI_C_7;211;39555.074219;-64922.652344;-53279.359375;-1;-1;556.83429;-0.262598;-0.964905;-0.001338;39551.347656;-64936.257812;-53200.378906;204.0;92.0;76.0;39586.5;-65157.351562;-53124.625;39586.59375;-65157.164062;-53276.625;39408.960938;-65109.03125;-53124.679688;39409.054688;-65108.84375;-53276.679688;39693.640625;-64763.671875;-53124.078125;39693.734375;-64763.484375;-53276.078125;39516.101562;-64715.351562;-53124.132812;39516.195312;-64715.164062;-53276.132812;-1;-1;-1;-1;-1;-1;-1;-1;-1;-1;-1;-1;-1;-1;-1;-1;-1;-1
J0:19:17:10:732;Hatchback_Car_AI_C_11;211;40068.652344;-63224.929688;-53306.167969;-1;-1;-0.021525;-0.308793;-0.950613;0.031323;40065.097656;-63235.886719;-53226.769531;204.0;92.0;76.0;40090.34375;-63455.972656;-53144.421875;40088.867188;-63460.496094;-53296.34375;39915.34375;-63399.128906;-53144.414062;39913.867188;-63403.652344;-53296.335938;40216.328125;-63068.121094;-53157.203125;40214.851562;-63072.644531;-53309.125;40041.328125;-63011.277344;-53157.195312;40039.851562;-63015.800781;-53309.117188;-1;-1;-1;-1;-1;-1;-1;-1;-1;-1;-1;-1;-1;-1;-1;-1;-1;-1
