Time;ID;Cat;XPos;YPos;ZPos;2D_XPos;2D_YPos;Vel;XDir;YDir;ZDir;BBox_XPos;BBox_YPos;BBox_ZPos;BBox_Ext_X;BBox_Ext_Y;BBox_Ext_Z;Corner_XYZ_X;Corner_XYZ_Y;Corner_XYZ_Z;Corner_XY-Z_X;Corner_XY-Z_Y;Corner_XY-Z_Z;Corner_X-YZ_X;Corner_X-YZ_Y;Corner_X-YZ_Z;Corner_X-Y-Z_X;Corner_X-Y-Z_Y;Corner_X-Y-Z_Z;Corner_-XYZ_X;Corner_-XYZ_Y;Corner_-XYZ_Z;Corner_-XY-Z_X;Corner_-XY-Z_Y;Corner_-XY-Z_Z;Corner_-X-YZ_X;Corner_-X-YZ_Y;Corner_-X-YZ_Z;Corner_-X-Y-Z_X;Corner_-X-Y-Z_Y;Corner_-X-Y-Z_Z;BBox_2D_XPos;BBox_2D_YPos;Corner_2D_XYZ_X;Corner_2D_XYZ_Y;Corner_2D_XY-Z_X;Corner_2D_XY-Z_Y;Corner_2D_X-YZ_X;Corner_2D_X-YZ_Y;Corner_2D_X-Y-Z_X;Corner_2D_X-Y-Z_Y;Corner_2D_-XYZ_X;Corner_2D_-XYZ_Y;Corner_-2D_XY-Z_X;Corner_2D_-XY-Z_Y;Corner_2D_-X-YZ_X;Corner_2D_-X-YZ_Y;Corner_2D_-X-Y-Z_X;Corner_2D_-X-Y-Z_Y;
J0:19:16:44:334;Hatchback_Car_AI_C_0;211;39212.5;-66453.632812;-53316.226562;-1;-1;644.999207;-0.18033;-0.982434;-0.047998;39209.242188;-66471.109375;-53237.988281;204.0;92.0;76.0;39262.234375;-66691.710938;-53171.808594;39263.648438;-66684.554688;-53323.636719;39081.257812;-66658.492188;-53171.925781;39082.671875;-66651.335938;-53323.753906;39335.8125;-66290.882812;-53152.222656;39337.226562;-66283.726562;-53304.050781;39154.835938;-66257.664062;-53152.339844;39156.25;-66250.507812;-53304.167969;-1;-1;-1;-1;-1;-1;-1;-1;-1;-1;-1;-1;-1;-1;-1;-1;-1;-1
J0:19:16:44:334;Hatchback_Car_AI_C_7;211;39873.484375;-63828.851562;-53290.140625;-1;-1;443.546875;-0.303795;-0.952464;0.02283;39869.738281;-63840.453125;-53210.839844;204.0;92.0;76.0;39895.898438;-64061.042969;-53130.152344;39894.929688;-64064.378906;-53282.113281;39720.601562;-64005.128906;-53130.253906;39719.632812;-64008.464844;-53282.214844;40019.84375;-63672.441406;-53139.464844;40018.875;-63675.777344;-53291.425781;39844.546875;-63616.527344;-53139.566406;39843.578125;-63619.863281;-53291.527344;-1;-1;-1;-1;-1;-1;-1;-1;-1;-1;-1;-1;-1;-1;-1;-1;-1;-1
