Time;ID;Cat;XPos;YPos;ZPos;2D_XPos;2D_YPos;Vel;XDir;YDir;ZDir;BBox_XPos;BBox_YPos;BBox_ZPos;BBox_Ext_X;BBox_Ext_Y;BBox_Ext_Z;Corner_XYZ_X;Corner_XYZ_Y;Corner_XYZ_Z;Corner_XY-Z_X;Corner_XY-Z_Y;Corner_XY-Z_Z;Corner_X-YZ_X;Corner_X-YZ_Y;Corner_X-YZ_Z;Corner_X-Y-Z_X;Corner_X-Y-Z_Y;Corner_X-Y-Z_Z;Corner_-XYZ_X;Corner_-XYZ_Y;Corner_-XYZ_Z;Corner_-XY-Z_X;Corner_-XY-Z_Y;Corner_-XY-Z_Z;Corner_-X-YZ_X;Corner_-X-YZ_Y;Corner_-X-YZ_Z;Corner_-X-Y-Z_X;Corner_-X-Y-Z_Y;Corner_-X-Y-Z_Z;BBox_2D_XPos;BBox_2D_YPos;Corner_2D_XYZ_X;Corner_2D_XYZ_Y;Corner_2D_XY-Z_X;Corner_2D_XY-Z_Y;Corner_2D_X-YZ_X;Corner_2D_X-YZ_Y;Corner_2D_X-Y-Z_X;Corner_2D_X-Y-Z_Y;Corner_2D_-XYZ_X;Corner_2D_-XYZ_Y;Corner_-2D_XY-Z_X;Corner_2D_-XY-Z_Y;Corner_2D_-X-YZ_X;Corner_2D_-X-YZ_Y;Corner_2D_-X-Y-Z_X;Corner_2D_-X-Y-Z_Y;
J0:19:17:19:134;Hatchback_Car_AI_C_0;211;38986.507812;-68349.398438;-53519.59375;-1;-1;655.912231;-0.048053;-0.983465;-0.174604;38985.175781;-68376.945312;-53444.25;204.0;92.0;76.0;39066.628906;-68595.3125;-53405.058594;39067.894531;-68568.796875;-53554.722656;38882.847656;-68586.34375;-53405.019531;38884.113281;-68559.828125;-53554.683594;39086.238281;-68194.0625;-53333.816406;39087.503906;-68167.546875;-53483.480469;38902.457031;-68185.09375;-53333.777344;38903.722656;-68158.578125;-53483.441406;-1;-1;-1;-1;-1;-1;-1;-1;-1;-1;-1;-1;-1;-1;-1;-1;-1;-1
J0:19:17:19:134;Hatchback_Car_AI_C_7;211;39451.621094;-65331.160156;-53282.398438;-1;-1;650.754028;-0.24063;-0.970563;-0.010199;39448.046875;-65345.527344;-53203.546875;204.0;92.0;76.0;39488.054688;-65566.414062;-53129.617188;39488.453125;-65564.914062;-53281.609375;39309.460938;-65522.132812;-53129.648438;39309.859375;-65520.632812;-53281.640625;39586.234375;-65170.421875;-53125.453125;39586.632812;-65168.921875;-53277.445312;39407.640625;-65126.140625;-53125.484375;39408.039062;-65124.640625;-53277.476562;-1;-1;-1;-1;-1;-1;-1;-1;-1;-1;-1;-1;-1;-1;-1;-1;-1;-1
J0:19:17:19:134;Hatchback_Car_AI_C_11;211;40068.648438;-63224.9375;-53306.140625;-1;-1;0.0;-0.308785;-0.95061;0.031502;40065.09375;-63235.878906;-53226.738281;204.0;92.0;76.0;40090.34375;-63455.949219;-53144.351562;40088.859375;-63460.503906;-53296.273438;39915.34375;-63399.105469;-53144.351562;39913.859375;-63403.660156;-53296.273438;40216.328125;-63068.097656;-53157.203125;40214.84375;-63072.652344;-53309.125;40041.328125;-63011.253906;-53157.203125;40039.84375;-63015.808594;-53309.125;-1;-1;-1;-1;-1;-1;-1;-1;-1;-1;-1;-1;-1;-1;-1;-1;-1;-1
