Time;ID;Cat;XPos;YPos;ZPos;2D_XPos;2D_YPos;Vel;XDir;YDir;ZDir;BBox_XPos;BBox_YPos;BBox_ZPos;BBox_Ext_X;BBox_Ext_Y;BBox_Ext_Z;Corner_XYZ_X;Corner_XYZ_Y;Corner_XYZ_Z;Corner_XY-Z_X;Corner_XY-Z_Y;Corner_XY-Z_Z;Corner_X-YZ_X;Corner_X-YZ_Y;Corner_X-YZ_Z;Corner_X-Y-Z_X;Corner_X-Y-Z_Y;Corner_X-Y-Z_Z;Corner_-XYZ_X;Corner_-XYZ_Y;Corner_-XYZ_Z;Corner_-XY-Z_X;Corner_-XY-Z_Y;Corner_-XY-Z_Z;Corner_-X-YZ_X;Corner_-X-YZ_Y;Corner_-X-YZ_Z;Corner_-X-Y-Z_X;Corner_-X-Y-Z_Y;Corner_-X-Y-Z_Z;BBox_2D_XPos;BBox_2D_YPos;Corner_2D_XYZ_X;Corner_2D_XYZ_Y;Corner_2D_XY-Z_X;Corner_2D_XY-Z_Y;Corner_2D_X-YZ_X;Corner_2D_X-YZ_Y;Corner_2D_X-Y-Z_X;Corner_2D_X-Y-Z_Y;Corner_2D_-XYZ_X;Corner_2D_-XYZ_Y;Corner_-2D_XY-Z_X;Corner_2D_-XY-Z_Y;Corner_2D_-X-YZ_X;Corner_2D_-X-YZ_Y;Corner_2D_-X-Y-Z_X;Corner_2D_-X-Y-Z_Y;
J0:19:16:57:939;Hatchback_Car_AI_C_0;211;39093.820312;-67191.210938;-53366.015625;-1;-1;672.485229;-0.139425;-0.986237;-0.088872;39090.851562;-67211.96875;-53288.574219;204.0;92.0;76.0;39152.527344;-67432.726562;-53230.964844;39154.480469;-67419.367188;-53382.363281;38970.339844;-67406.960938;-53231.042969;38972.292969;-67393.601562;-53382.441406;39209.410156;-67030.335938;-53194.707031;39211.363281;-67016.976562;-53346.105469;39027.222656;-67004.570312;-53194.785156;39029.175781;-66991.210938;-53346.183594;-1;-1;-1;-1;-1;-1;-1;-1;-1;-1;-1;-1;-1;-1;-1;-1;-1;-1
J0:19:16:57:939;Hatchback_Car_AI_C_7;211;39707.652344;-64373.820312;-53281.546875;-1;-1;519.873596;-0.286785;-0.957947;0.009557;39703.808594;-64386.496094;-53202.417969;204.0;92.0;76.0;39733.605469;-64607.597656;-53124.417969;39733.277344;-64609.011719;-53276.410156;39557.332031;-64554.824219;-53124.527344;39557.003906;-64556.238281;-53276.519531;39850.613281;-64216.753906;-53128.316406;39850.285156;-64218.167969;-53280.308594;39674.339844;-64163.980469;-53128.425781;39674.011719;-64165.394531;-53280.417969;-1;-1;-1;-1;-1;-1;-1;-1;-1;-1;-1;-1;-1;-1;-1;-1;-1;-1
