Time;ID;Cat;XPos;YPos;ZPos;2D_XPos;2D_YPos;Vel;XDir;YDir;ZDir;BBox_XPos;BBox_YPos;BBox_ZPos;BBox_Ext_X;BBox_Ext_Y;BBox_Ext_Z;Corner_XYZ_X;Corner_XYZ_Y;Corner_XYZ_Z;Corner_XY-Z_X;Corner_XY-Z_Y;Corner_XY-Z_Z;Corner_X-YZ_X;Corner_X-YZ_Y;Corner_X-YZ_Z;Corner_X-Y-Z_X;Corner_X-Y-Z_Y;Corner_X-Y-Z_Z;Corner_-XYZ_X;Corner_-XYZ_Y;Corner_-XYZ_Z;Corner_-XY-Z_X;Corner_-XY-Z_Y;Corner_-XY-Z_Z;Corner_-X-YZ_X;Corner_-X-YZ_Y;Corner_-X-YZ_Z;Corner_-X-Y-Z_X;Corner_-X-Y-Z_Y;Corner_-X-Y-Z_Z;BBox_2D_XPos;BBox_2D_YPos;Corner_2D_XYZ_X;Corner_2D_XYZ_Y;Corner_2D_XY-Z_X;Corner_2D_XY-Z_Y;Corner_2D_X-YZ_X;Corner_2D_X-YZ_Y;Corner_2D_X-Y-Z_X;Corner_2D_X-Y-Z_Y;Corner_2D_-XYZ_X;Corner_2D_-XYZ_Y;Corner_-2D_XY-Z_X;Corner_2D_-XY-Z_Y;Corner_2D_-X-YZ_X;Corner_2D_-X-YZ_Y;Corner_2D_-X-Y-Z_X;Corner_2D_-X-Y-Z_Y;
J0:19:17:33:932;Hatchback_Car_AI_C_0;211;38980.59375;-69178.625;-53693.867188;-1;-1;693.108643;0.021026;-0.972471;-0.232073;38981.414062;-69210.5625;-53620.273438;204.0;92.0;76.0;39078.183594;-69424.554688;-53593.839844;39077.175781;-69389.289062;-53741.691406;38894.230469;-69428.601562;-53593.542969;38893.222656;-69393.335938;-53741.394531;39069.605469;-69027.789062;-53499.152344;39068.597656;-68992.523438;-53647.003906;38885.652344;-69031.835938;-53498.855469;38884.644531;-68996.570312;-53646.707031;-1;-1;-1;-1;-1;-1;-1;-1;-1;-1;-1;-1;-1;-1;-1;-1;-1;-1
J0:19:17:33:932;Hatchback_Car_AI_C_7;211;39274.371094;-66128.757812;-53302.078125;-1;-1;663.703308;-0.200078;-0.979133;-0.035607;39271.007812;-66145.21875;-53223.625;204.0;92.0;76.0;39319.785156;-66366.03125;-53154.9375;39320.871094;-66360.734375;-53306.84375;39139.511719;-66329.1875;-53154.9375;39140.597656;-66323.890625;-53306.84375;39401.417969;-65966.546875;-53140.40625;39402.503906;-65961.25;-53292.3125;39221.144531;-65929.703125;-53140.40625;39222.230469;-65924.40625;-53292.3125;-1;-1;-1;-1;-1;-1;-1;-1;-1;-1;-1;-1;-1;-1;-1;-1;-1;-1
J0:19:17:33:932;Hatchback_Car_AI_C_11;211;39990.820312;-63463.664062;-53298.9375;-1;-1;320.518768;-0.309502;-0.950444;0.029396;39987.179688;-63474.753906;-53219.558594;204.0;92.0;76.0;40012.191406;-63694.996094;-53137.5625;40010.855469;-63699.261719;-53289.5;39837.230469;-63638.027344;-53137.625;39835.894531;-63642.292969;-53289.5625;40138.464844;-63307.214844;-53149.554688;40137.128906;-63311.480469;-53301.492188;39963.503906;-63250.246094;-53149.617188;39962.167969;-63254.511719;-53301.554688;-1;-1;-1;-1;-1;-1;-1;-1;-1;-1;-1;-1;-1;-1;-1;-1;-1;-1
