Time;ID;Cat;XPos;YPos;ZPos;2D_XPos;2D_YPos;Vel;XDir;YDir;ZDir;BBox_XPos;BBox_YPos;BBox_ZPos;BBox_Ext_X;BBox_Ext_Y;BBox_Ext_Z;Corner_XYZ_X;Corner_XYZ_Y;Corner_XYZ_Z;Corner_XY-Z_X;Corner_XY-Z_Y;Corner_XY-Z_Z;Corner_X-YZ_X;Corner_X-YZ_Y;Corner_X-YZ_Z;Corner_X-Y-Z_X;Corner_X-Y-Z_Y;Corner_X-Y-Z_Z;Corner_-XYZ_X;Corner_-XYZ_Y;Corner_-XYZ_Z;Corner_-XY-Z_X;Corner_-XY-Z_Y;Corner_-XY-Z_Z;Corner_-X-YZ_X;Corner_-X-YZ_Y;Corner_-X-YZ_Z;Corner_-X-Y-Z_X;Corner_-X-Y-Z_Y;Corner_-X-Y-Z_Z;BBox_2D_XPos;BBox_2D_YPos;Corner_2D_XYZ_X;Corner_2D_XYZ_Y;Corner_2D_XY-Z_X;Corner_2D_XY-Z_Y;Corner_2D_X-YZ_X;Corner_2D_X-YZ_Y;Corner_2D_X-Y-Z_X;Corner_2D_X-Y-Z_Y;Corner_2D_-XYZ_X;Corner_2D_-XYZ_Y;Corner_-2D_XY-Z_X;Corner_2D_-XY-Z_Y;Corner_2D_-X-YZ_X;Corner_2D_-X-YZ_Y;Corner_2D_-X-Y-Z_X;Corner_2D_-X-Y-Z_Y;
J0:19:17:17:135;Hatchback_Car_AI_C_0;211;38991.941406;-68238.625;-53500.472656;-1;-1;675.357239;-0.057031;-0.984644;-0.164999;38990.363281;-68265.421875;-53424.867188;204.0;92.0;76.0;39069.828125;-68484.132812;-53383.542969;39071.328125;-68459.101562;-53533.457031;38886.132812;-68473.476562;-53383.597656;38887.632812;-68448.445312;-53533.511719;39093.09375;-68082.398438;-53316.222656;39094.59375;-68057.367188;-53466.136719;38909.398438;-68071.742188;-53316.277344;38910.898438;-68046.710938;-53466.191406;-1;-1;-1;-1;-1;-1;-1;-1;-1;-1;-1;-1;-1;-1;-1;-1;-1;-1
J0:19:17:17:135;Hatchback_Car_AI_C_7;211;39476.792969;-65228.480469;-53281.203125;-1;-1;613.60199;-0.247179;-0.968933;-0.008439;39473.152344;-65242.6875;-53202.324219;204.0;92.0;76.0;39511.699219;-65463.710938;-53128.035156;39512.042969;-65462.476562;-53280.027344;39333.410156;-65418.226562;-53128.066406;39333.753906;-65416.992188;-53280.058594;39612.550781;-65068.382812;-53124.589844;39612.894531;-65067.148438;-53276.582031;39434.261719;-65022.898438;-53124.621094;39434.605469;-65021.664062;-53276.613281;-1;-1;-1;-1;-1;-1;-1;-1;-1;-1;-1;-1;-1;-1;-1;-1;-1;-1
J0:19:17:17:135;Hatchback_Car_AI_C_11;211;40068.652344;-63224.9375;-53306.140625;-1;-1;0.002106;-0.308785;-0.95061;0.031493;40065.097656;-63235.878906;-53226.738281;204.0;92.0;76.0;40090.34375;-63455.949219;-53144.347656;40088.867188;-63460.503906;-53296.269531;39915.34375;-63399.105469;-53144.355469;39913.867188;-63403.660156;-53296.277344;40216.328125;-63068.097656;-53157.199219;40214.851562;-63072.652344;-53309.121094;40041.328125;-63011.253906;-53157.207031;40039.851562;-63015.808594;-53309.128906;-1;-1;-1;-1;-1;-1;-1;-1;-1;-1;-1;-1;-1;-1;-1;-1;-1;-1
