Time;ID;Cat;XPos;YPos;ZPos;2D_XPos;2D_YPos;Vel;XDir;YDir;ZDir;BBox_XPos;BBox_YPos;BBox_ZPos;BBox_Ext_X;BBox_Ext_Y;BBox_Ext_Z;Corner_XYZ_X;Corner_XYZ_Y;Corner_XYZ_Z;Corner_XY-Z_X;Corner_XY-Z_Y;Corner_XY-Z_Z;Corner_X-YZ_X;Corner_X-YZ_Y;Corner_X-YZ_Z;Corner_X-Y-Z_X;Corner_X-Y-Z_Y;Corner_X-Y-Z_Z;Corner_-XYZ_X;Corner_-XYZ_Y;Corner_-XYZ_Z;Corner_-XY-Z_X;Corner_-XY-Z_Y;Corner_-XY-Z_Z;Corner_-X-YZ_X;Corner_-X-YZ_Y;Corner_-X-YZ_Z;Corner_-X-Y-Z_X;Corner_-X-Y-Z_Y;Corner_-X-Y-Z_Z;BBox_2D_XPos;BBox_2D_YPos;Corner_2D_XYZ_X;Corner_2D_XYZ_Y;Corner_2D_XY-Z_X;Corner_2D_XY-Z_Y;Corner_2D_X-YZ_X;Corner_2D_X-YZ_Y;Corner_2D_X-Y-Z_X;Corner_2D_X-Y-Z_Y;Corner_2D_-XYZ_X;Corner_2D_-XYZ_Y;Corner_-2D_XY-Z_X;Corner_2D_-XY-Z_Y;Corner_2D_-X-YZ_X;Corner_2D_-X-YZ_Y;Corner_2D_-X-Y-Z_X;Corner_2D_-X-Y-Z_Y;
J0:19:16:24:332;Hatchback_Car_AI_C_0;211;39443.304688;-65367.246094;-53282.878906;-1;-1;655.036926;-0.238845;-0.970993;-0.011202;39439.734375;-65381.695312;-53204.039062;204.0;92.0;76.0;39480.132812;-65602.578125;-53130.3125;39480.5625;-65600.9375;-53282.304688;39301.460938;-65558.625;-53130.34375;39301.890625;-65556.984375;-53282.335938;39577.578125;-65206.414062;-53125.742188;39578.007812;-65204.765625;-53277.734375;39398.90625;-65162.460938;-53125.773438;39399.335938;-65160.8125;-53277.765625;-1;-1;-1;-1;-1;-1;-1;-1;-1;-1;-1;-1;-1;-1;-1;-1;-1;-1
J0:19:16:24:332;Hatchback_Car_AI_C_7;211;40047.5625;-63289.601562;-53303.796875;-1;-1;213.698135;-0.309228;-0.950363;0.034461;40044.066406;-63300.316406;-53224.363281;204.0;92.0;76.0;40069.269531;-63520.164062;-53141.367188;40067.667969;-63525.148438;-53293.273438;39894.300781;-63463.234375;-53141.390625;39892.699219;-63468.21875;-53293.296875;40195.433594;-63132.414062;-53155.429688;40193.832031;-63137.398438;-53307.335938;40020.464844;-63075.484375;-53155.453125;40018.863281;-63080.46875;-53307.359375;-1;-1;-1;-1;-1;-1;-1;-1;-1;-1;-1;-1;-1;-1;-1;-1;-1;-1
