Time;ID;Cat;XPos;YPos;ZPos;2D_XPos;2D_YPos;Vel;XDir;YDir;ZDir;BBox_XPos;BBox_YPos;BBox_ZPos;BBox_Ext_X;BBox_Ext_Y;BBox_Ext_Z;Corner_XYZ_X;Corner_XYZ_Y;Corner_XYZ_Z;Corner_XY-Z_X;Corner_XY-Z_Y;Corner_XY-Z_Z;Corner_X-YZ_X;Corner_X-YZ_Y;Corner_X-YZ_Z;Corner_X-Y-Z_X;Corner_X-Y-Z_Y;Corner_X-Y-Z_Z;Corner_-XYZ_X;Corner_-XYZ_Y;Corner_-XYZ_Z;Corner_-XY-Z_X;Corner_-XY-Z_Y;Corner_-XY-Z_Z;Corner_-X-YZ_X;Corner_-X-YZ_Y;Corner_-X-YZ_Z;Corner_-X-Y-Z_X;Corner_-X-Y-Z_Y;Corner_-X-Y-Z_Z;BBox_2D_XPos;BBox_2D_YPos;Corner_2D_XYZ_X;Corner_2D_XYZ_Y;Corner_2D_XY-Z_X;Corner_2D_XY-Z_Y;Corner_2D_X-YZ_X;Corner_2D_X-YZ_Y;Corner_2D_X-Y-Z_X;Corner_2D_X-Y-Z_Y;Corner_2D_-XYZ_X;Corner_2D_-XYZ_Y;Corner_-2D_XY-Z_X;Corner_2D_-XY-Z_Y;Corner_2D_-X-YZ_X;Corner_2D_-X-YZ_Y;Corner_2D_-X-Y-Z_X;Corner_2D_-X-Y-Z_Y;
J0:19:16:29:130;Hatchback_Car_AI_C_0;211;39382.664062;-65626.234375;-53287.460938;-1;-1;661.60199;-0.226425;-0.973819;-0.020194;39379.117188;-65641.421875;-53208.757812;204.0;92.0;76.0;39422.175781;-65862.40625;-53136.878906;39422.894531;-65859.421875;-53288.847656;39242.957031;-65820.734375;-53136.910156;39243.675781;-65817.75;-53288.878906;39514.558594;-65465.089844;-53128.636719;39515.277344;-65462.105469;-53280.605469;39335.339844;-65423.417969;-53128.667969;39336.058594;-65420.433594;-53280.636719;-1;-1;-1;-1;-1;-1;-1;-1;-1;-1;-1;-1;-1;-1;-1;-1;-1;-1
J0:19:16:29:130;Hatchback_Car_AI_C_7;211;40016.0;-63386.269531;-53301.078125;-1;-1;283.027527;-0.309851;-0.950277;0.03109;40012.402344;-63397.230469;-53221.679688;204.0;92.0;76.0;40037.375;-63617.351562;-53139.347656;40035.945312;-63621.859375;-53291.277344;39862.4375;-63560.3125;-53139.394531;39861.007812;-63564.820312;-53291.324219;40163.796875;-63229.640625;-53152.035156;40162.367188;-63234.148438;-53303.964844;39988.859375;-63172.601562;-53152.082031;39987.429688;-63177.109375;-53304.011719;-1;-1;-1;-1;-1;-1;-1;-1;-1;-1;-1;-1;-1;-1;-1;-1;-1;-1
