Time;ID;Cat;XPos;YPos;ZPos;2D_XPos;2D_YPos;Vel;XDir;YDir;ZDir;BBox_XPos;BBox_YPos;BBox_ZPos;BBox_Ext_X;BBox_Ext_Y;BBox_Ext_Z;Corner_XYZ_X;Corner_XYZ_Y;Corner_XYZ_Z;Corner_XY-Z_X;Corner_XY-Z_Y;Corner_XY-Z_Z;Corner_X-YZ_X;Corner_X-YZ_Y;Corner_X-YZ_Z;Corner_X-Y-Z_X;Corner_X-Y-Z_Y;Corner_X-Y-Z_Z;Corner_-XYZ_X;Corner_-XYZ_Y;Corner_-XYZ_Z;Corner_-XY-Z_X;Corner_-XY-Z_Y;Corner_-XY-Z_Z;Corner_-X-YZ_X;Corner_-X-YZ_Y;Corner_-X-YZ_Z;Corner_-X-Y-Z_X;Corner_-X-Y-Z_Y;Corner_-X-Y-Z_Z;BBox_2D_XPos;BBox_2D_YPos;Corner_2D_XYZ_X;Corner_2D_XYZ_Y;Corner_2D_XY-Z_X;Corner_2D_XY-Z_Y;Corner_2D_X-YZ_X;Corner_2D_X-YZ_Y;Corner_2D_X-Y-Z_X;Corner_2D_X-Y-Z_Y;Corner_2D_-XYZ_X;Corner_2D_-XYZ_Y;Corner_-2D_XY-Z_X;Corner_2D_-XY-Z_Y;Corner_2D_-X-YZ_X;Corner_2D_-X-YZ_Y;Corner_2D_-X-Y-Z_X;Corner_2D_-X-Y-Z_Y;
J0:19:16:01:133;Hatchback_Car_AI_C_0;211;39723.796875;-64319.117188;-53282.09375;-1;-1;539.486877;-0.285723;-0.958239;0.011858;39720.027344;-64331.625;-53202.933594;204.0;92.0;76.0;39750.125;-64552.519531;-53124.472656;39749.679688;-64554.269531;-53276.464844;39573.796875;-64499.941406;-53124.566406;39573.351562;-64501.691406;-53276.558594;39866.703125;-64161.558594;-53129.308594;39866.257812;-64163.308594;-53281.300781;39690.375;-64108.980469;-53129.402344;39689.929688;-64110.730469;-53281.394531;-1;-1;-1;-1;-1;-1;-1;-1;-1;-1;-1;-1;-1;-1;-1;-1;-1;-1
J0:19:16:01:133;Hatchback_Car_AI_C_7;211;40068.746094;-63224.699219;-53306.816406;-1;-1;-0.767955;-0.30889;-0.950829;0.0226;40064.972656;-63236.3125;-53227.519531;204.0;92.0;76.0;40089.992188;-63457.074219;-53146.929688;40088.929688;-63460.339844;-53298.890625;39914.992188;-63400.222656;-53146.929688;39913.929688;-63403.488281;-53298.890625;40216.015625;-63069.136719;-53156.148438;40214.953125;-63072.402344;-53308.109375;40041.015625;-63012.285156;-53156.148438;40039.953125;-63015.550781;-53308.109375;-1;-1;-1;-1;-1;-1;-1;-1;-1;-1;-1;-1;-1;-1;-1;-1;-1;-1
