Time;ID;Cat;XPos;YPos;ZPos;2D_XPos;2D_YPos;Vel;XDir;YDir;ZDir;BBox_XPos;BBox_YPos;BBox_ZPos;BBox_Ext_X;BBox_Ext_Y;BBox_Ext_Z;Corner_XYZ_X;Corner_XYZ_Y;Corner_XYZ_Z;Corner_XY-Z_X;Corner_XY-Z_Y;Corner_XY-Z_Z;Corner_X-YZ_X;Corner_X-YZ_Y;Corner_X-YZ_Z;Corner_X-Y-Z_X;Corner_X-Y-Z_Y;Corner_X-Y-Z_Z;Corner_-XYZ_X;Corner_-XYZ_Y;Corner_-XYZ_Z;Corner_-XY-Z_X;Corner_-XY-Z_Y;Corner_-XY-Z_Z;Corner_-X-YZ_X;Corner_-X-YZ_Y;Corner_-X-YZ_Z;Corner_-X-Y-Z_X;Corner_-X-Y-Z_Y;Corner_-X-Y-Z_Z;BBox_2D_XPos;BBox_2D_YPos;Corner_2D_XYZ_X;Corner_2D_XYZ_Y;Corner_2D_XY-Z_X;Corner_2D_XY-Z_Y;Corner_2D_X-YZ_X;Corner_2D_X-YZ_Y;Corner_2D_X-Y-Z_X;Corner_2D_X-Y-Z_Y;Corner_2D_-XYZ_X;Corner_2D_-XYZ_Y;Corner_-2D_XY-Z_X;Corner_2D_-XY-Z_Y;Corner_2D_-X-YZ_X;Corner_2D_-X-YZ_Y;Corner_2D_-X-Y-Z_X;Corner_2D_-X-Y-Z_Y;
J0:19:16:26:338;Hatchback_Car_AI_C_0;211;39417.960938;-65473.6875;-53284.484375;-1;-1;659.42218;-0.235132;-0.971849;-0.014921;39414.378906;-65488.4375;-53205.703125;204.0;92.0;76.0;39455.554688;-65709.429688;-53132.738281;39456.109375;-65707.226562;-53284.722656;39276.710938;-65666.164062;-53132.769531;39277.265625;-65663.960938;-53284.753906;39551.492188;-65312.910156;-53126.652344;39552.046875;-65310.714844;-53278.636719;39372.648438;-65269.644531;-53126.683594;39373.203125;-65267.449219;-53278.667969;-1;-1;-1;-1;-1;-1;-1;-1;-1;-1;-1;-1;-1;-1;-1;-1;-1;-1
J0:19:16:26:338;Hatchback_Car_AI_C_7;211;40035.425781;-63326.789062;-53302.734375;-1;-1;248.080414;-0.309474;-0.950334;0.033043;40031.894531;-63337.609375;-53223.316406;204.0;92.0;76.0;40057.011719;-63557.574219;-53140.609375;40055.472656;-63562.355469;-53292.523438;39882.050781;-63500.597656;-53140.625;39880.511719;-63505.378906;-53292.539062;40183.277344;-63169.839844;-53154.09375;40181.738281;-63174.621094;-53306.007812;40008.316406;-63112.863281;-53154.109375;40006.777344;-63117.644531;-53306.023438;-1;-1;-1;-1;-1;-1;-1;-1;-1;-1;-1;-1;-1;-1;-1;-1;-1;-1
