Time;ID;Cat;XPos;YPos;ZPos;2D_XPos;2D_YPos;Vel;XDir;YDir;ZDir;BBox_XPos;BBox_YPos;BBox_ZPos;BBox_Ext_X;BBox_Ext_Y;BBox_Ext_Z;Corner_XYZ_X;Corner_XYZ_Y;Corner_XYZ_Z;Corner_XY-Z_X;Corner_XY-Z_Y;Corner_XY-Z_Z;Corner_X-YZ_X;Corner_X-YZ_Y;Corner_X-YZ_Z;Corner_X-Y-Z_X;Corner_X-Y-Z_Y;Corner_X-Y-Z_Z;Corner_-XYZ_X;Corner_-XYZ_Y;Corner_-XYZ_Z;Corner_-XY-Z_X;Corner_-XY-Z_Y;Corner_-XY-Z_Z;Corner_-X-YZ_X;Corner_-X-YZ_Y;Corner_-X-YZ_Z;Corner_-X-Y-Z_X;Corner_-X-Y-Z_Y;Corner_-X-Y-Z_Z;BBox_2D_XPos;BBox_2D_YPos;Corner_2D_XYZ_X;Corner_2D_XYZ_Y;Corner_2D_XY-Z_X;Corner_2D_XY-Z_Y;Corner_2D_X-YZ_X;Corner_2D_X-YZ_Y;Corner_2D_X-Y-Z_X;Corner_2D_X-Y-Z_Y;Corner_2D_-XYZ_X;Corner_2D_-XYZ_Y;Corner_-2D_XY-Z_X;Corner_2D_-XY-Z_Y;Corner_2D_-X-YZ_X;Corner_2D_-X-YZ_Y;Corner_2D_-X-Y-Z_X;Corner_2D_-X-Y-Z_Y;
J0:19:17:54:733;Hatchback_Car_AI_C_0;211;39049.085938;-70333.289062;-53986.238281;-1;-1;676.063782;0.078124;-0.964222;-0.253323;39051.964844;-70366.71875;-53913.363281;204.0;92.0;76.0;39161.316406;-70575.125;-53891.714844;39157.878906;-70536.765625;-54038.753906;38977.925781;-70590.078125;-53891.332031;38974.488281;-70551.71875;-54038.371094;39129.441406;-70181.71875;-53788.355469;39126.003906;-70143.359375;-53935.394531;38946.050781;-70196.671875;-53787.972656;38942.613281;-70158.3125;-53935.011719;-1;-1;1919;598;1919;605;-1;-1;-1;-1;-1;-1;-1;-1;-1;-1;-1;-1
J0:19:17:54:733;Hatchback_Car_AI_C_7;211;39086.519531;-67246.5;-53371.152344;-1;-1;655.574524;-0.138334;-0.986005;-0.09305;39083.558594;-67267.585938;-53293.796875;204.0;92.0;76.0;39145.464844;-67488.515625;-53237.101562;39147.433594;-67474.515625;-53388.445312;38963.246094;-67462.953125;-53237.109375;38965.214844;-67448.953125;-53388.453125;39201.902344;-67086.21875;-53199.140625;39203.871094;-67072.21875;-53350.484375;39019.683594;-67060.65625;-53199.148438;39021.652344;-67046.65625;-53350.492188;-1;-1;-1;-1;-1;-1;-1;-1;-1;-1;-1;-1;-1;-1;-1;-1;-1;-1
J0:19:17:54:733;Hatchback_Car_AI_C_11;211;39765.71875;-64177.914062;-53283.667969;-1;-1;521.789734;-0.2928;-0.95606;0.014755;39761.925781;-64190.171875;-53204.46875;204.0;92.0;76.0;39790.457031;-64411.066406;-53125.421875;39789.871094;-64413.230469;-53277.40625;39614.519531;-64357.183594;-53125.507812;39613.933594;-64359.347656;-53277.492188;39909.917969;-64020.996094;-53131.445312;39909.332031;-64023.160156;-53283.429688;39733.980469;-63967.113281;-53131.53125;39733.394531;-63969.277344;-53283.515625;-1;-1;-1;-1;-1;-1;-1;-1;-1;-1;-1;-1;-1;-1;-1;-1;-1;-1
