Time;ID;Cat;XPos;YPos;ZPos;2D_XPos;2D_YPos;Vel;XDir;YDir;ZDir;BBox_XPos;BBox_YPos;BBox_ZPos;BBox_Ext_X;BBox_Ext_Y;BBox_Ext_Z;Corner_XYZ_X;Corner_XYZ_Y;Corner_XYZ_Z;Corner_XY-Z_X;Corner_XY-Z_Y;Corner_XY-Z_Z;Corner_X-YZ_X;Corner_X-YZ_Y;Corner_X-YZ_Z;Corner_X-Y-Z_X;Corner_X-Y-Z_Y;Corner_X-Y-Z_Z;Corner_-XYZ_X;Corner_-XYZ_Y;Corner_-XYZ_Z;Corner_-XY-Z_X;Corner_-XY-Z_Y;Corner_-XY-Z_Z;Corner_-X-YZ_X;Corner_-X-YZ_Y;Corner_-X-YZ_Z;Corner_-X-Y-Z_X;Corner_-X-Y-Z_Y;Corner_-X-Y-Z_Z;BBox_2D_XPos;BBox_2D_YPos;Corner_2D_XYZ_X;Corner_2D_XYZ_Y;Corner_2D_XY-Z_X;Corner_2D_XY-Z_Y;Corner_2D_X-YZ_X;Corner_2D_X-YZ_Y;Corner_2D_X-Y-Z_X;Corner_2D_X-Y-Z_Y;Corner_2D_-XYZ_X;Corner_2D_-XYZ_Y;Corner_-2D_XY-Z_X;Corner_2D_-XY-Z_Y;Corner_2D_-X-YZ_X;Corner_2D_-X-YZ_Y;Corner_2D_-X-Y-Z_X;Corner_2D_-X-Y-Z_Y;
J0:19:16:07:929;Hatchback_Car_AI_C_0;211;39641.96875;-64604.460938;-53279.84375;-1;-1;515.907959;-0.277062;-0.96084;0.004776;39638.179688;-64617.546875;-53200.777344;204.0;92.0;76.0;39670.144531;-64838.695312;-53123.789062;39669.972656;-64839.398438;-53275.789062;39493.347656;-64787.71875;-53123.820312;39493.175781;-64788.421875;-53275.820312;39783.183594;-64446.671875;-53125.734375;39783.011719;-64447.375;-53277.734375;39606.386719;-64395.695312;-53125.765625;39606.214844;-64396.398438;-53277.765625;-1;-1;-1;-1;-1;-1;-1;-1;-1;-1;-1;-1;-1;-1;-1;-1;-1;-1
J0:19:16:07:929;Hatchback_Car_AI_C_7;211;40068.652344;-63224.925781;-53306.175781;-1;-1;-0.030667;-0.308797;-0.950616;0.03122;40065.09375;-63235.890625;-53226.777344;204.0;92.0;76.0;40090.332031;-63455.980469;-53144.449219;40088.863281;-63460.496094;-53296.378906;39915.332031;-63399.136719;-53144.441406;39913.863281;-63403.652344;-53296.371094;40216.324219;-63068.128906;-53157.183594;40214.855469;-63072.644531;-53309.113281;40041.324219;-63011.285156;-53157.175781;40039.855469;-63015.800781;-53309.105469;-1;-1;-1;-1;-1;-1;-1;-1;-1;-1;-1;-1;-1;-1;-1;-1;-1;-1
