Time;ID;Cat;XPos;YPos;ZPos;2D_XPos;2D_YPos;Vel;XDir;YDir;ZDir;BBox_XPos;BBox_YPos;BBox_ZPos;BBox_Ext_X;BBox_Ext_Y;BBox_Ext_Z;Corner_XYZ_X;Corner_XYZ_Y;Corner_XYZ_Z;Corner_XY-Z_X;Corner_XY-Z_Y;Corner_XY-Z_Z;Corner_X-YZ_X;Corner_X-YZ_Y;Corner_X-YZ_Z;Corner_X-Y-Z_X;Corner_X-Y-Z_Y;Corner_X-Y-Z_Z;Corner_-XYZ_X;Corner_-XYZ_Y;Corner_-XYZ_Z;Corner_-XY-Z_X;Corner_-XY-Z_Y;Corner_-XY-Z_Z;Corner_-X-YZ_X;Corner_-X-YZ_Y;Corner_-X-YZ_Z;Corner_-X-Y-Z_X;Corner_-X-Y-Z_Y;Corner_-X-Y-Z_Z;BBox_2D_XPos;BBox_2D_YPos;Corner_2D_XYZ_X;Corner_2D_XYZ_Y;Corner_2D_XY-Z_X;Corner_2D_XY-Z_Y;Corner_2D_X-YZ_X;Corner_2D_X-YZ_Y;Corner_2D_X-Y-Z_X;Corner_2D_X-Y-Z_Y;Corner_2D_-XYZ_X;Corner_2D_-XYZ_Y;Corner_-2D_XY-Z_X;Corner_2D_-XY-Z_Y;Corner_2D_-X-YZ_X;Corner_2D_-X-YZ_Y;Corner_2D_-X-Y-Z_X;Corner_2D_-X-Y-Z_Y;
J0:19:17:38:735;Hatchback_Car_AI_C_0;211;38989.683594;-69443.976562;-53758.28125;-1;-1;686.32843;0.039958;-0.969475;-0.241913;38991.117188;-69476.640625;-53685.015625;204.0;92.0;76.0;39092.03125;-69688.96875;-53660.722656;39090.351562;-69652.234375;-53808.207031;38908.1875;-69696.59375;-53660.527344;38906.507812;-69659.859375;-53808.011719;39075.726562;-69293.421875;-53562.019531;39074.046875;-69256.6875;-53709.503906;38891.882812;-69301.046875;-53561.824219;38890.203125;-69264.3125;-53709.308594;-1;-1;-1;-1;-1;-1;-1;-1;-1;-1;-1;-1;-1;-1;-1;-1;-1;-1
J0:19:17:38:735;Hatchback_Car_AI_C_7;211;39224.851562;-66386.992188;-53312.882812;-1;-1;676.516174;-0.187064;-0.98136;-0.044047;39221.570312;-66404.148438;-53234.574219;204.0;92.0;76.0;39273.144531;-66624.859375;-53167.621094;39274.417969;-66618.28125;-53319.472656;39092.402344;-66590.40625;-53167.644531;39093.675781;-66583.828125;-53319.496094;39349.464844;-66224.46875;-53149.652344;39350.738281;-66217.890625;-53301.503906;39168.722656;-66190.015625;-53149.675781;39169.996094;-66183.4375;-53301.527344;-1;-1;-1;-1;-1;-1;-1;-1;-1;-1;-1;-1;-1;-1;-1;-1;-1;-1
J0:19:17:38:735;Hatchback_Car_AI_C_11;211;39947.785156;-63596.460938;-53295.464844;-1;-1;372.600067;-0.308423;-0.950867;0.026985;39944.09375;-63607.734375;-53216.117188;204.0;92.0;76.0;39969.289062;-63828.132812;-53134.601562;39968.085938;-63832.054688;-53286.546875;39794.265625;-63771.367188;-53134.679688;39793.0625;-63775.289062;-53286.625;40095.125;-63440.179688;-53145.609375;40093.921875;-63444.101562;-53297.554688;39920.101562;-63383.414062;-53145.6875;39918.898438;-63387.335938;-53297.632812;-1;-1;-1;-1;-1;-1;-1;-1;-1;-1;-1;-1;-1;-1;-1;-1;-1;-1
