Time;ID;Cat;XPos;YPos;ZPos;2D_XPos;2D_YPos;Vel;XDir;YDir;ZDir;BBox_XPos;BBox_YPos;BBox_ZPos;BBox_Ext_X;BBox_Ext_Y;BBox_Ext_Z;Corner_XYZ_X;Corner_XYZ_Y;Corner_XYZ_Z;Corner_XY-Z_X;Corner_XY-Z_Y;Corner_XY-Z_Z;Corner_X-YZ_X;Corner_X-YZ_Y;Corner_X-YZ_Z;Corner_X-Y-Z_X;Corner_X-Y-Z_Y;Corner_X-Y-Z_Z;Corner_-XYZ_X;Corner_-XYZ_Y;Corner_-XYZ_Z;Corner_-XY-Z_X;Corner_-XY-Z_Y;Corner_-XY-Z_Z;Corner_-X-YZ_X;Corner_-X-YZ_Y;Corner_-X-YZ_Z;Corner_-X-Y-Z_X;Corner_-X-Y-Z_Y;Corner_-X-Y-Z_Z;BBox_2D_XPos;BBox_2D_YPos;Corner_2D_XYZ_X;Corner_2D_XYZ_Y;Corner_2D_XY-Z_X;Corner_2D_XY-Z_Y;Corner_2D_X-YZ_X;Corner_2D_X-YZ_Y;Corner_2D_X-Y-Z_X;Corner_2D_X-Y-Z_Y;Corner_2D_-XYZ_X;Corner_2D_-XYZ_Y;Corner_-2D_XY-Z_X;Corner_2D_-XY-Z_Y;Corner_2D_-X-YZ_X;Corner_2D_-X-YZ_Y;Corner_2D_-X-Y-Z_X;Corner_2D_-X-Y-Z_Y;
J0:19:16:37:132;Hatchback_Car_AI_C_0;211;39288.320312;-66062.6875;-53299.824219;-1;-1;654.280579;-0.203527;-0.978458;-0.034606;39284.902344;-66079.0625;-53221.355469;204.0;92.0;76.0;39332.90625;-66299.96875;-53152.449219;39334.0;-66294.828125;-53304.355469;39152.765625;-66262.5;-53152.472656;39153.859375;-66257.359375;-53304.378906;39415.945312;-65900.765625;-53138.332031;39417.039062;-65895.625;-53290.238281;39235.804688;-65863.296875;-53138.355469;39236.898438;-65858.15625;-53290.261719;-1;-1;-1;-1;-1;-1;-1;-1;-1;-1;-1;-1;-1;-1;-1;-1;-1;-1
J0:19:16:37:132;Hatchback_Car_AI_C_7;211;39948.191406;-63595.152344;-53295.5;-1;-1;369.741241;-0.308444;-0.950859;0.026999;39944.496094;-63606.425781;-53216.152344;204.0;92.0;76.0;39969.6875;-63826.828125;-53134.628906;39968.484375;-63830.75;-53286.574219;39794.664062;-63770.054688;-53134.714844;39793.460938;-63773.976562;-53286.660156;40095.53125;-63438.875;-53145.644531;40094.328125;-63442.796875;-53297.589844;39920.507812;-63382.101562;-53145.730469;39919.304688;-63386.023438;-53297.675781;-1;-1;-1;-1;-1;-1;-1;-1;-1;-1;-1;-1;-1;-1;-1;-1;-1;-1
