Time;ID;Cat;XPos;YPos;ZPos;2D_XPos;2D_YPos;Vel;XDir;YDir;ZDir;BBox_XPos;BBox_YPos;BBox_ZPos;BBox_Ext_X;BBox_Ext_Y;BBox_Ext_Z;Corner_XYZ_X;Corner_XYZ_Y;Corner_XYZ_Z;Corner_XY-Z_X;Corner_XY-Z_Y;Corner_XY-Z_Z;Corner_X-YZ_X;Corner_X-YZ_Y;Corner_X-YZ_Z;Corner_X-Y-Z_X;Corner_X-Y-Z_Y;Corner_X-Y-Z_Z;Corner_-XYZ_X;Corner_-XYZ_Y;Corner_-XYZ_Z;Corner_-XY-Z_X;Corner_-XY-Z_Y;Corner_-XY-Z_Z;Corner_-X-YZ_X;Corner_-X-YZ_Y;Corner_-X-YZ_Z;Corner_-X-Y-Z_X;Corner_-X-Y-Z_Y;Corner_-X-Y-Z_Z;BBox_2D_XPos;BBox_2D_YPos;Corner_2D_XYZ_X;Corner_2D_XYZ_Y;Corner_2D_XY-Z_X;Corner_2D_XY-Z_Y;Corner_2D_X-YZ_X;Corner_2D_X-YZ_Y;Corner_2D_X-Y-Z_X;Corner_2D_X-Y-Z_Y;Corner_2D_-XYZ_X;Corner_2D_-XYZ_Y;Corner_-2D_XY-Z_X;Corner_2D_-XY-Z_Y;Corner_2D_-X-YZ_X;Corner_2D_-X-YZ_Y;Corner_2D_-X-Y-Z_X;Corner_2D_-X-Y-Z_Y;
J0:19:17:31:133;Hatchback_Car_AI_C_0;211;38977.242188;-69019.90625;-53656.75;-1;-1;696.800354;0.009014;-0.974431;-0.224505;38977.617188;-69051.28125;-53582.910156;204.0;92.0;76.0;39071.691406;-69266.25;-53554.746094;39071.214844;-69232.125;-53702.863281;38887.699219;-69268.0;-53554.558594;38887.222656;-69233.875;-53702.675781;39068.011719;-68868.6875;-53463.144531;39067.535156;-68834.5625;-53611.261719;38884.019531;-68870.4375;-53462.957031;38883.542969;-68836.3125;-53611.074219;-1;-1;-1;-1;-1;-1;-1;-1;-1;-1;-1;-1;-1;-1;-1;-1;-1;-1
J0:19:17:31:133;Hatchback_Car_AI_C_7;211;39305.882812;-65975.257812;-53296.835938;-1;-1;651.399902;-0.207479;-0.97775;-0.030944;39302.453125;-65991.335938;-53218.308594;204.0;92.0;76.0;39349.621094;-66212.195312;-53148.636719;39350.628906;-66207.601562;-53300.566406;39169.628906;-66173.992188;-53148.675781;39170.636719;-66169.398438;-53300.605469;39434.269531;-65813.273438;-53136.011719;39435.277344;-65808.679688;-53287.941406;39254.277344;-65775.070312;-53136.050781;39255.285156;-65770.476562;-53287.980469;-1;-1;-1;-1;-1;-1;-1;-1;-1;-1;-1;-1;-1;-1;-1;-1;-1;-1
J0:19:17:31:133;Hatchback_Car_AI_C_11;211;40012.988281;-63395.535156;-53300.820312;-1;-1;289.599274;-0.309886;-0.950271;0.030904;40009.386719;-63406.511719;-53221.425781;204.0;92.0;76.0;40034.347656;-63626.652344;-53139.132812;40032.925781;-63631.128906;-53291.0625;39859.410156;-63569.605469;-53139.179688;39857.988281;-63574.082031;-53291.109375;40160.785156;-63238.941406;-53151.742188;40159.363281;-63243.417969;-53303.671875;39985.847656;-63181.894531;-53151.789062;39984.425781;-63186.371094;-53303.71875;-1;-1;-1;-1;-1;-1;-1;-1;-1;-1;-1;-1;-1;-1;-1;-1;-1;-1
