Time;ID;Cat;XPos;YPos;ZPos;2D_XPos;2D_YPos;Vel;XDir;YDir;ZDir;BBox_XPos;BBox_YPos;BBox_ZPos;BBox_Ext_X;BBox_Ext_Y;BBox_Ext_Z;Corner_XYZ_X;Corner_XYZ_Y;Corner_XYZ_Z;Corner_XY-Z_X;Corner_XY-Z_Y;Corner_XY-Z_Z;Corner_X-YZ_X;Corner_X-YZ_Y;Corner_X-YZ_Z;Corner_X-Y-Z_X;Corner_X-Y-Z_Y;Corner_X-Y-Z_Z;Corner_-XYZ_X;Corner_-XYZ_Y;Corner_-XYZ_Z;Corner_-XY-Z_X;Corner_-XY-Z_Y;Corner_-XY-Z_Z;Corner_-X-YZ_X;Corner_-X-YZ_Y;Corner_-X-YZ_Z;Corner_-X-Y-Z_X;Corner_-X-Y-Z_Y;Corner_-X-Y-Z_Z;BBox_2D_XPos;BBox_2D_YPos;Corner_2D_XYZ_X;Corner_2D_XYZ_Y;Corner_2D_XY-Z_X;Corner_2D_XY-Z_Y;Corner_2D_X-YZ_X;Corner_2D_X-YZ_Y;Corner_2D_X-Y-Z_X;Corner_2D_X-Y-Z_Y;Corner_2D_-XYZ_X;Corner_2D_-XYZ_Y;Corner_-2D_XY-Z_X;Corner_2D_-XY-Z_Y;Corner_2D_-X-YZ_X;Corner_2D_-X-YZ_Y;Corner_2D_-X-Y-Z_X;Corner_2D_-X-Y-Z_Y;
J0:19:17:27:136;Hatchback_Car_AI_C_0;211;38976.078125;-68797.421875;-53607.347656;-1;-1;685.213684;-0.009353;-0.977593;-0.210296;38975.867188;-68827.71875;-53533.058594;204.0;92.0;76.0;39065.882812;-69043.992188;-53501.75;39066.03125;-69012.023438;-53650.351562;38881.890625;-69042.273438;-53501.5625;38882.039062;-69010.304688;-53650.164062;39069.695312;-68645.132812;-53415.953125;39069.84375;-68613.164062;-53564.554688;38885.703125;-68643.414062;-53415.765625;38885.851562;-68611.445312;-53564.367188;-1;-1;-1;-1;-1;-1;-1;-1;-1;-1;-1;-1;-1;-1;-1;-1;-1;-1
J0:19:17:27:136;Hatchback_Car_AI_C_7;211;39350.605469;-65767.390625;-53290.867188;-1;-1;647.468201;-0.21937;-0.975302;-0.02574;39347.074219;-65783.023438;-53212.253906;204.0;92.0;76.0;39391.636719;-66004.078125;-53141.507812;39392.527344;-66000.265625;-53293.460938;39212.121094;-65963.703125;-53141.546875;39213.011719;-65959.890625;-53293.5;39481.136719;-65606.15625;-53131.007812;39482.027344;-65602.34375;-53282.960938;39301.621094;-65565.78125;-53131.046875;39302.511719;-65561.96875;-53283.0;-1;-1;-1;-1;-1;-1;-1;-1;-1;-1;-1;-1;-1;-1;-1;-1;-1;-1
J0:19:17:27:136;Hatchback_Car_AI_C_11;211;40040.503906;-63311.273438;-53303.167969;-1;-1;235.966995;-0.309353;-0.950351;0.033652;40036.988281;-63322.046875;-53223.742188;204.0;92.0;76.0;40062.144531;-63541.960938;-53140.914062;40060.574219;-63546.828125;-53292.828125;39887.183594;-63485.007812;-53140.929688;39885.613281;-63489.875;-53292.84375;40188.363281;-63154.21875;-53154.640625;40186.792969;-63159.085938;-53306.554688;40013.402344;-63097.265625;-53154.65625;40011.832031;-63102.132812;-53306.570312;-1;-1;-1;-1;-1;-1;-1;-1;-1;-1;-1;-1;-1;-1;-1;-1;-1;-1
