Time;ID;Cat;XPos;YPos;ZPos;2D_XPos;2D_YPos;Vel;XDir;YDir;ZDir;BBox_XPos;BBox_YPos;BBox_ZPos;BBox_Ext_X;BBox_Ext_Y;BBox_Ext_Z;Corner_XYZ_X;Corner_XYZ_Y;Corner_XYZ_Z;Corner_XY-Z_X;Corner_XY-Z_Y;Corner_XY-Z_Z;Corner_X-YZ_X;Corner_X-YZ_Y;Corner_X-YZ_Z;Corner_X-Y-Z_X;Corner_X-Y-Z_Y;Corner_X-Y-Z_Z;Corner_-XYZ_X;Corner_-XYZ_Y;Corner_-XYZ_Z;Corner_-XY-Z_X;Corner_-XY-Z_Y;Corner_-XY-Z_Z;Corner_-X-YZ_X;Corner_-X-YZ_Y;Corner_-X-YZ_Z;Corner_-X-Y-Z_X;Corner_-X-Y-Z_Y;Corner_-X-Y-Z_Z;BBox_2D_XPos;BBox_2D_YPos;Corner_2D_XYZ_X;Corner_2D_XYZ_Y;Corner_2D_XY-Z_X;Corner_2D_XY-Z_Y;Corner_2D_X-YZ_X;Corner_2D_X-YZ_Y;Corner_2D_X-Y-Z_X;Corner_2D_X-Y-Z_Y;Corner_2D_-XYZ_X;Corner_2D_-XYZ_Y;Corner_-2D_XY-Z_X;Corner_2D_-XY-Z_Y;Corner_2D_-X-YZ_X;Corner_2D_-X-YZ_Y;Corner_2D_-X-Y-Z_X;Corner_2D_-X-Y-Z_Y;
J0:19:16:12:333;Hatchback_Car_AI_C_0;211;39589.863281;-64793.835938;-53279.300781;-1;-1;555.125977;-0.266833;-0.96374;0.00219;39586.152344;-64807.15625;-53200.269531;204.0;92.0;76.0;39620.40625;-65028.136719;-53123.796875;39620.359375;-65028.472656;-53275.796875;39443.078125;-64979.042969;-53123.851562;39443.03125;-64979.378906;-53275.851562;39729.273438;-64634.933594;-53124.6875;39729.226562;-64635.269531;-53276.6875;39551.945312;-64585.839844;-53124.742188;39551.898438;-64586.175781;-53276.742188;-1;-1;-1;-1;-1;-1;-1;-1;-1;-1;-1;-1;-1;-1;-1;-1;-1;-1
J0:19:16:12:333;Hatchback_Car_AI_C_7;211;40068.648438;-63224.9375;-53306.144531;-1;-1;-0.001824;-0.308786;-0.950611;0.031477;40065.09375;-63235.882812;-53226.742188;204.0;92.0;76.0;40090.339844;-63455.957031;-53144.359375;40088.863281;-63460.503906;-53296.28125;39915.339844;-63399.113281;-53144.359375;39913.863281;-63403.660156;-53296.28125;40216.324219;-63068.105469;-53157.203125;40214.847656;-63072.652344;-53309.125;40041.324219;-63011.261719;-53157.203125;40039.847656;-63015.808594;-53309.125;-1;-1;-1;-1;-1;-1;-1;-1;-1;-1;-1;-1;-1;-1;-1;-1;-1;-1
