Time;ID;Cat;XPos;YPos;ZPos;2D_XPos;2D_YPos;Vel;XDir;YDir;ZDir;BBox_XPos;BBox_YPos;BBox_ZPos;BBox_Ext_X;BBox_Ext_Y;BBox_Ext_Z;Corner_XYZ_X;Corner_XYZ_Y;Corner_XYZ_Z;Corner_XY-Z_X;Corner_XY-Z_Y;Corner_XY-Z_Z;Corner_X-YZ_X;Corner_X-YZ_Y;Corner_X-YZ_Z;Corner_X-Y-Z_X;Corner_X-Y-Z_Y;Corner_X-Y-Z_Z;Corner_-XYZ_X;Corner_-XYZ_Y;Corner_-XYZ_Z;Corner_-XY-Z_X;Corner_-XY-Z_Y;Corner_-XY-Z_Z;Corner_-X-YZ_X;Corner_-X-YZ_Y;Corner_-X-YZ_Z;Corner_-X-Y-Z_X;Corner_-X-Y-Z_Y;Corner_-X-Y-Z_Z;BBox_2D_XPos;BBox_2D_YPos;Corner_2D_XYZ_X;Corner_2D_XYZ_Y;Corner_2D_XY-Z_X;Corner_2D_XY-Z_Y;Corner_2D_X-YZ_X;Corner_2D_X-YZ_Y;Corner_2D_X-Y-Z_X;Corner_2D_X-Y-Z_Y;Corner_2D_-XYZ_X;Corner_2D_-XYZ_Y;Corner_-2D_XY-Z_X;Corner_2D_-XY-Z_Y;Corner_2D_-X-YZ_X;Corner_2D_-X-YZ_Y;Corner_2D_-X-Y-Z_X;Corner_2D_-X-Y-Z_Y;
J0:19:16:43:528;Hatchback_Car_AI_C_0;211;39220.058594;-66412.132812;-53314.261719;-1;-1;638.847473;-0.182641;-0.98205;-0.047104;39216.78125;-66429.53125;-53236.007812;204.0;92.0;76.0;39269.277344;-66650.203125;-53169.652344;39270.667969;-66643.171875;-53321.480469;39088.378906;-66616.5625;-53169.753906;39089.769531;-66609.53125;-53321.582031;39343.792969;-66249.53125;-53150.433594;39345.183594;-66242.5;-53302.261719;39162.894531;-66215.890625;-53150.535156;39164.285156;-66208.859375;-53302.363281;-1;-1;-1;-1;-1;-1;-1;-1;-1;-1;-1;-1;-1;-1;-1;-1;-1;-1
J0:19:16:43:528;Hatchback_Car_AI_C_7;211;39882.367188;-63800.792969;-53290.730469;-1;-1;435.457672;-0.304538;-0.952214;0.023354;39878.625;-63812.351562;-53211.425781;204.0;92.0;76.0;39904.628906;-64032.921875;-53130.628906;39903.628906;-64036.328125;-53282.589844;39729.371094;-63976.875;-53130.730469;39728.371094;-63980.28125;-53282.691406;40028.878906;-63644.421875;-53140.160156;40027.878906;-63647.828125;-53292.121094;39853.621094;-63588.375;-53140.261719;39852.621094;-63591.78125;-53292.222656;-1;-1;-1;-1;-1;-1;-1;-1;-1;-1;-1;-1;-1;-1;-1;-1;-1;-1
