Time;ID;Cat;XPos;YPos;ZPos;2D_XPos;2D_YPos;Vel;XDir;YDir;ZDir;BBox_XPos;BBox_YPos;BBox_ZPos;BBox_Ext_X;BBox_Ext_Y;BBox_Ext_Z;Corner_XYZ_X;Corner_XYZ_Y;Corner_XYZ_Z;Corner_XY-Z_X;Corner_XY-Z_Y;Corner_XY-Z_Z;Corner_X-YZ_X;Corner_X-YZ_Y;Corner_X-YZ_Z;Corner_X-Y-Z_X;Corner_X-Y-Z_Y;Corner_X-Y-Z_Z;Corner_-XYZ_X;Corner_-XYZ_Y;Corner_-XYZ_Z;Corner_-XY-Z_X;Corner_-XY-Z_Y;Corner_-XY-Z_Z;Corner_-X-YZ_X;Corner_-X-YZ_Y;Corner_-X-YZ_Z;Corner_-X-Y-Z_X;Corner_-X-Y-Z_Y;Corner_-X-Y-Z_Z;BBox_2D_XPos;BBox_2D_YPos;Corner_2D_XYZ_X;Corner_2D_XYZ_Y;Corner_2D_XY-Z_X;Corner_2D_XY-Z_Y;Corner_2D_X-YZ_X;Corner_2D_X-YZ_Y;Corner_2D_X-Y-Z_X;Corner_2D_X-Y-Z_Y;Corner_2D_-XYZ_X;Corner_2D_-XYZ_Y;Corner_-2D_XY-Z_X;Corner_2D_-XY-Z_Y;Corner_2D_-X-YZ_X;Corner_2D_-X-YZ_Y;Corner_2D_-X-Y-Z_X;Corner_2D_-X-Y-Z_Y;
J0:19:17:57:531;Hatchback_Car_AI_C_0;211;39062.304688;-70491.101562;-54026.980469;-1;-1;681.3302;0.081495;-0.964315;-0.251901;39065.328125;-70524.414062;-53954.054688;204.0;92.0;76.0;39175.433594;-70732.390625;-53932.125;39171.808594;-70694.265625;-54079.226562;38992.097656;-70748.0;-53931.65625;38988.472656;-70709.875;-54078.757812;39142.183594;-70338.953125;-53829.351562;39138.558594;-70300.828125;-53976.453125;38958.847656;-70354.5625;-53828.882812;38955.222656;-70316.4375;-53975.984375;-1;-1;1890;604;1890;611;-1;-1;-1;-1;-1;-1;-1;-1;-1;-1;-1;-1
J0:19:17:57:531;Hatchback_Car_AI_C_7;211;39066.175781;-67404.40625;-53386.820312;-1;-1;710.375793;-0.127342;-0.986645;-0.10157;39063.359375;-67426.179688;-53309.652344;204.0;92.0;76.0;39127.632812;-67646.882812;-53254.757812;39129.617188;-67631.570312;-53405.96875;38945.148438;-67623.335938;-53254.773438;38947.132812;-67608.023438;-53405.984375;39179.585938;-67244.335938;-53213.320312;39181.570312;-67229.023438;-53364.53125;38997.101562;-67220.789062;-53213.335938;38999.085938;-67205.476562;-53364.546875;-1;-1;-1;-1;-1;-1;-1;-1;-1;-1;-1;-1;-1;-1;-1;-1;-1;-1
J0:19:17:57:531;Hatchback_Car_AI_C_11;211;39730.4375;-64296.546875;-53282.359375;-1;-1;535.565979;-0.287164;-0.957804;0.012178;39726.652344;-64309.023438;-53203.195312;204.0;92.0;76.0;39756.421875;-64529.9375;-53124.664062;39755.96875;-64531.734375;-53276.65625;39580.171875;-64477.09375;-53124.765625;39579.71875;-64478.890625;-53276.757812;39873.585938;-64139.15625;-53129.632812;39873.132812;-64140.953125;-53281.625;39697.335938;-64086.3125;-53129.734375;39696.882812;-64088.109375;-53281.726562;-1;-1;-1;-1;-1;-1;-1;-1;-1;-1;-1;-1;-1;-1;-1;-1;-1;-1
