Time;ID;Cat;XPos;YPos;ZPos;2D_XPos;2D_YPos;Vel;XDir;YDir;ZDir;BBox_XPos;BBox_YPos;BBox_ZPos;BBox_Ext_X;BBox_Ext_Y;BBox_Ext_Z;Corner_XYZ_X;Corner_XYZ_Y;Corner_XYZ_Z;Corner_XY-Z_X;Corner_XY-Z_Y;Corner_XY-Z_Z;Corner_X-YZ_X;Corner_X-YZ_Y;Corner_X-YZ_Z;Corner_X-Y-Z_X;Corner_X-Y-Z_Y;Corner_X-Y-Z_Z;Corner_-XYZ_X;Corner_-XYZ_Y;Corner_-XYZ_Z;Corner_-XY-Z_X;Corner_-XY-Z_Y;Corner_-XY-Z_Z;Corner_-X-YZ_X;Corner_-X-YZ_Y;Corner_-X-YZ_Z;Corner_-X-Y-Z_X;Corner_-X-Y-Z_Y;Corner_-X-Y-Z_Z;BBox_2D_XPos;BBox_2D_YPos;Corner_2D_XYZ_X;Corner_2D_XYZ_Y;Corner_2D_XY-Z_X;Corner_2D_XY-Z_Y;Corner_2D_X-YZ_X;Corner_2D_X-YZ_Y;Corner_2D_X-Y-Z_X;Corner_2D_X-Y-Z_Y;Corner_2D_-XYZ_X;Corner_2D_-XYZ_Y;Corner_-2D_XY-Z_X;Corner_2D_-XY-Z_Y;Corner_2D_-X-YZ_X;Corner_2D_-X-YZ_Y;Corner_2D_-X-Y-Z_X;Corner_2D_-X-Y-Z_Y;
J0:19:17:01:937;Hatchback_Car_AI_C_0;211;39065.363281;-67410.054688;-53387.597656;-1;-1;651.668945;-0.125636;-0.986507;-0.104969;39062.546875;-67432.09375;-53310.503906;204.0;92.0;76.0;39127.160156;-67652.882812;-53256.324219;39129.199219;-67637.054688;-53407.488281;38944.636719;-67629.632812;-53256.347656;38946.675781;-67613.804688;-53407.511719;39178.417969;-67250.382812;-53213.496094;39180.457031;-67234.554688;-53364.660156;38995.894531;-67227.132812;-53213.519531;38997.933594;-67211.304688;-53364.683594;-1;-1;-1;-1;-1;-1;-1;-1;-1;-1;-1;-1;-1;-1;-1;-1;-1;-1
J0:19:17:01:937;Hatchback_Car_AI_C_7;211;39659.539062;-64541.21875;-53280.207031;-1;-1;512.27002;-0.280069;-0.959962;0.005909;39655.722656;-64554.203125;-53201.125;204.0;92.0;76.0;39687.007812;-64775.363281;-53123.886719;39686.804688;-64776.238281;-53275.886719;39510.375;-64723.832031;-53123.949219;39510.171875;-64724.707031;-53275.949219;39801.273438;-64383.699219;-53126.300781;39801.070312;-64384.574219;-53278.300781;39624.640625;-64332.167969;-53126.363281;39624.4375;-64333.042969;-53278.363281;-1;-1;-1;-1;-1;-1;-1;-1;-1;-1;-1;-1;-1;-1;-1;-1;-1;-1
J0:19:17:01:937;Hatchback_Car_AI_C_11;211;40068.816406;-63224.507812;-53306.871094;-1;-1;-1.126913;-0.308942;-0.950948;0.015888;40064.886719;-63236.628906;-53227.660156;204.0;92.0;76.0;40089.742188;-63457.902344;-53148.433594;40088.984375;-63460.191406;-53300.417969;39914.742188;-63401.050781;-53148.417969;39913.984375;-63403.339844;-53300.402344;40215.789062;-63069.917969;-53154.917969;40215.03125;-63072.207031;-53306.902344;40040.789062;-63013.066406;-53154.902344;40040.03125;-63015.355469;-53306.886719;-1;-1;-1;-1;-1;-1;-1;-1;-1;-1;-1;-1;-1;-1;-1;-1;-1;-1
