Time;ID;Cat;XPos;YPos;ZPos;2D_XPos;2D_YPos;Vel;XDir;YDir;ZDir;BBox_XPos;BBox_YPos;BBox_ZPos;BBox_Ext_X;BBox_Ext_Y;BBox_Ext_Z;Corner_XYZ_X;Corner_XYZ_Y;Corner_XYZ_Z;Corner_XY-Z_X;Corner_XY-Z_Y;Corner_XY-Z_Z;Corner_X-YZ_X;Corner_X-YZ_Y;Corner_X-YZ_Z;Corner_X-Y-Z_X;Corner_X-Y-Z_Y;Corner_X-Y-Z_Z;Corner_-XYZ_X;Corner_-XYZ_Y;Corner_-XYZ_Z;Corner_-XY-Z_X;Corner_-XY-Z_Y;Corner_-XY-Z_Z;Corner_-X-YZ_X;Corner_-X-YZ_Y;Corner_-X-YZ_Z;Corner_-X-Y-Z_X;Corner_-X-Y-Z_Y;Corner_-X-Y-Z_Z;BBox_2D_XPos;BBox_2D_YPos;Corner_2D_XYZ_X;Corner_2D_XYZ_Y;Corner_2D_XY-Z_X;Corner_2D_XY-Z_Y;Corner_2D_X-YZ_X;Corner_2D_X-YZ_Y;Corner_2D_X-Y-Z_X;Corner_2D_X-Y-Z_Y;Corner_2D_-XYZ_X;Corner_2D_-XYZ_Y;Corner_-2D_XY-Z_X;Corner_2D_-XY-Z_Y;Corner_2D_-X-YZ_X;Corner_2D_-X-YZ_Y;Corner_2D_-X-Y-Z_X;Corner_2D_-X-Y-Z_Y;
J0:19:16:21:934;Hatchback_Car_AI_C_0;211;39473.457031;-65243.652344;-53281.386719;-1;-1;632.183105;-0.244883;-0.96952;-0.007886;39469.851562;-65257.824219;-53202.5;204.0;92.0;76.0;39508.925781;-65478.710938;-53128.085938;39509.261719;-65477.5625;-53280.078125;39330.527344;-65433.648438;-53128.140625;39330.863281;-65432.5;-53280.132812;39608.839844;-65083.148438;-53124.867188;39609.175781;-65082.0;-53276.859375;39430.441406;-65038.085938;-53124.921875;39430.777344;-65036.9375;-53276.914062;-1;-1;-1;-1;-1;-1;-1;-1;-1;-1;-1;-1;-1;-1;-1;-1;-1;-1
J0:19:16:21:934;Hatchback_Car_AI_C_7;211;40059.414062;-63253.257812;-53304.933594;-1;-1;153.706894;-0.308988;-0.950412;0.035261;40055.941406;-63263.914062;-53225.488281;204.0;92.0;76.0;40081.222656;-63483.691406;-53142.335938;40079.574219;-63488.792969;-53294.242188;39906.238281;-63426.800781;-53142.351562;39904.589844;-63431.902344;-53294.257812;40207.292969;-63095.925781;-53156.71875;40205.644531;-63101.027344;-53308.625;40032.308594;-63039.035156;-53156.734375;40030.660156;-63044.136719;-53308.640625;-1;-1;-1;-1;-1;-1;-1;-1;-1;-1;-1;-1;-1;-1;-1;-1;-1;-1
