Time;ID;Cat;XPos;YPos;ZPos;2D_XPos;2D_YPos;Vel;XDir;YDir;ZDir;BBox_XPos;BBox_YPos;BBox_ZPos;BBox_Ext_X;BBox_Ext_Y;BBox_Ext_Z;Corner_XYZ_X;Corner_XYZ_Y;Corner_XYZ_Z;Corner_XY-Z_X;Corner_XY-Z_Y;Corner_XY-Z_Z;Corner_X-YZ_X;Corner_X-YZ_Y;Corner_X-YZ_Z;Corner_X-Y-Z_X;Corner_X-Y-Z_Y;Corner_X-Y-Z_Z;Corner_-XYZ_X;Corner_-XYZ_Y;Corner_-XYZ_Z;Corner_-XY-Z_X;Corner_-XY-Z_Y;Corner_-XY-Z_Z;Corner_-X-YZ_X;Corner_-X-YZ_Y;Corner_-X-YZ_Z;Corner_-X-Y-Z_X;Corner_-X-Y-Z_Y;Corner_-X-Y-Z_Z;BBox_2D_XPos;BBox_2D_YPos;Corner_2D_XYZ_X;Corner_2D_XYZ_Y;Corner_2D_XY-Z_X;Corner_2D_XY-Z_Y;Corner_2D_X-YZ_X;Corner_2D_X-YZ_Y;Corner_2D_X-Y-Z_X;Corner_2D_X-Y-Z_Y;Corner_2D_-XYZ_X;Corner_2D_-XYZ_Y;Corner_-2D_XY-Z_X;Corner_2D_-XY-Z_Y;Corner_2D_-X-YZ_X;Corner_2D_-X-YZ_Y;Corner_2D_-X-Y-Z_X;Corner_2D_-X-Y-Z_Y;
J0:19:16:09:135;Hatchback_Car_AI_C_0;211;39627.695312;-64655.757812;-53279.644531;-1;-1;540.484253;-0.272861;-0.962041;0.004847;39623.953125;-64668.851562;-53200.578125;204.0;92.0;76.0;39656.871094;-64889.847656;-53123.558594;39656.722656;-64890.574219;-53275.558594;39479.855469;-64839.644531;-53123.621094;39479.707031;-64840.371094;-53275.621094;39768.199219;-64497.332031;-53125.535156;39768.050781;-64498.058594;-53277.535156;39591.183594;-64447.128906;-53125.597656;39591.035156;-64447.855469;-53277.597656;-1;-1;-1;-1;-1;-1;-1;-1;-1;-1;-1;-1;-1;-1;-1;-1;-1;-1
J0:19:16:09:135;Hatchback_Car_AI_C_7;211;40068.648438;-63224.929688;-53306.160156;-1;-1;-0.013923;-0.308791;-0.950613;0.031353;40065.09375;-63235.882812;-53226.761719;204.0;92.0;76.0;40090.339844;-63455.964844;-53144.410156;40088.863281;-63460.496094;-53296.332031;39915.339844;-63399.121094;-53144.402344;39913.863281;-63403.652344;-53296.324219;40216.324219;-63068.113281;-53157.199219;40214.847656;-63072.644531;-53309.121094;40041.324219;-63011.269531;-53157.191406;40039.847656;-63015.800781;-53309.113281;-1;-1;-1;-1;-1;-1;-1;-1;-1;-1;-1;-1;-1;-1;-1;-1;-1;-1
