Time;ID;Cat;XPos;YPos;ZPos;2D_XPos;2D_YPos;Vel;XDir;YDir;ZDir;BBox_XPos;BBox_YPos;BBox_ZPos;BBox_Ext_X;BBox_Ext_Y;BBox_Ext_Z;Corner_XYZ_X;Corner_XYZ_Y;Corner_XYZ_Z;Corner_XY-Z_X;Corner_XY-Z_Y;Corner_XY-Z_Z;Corner_X-YZ_X;Corner_X-YZ_Y;Corner_X-YZ_Z;Corner_X-Y-Z_X;Corner_X-Y-Z_Y;Corner_X-Y-Z_Z;Corner_-XYZ_X;Corner_-XYZ_Y;Corner_-XYZ_Z;Corner_-XY-Z_X;Corner_-XY-Z_Y;Corner_-XY-Z_Z;Corner_-X-YZ_X;Corner_-X-YZ_Y;Corner_-X-YZ_Z;Corner_-X-Y-Z_X;Corner_-X-Y-Z_Y;Corner_-X-Y-Z_Z;BBox_2D_XPos;BBox_2D_YPos;Corner_2D_XYZ_X;Corner_2D_XYZ_Y;Corner_2D_XY-Z_X;Corner_2D_XY-Z_Y;Corner_2D_X-YZ_X;Corner_2D_X-YZ_Y;Corner_2D_X-Y-Z_X;Corner_2D_X-Y-Z_Y;Corner_2D_-XYZ_X;Corner_2D_-XYZ_Y;Corner_-2D_XY-Z_X;Corner_2D_-XY-Z_Y;Corner_2D_-X-YZ_X;Corner_2D_-X-YZ_Y;Corner_2D_-X-Y-Z_X;Corner_2D_-X-Y-Z_Y;
J0:19:17:37:130;Hatchback_Car_AI_C_0;211;38986.0625;-69356.132812;-53736.765625;-1;-1;651.815857;0.034634;-0.970002;-0.240615;38987.3125;-69388.703125;-53663.457031;204.0;92.0;76.0;39087.058594;-69601.554688;-53638.875;39085.582031;-69565.007812;-53786.40625;38903.175781;-69608.164062;-53638.679688;38901.699219;-69571.617188;-53786.210938;39072.925781;-69205.789062;-53540.703125;39071.449219;-69169.242188;-53688.234375;38889.042969;-69212.398438;-53540.507812;38887.566406;-69175.851562;-53688.039062;-1;-1;-1;-1;-1;-1;-1;-1;-1;-1;-1;-1;-1;-1;-1;-1;-1;-1
J0:19:17:37:130;Hatchback_Car_AI_C_7;211;39241.210938;-66299.226562;-53308.976562;-1;-1;658.97113;-0.190713;-0.980757;-0.041762;39237.894531;-66316.195312;-53230.628906;204.0;92.0;76.0;39288.675781;-66536.945312;-53163.195312;39289.917969;-66530.726562;-53315.0625;39108.058594;-66501.820312;-53163.234375;39109.300781;-66495.601562;-53315.101562;39366.488281;-66136.789062;-53146.15625;39367.730469;-66130.570312;-53298.023438;39185.871094;-66101.664062;-53146.195312;39187.113281;-66095.445312;-53298.0625;-1;-1;-1;-1;-1;-1;-1;-1;-1;-1;-1;-1;-1;-1;-1;-1;-1;-1
J0:19:17:37:130;Hatchback_Car_AI_C_11;211;39962.824219;-63550.0;-53296.644531;-1;-1;355.450165;-0.3088;-0.95072;0.027807;39959.148438;-63561.210938;-53217.285156;204.0;92.0;76.0;39984.277344;-63781.554688;-53135.605469;39983.027344;-63785.59375;-53287.542969;39809.277344;-63724.71875;-53135.683594;39808.027344;-63728.757812;-53287.621094;40110.269531;-63393.664062;-53146.949219;40109.019531;-63397.703125;-53298.886719;39935.269531;-63336.828125;-53147.027344;39934.019531;-63340.867188;-53298.964844;-1;-1;-1;-1;-1;-1;-1;-1;-1;-1;-1;-1;-1;-1;-1;-1;-1;-1
