Time;ID;Cat;XPos;YPos;ZPos;2D_XPos;2D_YPos;Vel;XDir;YDir;ZDir;BBox_XPos;BBox_YPos;BBox_ZPos;BBox_Ext_X;BBox_Ext_Y;BBox_Ext_Z;Corner_XYZ_X;Corner_XYZ_Y;Corner_XYZ_Z;Corner_XY-Z_X;Corner_XY-Z_Y;Corner_XY-Z_Z;Corner_X-YZ_X;Corner_X-YZ_Y;Corner_X-YZ_Z;Corner_X-Y-Z_X;Corner_X-Y-Z_Y;Corner_X-Y-Z_Z;Corner_-XYZ_X;Corner_-XYZ_Y;Corner_-XYZ_Z;Corner_-XY-Z_X;Corner_-XY-Z_Y;Corner_-XY-Z_Z;Corner_-X-YZ_X;Corner_-X-YZ_Y;Corner_-X-YZ_Z;Corner_-X-Y-Z_X;Corner_-X-Y-Z_Y;Corner_-X-Y-Z_Z;BBox_2D_XPos;BBox_2D_YPos;Corner_2D_XYZ_X;Corner_2D_XYZ_Y;Corner_2D_XY-Z_X;Corner_2D_XY-Z_Y;Corner_2D_X-YZ_X;Corner_2D_X-YZ_Y;Corner_2D_X-Y-Z_X;Corner_2D_X-Y-Z_Y;Corner_2D_-XYZ_X;Corner_2D_-XYZ_Y;Corner_-2D_XY-Z_X;Corner_2D_-XY-Z_Y;Corner_2D_-X-YZ_X;Corner_2D_-X-YZ_Y;Corner_2D_-X-Y-Z_X;Corner_2D_-X-Y-Z_Y;
J0:19:17:03:936;Hatchback_Car_AI_C_0;211;39052.140625;-67520.609375;-53399.664062;-1;-1;664.058105;-0.118935;-0.986566;-0.111994;39049.445312;-67543.210938;-53322.730469;204.0;92.0;76.0;39115.53125;-67763.929688;-53270.085938;39117.515625;-67747.023438;-53421.132812;38932.851562;-67741.914062;-53270.023438;38934.835938;-67725.007812;-53421.070312;39164.054688;-67361.414062;-53224.390625;39166.039062;-67344.507812;-53375.4375;38981.375;-67339.398438;-53224.328125;38983.359375;-67322.492188;-53375.375;-1;-1;-1;-1;-1;-1;-1;-1;-1;-1;-1;-1;-1;-1;-1;-1;-1;-1
J0:19:17:03:936;Hatchback_Car_AI_C_7;211;39635.71875;-64625.8125;-53279.773438;-1;-1;534.336792;-0.274478;-0.961579;0.005337;39631.960938;-64638.859375;-53200.699219;204.0;92.0;76.0;39664.515625;-64859.875;-53123.574219;39664.351562;-64860.671875;-53275.574219;39487.585938;-64809.367188;-53123.644531;39487.421875;-64810.164062;-53275.644531;39776.5;-64467.554688;-53125.753906;39776.335938;-64468.351562;-53277.753906;39599.570312;-64417.046875;-53125.824219;39599.40625;-64417.84375;-53277.824219;-1;-1;-1;-1;-1;-1;-1;-1;-1;-1;-1;-1;-1;-1;-1;-1;-1;-1
J0:19:17:03:936;Hatchback_Car_AI_C_11;211;40068.714844;-63224.78125;-53306.675781;-1;-1;-0.565002;-0.308862;-0.950763;0.02555;40065.011719;-63236.171875;-53227.34375;204.0;92.0;76.0;40090.101562;-63456.707031;-53146.152344;40088.90625;-63460.402344;-53298.105469;39915.101562;-63399.855469;-53146.160156;39913.90625;-63403.550781;-53298.113281;40216.117188;-63068.792969;-53156.574219;40214.921875;-63072.488281;-53308.527344;40041.117188;-63011.941406;-53156.582031;40039.921875;-63015.636719;-53308.535156;-1;-1;-1;-1;-1;-1;-1;-1;-1;-1;-1;-1;-1;-1;-1;-1;-1;-1
