Time;ID;Cat;XPos;YPos;ZPos;2D_XPos;2D_YPos;Vel;XDir;YDir;ZDir;BBox_XPos;BBox_YPos;BBox_ZPos;BBox_Ext_X;BBox_Ext_Y;BBox_Ext_Z;Corner_XYZ_X;Corner_XYZ_Y;Corner_XYZ_Z;Corner_XY-Z_X;Corner_XY-Z_Y;Corner_XY-Z_Z;Corner_X-YZ_X;Corner_X-YZ_Y;Corner_X-YZ_Z;Corner_X-Y-Z_X;Corner_X-Y-Z_Y;Corner_X-Y-Z_Z;Corner_-XYZ_X;Corner_-XYZ_Y;Corner_-XYZ_Z;Corner_-XY-Z_X;Corner_-XY-Z_Y;Corner_-XY-Z_Z;Corner_-X-YZ_X;Corner_-X-YZ_Y;Corner_-X-YZ_Z;Corner_-X-Y-Z_X;Corner_-X-Y-Z_Y;Corner_-X-Y-Z_Z;BBox_2D_XPos;BBox_2D_YPos;Corner_2D_XYZ_X;Corner_2D_XYZ_Y;Corner_2D_XY-Z_X;Corner_2D_XY-Z_Y;Corner_2D_X-YZ_X;Corner_2D_X-YZ_Y;Corner_2D_X-Y-Z_X;Corner_2D_X-Y-Z_Y;Corner_2D_-XYZ_X;Corner_2D_-XYZ_Y;Corner_-2D_XY-Z_X;Corner_2D_-XY-Z_Y;Corner_2D_-X-YZ_X;Corner_2D_-X-YZ_Y;Corner_2D_-X-Y-Z_X;Corner_2D_-X-Y-Z_Y;
J0:19:17:55:532;Hatchback_Car_AI_C_0;211;39052.8125;-70378.296875;-53997.84375;-1;-1;696.004761;0.079419;-0.964414;-0.252187;39055.738281;-70411.640625;-53924.929688;204.0;92.0;76.0;39165.367188;-70619.867188;-53903.03125;39161.882812;-70581.695312;-54050.117188;38982.0;-70635.070312;-53902.632812;38978.515625;-70596.898438;-54049.71875;39132.960938;-70226.382812;-53800.140625;39129.476562;-70188.210938;-53947.226562;38949.59375;-70241.585938;-53799.742188;38946.109375;-70203.414062;-53946.828125;-1;-1;1911;599;1911;607;-1;-1;-1;-1;-1;-1;-1;-1;-1;-1;-1;-1
J0:19:17:55:532;Hatchback_Car_AI_C_7;211;39080.660156;-67290.609375;-53375.332031;-1;-1;666.014465;-0.135751;-0.986128;-0.095515;39077.742188;-67311.890625;-53298.03125;204.0;92.0;76.0;39140.210938;-67532.804688;-53241.875;39142.171875;-67518.414062;-53393.179688;38957.929688;-67507.710938;-53241.851562;38959.890625;-67493.320312;-53393.15625;39195.59375;-67130.460938;-53202.90625;39197.554688;-67116.070312;-53354.210938;39013.3125;-67105.367188;-53202.882812;39015.273438;-67090.976562;-53354.1875;-1;-1;-1;-1;-1;-1;-1;-1;-1;-1;-1;-1;-1;-1;-1;-1;-1;-1
J0:19:17:55:532;Hatchback_Car_AI_C_11;211;39755.539062;-64211.949219;-53283.261719;-1;-1;526.637634;-0.2922;-0.956255;0.013979;39751.722656;-64224.265625;-53204.074219;204.0;92.0;76.0;39780.359375;-64445.191406;-53125.171875;39779.835938;-64447.253906;-53277.15625;39604.390625;-64391.425781;-53125.289062;39603.867188;-64393.488281;-53277.273438;39899.578125;-64055.042969;-53130.875;39899.054688;-64057.105469;-53282.859375;39723.609375;-64001.277344;-53130.992188;39723.085938;-64003.339844;-53282.976562;-1;-1;-1;-1;-1;-1;-1;-1;-1;-1;-1;-1;-1;-1;-1;-1;-1;-1
