Time;ID;Cat;XPos;YPos;ZPos;2D_XPos;2D_YPos;Vel;XDir;YDir;ZDir;BBox_XPos;BBox_YPos;BBox_ZPos;BBox_Ext_X;BBox_Ext_Y;BBox_Ext_Z;Corner_XYZ_X;Corner_XYZ_Y;Corner_XYZ_Z;Corner_XY-Z_X;Corner_XY-Z_Y;Corner_XY-Z_Z;Corner_X-YZ_X;Corner_X-YZ_Y;Corner_X-YZ_Z;Corner_X-Y-Z_X;Corner_X-Y-Z_Y;Corner_X-Y-Z_Z;Corner_-XYZ_X;Corner_-XYZ_Y;Corner_-XYZ_Z;Corner_-XY-Z_X;Corner_-XY-Z_Y;Corner_-XY-Z_Z;Corner_-X-YZ_X;Corner_-X-YZ_Y;Corner_-X-YZ_Z;Corner_-X-Y-Z_X;Corner_-X-Y-Z_Y;Corner_-X-Y-Z_Z;BBox_2D_XPos;BBox_2D_YPos;Corner_2D_XYZ_X;Corner_2D_XYZ_Y;Corner_2D_XY-Z_X;Corner_2D_XY-Z_Y;Corner_2D_X-YZ_X;Corner_2D_X-YZ_Y;Corner_2D_X-Y-Z_X;Corner_2D_X-Y-Z_Y;Corner_2D_-XYZ_X;Corner_2D_-XYZ_Y;Corner_-2D_XY-Z_X;Corner_2D_-XY-Z_Y;Corner_2D_-X-YZ_X;Corner_2D_-X-YZ_Y;Corner_2D_-X-Y-Z_X;Corner_2D_-X-Y-Z_Y;
J0:19:16:51:530;Hatchback_Car_AI_C_0;211;39146.6875;-66840.46875;-53338.300781;-1;-1;621.719421;-0.161708;-0.984494;-0.067992;39143.527344;-66859.546875;-53260.433594;204.0;92.0;76.0;39200.457031;-67080.390625;-53198.449219;39202.183594;-67070.203125;-53350.097656;39018.894531;-67050.5625;-53198.511719;39020.621094;-67040.375;-53350.160156;39266.433594;-66678.71875;-53170.707031;39268.160156;-66668.53125;-53322.355469;39084.871094;-66648.890625;-53170.769531;39086.597656;-66638.703125;-53322.417969;-1;-1;-1;-1;-1;-1;-1;-1;-1;-1;-1;-1;-1;-1;-1;-1;-1;-1
J0:19:16:51:530;Hatchback_Car_AI_C_7;211;39787.945312;-64104.292969;-53284.628906;-1;-1;503.465729;-0.29491;-0.955399;0.015491;39784.128906;-64116.484375;-53205.421875;204.0;92.0;76.0;39812.175781;-64337.378906;-53126.210938;39811.574219;-64339.660156;-53278.195312;39636.363281;-64283.113281;-53126.328125;39635.761719;-64285.394531;-53278.3125;39932.496094;-63947.574219;-53132.53125;39931.894531;-63949.855469;-53284.515625;39756.683594;-63893.308594;-53132.648438;39756.082031;-63895.589844;-53284.632812;-1;-1;-1;-1;-1;-1;-1;-1;-1;-1;-1;-1;-1;-1;-1;-1;-1;-1
