Time;ID;Cat;XPos;YPos;ZPos;2D_XPos;2D_YPos;Vel;XDir;YDir;ZDir;BBox_XPos;BBox_YPos;BBox_ZPos;BBox_Ext_X;BBox_Ext_Y;BBox_Ext_Z;Corner_XYZ_X;Corner_XYZ_Y;Corner_XYZ_Z;Corner_XY-Z_X;Corner_XY-Z_Y;Corner_XY-Z_Z;Corner_X-YZ_X;Corner_X-YZ_Y;Corner_X-YZ_Z;Corner_X-Y-Z_X;Corner_X-Y-Z_Y;Corner_X-Y-Z_Z;Corner_-XYZ_X;Corner_-XYZ_Y;Corner_-XYZ_Z;Corner_-XY-Z_X;Corner_-XY-Z_Y;Corner_-XY-Z_Z;Corner_-X-YZ_X;Corner_-X-YZ_Y;Corner_-X-YZ_Z;Corner_-X-Y-Z_X;Corner_-X-Y-Z_Y;Corner_-X-Y-Z_Z;BBox_2D_XPos;BBox_2D_YPos;Corner_2D_XYZ_X;Corner_2D_XYZ_Y;Corner_2D_XY-Z_X;Corner_2D_XY-Z_Y;Corner_2D_X-YZ_X;Corner_2D_X-YZ_Y;Corner_2D_X-Y-Z_X;Corner_2D_X-Y-Z_Y;Corner_2D_-XYZ_X;Corner_2D_-XYZ_Y;Corner_-2D_XY-Z_X;Corner_2D_-XY-Z_Y;Corner_2D_-X-YZ_X;Corner_2D_-X-YZ_Y;Corner_2D_-X-Y-Z_X;Corner_2D_-X-Y-Z_Y;
J0:19:17:04:336;Hatchback_Car_AI_C_0;211;39049.730469;-67541.960938;-53402.140625;-1;-1;651.615784;-0.115529;-0.986744;-0.113972;39047.050781;-67564.71875;-53325.25;204.0;92.0;76.0;39113.839844;-67785.320312;-53272.980469;39115.878906;-67768.117188;-53423.988281;38931.089844;-67763.914062;-53273.011719;38933.128906;-67746.710938;-53424.019531;39160.972656;-67382.726562;-53226.480469;39163.011719;-67365.523438;-53377.488281;38978.222656;-67361.320312;-53226.511719;38980.261719;-67344.117188;-53377.519531;-1;-1;-1;-1;-1;-1;-1;-1;-1;-1;-1;-1;-1;-1;-1;-1;-1;-1
J0:19:17:04:336;Hatchback_Car_AI_C_7;211;39631.0625;-64642.523438;-53279.671875;-1;-1;521.827454;-0.275769;-0.961214;0.004228;39627.265625;-64655.652344;-53200.613281;204.0;92.0;76.0;39659.503906;-64876.792969;-53123.714844;39659.378906;-64877.425781;-53275.714844;39482.636719;-64826.050781;-53123.785156;39482.511719;-64826.683594;-53275.785156;39772.019531;-64484.621094;-53125.441406;39771.894531;-64485.253906;-53277.441406;39595.152344;-64433.878906;-53125.511719;39595.027344;-64434.511719;-53277.511719;-1;-1;-1;-1;-1;-1;-1;-1;-1;-1;-1;-1;-1;-1;-1;-1;-1;-1
J0:19:17:04:336;Hatchback_Car_AI_C_11;211;40068.699219;-63224.808594;-53306.601562;-1;-1;-0.476464;-0.308853;-0.950736;0.026668;40065.023438;-63236.113281;-53227.257812;204.0;92.0;76.0;40090.140625;-63456.558594;-53145.84375;40088.890625;-63460.417969;-53297.789062;39915.140625;-63399.707031;-53145.84375;39913.890625;-63403.566406;-53297.789062;40216.15625;-63068.660156;-53156.726562;40214.90625;-63072.519531;-53308.671875;40041.15625;-63011.808594;-53156.726562;40039.90625;-63015.667969;-53308.671875;-1;-1;-1;-1;-1;-1;-1;-1;-1;-1;-1;-1;-1;-1;-1;-1;-1;-1
