Time;ID;Cat;XPos;YPos;ZPos;2D_XPos;2D_YPos;Vel;XDir;YDir;ZDir;BBox_XPos;BBox_YPos;BBox_ZPos;BBox_Ext_X;BBox_Ext_Y;BBox_Ext_Z;Corner_XYZ_X;Corner_XYZ_Y;Corner_XYZ_Z;Corner_XY-Z_X;Corner_XY-Z_Y;Corner_XY-Z_Z;Corner_X-YZ_X;Corner_X-YZ_Y;Corner_X-YZ_Z;Corner_X-Y-Z_X;Corner_X-Y-Z_Y;Corner_X-Y-Z_Z;Corner_-XYZ_X;Corner_-XYZ_Y;Corner_-XYZ_Z;Corner_-XY-Z_X;Corner_-XY-Z_Y;Corner_-XY-Z_Z;Corner_-X-YZ_X;Corner_-X-YZ_Y;Corner_-X-YZ_Z;Corner_-X-Y-Z_X;Corner_-X-Y-Z_Y;Corner_-X-Y-Z_Z;BBox_2D_XPos;BBox_2D_YPos;Corner_2D_XYZ_X;Corner_2D_XYZ_Y;Corner_2D_XY-Z_X;Corner_2D_XY-Z_Y;Corner_2D_X-YZ_X;Corner_2D_X-YZ_Y;Corner_2D_X-Y-Z_X;Corner_2D_X-Y-Z_Y;Corner_2D_-XYZ_X;Corner_2D_-XYZ_Y;Corner_-2D_XY-Z_X;Corner_2D_-XY-Z_Y;Corner_2D_-X-YZ_X;Corner_2D_-X-YZ_Y;Corner_2D_-X-Y-Z_X;Corner_2D_-X-Y-Z_Y;
J0:19:16:08:335;Hatchback_Car_AI_C_0;211;39637.175781;-64621.640625;-53279.796875;-1;-1;534.34845;-0.274268;-0.961638;0.005377;39633.421875;-64634.6875;-53200.722656;204.0;92.0;76.0;39666.027344;-64855.695312;-53123.589844;39665.863281;-64856.5;-53275.589844;39489.082031;-64805.226562;-53123.660156;39488.917969;-64806.03125;-53275.660156;39777.925781;-64463.34375;-53125.785156;39777.761719;-64464.148438;-53277.785156;39600.980469;-64412.875;-53125.855469;39600.816406;-64413.679688;-53277.855469;-1;-1;-1;-1;-1;-1;-1;-1;-1;-1;-1;-1;-1;-1;-1;-1;-1;-1
J0:19:16:08:335;Hatchback_Car_AI_C_7;211;40068.652344;-63224.929688;-53306.171875;-1;-1;-0.025385;-0.308795;-0.950614;0.031276;40065.09375;-63235.890625;-53226.773438;204.0;92.0;76.0;40090.332031;-63455.976562;-53144.4375;40088.863281;-63460.5;-53296.359375;39915.332031;-63399.132812;-53144.429688;39913.863281;-63403.65625;-53296.351562;40216.324219;-63068.125;-53157.195312;40214.855469;-63072.648438;-53309.117188;40041.324219;-63011.28125;-53157.1875;40039.855469;-63015.804688;-53309.109375;-1;-1;-1;-1;-1;-1;-1;-1;-1;-1;-1;-1;-1;-1;-1;-1;-1;-1
