Time;ID;Cat;XPos;YPos;ZPos;2D_XPos;2D_YPos;Vel;XDir;YDir;ZDir;BBox_XPos;BBox_YPos;BBox_ZPos;BBox_Ext_X;BBox_Ext_Y;BBox_Ext_Z;Corner_XYZ_X;Corner_XYZ_Y;Corner_XYZ_Z;Corner_XY-Z_X;Corner_XY-Z_Y;Corner_XY-Z_Z;Corner_X-YZ_X;Corner_X-YZ_Y;Corner_X-YZ_Z;Corner_X-Y-Z_X;Corner_X-Y-Z_Y;Corner_X-Y-Z_Z;Corner_-XYZ_X;Corner_-XYZ_Y;Corner_-XYZ_Z;Corner_-XY-Z_X;Corner_-XY-Z_Y;Corner_-XY-Z_Z;Corner_-X-YZ_X;Corner_-X-YZ_Y;Corner_-X-YZ_Z;Corner_-X-Y-Z_X;Corner_-X-Y-Z_Y;Corner_-X-Y-Z_Z;BBox_2D_XPos;BBox_2D_YPos;Corner_2D_XYZ_X;Corner_2D_XYZ_Y;Corner_2D_XY-Z_X;Corner_2D_XY-Z_Y;Corner_2D_X-YZ_X;Corner_2D_X-YZ_Y;Corner_2D_X-Y-Z_X;Corner_2D_X-Y-Z_Y;Corner_2D_-XYZ_X;Corner_2D_-XYZ_Y;Corner_-2D_XY-Z_X;Corner_2D_-XY-Z_Y;Corner_2D_-X-YZ_X;Corner_2D_-X-YZ_Y;Corner_2D_-X-Y-Z_X;Corner_2D_-X-Y-Z_Y;
J0:19:17:44:332;Hatchback_Car_AI_C_0;211;39006.082031;-69755.945312;-53836.949219;-1;-1;684.323914;0.058823;-0.966502;-0.249826;39008.15625;-69789.171875;-53763.953125;204.0;92.0;76.0;39113.1875;-69999.679688;-53741.386719;39110.78125;-69961.789062;-53888.566406;38929.53125;-70010.882812;-53741.269531;38927.125;-69972.992188;-53888.449219;39089.1875;-69605.351562;-53639.457031;39086.78125;-69567.460938;-53786.636719;38905.53125;-69616.554688;-53639.339844;38903.125;-69578.664062;-53786.519531;-1;-1;-1;-1;-1;-1;-1;-1;-1;-1;-1;-1;-1;-1;-1;-1;-1;-1
J0:19:17:44:332;Hatchback_Car_AI_C_7;211;39172.222656;-66683.664062;-53328.394531;-1;-1;628.399597;-0.169569;-0.983821;-0.057817;39169.039062;-66701.929688;-53250.335938;204.0;92.0;76.0;39224.328125;-66922.585938;-53186.21875;39225.890625;-66913.929688;-53337.960938;39043.0;-66891.335938;-53186.296875;39044.5625;-66882.679688;-53338.039062;39293.515625;-66521.179688;-53162.632812;39295.078125;-66512.523438;-53314.375;39112.1875;-66489.929688;-53162.710938;39113.75;-66481.273438;-53314.453125;-1;-1;-1;-1;-1;-1;-1;-1;-1;-1;-1;-1;-1;-1;-1;-1;-1;-1
J0:19:17:44:332;Hatchback_Car_AI_C_11;211;39890.25;-63776.171875;-53291.257812;-1;-1;431.576538;-0.30489;-0.952089;0.023838;39886.515625;-63787.695312;-53211.945312;204.0;92.0;76.0;39912.445312;-64008.242188;-53131.054688;39911.421875;-64011.71875;-53283.007812;39737.210938;-63952.125;-53131.15625;39736.1875;-63955.601562;-53283.109375;40036.84375;-63619.789062;-53140.78125;40035.820312;-63623.265625;-53292.734375;39861.609375;-63563.671875;-53140.882812;39860.585938;-63567.148438;-53292.835938;-1;-1;-1;-1;-1;-1;-1;-1;-1;-1;-1;-1;-1;-1;-1;-1;-1;-1
