Time;ID;Cat;XPos;YPos;ZPos;2D_XPos;2D_YPos;Vel;XDir;YDir;ZDir;BBox_XPos;BBox_YPos;BBox_ZPos;BBox_Ext_X;BBox_Ext_Y;BBox_Ext_Z;Corner_XYZ_X;Corner_XYZ_Y;Corner_XYZ_Z;Corner_XY-Z_X;Corner_XY-Z_Y;Corner_XY-Z_Z;Corner_X-YZ_X;Corner_X-YZ_Y;Corner_X-YZ_Z;Corner_X-Y-Z_X;Corner_X-Y-Z_Y;Corner_X-Y-Z_Z;Corner_-XYZ_X;Corner_-XYZ_Y;Corner_-XYZ_Z;Corner_-XY-Z_X;Corner_-XY-Z_Y;Corner_-XY-Z_Z;Corner_-X-YZ_X;Corner_-X-YZ_Y;Corner_-X-YZ_Z;Corner_-X-Y-Z_X;Corner_-X-Y-Z_Y;Corner_-X-Y-Z_Z;BBox_2D_XPos;BBox_2D_YPos;Corner_2D_XYZ_X;Corner_2D_XYZ_Y;Corner_2D_XY-Z_X;Corner_2D_XY-Z_Y;Corner_2D_X-YZ_X;Corner_2D_X-YZ_Y;Corner_2D_X-Y-Z_X;Corner_2D_X-Y-Z_Y;Corner_2D_-XYZ_X;Corner_2D_-XYZ_Y;Corner_-2D_XY-Z_X;Corner_2D_-XY-Z_Y;Corner_2D_-X-YZ_X;Corner_2D_-X-YZ_Y;Corner_2D_-X-Y-Z_X;Corner_2D_-X-Y-Z_Y;
J0:19:16:23:939;Hatchback_Car_AI_C_0;211;39448.421875;-65346.007812;-53282.570312;-1;-1;633.898743;-0.241359;-0.970368;-0.011444;39444.816406;-65360.46875;-53203.734375;204.0;92.0;76.0;39484.644531;-65581.46875;-53130.066406;39485.074219;-65579.78125;-53282.058594;39306.082031;-65537.0625;-53130.082031;39306.511719;-65535.375;-53282.074219;39583.121094;-65185.5625;-53125.394531;39583.550781;-65183.875;-53277.386719;39404.558594;-65141.148438;-53125.410156;39404.988281;-65139.460938;-53277.402344;-1;-1;-1;-1;-1;-1;-1;-1;-1;-1;-1;-1;-1;-1;-1;-1;-1;-1
J0:19:16:23:939;Hatchback_Car_AI_C_7;211;40049.765625;-63282.84375;-53303.996094;-1;-1;206.484253;-0.309186;-0.950367;0.034731;40046.277344;-63293.535156;-53224.558594;204.0;92.0;76.0;40071.5;-63513.359375;-53141.507812;40069.882812;-63518.382812;-53293.414062;39896.523438;-63456.4375;-53141.53125;39894.90625;-63461.460938;-53293.4375;40197.648438;-63125.609375;-53155.679688;40196.03125;-63130.632812;-53307.585938;40022.671875;-63068.6875;-53155.703125;40021.054688;-63073.710938;-53307.609375;-1;-1;-1;-1;-1;-1;-1;-1;-1;-1;-1;-1;-1;-1;-1;-1;-1;-1
