Time;ID;Cat;XPos;YPos;ZPos;2D_XPos;2D_YPos;Vel;XDir;YDir;ZDir;BBox_XPos;BBox_YPos;BBox_ZPos;BBox_Ext_X;BBox_Ext_Y;BBox_Ext_Z;Corner_XYZ_X;Corner_XYZ_Y;Corner_XYZ_Z;Corner_XY-Z_X;Corner_XY-Z_Y;Corner_XY-Z_Z;Corner_X-YZ_X;Corner_X-YZ_Y;Corner_X-YZ_Z;Corner_X-Y-Z_X;Corner_X-Y-Z_Y;Corner_X-Y-Z_Z;Corner_-XYZ_X;Corner_-XYZ_Y;Corner_-XYZ_Z;Corner_-XY-Z_X;Corner_-XY-Z_Y;Corner_-XY-Z_Z;Corner_-X-YZ_X;Corner_-X-YZ_Y;Corner_-X-YZ_Z;Corner_-X-Y-Z_X;Corner_-X-Y-Z_Y;Corner_-X-Y-Z_Z;BBox_2D_XPos;BBox_2D_YPos;Corner_2D_XYZ_X;Corner_2D_XYZ_Y;Corner_2D_XY-Z_X;Corner_2D_XY-Z_Y;Corner_2D_X-YZ_X;Corner_2D_X-YZ_Y;Corner_2D_X-Y-Z_X;Corner_2D_X-Y-Z_Y;Corner_2D_-XYZ_X;Corner_2D_-XYZ_Y;Corner_-2D_XY-Z_X;Corner_2D_-XY-Z_Y;Corner_2D_-X-YZ_X;Corner_2D_-X-YZ_Y;Corner_2D_-X-Y-Z_X;Corner_2D_-X-Y-Z_Y;
J0:19:17:38:028;Hatchback_Car_AI_C_3;211;38986.179688;-69353.976562;-53736.128906;-1;-1;680.263428;0.034146;-0.970304;-0.239466;38987.421875;-69386.460938;-53662.78125;204.0;92.0;76.0;39087.0625;-69599.328125;-53637.957031;39085.59375;-69562.953125;-53785.535156;38903.179688;-69605.859375;-53637.730469;38901.710938;-69569.484375;-53785.308594;39073.132812;-69203.4375;-53540.253906;39071.664062;-69167.0625;-53687.832031;38889.25;-69209.96875;-53540.027344;38887.78125;-69173.59375;-53687.605469;-1;-1;-1;-1;-1;-1;-1;-1;-1;-1;-1;-1;-1;-1;-1;-1;-1;-1
J0:19:17:38:028;Hatchback_Car_AI_C_7;211;39275.546875;-66124.34375;-53301.894531;-1;-1;696.789185;-0.200544;-0.979094;-0.034012;39272.183594;-66140.679688;-53223.417969;204.0;92.0;76.0;39320.867188;-66361.40625;-53154.378906;39321.9375;-66356.34375;-53306.292969;39140.609375;-66324.484375;-53154.417969;39141.679688;-66319.421875;-53306.332031;39402.6875;-65961.9375;-53140.503906;39403.757812;-65956.875;-53292.417969;39222.429688;-65925.015625;-53140.542969;39223.5;-65919.953125;-53292.457031;-1;-1;-1;-1;-1;-1;-1;-1;-1;-1;-1;-1;-1;-1;-1;-1;-1;-1
