Time;ID;Cat;XPos;YPos;ZPos;2D_XPos;2D_YPos;Vel;XDir;YDir;ZDir;BBox_XPos;BBox_YPos;BBox_ZPos;BBox_Ext_X;BBox_Ext_Y;BBox_Ext_Z;Corner_XYZ_X;Corner_XYZ_Y;Corner_XYZ_Z;Corner_XY-Z_X;Corner_XY-Z_Y;Corner_XY-Z_Z;Corner_X-YZ_X;Corner_X-YZ_Y;Corner_X-YZ_Z;Corner_X-Y-Z_X;Corner_X-Y-Z_Y;Corner_X-Y-Z_Z;Corner_-XYZ_X;Corner_-XYZ_Y;Corner_-XYZ_Z;Corner_-XY-Z_X;Corner_-XY-Z_Y;Corner_-XY-Z_Z;Corner_-X-YZ_X;Corner_-X-YZ_Y;Corner_-X-YZ_Z;Corner_-X-Y-Z_X;Corner_-X-Y-Z_Y;Corner_-X-Y-Z_Z;BBox_2D_XPos;BBox_2D_YPos;Corner_2D_XYZ_X;Corner_2D_XYZ_Y;Corner_2D_XY-Z_X;Corner_2D_XY-Z_Y;Corner_2D_X-YZ_X;Corner_2D_X-YZ_Y;Corner_2D_X-Y-Z_X;Corner_2D_X-Y-Z_Y;Corner_2D_-XYZ_X;Corner_2D_-XYZ_Y;Corner_-2D_XY-Z_X;Corner_2D_-XY-Z_Y;Corner_2D_-X-YZ_X;Corner_2D_-X-YZ_Y;Corner_2D_-X-Y-Z_X;Corner_2D_-X-Y-Z_Y;
J0:19:18:16:150;Hatchback_Car_AI_C_3;211;39165.605469;-71552.734375;-54280.492188;1749;662;667.445312;0.099127;-0.974927;-0.199226;39168.523438;-71582.046875;-54205.863281;204.0;92.0;76.0;39281.75;-71786.710938;-54171.957031;39278.804688;-71756.570312;-54320.910156;39098.6875;-71805.289062;-54172.097656;39095.742188;-71775.148438;-54321.050781;39241.304688;-71388.945312;-54090.675781;39238.359375;-71358.804688;-54239.628906;39058.242188;-71407.523438;-54090.816406;39055.296875;-71377.382812;-54239.769531;1743;649;1695;642;1695;653;1762;642;1762;653;1724;646;1724;657;1794;646;1794;657
J0:19:18:16:150;Hatchback_Car_AI_C_7;211;38990.921875;-68302.257812;-53511.179688;-1;-1;684.297913;-0.052053;-0.984183;-0.169332;38989.492188;-68329.398438;-53435.691406;204.0;92.0;76.0;39070.070312;-68547.882812;-53395.335938;39071.421875;-68522.179688;-53545.140625;38886.328125;-68538.164062;-53395.328125;38887.679688;-68512.460938;-53545.132812;39091.304688;-68146.335938;-53326.25;39092.65625;-68120.632812;-53476.054688;38907.5625;-68136.617188;-53326.242188;38908.914062;-68110.914062;-53476.046875;-1;-1;-1;-1;-1;-1;-1;-1;-1;-1;-1;-1;-1;-1;-1;-1;-1;-1
