Time;ID;Cat;XPos;YPos;ZPos;2D_XPos;2D_YPos;Vel;XDir;YDir;ZDir;BBox_XPos;BBox_YPos;BBox_ZPos;BBox_Ext_X;BBox_Ext_Y;BBox_Ext_Z;Corner_XYZ_X;Corner_XYZ_Y;Corner_XYZ_Z;Corner_XY-Z_X;Corner_XY-Z_Y;Corner_XY-Z_Z;Corner_X-YZ_X;Corner_X-YZ_Y;Corner_X-YZ_Z;Corner_X-Y-Z_X;Corner_X-Y-Z_Y;Corner_X-Y-Z_Z;Corner_-XYZ_X;Corner_-XYZ_Y;Corner_-XYZ_Z;Corner_-XY-Z_X;Corner_-XY-Z_Y;Corner_-XY-Z_Z;Corner_-X-YZ_X;Corner_-X-YZ_Y;Corner_-X-YZ_Z;Corner_-X-Y-Z_X;Corner_-X-Y-Z_Y;Corner_-X-Y-Z_Z;BBox_2D_XPos;BBox_2D_YPos;Corner_2D_XYZ_X;Corner_2D_XYZ_Y;Corner_2D_XY-Z_X;Corner_2D_XY-Z_Y;Corner_2D_X-YZ_X;Corner_2D_X-YZ_Y;Corner_2D_X-Y-Z_X;Corner_2D_X-Y-Z_Y;Corner_2D_-XYZ_X;Corner_2D_-XYZ_Y;Corner_-2D_XY-Z_X;Corner_2D_-XY-Z_Y;Corner_2D_-X-YZ_X;Corner_2D_-X-YZ_Y;Corner_2D_-X-Y-Z_X;Corner_2D_-X-Y-Z_Y;
J0:19:19:52:147;Hatchback_Car_AI_C_7;211;39378.085938;-73596.765625;-54478.769531;1392;689;666.216736;0.083641;-0.996491;-0.00316;39379.273438;-73610.96875;-54399.8125;204.0;92.0;76.0;39488.027344;-73806.796875;-54324.449219;39487.996094;-73806.3125;-54476.449219;39304.675781;-73822.1875;-54324.464844;39304.644531;-73821.703125;-54476.464844;39453.902344;-73400.234375;-54323.160156;39453.871094;-73399.75;-54475.160156;39270.550781;-73415.625;-54323.175781;39270.519531;-73415.140625;-54475.175781;1390;677;1351;662;1351;686;1413;662;1413;686;1366;667;1366;691;1430;667;1430;691
J0:19:19:52:147;Hatchback_Car_AI_C_11;211;39084.484375;-70725.632812;-54087.066406;1900;631;692.704285;0.08987;-0.964636;-0.247791;39087.699219;-70758.617188;-54014.0;204.0;92.0;76.0;39199.511719;-70965.5625;-53991.082031;39195.746094;-70928.09375;-54138.339844;39016.316406;-70982.71875;-53990.761719;39012.550781;-70945.25;-54138.019531;39162.847656;-70571.984375;-53889.980469;39159.082031;-70534.515625;-54037.238281;38979.652344;-70589.140625;-53889.660156;38975.886719;-70551.671875;-54036.917969;1893;619;1841;613;1841;621;1910;613;1910;621;1877;616;1877;624;-1;-1;-1;-1
J0:19:19:52:147;Hatchback_Car_AI_C_15;211;39104.144531;-67125.9375;-53360.171875;-1;-1;667.18335;-0.144048;-0.985925;-0.084871;39101.136719;-67146.375;-53282.644531;204.0;92.0;76.0;39161.828125;-67367.1875;-53224.203125;39163.734375;-67354.421875;-53375.65625;38979.765625;-67340.578125;-53224.257812;38981.671875;-67327.8125;-53375.710938;39220.601562;-66964.9375;-53189.578125;39222.507812;-66952.171875;-53341.03125;39038.539062;-66938.328125;-53189.632812;39040.445312;-66925.5625;-53341.085938;-1;-1;-1;-1;-1;-1;-1;-1;-1;-1;-1;-1;-1;-1;-1;-1;-1;-1
