Time;ID;Cat;XPos;YPos;ZPos;2D_XPos;2D_YPos;Vel;XDir;YDir;ZDir;BBox_XPos;BBox_YPos;BBox_ZPos;BBox_Ext_X;BBox_Ext_Y;BBox_Ext_Z;Corner_XYZ_X;Corner_XYZ_Y;Corner_XYZ_Z;Corner_XY-Z_X;Corner_XY-Z_Y;Corner_XY-Z_Z;Corner_X-YZ_X;Corner_X-YZ_Y;Corner_X-YZ_Z;Corner_X-Y-Z_X;Corner_X-Y-Z_Y;Corner_X-Y-Z_Z;Corner_-XYZ_X;Corner_-XYZ_Y;Corner_-XYZ_Z;Corner_-XY-Z_X;Corner_-XY-Z_Y;Corner_-XY-Z_Z;Corner_-X-YZ_X;Corner_-X-YZ_Y;Corner_-X-YZ_Z;Corner_-X-Y-Z_X;Corner_-X-Y-Z_Y;Corner_-X-Y-Z_Z;BBox_2D_XPos;BBox_2D_YPos;Corner_2D_XYZ_X;Corner_2D_XYZ_Y;Corner_2D_XY-Z_X;Corner_2D_XY-Z_Y;Corner_2D_X-YZ_X;Corner_2D_X-YZ_Y;Corner_2D_X-Y-Z_X;Corner_2D_X-Y-Z_Y;Corner_2D_-XYZ_X;Corner_2D_-XYZ_Y;Corner_-2D_XY-Z_X;Corner_2D_-XY-Z_Y;Corner_2D_-X-YZ_X;Corner_2D_-X-YZ_Y;Corner_2D_-X-Y-Z_X;Corner_2D_-X-Y-Z_Y;
J0:19:19:45:344;Hatchback_Car_AI_C_7;211;39344.992188;-73218.359375;-54472.128906;1456;689;631.122559;0.101228;-0.994164;-0.0373;39346.519531;-73235.226562;-54393.707031;204.0;92.0;76.0;39458.808594;-73431.5625;-54325.152344;39458.589844;-73425.890625;-54477.042969;39275.753906;-73450.1875;-54325.589844;39275.535156;-73444.515625;-54477.480469;39417.503906;-73025.9375;-54309.933594;39417.285156;-73020.265625;-54461.824219;39234.449219;-73044.5625;-54310.371094;39234.230469;-73038.890625;-54462.261719;1453;676;1413;663;1413;685;1475;663;1475;685;1430;668;1430;690;1495;668;1495;690
J0:19:19:45:344;Hatchback_Car_AI_C_11;211;39051.023438;-70346.648438;-53989.789062;-1;-1;671.502808;0.078784;-0.964262;-0.252968;39053.914062;-70380.054688;-53916.898438;204.0;92.0;76.0;39163.394531;-70588.375;-53895.160156;39159.957031;-70550.078125;-54042.214844;38980.011719;-70603.453125;-53894.792969;38976.574219;-70565.15625;-54041.847656;39131.253906;-70194.953125;-53791.949219;39127.816406;-70156.65625;-53939.003906;38947.871094;-70210.03125;-53791.582031;38944.433594;-70171.734375;-53938.636719;-1;-1;1910;598;1910;605;-1;-1;-1;-1;-1;-1;-1;-1;-1;-1;-1;-1
J0:19:19:45:344;Hatchback_Car_AI_C_15;211;39161.960938;-66749.953125;-53332.175781;-1;-1;678.205566;-0.166042;-0.984293;-0.059982;39158.835938;-66768.40625;-53254.15625;204.0;92.0;76.0;39214.914062;-66989.0;-53190.511719;39216.453125;-66980.015625;-53342.238281;39033.476562;-66958.390625;-53190.542969;39035.015625;-66949.40625;-53342.269531;39282.65625;-66587.40625;-53166.042969;39284.195312;-66578.421875;-53317.769531;39101.21875;-66556.796875;-53166.074219;39102.757812;-66547.8125;-53317.800781;-1;-1;-1;-1;-1;-1;-1;-1;-1;-1;-1;-1;-1;-1;-1;-1;-1;-1
