Time;ID;Cat;XPos;YPos;ZPos;2D_XPos;2D_YPos;Vel;XDir;YDir;ZDir;BBox_XPos;BBox_YPos;BBox_ZPos;BBox_Ext_X;BBox_Ext_Y;BBox_Ext_Z;Corner_XYZ_X;Corner_XYZ_Y;Corner_XYZ_Z;Corner_XY-Z_X;Corner_XY-Z_Y;Corner_XY-Z_Z;Corner_X-YZ_X;Corner_X-YZ_Y;Corner_X-YZ_Z;Corner_X-Y-Z_X;Corner_X-Y-Z_Y;Corner_X-Y-Z_Z;Corner_-XYZ_X;Corner_-XYZ_Y;Corner_-XYZ_Z;Corner_-XY-Z_X;Corner_-XY-Z_Y;Corner_-XY-Z_Z;Corner_-X-YZ_X;Corner_-X-YZ_Y;Corner_-X-YZ_Z;Corner_-X-Y-Z_X;Corner_-X-Y-Z_Y;Corner_-X-Y-Z_Z;BBox_2D_XPos;BBox_2D_YPos;Corner_2D_XYZ_X;Corner_2D_XYZ_Y;Corner_2D_XY-Z_X;Corner_2D_XY-Z_Y;Corner_2D_X-YZ_X;Corner_2D_X-YZ_Y;Corner_2D_X-Y-Z_X;Corner_2D_X-Y-Z_Y;Corner_2D_-XYZ_X;Corner_2D_-XYZ_Y;Corner_-2D_XY-Z_X;Corner_2D_-XY-Z_Y;Corner_2D_-X-YZ_X;Corner_2D_-X-YZ_Y;Corner_2D_-X-Y-Z_X;Corner_2D_-X-Y-Z_Y;
J0:19:21:13:346;Hatchback_Car_AI_C_15;211;39172.316406;-71634.859375;-54296.511719;1734;664;661.969482;0.099781;-0.976223;-0.192441;39175.171875;-71663.65625;-54221.683594;204.0;92.0;76.0;39288.453125;-71868.023438;-54186.261719;39285.648438;-71838.914062;-54335.417969;39105.40625;-71886.695312;-54186.464844;39102.601562;-71857.585938;-54335.621094;39247.742188;-71469.726562;-54107.746094;39244.9375;-71440.617188;-54256.902344;39064.695312;-71488.398438;-54107.949219;39061.890625;-71459.289062;-54257.105469;1729;652;1681;644;1681;655;1747;644;1747;655;1710;648;1710;660;1779;648;1779;660
J0:19:21:13:346;Hatchback_Car_AI_C_19;211;38982.527344;-68498.148438;-53546.734375;-1;-1;702.247803;-0.038803;-0.981906;-0.185351;38981.472656;-68526.53125;-53471.699219;204.0;92.0;76.0;39064.996094;-68744.539062;-53434.90625;39065.980469;-68716.382812;-53584.273438;38881.136719;-68737.304688;-53434.75;38882.121094;-68709.148438;-53584.117188;39080.824219;-68343.914062;-53359.28125;39081.808594;-68315.757812;-53508.648438;38896.964844;-68336.679688;-53359.125;38897.949219;-68308.523438;-53508.492188;-1;-1;-1;-1;-1;-1;-1;-1;-1;-1;-1;-1;-1;-1;-1;-1;-1;-1
