Time;ID;Cat;XPos;YPos;ZPos;2D_XPos;2D_YPos;Vel;XDir;YDir;ZDir;BBox_XPos;BBox_YPos;BBox_ZPos;BBox_Ext_X;BBox_Ext_Y;BBox_Ext_Z;Corner_XYZ_X;Corner_XYZ_Y;Corner_XYZ_Z;Corner_XY-Z_X;Corner_XY-Z_Y;Corner_XY-Z_Z;Corner_X-YZ_X;Corner_X-YZ_Y;Corner_X-YZ_Z;Corner_X-Y-Z_X;Corner_X-Y-Z_Y;Corner_X-Y-Z_Z;Corner_-XYZ_X;Corner_-XYZ_Y;Corner_-XYZ_Z;Corner_-XY-Z_X;Corner_-XY-Z_Y;Corner_-XY-Z_Z;Corner_-X-YZ_X;Corner_-X-YZ_Y;Corner_-X-YZ_Z;Corner_-X-Y-Z_X;Corner_-X-Y-Z_Y;Corner_-X-Y-Z_Z;BBox_2D_XPos;BBox_2D_YPos;Corner_2D_XYZ_X;Corner_2D_XYZ_Y;Corner_2D_XY-Z_X;Corner_2D_XY-Z_Y;Corner_2D_X-YZ_X;Corner_2D_X-YZ_Y;Corner_2D_X-Y-Z_X;Corner_2D_X-Y-Z_Y;Corner_2D_-XYZ_X;Corner_2D_-XYZ_Y;Corner_-2D_XY-Z_X;Corner_2D_-XY-Z_Y;Corner_2D_-X-YZ_X;Corner_2D_-X-YZ_Y;Corner_2D_-X-Y-Z_X;Corner_2D_-X-Y-Z_Y;
J0:19:19:46:944;Hatchback_Car_AI_C_7;211;39353.089844;-73304.65625;-54474.71875;1441;689;646.822021;0.097961;-0.994772;-0.02884;39354.542969;-73320.867188;-54396.15625;204.0;92.0;76.0;39466.167969;-73516.984375;-54325.90625;39466.003906;-73512.59375;-54477.84375;39283.050781;-73535.0;-54326.234375;39282.886719;-73530.609375;-54478.171875;39426.199219;-73111.125;-54314.140625;39426.035156;-73106.734375;-54466.078125;39243.082031;-73129.140625;-54314.46875;39242.917969;-73124.75;-54466.40625;1438;677;1398;663;1398;685;1461;663;1461;685;1415;668;1415;691;1480;668;1480;691
J0:19:19:46:944;Hatchback_Car_AI_C_11;211;39058.59375;-70435.046875;-54012.542969;-1;-1;709.877136;0.081039;-0.964716;-0.250511;39061.5625;-70468.257812;-53939.570312;204.0;92.0;76.0;39171.53125;-70676.273438;-53917.300781;39168.0;-70638.351562;-54064.457031;38988.1875;-70691.773438;-53916.894531;38984.65625;-70653.851562;-54064.050781;39138.46875;-70282.664062;-53815.089844;39134.9375;-70244.742188;-53962.246094;38955.125;-70298.164062;-53814.683594;38951.59375;-70260.242188;-53961.839844;-1;-1;1894;601;1894;609;-1;-1;-1;-1;-1;-1;-1;-1;-1;-1;-1;-1
J0:19:19:46:944;Hatchback_Car_AI_C_15;211;39147.203125;-66841.085938;-53338.089844;-1;-1;696.454102;-0.161209;-0.984752;-0.06538;39144.082031;-66859.960938;-53260.175781;204.0;92.0;76.0;39201.15625;-67080.617188;-53197.640625;39202.820312;-67070.820312;-53349.3125;39019.570312;-67050.882812;-53197.710938;39021.234375;-67041.085938;-53349.382812;39266.929688;-66678.835938;-53170.96875;39268.59375;-66669.039062;-53322.640625;39085.34375;-66649.101562;-53171.039062;39087.007812;-66639.304688;-53322.710938;-1;-1;-1;-1;-1;-1;-1;-1;-1;-1;-1;-1;-1;-1;-1;-1;-1;-1
