Time;ID;Cat;XPos;YPos;ZPos;2D_XPos;2D_YPos;Vel;XDir;YDir;ZDir;BBox_XPos;BBox_YPos;BBox_ZPos;BBox_Ext_X;BBox_Ext_Y;BBox_Ext_Z;Corner_XYZ_X;Corner_XYZ_Y;Corner_XYZ_Z;Corner_XY-Z_X;Corner_XY-Z_Y;Corner_XY-Z_Z;Corner_X-YZ_X;Corner_X-YZ_Y;Corner_X-YZ_Z;Corner_X-Y-Z_X;Corner_X-Y-Z_Y;Corner_X-Y-Z_Z;Corner_-XYZ_X;Corner_-XYZ_Y;Corner_-XYZ_Z;Corner_-XY-Z_X;Corner_-XY-Z_Y;Corner_-XY-Z_Z;Corner_-X-YZ_X;Corner_-X-YZ_Y;Corner_-X-YZ_Z;Corner_-X-Y-Z_X;Corner_-X-Y-Z_Y;Corner_-X-Y-Z_Z;BBox_2D_XPos;BBox_2D_YPos;Corner_2D_XYZ_X;Corner_2D_XYZ_Y;Corner_2D_XY-Z_X;Corner_2D_XY-Z_Y;Corner_2D_X-YZ_X;Corner_2D_X-YZ_Y;Corner_2D_X-Y-Z_X;Corner_2D_X-Y-Z_Y;Corner_2D_-XYZ_X;Corner_2D_-XYZ_Y;Corner_-2D_XY-Z_X;Corner_2D_-XY-Z_Y;Corner_2D_-X-YZ_X;Corner_2D_-X-YZ_Y;Corner_2D_-X-Y-Z_X;Corner_2D_-X-Y-Z_Y;
J0:19:20:08:944;Hatchback_Car_AI_C_11;211;39175.710938;-71653.539062;-54299.976562;1730;665;704.950073;0.100954;-0.977028;-0.187681;39178.550781;-71681.976562;-54225.007812;204.0;92.0;76.0;39292.03125;-71886.046875;-54188.535156;39289.289062;-71857.65625;-54337.832031;39109.0;-71904.921875;-54188.753906;39106.257812;-71876.53125;-54338.050781;39250.84375;-71487.421875;-54111.964844;39248.101562;-71459.03125;-54261.261719;39067.8125;-71506.296875;-54112.183594;39065.070312;-71477.90625;-54261.480469;1725;652;1677;644;1677;656;1744;644;1744;656;1706;648;1706;661;1775;648;1775;661
J0:19:20:08:944;Hatchback_Car_AI_C_15;211;39004.644531;-68046.03125;-53469.484375;-1;-1;714.438416;-0.074051;-0.986146;-0.148436;39002.699219;-68071.53125;-53393.4375;204.0;92.0;76.0;39078.460938;-68290.851562;-53348.523438;39080.210938;-68268.351562;-53498.835938;38894.976562;-68277.054688;-53348.601562;38896.726562;-68254.554688;-53498.914062;39108.671875;-67888.507812;-53287.960938;39110.421875;-67866.007812;-53438.273438;38925.1875;-67874.710938;-53288.039062;38926.9375;-67852.210938;-53438.351562;-1;-1;-1;-1;-1;-1;-1;-1;-1;-1;-1;-1;-1;-1;-1;-1;-1;-1
