Time;ID;Cat;XPos;YPos;ZPos;2D_XPos;2D_YPos;Vel;XDir;YDir;ZDir;BBox_XPos;BBox_YPos;BBox_ZPos;BBox_Ext_X;BBox_Ext_Y;BBox_Ext_Z;Corner_XYZ_X;Corner_XYZ_Y;Corner_XYZ_Z;Corner_XY-Z_X;Corner_XY-Z_Y;Corner_XY-Z_Z;Corner_X-YZ_X;Corner_X-YZ_Y;Corner_X-YZ_Z;Corner_X-Y-Z_X;Corner_X-Y-Z_Y;Corner_X-Y-Z_Z;Corner_-XYZ_X;Corner_-XYZ_Y;Corner_-XYZ_Z;Corner_-XY-Z_X;Corner_-XY-Z_Y;Corner_-XY-Z_Z;Corner_-X-YZ_X;Corner_-X-YZ_Y;Corner_-X-YZ_Z;Corner_-X-Y-Z_X;Corner_-X-Y-Z_Y;Corner_-X-Y-Z_Z;BBox_2D_XPos;BBox_2D_YPos;Corner_2D_XYZ_X;Corner_2D_XYZ_Y;Corner_2D_XY-Z_X;Corner_2D_XY-Z_Y;Corner_2D_X-YZ_X;Corner_2D_X-YZ_Y;Corner_2D_X-Y-Z_X;Corner_2D_X-Y-Z_Y;Corner_2D_-XYZ_X;Corner_2D_-XYZ_Y;Corner_-2D_XY-Z_X;Corner_2D_-XY-Z_Y;Corner_2D_-X-YZ_X;Corner_2D_-X-YZ_Y;Corner_2D_-X-Y-Z_X;Corner_2D_-X-Y-Z_Y;
J0:19:21:30:549;Hatchback_Car_AI_C_7;211;38169.476562;-77259.125;-54424.910156;764;716;646.135559;-0.584359;0.811494;0.000938;38160.675781;-77248.304688;-54345.902344;204.0;92.0;76.0;37966.214844;-77137.03125;-54270.664062;37967.410156;-77136.0;-54422.65625;38115.519531;-77029.515625;-54268.765625;38116.714844;-77028.484375;-54420.757812;38204.636719;-77468.125;-54271.046875;38205.832031;-77467.09375;-54423.039062;38353.941406;-77360.609375;-54269.148438;38355.136719;-77359.578125;-54421.140625;766;701;781;692;781;724;735;692;735;724;795;680;795;709;752;680;752;709
J0:19:21:30:549;Hatchback_Car_AI_C_15;211;39277.238281;-72589.992188;-54431.75;1564;684;656.902283;0.112984;-0.988821;-0.097303;39279.261719;-72611.523438;-54354.488281;204.0;92.0;76.0;39394.144531;-72810.234375;-54298.199219;39393.292969;-72795.453125;-54449.472656;39211.324219;-72831.03125;-54299.207031;39210.472656;-72816.25;-54450.480469;39348.050781;-72406.796875;-54258.496094;39347.199219;-72392.015625;-54409.769531;39165.230469;-72427.59375;-54259.503906;39164.378906;-72412.8125;-54410.777344;1560;672;1517;660;1517;678;1581;660;1581;678;1539;665;1539;684;1605;665;1605;684
J0:19:21:30:549;Hatchback_Car_AI_C_19;211;38989.738281;-69462.734375;-53762.871094;-1;-1;684.995911;0.038896;-0.969334;-0.24265;38991.1875;-69495.453125;-53689.628906;204.0;92.0;76.0;39091.914062;-69707.890625;-53665.550781;39090.179688;-69671.046875;-53813.011719;38908.0625;-69715.34375;-53665.246094;38906.328125;-69678.5;-53812.707031;39076.046875;-69312.40625;-53566.550781;39074.3125;-69275.5625;-53714.011719;38892.195312;-69319.859375;-53566.246094;38890.460938;-69283.015625;-53713.707031;-1;-1;-1;-1;-1;-1;-1;-1;-1;-1;-1;-1;-1;-1;-1;-1;-1;-1
