Time;ID;Cat;XPos;YPos;ZPos;2D_XPos;2D_YPos;Vel;XDir;YDir;ZDir;BBox_XPos;BBox_YPos;BBox_ZPos;BBox_Ext_X;BBox_Ext_Y;BBox_Ext_Z;Corner_XYZ_X;Corner_XYZ_Y;Corner_XYZ_Z;Corner_XY-Z_X;Corner_XY-Z_Y;Corner_XY-Z_Z;Corner_X-YZ_X;Corner_X-YZ_Y;Corner_X-YZ_Z;Corner_X-Y-Z_X;Corner_X-Y-Z_Y;Corner_X-Y-Z_Z;Corner_-XYZ_X;Corner_-XYZ_Y;Corner_-XYZ_Z;Corner_-XY-Z_X;Corner_-XY-Z_Y;Corner_-XY-Z_Z;Corner_-X-YZ_X;Corner_-X-YZ_Y;Corner_-X-YZ_Z;Corner_-X-Y-Z_X;Corner_-X-Y-Z_Y;Corner_-X-Y-Z_Z;BBox_2D_XPos;BBox_2D_YPos;Corner_2D_XYZ_X;Corner_2D_XYZ_Y;Corner_2D_XY-Z_X;Corner_2D_XY-Z_Y;Corner_2D_X-YZ_X;Corner_2D_X-YZ_Y;Corner_2D_X-Y-Z_X;Corner_2D_X-Y-Z_Y;Corner_2D_-XYZ_X;Corner_2D_-XYZ_Y;Corner_-2D_XY-Z_X;Corner_2D_-XY-Z_Y;Corner_2D_-X-YZ_X;Corner_2D_-X-YZ_Y;Corner_2D_-X-Y-Z_X;Corner_2D_-X-Y-Z_Y;
J0:19:19:31:346;Hatchback_Car_AI_C_7;211;39262.667969;-72460.445312;-54418.894531;1587;682;632.760803;0.112928;-0.987315;-0.111609;39264.816406;-72483.078125;-54341.953125;204.0;92.0;76.0;39379.8125;-72682.570312;-54288.691406;39378.71875;-72665.617188;-54439.738281;39196.992188;-72703.367188;-54289.707031;39195.898438;-72686.414062;-54440.753906;39333.734375;-72279.742188;-54243.152344;39332.640625;-72262.789062;-54394.199219;39150.914062;-72300.539062;-54244.167969;39149.820312;-72283.585938;-54395.214844;1583;670;1539;659;1539;676;1603;659;1603;676;1562;664;1562;681;1629;664;1629;681
J0:19:19:31:346;Hatchback_Car_AI_C_11;211;38996.691406;-69577.703125;-53791.597656;-1;-1;698.364319;0.048273;-0.968261;-0.245236;38998.40625;-69610.601562;-53718.445312;204.0;92.0;76.0;39101.136719;-69822.132812;-53694.878906;39099.136719;-69784.914062;-53842.238281;38917.371094;-69831.335938;-53694.707031;38915.371094;-69794.117188;-53842.066406;39081.441406;-69427.085938;-53594.824219;39079.441406;-69389.867188;-53742.183594;38897.675781;-69436.289062;-53594.652344;38895.675781;-69399.070312;-53742.011719;-1;-1;-1;-1;-1;-1;-1;-1;-1;-1;-1;-1;-1;-1;-1;-1;-1;-1
