Time;ID;Cat;XPos;YPos;ZPos;2D_XPos;2D_YPos;Vel;XDir;YDir;ZDir;BBox_XPos;BBox_YPos;BBox_ZPos;BBox_Ext_X;BBox_Ext_Y;BBox_Ext_Z;Corner_XYZ_X;Corner_XYZ_Y;Corner_XYZ_Z;Corner_XY-Z_X;Corner_XY-Z_Y;Corner_XY-Z_Z;Corner_X-YZ_X;Corner_X-YZ_Y;Corner_X-YZ_Z;Corner_X-Y-Z_X;Corner_X-Y-Z_Y;Corner_X-Y-Z_Z;Corner_-XYZ_X;Corner_-XYZ_Y;Corner_-XYZ_Z;Corner_-XY-Z_X;Corner_-XY-Z_Y;Corner_-XY-Z_Z;Corner_-X-YZ_X;Corner_-X-YZ_Y;Corner_-X-YZ_Z;Corner_-X-Y-Z_X;Corner_-X-Y-Z_Y;Corner_-X-Y-Z_Z;BBox_2D_XPos;BBox_2D_YPos;Corner_2D_XYZ_X;Corner_2D_XYZ_Y;Corner_2D_XY-Z_X;Corner_2D_XY-Z_Y;Corner_2D_X-YZ_X;Corner_2D_X-YZ_Y;Corner_2D_X-Y-Z_X;Corner_2D_X-Y-Z_Y;Corner_2D_-XYZ_X;Corner_2D_-XYZ_Y;Corner_-2D_XY-Z_X;Corner_2D_-XY-Z_Y;Corner_2D_-X-YZ_X;Corner_2D_-X-YZ_Y;Corner_2D_-X-Y-Z_X;Corner_2D_-X-Y-Z_Y;
J0:19:17:28:440;Hatchback_Car_AI_C_3;211;38976.0;-68814.5625;-53610.972656;-1;-1;691.091309;-0.006532;-0.977231;-0.212078;38975.824219;-68845.0;-53536.738281;204.0;92.0;76.0;39066.40625;-69061.078125;-53505.765625;39066.570312;-69028.84375;-53654.304688;38882.414062;-69059.859375;-53505.703125;38882.578125;-69027.625;-53654.242188;39069.070312;-68662.375;-53419.234375;39069.234375;-68630.140625;-53567.773438;38885.078125;-68661.15625;-53419.171875;38885.242188;-68628.921875;-53567.710938;-1;-1;-1;-1;-1;-1;-1;-1;-1;-1;-1;-1;-1;-1;-1;-1;-1;-1
J0:19:17:28:440;Hatchback_Car_AI_C_7;211;39386.726562;-65607.726562;-53287.011719;-1;-1;677.869385;-0.228692;-0.973318;-0.018767;39383.171875;-65622.796875;-53208.289062;204.0;92.0;76.0;39425.742188;-65843.78125;-53136.113281;39426.421875;-65841.015625;-53288.089844;39246.617188;-65801.6875;-53136.144531;39247.296875;-65798.921875;-53288.121094;39519.046875;-65446.667969;-53128.457031;39519.726562;-65443.894531;-53280.433594;39339.921875;-65404.582031;-53128.488281;39340.601562;-65401.808594;-53280.464844;-1;-1;-1;-1;-1;-1;-1;-1;-1;-1;-1;-1;-1;-1;-1;-1;-1;-1
