Time;ID;Cat;XPos;YPos;ZPos;2D_XPos;2D_YPos;Vel;XDir;YDir;ZDir;BBox_XPos;BBox_YPos;BBox_ZPos;BBox_Ext_X;BBox_Ext_Y;BBox_Ext_Z;Corner_XYZ_X;Corner_XYZ_Y;Corner_XYZ_Z;Corner_XY-Z_X;Corner_XY-Z_Y;Corner_XY-Z_Z;Corner_X-YZ_X;Corner_X-YZ_Y;Corner_X-YZ_Z;Corner_X-Y-Z_X;Corner_X-Y-Z_Y;Corner_X-Y-Z_Z;Corner_-XYZ_X;Corner_-XYZ_Y;Corner_-XYZ_Z;Corner_-XY-Z_X;Corner_-XY-Z_Y;Corner_-XY-Z_Z;Corner_-X-YZ_X;Corner_-X-YZ_Y;Corner_-X-YZ_Z;Corner_-X-Y-Z_X;Corner_-X-Y-Z_Y;Corner_-X-Y-Z_Z;BBox_2D_XPos;BBox_2D_YPos;Corner_2D_XYZ_X;Corner_2D_XYZ_Y;Corner_2D_XY-Z_X;Corner_2D_XY-Z_Y;Corner_2D_X-YZ_X;Corner_2D_X-YZ_Y;Corner_2D_X-Y-Z_X;Corner_2D_X-Y-Z_Y;Corner_2D_-XYZ_X;Corner_2D_-XYZ_Y;Corner_-2D_XY-Z_X;Corner_2D_-XY-Z_Y;Corner_2D_-X-YZ_X;Corner_2D_-X-YZ_Y;Corner_2D_-X-Y-Z_X;Corner_2D_-X-Y-Z_Y;
J0:19:18:04:943;Hatchback_Car_AI_C_3;211;39104.566406;-70935.953125;-54139.796875;1861;639;687.514587;0.090128;-0.965815;-0.243062;39107.816406;-70968.578125;-54066.570312;204.0;92.0;76.0;39219.710938;-71175.375;-54042.667969;39215.890625;-71138.625;-54190.105469;39036.515625;-71192.578125;-54042.207031;39032.695312;-71155.828125;-54189.644531;39182.9375;-70781.328125;-53943.496094;39179.117188;-70744.578125;-54090.933594;38999.742188;-70798.53125;-53943.035156;38995.921875;-70761.78125;-54090.472656;1855;627;1803;621;1803;629;1872;621;1872;629;1837;625;1837;633;1908;625;1908;633
J0:19:18:04:943;Hatchback_Car_AI_C_7;211;39035.234375;-67690.875;-53420.121094;-1;-1;691.192566;-0.101873;-0.987105;-0.123475;39032.785156;-67714.398438;-53343.453125;204.0;92.0;76.0;39102.53125;-67934.546875;-53293.195312;39104.5;-67915.875;-53444.03125;38919.507812;-67915.65625;-53293.25;38921.476562;-67896.984375;-53444.085938;39144.09375;-67531.8125;-53242.820312;39146.0625;-67513.140625;-53393.65625;38961.070312;-67512.921875;-53242.875;38963.039062;-67494.25;-53393.710938;-1;-1;-1;-1;-1;-1;-1;-1;-1;-1;-1;-1;-1;-1;-1;-1;-1;-1
