Time;ID;Cat;XPos;YPos;ZPos;2D_XPos;2D_YPos;Vel;XDir;YDir;ZDir;BBox_XPos;BBox_YPos;BBox_ZPos;BBox_Ext_X;BBox_Ext_Y;BBox_Ext_Z;Corner_XYZ_X;Corner_XYZ_Y;Corner_XYZ_Z;Corner_XY-Z_X;Corner_XY-Z_Y;Corner_XY-Z_Z;Corner_X-YZ_X;Corner_X-YZ_Y;Corner_X-YZ_Z;Corner_X-Y-Z_X;Corner_X-Y-Z_Y;Corner_X-Y-Z_Z;Corner_-XYZ_X;Corner_-XYZ_Y;Corner_-XYZ_Z;Corner_-XY-Z_X;Corner_-XY-Z_Y;Corner_-XY-Z_Z;Corner_-X-YZ_X;Corner_-X-YZ_Y;Corner_-X-YZ_Z;Corner_-X-Y-Z_X;Corner_-X-Y-Z_Y;Corner_-X-Y-Z_Z;BBox_2D_XPos;BBox_2D_YPos;Corner_2D_XYZ_X;Corner_2D_XYZ_Y;Corner_2D_XY-Z_X;Corner_2D_XY-Z_Y;Corner_2D_X-YZ_X;Corner_2D_X-YZ_Y;Corner_2D_X-Y-Z_X;Corner_2D_X-Y-Z_Y;Corner_2D_-XYZ_X;Corner_2D_-XYZ_Y;Corner_-2D_XY-Z_X;Corner_2D_-XY-Z_Y;Corner_2D_-X-YZ_X;Corner_2D_-X-YZ_Y;Corner_2D_-X-Y-Z_X;Corner_2D_-X-Y-Z_Y;
J0:19:19:36:549;Hatchback_Car_AI_C_7;211;39294.957031;-72744.570312;-54445.140625;1537;686;666.202271;0.112893;-0.990233;-0.081812;39296.894531;-72764.898438;-54367.550781;204.0;92.0;76.0;39411.679688;-72962.742188;-54308.058594;39410.992188;-72950.304688;-54459.550781;39228.859375;-72983.507812;-54308.933594;39228.171875;-72971.070312;-54460.425781;39365.617188;-72558.726562;-54274.675781;39364.929688;-72546.289062;-54426.167969;39182.796875;-72579.492188;-54275.550781;39182.109375;-72567.054688;-54427.042969;1534;673;1491;661;1491;680;1554;661;1554;680;1512;666;1512;686;1578;666;1578;686
J0:19:19:36:549;Hatchback_Car_AI_C_11;211;39014.210938;-69869.765625;-53866.066406;-1;-1;686.971741;0.061987;-0.965843;-0.251607;39016.46875;-69903.117188;-53793.128906;204.0;92.0;76.0;39122.257812;-70113.296875;-53771.035156;39119.585938;-70075.140625;-53918.144531;38938.640625;-70125.15625;-53770.769531;38935.96875;-70087.0;-53917.878906;39096.96875;-69719.234375;-53668.378906;39094.296875;-69681.078125;-53815.488281;38913.351562;-69731.09375;-53668.113281;38910.679688;-69692.9375;-53815.222656;-1;-1;-1;-1;-1;-1;-1;-1;-1;-1;-1;-1;-1;-1;-1;-1;-1;-1
J0:19:19:36:549;Hatchback_Car_AI_C_15;211;39247.570312;-66268.570312;-53307.574219;-1;-1;717.542175;-0.192138;-0.9806;-0.038817;39244.273438;-66285.304688;-53229.175781;204.0;92.0;76.0;39294.777344;-66505.921875;-53161.132812;39295.941406;-66500.140625;-53313.015625;39114.214844;-66470.546875;-53161.171875;39115.378906;-66464.765625;-53313.054688;39373.167969;-66105.84375;-53145.296875;39374.332031;-66100.0625;-53297.179688;39192.605469;-66070.46875;-53145.335938;39193.769531;-66064.6875;-53297.21875;-1;-1;-1;-1;-1;-1;-1;-1;-1;-1;-1;-1;-1;-1;-1;-1;-1;-1
