Time;ID;Cat;XPos;YPos;ZPos;2D_XPos;2D_YPos;Vel;XDir;YDir;ZDir;BBox_XPos;BBox_YPos;BBox_ZPos;BBox_Ext_X;BBox_Ext_Y;BBox_Ext_Z;Corner_XYZ_X;Corner_XYZ_Y;Corner_XYZ_Z;Corner_XY-Z_X;Corner_XY-Z_Y;Corner_XY-Z_Z;Corner_X-YZ_X;Corner_X-YZ_Y;Corner_X-YZ_Z;Corner_X-Y-Z_X;Corner_X-Y-Z_Y;Corner_X-Y-Z_Z;Corner_-XYZ_X;Corner_-XYZ_Y;Corner_-XYZ_Z;Corner_-XY-Z_X;Corner_-XY-Z_Y;Corner_-XY-Z_Z;Corner_-X-YZ_X;Corner_-X-YZ_Y;Corner_-X-YZ_Z;Corner_-X-Y-Z_X;Corner_-X-Y-Z_Y;Corner_-X-Y-Z_Z;BBox_2D_XPos;BBox_2D_YPos;Corner_2D_XYZ_X;Corner_2D_XYZ_Y;Corner_2D_XY-Z_X;Corner_2D_XY-Z_Y;Corner_2D_X-YZ_X;Corner_2D_X-YZ_Y;Corner_2D_X-Y-Z_X;Corner_2D_X-Y-Z_Y;Corner_2D_-XYZ_X;Corner_2D_-XYZ_Y;Corner_-2D_XY-Z_X;Corner_2D_-XY-Z_Y;Corner_2D_-X-YZ_X;Corner_2D_-X-YZ_Y;Corner_2D_-X-Y-Z_X;Corner_2D_-X-Y-Z_Y;
J0:19:17:38:434;Hatchback_Car_AI_C_3;211;38987.058594;-69376.773438;-53741.742188;-1;-1;704.50531;0.03382;-0.970353;-0.239314;38988.320312;-69409.25;-53668.386719;204.0;92.0;76.0;39087.917969;-69622.132812;-53643.5625;39086.402344;-69585.789062;-53791.148438;38904.035156;-69628.617188;-53643.265625;38902.519531;-69592.273438;-53790.851562;39074.121094;-69226.226562;-53545.921875;39072.605469;-69189.882812;-53693.507812;38890.238281;-69232.710938;-53545.625;38888.722656;-69196.367188;-53693.210938;-1;-1;-1;-1;-1;-1;-1;-1;-1;-1;-1;-1;-1;-1;-1;-1;-1;-1
J0:19:17:38:434;Hatchback_Car_AI_C_7;211;39271.082031;-66146.664062;-53302.703125;-1;-1;685.260132;-0.197817;-0.979597;-0.035482;39267.734375;-66163.125;-53224.25;204.0;92.0;76.0;39317.003906;-66383.8125;-53155.507812;39318.113281;-66378.53125;-53307.414062;39136.644531;-66347.390625;-53155.5625;39137.753906;-66342.109375;-53307.46875;39397.714844;-65984.140625;-53141.03125;39398.824219;-65978.859375;-53292.9375;39217.355469;-65947.71875;-53141.085938;39218.464844;-65942.4375;-53292.992188;-1;-1;-1;-1;-1;-1;-1;-1;-1;-1;-1;-1;-1;-1;-1;-1;-1;-1
