Time;ID;Cat;XPos;YPos;ZPos;2D_XPos;2D_YPos;Vel;XDir;YDir;ZDir;BBox_XPos;BBox_YPos;BBox_ZPos;BBox_Ext_X;BBox_Ext_Y;BBox_Ext_Z;Corner_XYZ_X;Corner_XYZ_Y;Corner_XYZ_Z;Corner_XY-Z_X;Corner_XY-Z_Y;Corner_XY-Z_Z;Corner_X-YZ_X;Corner_X-YZ_Y;Corner_X-YZ_Z;Corner_X-Y-Z_X;Corner_X-Y-Z_Y;Corner_X-Y-Z_Z;Corner_-XYZ_X;Corner_-XYZ_Y;Corner_-XYZ_Z;Corner_-XY-Z_X;Corner_-XY-Z_Y;Corner_-XY-Z_Z;Corner_-X-YZ_X;Corner_-X-YZ_Y;Corner_-X-YZ_Z;Corner_-X-Y-Z_X;Corner_-X-Y-Z_Y;Corner_-X-Y-Z_Z;BBox_2D_XPos;BBox_2D_YPos;Corner_2D_XYZ_X;Corner_2D_XYZ_Y;Corner_2D_XY-Z_X;Corner_2D_XY-Z_Y;Corner_2D_X-YZ_X;Corner_2D_X-YZ_Y;Corner_2D_X-Y-Z_X;Corner_2D_X-Y-Z_Y;Corner_2D_-XYZ_X;Corner_2D_-XYZ_Y;Corner_-2D_XY-Z_X;Corner_2D_-XY-Z_Y;Corner_2D_-X-YZ_X;Corner_2D_-X-YZ_Y;Corner_2D_-X-Y-Z_X;Corner_2D_-X-Y-Z_Y;
J0:19:18:29:342;Hatchback_Car_AI_C_3;211;39244.421875;-72285.007812;-54398.65625;1618;680;651.364197;0.1122;-0.985498;-0.127298;39246.703125;-72308.84375;-54322.082031;204.0;92.0;76.0;39361.691406;-72509.195312;-54272.175781;39360.324219;-72489.882812;-54422.933594;39178.863281;-72529.882812;-54273.167969;39177.496094;-72510.570312;-54423.925781;39315.910156;-72107.117188;-54220.238281;39314.542969;-72087.804688;-54370.996094;39133.082031;-72127.804688;-54221.230469;39131.714844;-72108.492188;-54371.988281;1613;667;1569;656;1569;673;1633;656;1633;673;1593;661;1593;678;1660;661;1660;678
J0:19:18:29:342;Hatchback_Car_AI_C_7;211;38979.578125;-69037.78125;-53660.96875;-1;-1;696.944397;0.011211;-0.974197;-0.225422;38980.035156;-69069.226562;-53587.15625;204.0;92.0;76.0;39074.601562;-69284.007812;-53559.207031;39074.023438;-69249.742188;-53707.292969;38890.617188;-69286.179688;-53558.988281;38890.039062;-69251.914062;-53707.074219;39070.03125;-68886.539062;-53467.238281;39069.453125;-68852.273438;-53615.324219;38886.046875;-68888.710938;-53467.019531;38885.46875;-68854.445312;-53615.105469;-1;-1;-1;-1;-1;-1;-1;-1;-1;-1;-1;-1;-1;-1;-1;-1;-1;-1
J0:19:18:29:342;Hatchback_Car_AI_C_11;211;39274.671875;-66130.984375;-53302.210938;-1;-1;694.07196;-0.199787;-0.979221;-0.034812;39271.316406;-66147.382812;-53223.746094;204.0;92.0;76.0;39320.164062;-66368.125;-53154.882812;39321.242188;-66362.9375;-53306.789062;39139.875;-66331.34375;-53154.90625;39140.953125;-66326.15625;-53306.8125;39401.679688;-65968.609375;-53140.679688;39402.757812;-65963.421875;-53292.585938;39221.390625;-65931.828125;-53140.703125;39222.46875;-65926.640625;-53292.609375;-1;-1;-1;-1;-1;-1;-1;-1;-1;-1;-1;-1;-1;-1;-1;-1;-1;-1
