Time;ID;Cat;XPos;YPos;ZPos;2D_XPos;2D_YPos;Vel;XDir;YDir;ZDir;BBox_XPos;BBox_YPos;BBox_ZPos;BBox_Ext_X;BBox_Ext_Y;BBox_Ext_Z;Corner_XYZ_X;Corner_XYZ_Y;Corner_XYZ_Z;Corner_XY-Z_X;Corner_XY-Z_Y;Corner_XY-Z_Z;Corner_X-YZ_X;Corner_X-YZ_Y;Corner_X-YZ_Z;Corner_X-Y-Z_X;Corner_X-Y-Z_Y;Corner_X-Y-Z_Z;Corner_-XYZ_X;Corner_-XYZ_Y;Corner_-XYZ_Z;Corner_-XY-Z_X;Corner_-XY-Z_Y;Corner_-XY-Z_Z;Corner_-X-YZ_X;Corner_-X-YZ_Y;Corner_-X-YZ_Z;Corner_-X-Y-Z_X;Corner_-X-Y-Z_Y;Corner_-X-Y-Z_Z;BBox_2D_XPos;BBox_2D_YPos;Corner_2D_XYZ_X;Corner_2D_XYZ_Y;Corner_2D_XY-Z_X;Corner_2D_XY-Z_Y;Corner_2D_X-YZ_X;Corner_2D_X-YZ_Y;Corner_2D_X-Y-Z_X;Corner_2D_X-Y-Z_Y;Corner_2D_-XYZ_X;Corner_2D_-XYZ_Y;Corner_-2D_XY-Z_X;Corner_2D_-XY-Z_Y;Corner_2D_-X-YZ_X;Corner_2D_-X-YZ_Y;Corner_2D_-X-Y-Z_X;Corner_2D_-X-Y-Z_Y;
J0:19:21:17:344;Hatchback_Car_AI_C_7;211;38693.039062;-77614.726562;-54424.898438;719;699;564.020935;-0.996278;-0.086202;-0.00021;38679.160156;-77616.914062;-54345.90625;204.0;92.0;76.0;38483.914062;-77727.09375;-54271.105469;38483.78125;-77725.203125;-54423.089844;38468.054688;-77543.796875;-54268.808594;38467.921875;-77541.90625;-54420.792969;38890.398438;-77691.921875;-54271.019531;38890.265625;-77690.03125;-54423.003906;38874.539062;-77508.625;-54268.722656;38874.40625;-77506.734375;-54420.707031;718;685;688;676;688;705;730;676;730;705;707;667;707;693;746;667;746;693
J0:19:21:17:344;Hatchback_Car_AI_C_15;211;39195.429688;-71853.0;-54335.5;1695;670;687.655823;0.102908;-0.980369;-0.168189;39198.027344;-71879.960938;-54259.980469;204.0;92.0;76.0;39311.632812;-72083.125;-54219.105469;39309.40625;-72057.65625;-54368.941406;39128.632812;-72102.25;-54219.644531;39126.40625;-72076.78125;-54369.480469;39269.648438;-71683.140625;-54150.480469;39267.421875;-71657.671875;-54300.316406;39086.648438;-71702.265625;-54151.019531;39084.421875;-71676.796875;-54300.855469;1690;658;1643;649;1643;662;1709;649;1709;662;1670;653;1670;667;1739;653;1739;667
J0:19:21:17:344;Hatchback_Car_AI_C_19;211;38977.359375;-68723.304688;-53591.605469;-1;-1;664.650269;-0.018636;-0.978482;-0.205488;38976.894531;-68753.234375;-53517.167969;204.0;92.0;76.0;39064.882812;-68970.1875;-53484.828125;39065.273438;-68938.953125;-53633.585938;38880.914062;-68966.734375;-53484.585938;38881.304688;-68935.5;-53633.34375;39072.484375;-68570.96875;-53400.992188;39072.875;-68539.734375;-53549.75;38888.515625;-68567.515625;-53400.75;38888.90625;-68536.28125;-53549.507812;-1;-1;-1;-1;-1;-1;-1;-1;-1;-1;-1;-1;-1;-1;-1;-1;-1;-1
