Time;ID;Cat;XPos;YPos;ZPos;2D_XPos;2D_YPos;Vel;XDir;YDir;ZDir;BBox_XPos;BBox_YPos;BBox_ZPos;BBox_Ext_X;BBox_Ext_Y;BBox_Ext_Z;Corner_XYZ_X;Corner_XYZ_Y;Corner_XYZ_Z;Corner_XY-Z_X;Corner_XY-Z_Y;Corner_XY-Z_Z;Corner_X-YZ_X;Corner_X-YZ_Y;Corner_X-YZ_Z;Corner_X-Y-Z_X;Corner_X-Y-Z_Y;Corner_X-Y-Z_Z;Corner_-XYZ_X;Corner_-XYZ_Y;Corner_-XYZ_Z;Corner_-XY-Z_X;Corner_-XY-Z_Y;Corner_-XY-Z_Z;Corner_-X-YZ_X;Corner_-X-YZ_Y;Corner_-X-YZ_Z;Corner_-X-Y-Z_X;Corner_-X-Y-Z_Y;Corner_-X-Y-Z_Z;BBox_2D_XPos;BBox_2D_YPos;Corner_2D_XYZ_X;Corner_2D_XYZ_Y;Corner_2D_XY-Z_X;Corner_2D_XY-Z_Y;Corner_2D_X-YZ_X;Corner_2D_X-YZ_Y;Corner_2D_X-Y-Z_X;Corner_2D_X-Y-Z_Y;Corner_2D_-XYZ_X;Corner_2D_-XYZ_Y;Corner_-2D_XY-Z_X;Corner_2D_-XY-Z_Y;Corner_2D_-X-YZ_X;Corner_2D_-X-YZ_Y;Corner_2D_-X-Y-Z_X;Corner_2D_-X-Y-Z_Y;
J0:19:19:35:344;Hatchback_Car_AI_C_7;211;39287.570312;-72677.90625;-54439.730469;1549;685;669.551208;0.111274;-0.989911;-0.087716;39289.503906;-72698.695312;-54362.265625;204.0;92.0;76.0;39403.992188;-72897.070312;-54303.988281;39403.265625;-72883.742188;-54455.402344;39221.140625;-72917.539062;-54304.917969;39220.414062;-72904.210938;-54456.332031;39358.59375;-72493.179688;-54268.199219;39357.867188;-72479.851562;-54419.613281;39175.742188;-72513.648438;-54269.128906;39175.015625;-72500.320312;-54420.542969;1545;673;1502;661;1502;679;1566;661;1566;679;1524;666;1524;685;1590;666;1590;685
J0:19:19:35:344;Hatchback_Car_AI_C_11;211;39009.695312;-69802.539062;-53848.851562;-1;-1;710.559937;0.061102;-0.966408;-0.249645;39011.847656;-69835.75;-53775.847656;204.0;92.0;76.0;39117.378906;-70046.007812;-53753.242188;39114.878906;-70008.148438;-53900.429688;38933.746094;-70057.648438;-53753.117188;38931.246094;-70019.789062;-53900.304688;39092.449219;-69651.710938;-53651.390625;39089.949219;-69613.851562;-53798.578125;38908.816406;-69663.351562;-53651.265625;38906.316406;-69625.492188;-53798.453125;-1;-1;-1;-1;-1;-1;-1;-1;-1;-1;-1;-1;-1;-1;-1;-1;-1;-1
