Time;ID;Cat;XPos;YPos;ZPos;2D_XPos;2D_YPos;Vel;XDir;YDir;ZDir;BBox_XPos;BBox_YPos;BBox_ZPos;BBox_Ext_X;BBox_Ext_Y;BBox_Ext_Z;Corner_XYZ_X;Corner_XYZ_Y;Corner_XYZ_Z;Corner_XY-Z_X;Corner_XY-Z_Y;Corner_XY-Z_Z;Corner_X-YZ_X;Corner_X-YZ_Y;Corner_X-YZ_Z;Corner_X-Y-Z_X;Corner_X-Y-Z_Y;Corner_X-Y-Z_Z;Corner_-XYZ_X;Corner_-XYZ_Y;Corner_-XYZ_Z;Corner_-XY-Z_X;Corner_-XY-Z_Y;Corner_-XY-Z_Z;Corner_-X-YZ_X;Corner_-X-YZ_Y;Corner_-X-YZ_Z;Corner_-X-Y-Z_X;Corner_-X-Y-Z_Y;Corner_-X-Y-Z_Z;BBox_2D_XPos;BBox_2D_YPos;Corner_2D_XYZ_X;Corner_2D_XYZ_Y;Corner_2D_XY-Z_X;Corner_2D_XY-Z_Y;Corner_2D_X-YZ_X;Corner_2D_X-YZ_Y;Corner_2D_X-Y-Z_X;Corner_2D_X-Y-Z_Y;Corner_2D_-XYZ_X;Corner_2D_-XYZ_Y;Corner_-2D_XY-Z_X;Corner_2D_-XY-Z_Y;Corner_2D_-X-YZ_X;Corner_2D_-X-YZ_Y;Corner_2D_-X-Y-Z_X;Corner_2D_-X-Y-Z_Y;
J0:19:20:29:739;Hatchback_Car_AI_C_3;211;39316.003906;-76948.429688;-54424.878906;853;682;542.192322;-0.043748;-0.999043;0.000049;39315.375;-76962.414062;-54345.878906;204.0;92.0;76.0;39398.34375;-77170.234375;-54269.851562;39398.375;-77170.25;-54421.851562;39214.523438;-77162.1875;-54269.882812;39214.554688;-77162.203125;-54421.882812;39416.195312;-76762.625;-54269.875;39416.226562;-76762.640625;-54421.875;39232.375;-76754.578125;-54269.90625;39232.40625;-76754.59375;-54421.90625;850;669;819;655;819;680;885;655;885;680;815;659;815;684;883;659;883;684
J0:19:20:29:739;Hatchback_Car_AI_C_11;211;39301.089844;-72808.242188;-54449.984375;1526;687;671.172974;0.111113;-0.990871;-0.07635;39302.949219;-72828.148438;-54372.285156;204.0;92.0;76.0;39417.339844;-73025.875;-54311.652344;39416.753906;-73014.265625;-54463.207031;39234.480469;-73046.3125;-54312.511719;39233.894531;-73034.703125;-54464.066406;39372.003906;-72621.59375;-54280.503906;39371.417969;-72609.984375;-54432.058594;39189.144531;-72642.03125;-54281.363281;39188.558594;-72630.421875;-54432.917969;1523;674;1480;662;1480;681;1544;662;1544;681;1501;667;1501;687;1567;667;1567;687
J0:19:20:29:739;Hatchback_Car_AI_C_15;211;38981.835938;-69213.453125;-53702.273438;-1;-1;673.43689;0.023393;-0.971887;-0.234284;38982.734375;-69245.5625;-53628.753906;204.0;92.0;76.0;39080.03125;-69459.375;-53602.808594;39078.929688;-69423.78125;-53750.574219;38896.085938;-69463.875;-53602.519531;38894.984375;-69428.28125;-53750.285156;39070.484375;-69062.84375;-53507.222656;39069.382812;-69027.25;-53654.988281;38886.539062;-69067.34375;-53506.933594;38885.4375;-69031.75;-53654.699219;-1;-1;-1;-1;-1;-1;-1;-1;-1;-1;-1;-1;-1;-1;-1;-1;-1;-1
