Time;ID;Cat;XPos;YPos;ZPos;2D_XPos;2D_YPos;Vel;XDir;YDir;ZDir;BBox_XPos;BBox_YPos;BBox_ZPos;BBox_Ext_X;BBox_Ext_Y;BBox_Ext_Z;Corner_XYZ_X;Corner_XYZ_Y;Corner_XYZ_Z;Corner_XY-Z_X;Corner_XY-Z_Y;Corner_XY-Z_Z;Corner_X-YZ_X;Corner_X-YZ_Y;Corner_X-YZ_Z;Corner_X-Y-Z_X;Corner_X-Y-Z_Y;Corner_X-Y-Z_Z;Corner_-XYZ_X;Corner_-XYZ_Y;Corner_-XYZ_Z;Corner_-XY-Z_X;Corner_-XY-Z_Y;Corner_-XY-Z_Z;Corner_-X-YZ_X;Corner_-X-YZ_Y;Corner_-X-YZ_Z;Corner_-X-Y-Z_X;Corner_-X-Y-Z_Y;Corner_-X-Y-Z_Z;BBox_2D_XPos;BBox_2D_YPos;Corner_2D_XYZ_X;Corner_2D_XYZ_Y;Corner_2D_XY-Z_X;Corner_2D_XY-Z_Y;Corner_2D_X-YZ_X;Corner_2D_X-YZ_Y;Corner_2D_X-Y-Z_X;Corner_2D_X-Y-Z_Y;Corner_2D_-XYZ_X;Corner_2D_-XYZ_Y;Corner_-2D_XY-Z_X;Corner_2D_-XY-Z_Y;Corner_2D_-X-YZ_X;Corner_2D_-X-YZ_Y;Corner_2D_-X-Y-Z_X;Corner_2D_-X-Y-Z_Y;
J0:19:18:39:749;Hatchback_Car_AI_C_3;211;39307.480469;-72849.4375;-54452.921875;1519;687;678.823608;0.110181;-0.991433;-0.070153;39309.296875;-72868.859375;-54375.097656;204.0;92.0;76.0;39423.476562;-73066.3125;-54313.203125;39422.945312;-73055.640625;-54464.828125;39240.601562;-73086.578125;-54313.992188;39240.070312;-73075.90625;-54465.617188;39378.523438;-72661.8125;-54284.578125;39377.992188;-72651.140625;-54436.203125;39195.648438;-72682.078125;-54285.367188;39195.117188;-72671.40625;-54436.992188;1515;674;1473;662;1473;682;1536;662;1536;682;1494;667;1494;687;1559;667;1559;687
J0:19:18:39:749;Hatchback_Car_AI_C_7;211;38999.308594;-69611.140625;-53800.1875;-1;-1;683.277771;0.048278;-0.967988;-0.246309;39001.078125;-69644.117188;-53727.070312;204.0;92.0;76.0;39103.859375;-69855.65625;-53703.796875;39101.757812;-69818.28125;-53851.117188;38920.09375;-69864.890625;-53703.515625;38917.992188;-69827.515625;-53850.835938;39084.164062;-69460.71875;-53603.304688;39082.0625;-69423.34375;-53750.625;38900.398438;-69469.953125;-53603.023438;38898.296875;-69432.578125;-53750.34375;-1;-1;-1;-1;-1;-1;-1;-1;-1;-1;-1;-1;-1;-1;-1;-1;-1;-1
J0:19:18:39:749;Hatchback_Car_AI_C_11;211;39168.980469;-66707.679688;-53329.621094;-1;-1;703.095886;-0.16892;-0.98402;-0.056309;39165.851562;-66725.835938;-53251.535156;204.0;92.0;76.0;39221.328125;-66946.359375;-53187.132812;39222.796875;-66937.921875;-53338.890625;39039.984375;-66915.234375;-53187.15625;39041.453125;-66906.796875;-53338.914062;39290.25;-66544.875;-53164.15625;39291.71875;-66536.4375;-53315.914062;39108.90625;-66513.75;-53164.179688;39110.375;-66505.3125;-53315.9375;-1;-1;-1;-1;-1;-1;-1;-1;-1;-1;-1;-1;-1;-1;-1;-1;-1;-1
