Time;ID;Cat;XPos;YPos;ZPos;2D_XPos;2D_YPos;Vel;XDir;YDir;ZDir;BBox_XPos;BBox_YPos;BBox_ZPos;BBox_Ext_X;BBox_Ext_Y;BBox_Ext_Z;Corner_XYZ_X;Corner_XYZ_Y;Corner_XYZ_Z;Corner_XY-Z_X;Corner_XY-Z_Y;Corner_XY-Z_Z;Corner_X-YZ_X;Corner_X-YZ_Y;Corner_X-YZ_Z;Corner_X-Y-Z_X;Corner_X-Y-Z_Y;Corner_X-Y-Z_Z;Corner_-XYZ_X;Corner_-XYZ_Y;Corner_-XYZ_Z;Corner_-XY-Z_X;Corner_-XY-Z_Y;Corner_-XY-Z_Z;Corner_-X-YZ_X;Corner_-X-YZ_Y;Corner_-X-YZ_Z;Corner_-X-Y-Z_X;Corner_-X-Y-Z_Y;Corner_-X-Y-Z_Z;BBox_2D_XPos;BBox_2D_YPos;Corner_2D_XYZ_X;Corner_2D_XYZ_Y;Corner_2D_XY-Z_X;Corner_2D_XY-Z_Y;Corner_2D_X-YZ_X;Corner_2D_X-YZ_Y;Corner_2D_X-Y-Z_X;Corner_2D_X-Y-Z_Y;Corner_2D_-XYZ_X;Corner_2D_-XYZ_Y;Corner_-2D_XY-Z_X;Corner_2D_-XY-Z_Y;Corner_2D_-X-YZ_X;Corner_2D_-X-YZ_Y;Corner_2D_-X-Y-Z_X;Corner_2D_-X-Y-Z_Y;
J0:19:19:15:748;Hatchback_Car_AI_C_7;211;39168.980469;-71600.726562;-54289.921875;1740;663;667.812561;0.101116;-0.975595;-0.194911;39171.894531;-71629.710938;-54215.164062;204.0;92.0;76.0;39285.476562;-71834.015625;-54180.28125;39282.59375;-71804.53125;-54329.367188;39102.453125;-71852.9375;-54180.484375;39099.570312;-71823.453125;-54329.570312;39244.21875;-71435.96875;-54100.757812;39241.335938;-71406.484375;-54249.84375;39061.195312;-71454.890625;-54100.960938;39058.3125;-71425.40625;-54250.046875;1735;651;1687;643;1687;654;1753;643;1753;654;1716;647;1716;659;1785;647;1785;659
J0:19:19:15:748;Hatchback_Car_AI_C_11;211;38977.109375;-68698.8125;-53586.460938;-1;-1;692.573486;-0.016297;-0.979363;-0.201452;38976.632812;-68728.4375;-53511.902344;204.0;92.0;76.0;39065.058594;-68945.054688;-53478.578125;39065.535156;-68914.445312;-53627.460938;38881.082031;-68942.007812;-53478.539062;38881.558594;-68911.398438;-53627.421875;39071.707031;-68545.476562;-53396.382812;39072.183594;-68514.867188;-53545.265625;38887.730469;-68542.429688;-53396.34375;38888.207031;-68511.820312;-53545.226562;-1;-1;-1;-1;-1;-1;-1;-1;-1;-1;-1;-1;-1;-1;-1;-1;-1;-1
