Time;ID;Cat;XPos;YPos;ZPos;2D_XPos;2D_YPos;Vel;XDir;YDir;ZDir;BBox_XPos;BBox_YPos;BBox_ZPos;BBox_Ext_X;BBox_Ext_Y;BBox_Ext_Z;Corner_XYZ_X;Corner_XYZ_Y;Corner_XYZ_Z;Corner_XY-Z_X;Corner_XY-Z_Y;Corner_XY-Z_Z;Corner_X-YZ_X;Corner_X-YZ_Y;Corner_X-YZ_Z;Corner_X-Y-Z_X;Corner_X-Y-Z_Y;Corner_X-Y-Z_Z;Corner_-XYZ_X;Corner_-XYZ_Y;Corner_-XYZ_Z;Corner_-XY-Z_X;Corner_-XY-Z_Y;Corner_-XY-Z_Z;Corner_-X-YZ_X;Corner_-X-YZ_Y;Corner_-X-YZ_Z;Corner_-X-Y-Z_X;Corner_-X-Y-Z_Y;Corner_-X-Y-Z_Z;BBox_2D_XPos;BBox_2D_YPos;Corner_2D_XYZ_X;Corner_2D_XYZ_Y;Corner_2D_XY-Z_X;Corner_2D_XY-Z_Y;Corner_2D_X-YZ_X;Corner_2D_X-YZ_Y;Corner_2D_X-Y-Z_X;Corner_2D_X-Y-Z_Y;Corner_2D_-XYZ_X;Corner_2D_-XYZ_Y;Corner_-2D_XY-Z_X;Corner_2D_-XY-Z_Y;Corner_2D_-X-YZ_X;Corner_2D_-X-YZ_Y;Corner_2D_-X-Y-Z_X;Corner_2D_-X-Y-Z_Y;
J0:19:17:42:838;Hatchback_Car_AI_C_3;211;38998.613281;-69624.0625;-53803.382812;-1;-1;710.555664;0.051907;-0.967866;-0.246052;39000.433594;-69657.023438;-53730.257812;204.0;92.0;76.0;39103.941406;-69868.195312;-53706.847656;39101.839844;-69830.851562;-53854.175781;38920.207031;-69878.085938;-53706.730469;38918.105469;-69840.742188;-53854.058594;39082.761719;-69473.304688;-53606.457031;39080.660156;-69435.960938;-53753.785156;38899.027344;-69483.195312;-53606.339844;38896.925781;-69445.851562;-53753.667969;-1;-1;-1;-1;-1;-1;-1;-1;-1;-1;-1;-1;-1;-1;-1;-1;-1;-1
J0:19:17:42:838;Hatchback_Car_AI_C_7;211;39224.4375;-66389.617188;-53313.113281;-1;-1;663.158936;-0.187005;-0.981304;-0.045516;39221.136719;-66406.882812;-53234.832031;204.0;92.0;76.0;39272.707031;-66627.695312;-53168.183594;39274.019531;-66620.898438;-53320.027344;39091.957031;-66593.242188;-53168.207031;39093.269531;-66586.445312;-53320.050781;39349.003906;-66227.320312;-53149.613281;39350.316406;-66220.523438;-53301.457031;39168.253906;-66192.867188;-53149.636719;39169.566406;-66186.070312;-53301.480469;-1;-1;-1;-1;-1;-1;-1;-1;-1;-1;-1;-1;-1;-1;-1;-1;-1;-1
