Time;ID;Cat;XPos;YPos;ZPos;2D_XPos;2D_YPos;Vel;XDir;YDir;ZDir;BBox_XPos;BBox_YPos;BBox_ZPos;BBox_Ext_X;BBox_Ext_Y;BBox_Ext_Z;Corner_XYZ_X;Corner_XYZ_Y;Corner_XYZ_Z;Corner_XY-Z_X;Corner_XY-Z_Y;Corner_XY-Z_Z;Corner_X-YZ_X;Corner_X-YZ_Y;Corner_X-YZ_Z;Corner_X-Y-Z_X;Corner_X-Y-Z_Y;Corner_X-Y-Z_Z;Corner_-XYZ_X;Corner_-XYZ_Y;Corner_-XYZ_Z;Corner_-XY-Z_X;Corner_-XY-Z_Y;Corner_-XY-Z_Z;Corner_-X-YZ_X;Corner_-X-YZ_Y;Corner_-X-YZ_Z;Corner_-X-Y-Z_X;Corner_-X-Y-Z_Y;Corner_-X-Y-Z_Z;BBox_2D_XPos;BBox_2D_YPos;Corner_2D_XYZ_X;Corner_2D_XYZ_Y;Corner_2D_XY-Z_X;Corner_2D_XY-Z_Y;Corner_2D_X-YZ_X;Corner_2D_X-YZ_Y;Corner_2D_X-Y-Z_X;Corner_2D_X-Y-Z_Y;Corner_2D_-XYZ_X;Corner_2D_-XYZ_Y;Corner_-2D_XY-Z_X;Corner_2D_-XY-Z_Y;Corner_2D_-X-YZ_X;Corner_2D_-X-YZ_Y;Corner_2D_-X-Y-Z_X;Corner_2D_-X-Y-Z_Y;
J0:19:19:12:544;Hatchback_Car_AI_C_7;211;39150.910156;-71425.304688;-54254.15625;1772;658;692.364197;0.098971;-0.972253;-0.211964;39154.042969;-71455.570312;-54179.917969;204.0;92.0;76.0;39267.441406;-71660.601562;-54148.945312;39264.082031;-71628.554688;-54297.492188;39084.386719;-71679.257812;-54148.828125;39081.027344;-71647.210938;-54297.375;39227.058594;-71263.929688;-54062.460938;39223.699219;-71231.882812;-54211.007812;39044.003906;-71282.585938;-54062.34375;39040.644531;-71250.539062;-54210.890625;1766;645;1717;638;1717;648;1784;638;1784;648;1748;642;1748;653;1817;642;1817;653
J0:19:19:12:544;Hatchback_Car_AI_C_11;211;38980.339844;-68523.679688;-53551.710938;-1;-1;664.194946;-0.03201;-0.981421;-0.189175;38979.414062;-68552.359375;-53476.785156;204.0;92.0;76.0;39064.371094;-68769.9375;-53440.753906;39065.292969;-68741.203125;-53590.011719;38880.472656;-68763.9375;-53440.738281;38881.394531;-68735.203125;-53589.996094;39077.433594;-68369.515625;-53363.574219;39078.355469;-68340.78125;-53512.832031;38893.535156;-68363.515625;-53363.558594;38894.457031;-68334.78125;-53512.816406;-1;-1;-1;-1;-1;-1;-1;-1;-1;-1;-1;-1;-1;-1;-1;-1;-1;-1
