Time;ID;Cat;XPos;YPos;ZPos;2D_XPos;2D_YPos;Vel;XDir;YDir;ZDir;BBox_XPos;BBox_YPos;BBox_ZPos;BBox_Ext_X;BBox_Ext_Y;BBox_Ext_Z;Corner_XYZ_X;Corner_XYZ_Y;Corner_XYZ_Z;Corner_XY-Z_X;Corner_XY-Z_Y;Corner_XY-Z_Z;Corner_X-YZ_X;Corner_X-YZ_Y;Corner_X-YZ_Z;Corner_X-Y-Z_X;Corner_X-Y-Z_Y;Corner_X-Y-Z_Z;Corner_-XYZ_X;Corner_-XYZ_Y;Corner_-XYZ_Z;Corner_-XY-Z_X;Corner_-XY-Z_Y;Corner_-XY-Z_Z;Corner_-X-YZ_X;Corner_-X-YZ_Y;Corner_-X-YZ_Z;Corner_-X-Y-Z_X;Corner_-X-Y-Z_Y;Corner_-X-Y-Z_Z;BBox_2D_XPos;BBox_2D_YPos;Corner_2D_XYZ_X;Corner_2D_XYZ_Y;Corner_2D_XY-Z_X;Corner_2D_XY-Z_Y;Corner_2D_X-YZ_X;Corner_2D_X-YZ_Y;Corner_2D_X-Y-Z_X;Corner_2D_X-Y-Z_Y;Corner_2D_-XYZ_X;Corner_2D_-XYZ_Y;Corner_-2D_XY-Z_X;Corner_2D_-XY-Z_Y;Corner_2D_-X-YZ_X;Corner_2D_-X-YZ_Y;Corner_2D_-X-Y-Z_X;Corner_2D_-X-Y-Z_Y;
J0:19:17:40:833;Hatchback_Car_AI_C_3;211;38992.910156;-69513.117188;-53775.429688;-1;-1;688.512817;0.043063;-0.968737;-0.244323;38994.507812;-69545.953125;-53702.246094;204.0;92.0;76.0;39096.15625;-69758.0;-53678.546875;39094.242188;-69720.90625;-53825.9375;38912.34375;-69766.25;-53678.242188;38910.429688;-69729.15625;-53825.632812;39078.585938;-69362.75;-53578.859375;39076.671875;-69325.65625;-53726.25;38894.773438;-69371.0;-53578.554688;38892.859375;-69333.90625;-53725.945312;-1;-1;-1;-1;-1;-1;-1;-1;-1;-1;-1;-1;-1;-1;-1;-1;-1;-1
J0:19:17:40:833;Hatchback_Car_AI_C_7;211;39244.855469;-66280.960938;-53308.152344;-1;-1;703.207764;-0.190619;-0.980858;-0.039776;39241.550781;-66297.773438;-53229.773438;204.0;92.0;76.0;39292.359375;-66518.382812;-53161.902344;39293.585938;-66512.460938;-53313.785156;39111.742188;-66483.273438;-53161.988281;39112.96875;-66477.351562;-53313.871094;39370.132812;-66118.195312;-53145.675781;39371.359375;-66112.273438;-53297.558594;39189.515625;-66083.085938;-53145.761719;39190.742188;-66077.164062;-53297.644531;-1;-1;-1;-1;-1;-1;-1;-1;-1;-1;-1;-1;-1;-1;-1;-1;-1;-1
