Time;ID;Cat;XPos;YPos;ZPos;2D_XPos;2D_YPos;Vel;XDir;YDir;ZDir;BBox_XPos;BBox_YPos;BBox_ZPos;BBox_Ext_X;BBox_Ext_Y;BBox_Ext_Z;Corner_XYZ_X;Corner_XYZ_Y;Corner_XYZ_Z;Corner_XY-Z_X;Corner_XY-Z_Y;Corner_XY-Z_Z;Corner_X-YZ_X;Corner_X-YZ_Y;Corner_X-YZ_Z;Corner_X-Y-Z_X;Corner_X-Y-Z_Y;Corner_X-Y-Z_Z;Corner_-XYZ_X;Corner_-XYZ_Y;Corner_-XYZ_Z;Corner_-XY-Z_X;Corner_-XY-Z_Y;Corner_-XY-Z_Z;Corner_-X-YZ_X;Corner_-X-YZ_Y;Corner_-X-YZ_Z;Corner_-X-Y-Z_X;Corner_-X-Y-Z_Y;Corner_-X-Y-Z_Z;BBox_2D_XPos;BBox_2D_YPos;Corner_2D_XYZ_X;Corner_2D_XYZ_Y;Corner_2D_XY-Z_X;Corner_2D_XY-Z_Y;Corner_2D_X-YZ_X;Corner_2D_X-YZ_Y;Corner_2D_X-Y-Z_X;Corner_2D_X-Y-Z_Y;Corner_2D_-XYZ_X;Corner_2D_-XYZ_Y;Corner_-2D_XY-Z_X;Corner_2D_-XY-Z_Y;Corner_2D_-X-YZ_X;Corner_2D_-X-YZ_Y;Corner_2D_-X-Y-Z_X;Corner_2D_-X-Y-Z_Y;
J0:19:19:29:341;Hatchback_Car_AI_C_7;211;39250.328125;-72351.078125;-54406.414062;1606;681;708.308044;0.113172;-0.986442;-0.118846;39252.546875;-72374.265625;-54329.640625;204.0;92.0;76.0;39367.648438;-72574.101562;-54277.917969;39366.429688;-72556.054688;-54428.839844;39184.835938;-72594.945312;-54278.933594;39183.617188;-72576.898438;-54429.855469;39321.476562;-72171.632812;-54229.425781;39320.257812;-72153.585938;-54380.347656;39138.664062;-72192.476562;-54230.441406;39137.445312;-72174.429688;-54381.363281;1602;668;1557;657;1557;674;1622;657;1622;674;1581;662;1581;679;1648;662;1648;679
J0:19:19:29:341;Hatchback_Car_AI_C_11;211;38991.179688;-69465.304688;-53763.542969;-1;-1;714.706421;0.040108;-0.969647;-0.241196;38992.648438;-69497.914062;-53690.253906;204.0;92.0;76.0;39093.625;-69710.195312;-53665.835938;39091.875;-69673.570312;-53813.351562;38909.789062;-69717.867188;-53665.5625;38908.039062;-69681.242188;-53813.078125;39077.257812;-69314.585938;-53567.429688;39075.507812;-69277.960938;-53714.945312;38893.421875;-69322.257812;-53567.15625;38891.671875;-69285.632812;-53714.671875;-1;-1;-1;-1;-1;-1;-1;-1;-1;-1;-1;-1;-1;-1;-1;-1;-1;-1
