Time;ID;Cat;XPos;YPos;ZPos;2D_XPos;2D_YPos;Vel;XDir;YDir;ZDir;BBox_XPos;BBox_YPos;BBox_ZPos;BBox_Ext_X;BBox_Ext_Y;BBox_Ext_Z;Corner_XYZ_X;Corner_XYZ_Y;Corner_XYZ_Z;Corner_XY-Z_X;Corner_XY-Z_Y;Corner_XY-Z_Z;Corner_X-YZ_X;Corner_X-YZ_Y;Corner_X-YZ_Z;Corner_X-Y-Z_X;Corner_X-Y-Z_Y;Corner_X-Y-Z_Z;Corner_-XYZ_X;Corner_-XYZ_Y;Corner_-XYZ_Z;Corner_-XY-Z_X;Corner_-XY-Z_Y;Corner_-XY-Z_Z;Corner_-X-YZ_X;Corner_-X-YZ_Y;Corner_-X-YZ_Z;Corner_-X-Y-Z_X;Corner_-X-Y-Z_Y;Corner_-X-Y-Z_Z;BBox_2D_XPos;BBox_2D_YPos;Corner_2D_XYZ_X;Corner_2D_XYZ_Y;Corner_2D_XY-Z_X;Corner_2D_XY-Z_Y;Corner_2D_X-YZ_X;Corner_2D_X-YZ_Y;Corner_2D_X-Y-Z_X;Corner_2D_X-Y-Z_Y;Corner_2D_-XYZ_X;Corner_2D_-XYZ_Y;Corner_-2D_XY-Z_X;Corner_2D_-XY-Z_Y;Corner_2D_-X-YZ_X;Corner_2D_-X-YZ_Y;Corner_2D_-X-Y-Z_X;Corner_2D_-X-Y-Z_Y;
J0:19:20:24:148;Hatchback_Car_AI_C_3;211;39326.636719;-76693.765625;-54424.601562;894;682;513.013489;-0.047135;-0.998888;0.00119;39325.972656;-76707.65625;-54345.585938;204.0;92.0;76.0;39408.25;-76915.671875;-54269.332031;39408.257812;-76915.859375;-54421.332031;39224.453125;-76907.0;-54269.355469;39224.460938;-76907.1875;-54421.355469;39427.484375;-76508.125;-54269.816406;39427.492188;-76508.3125;-54421.816406;39243.6875;-76499.453125;-54269.839844;39243.695312;-76499.640625;-54421.839844;892;669;859;655;859;679;926;655;926;679;857;658;857;683;925;658;925;683
J0:19:20:24:148;Hatchback_Car_AI_C_11;211;39266.617188;-72493.273438;-54422.273438;1581;683;628.02002;0.110237;-0.988059;-0.107645;39268.707031;-72515.601562;-54345.242188;204.0;92.0;76.0;39383.160156;-72715.1875;-54291.183594;39382.105469;-72698.84375;-54442.300781;39200.285156;-72735.484375;-54292.105469;39199.230469;-72719.140625;-54443.222656;39338.183594;-72312.0625;-54247.261719;39337.128906;-72295.71875;-54398.378906;39155.308594;-72332.359375;-54248.183594;39154.253906;-72316.015625;-54399.300781;1577;670;1533;659;1533;676;1597;659;1597;676;1556;664;1556;682;1623;664;1623;682
J0:19:20:24:148;Hatchback_Car_AI_C_15;211;38976.878906;-68901.6875;-53629.949219;-1;-1;707.999695;-0.000782;-0.976009;-0.217731;38976.933594;-68932.554688;-53555.894531;204.0;92.0;76.0;39068.835938;-69148.265625;-53526.226562;39068.710938;-69115.171875;-53674.578125;38884.835938;-69148.15625;-53526.046875;38884.710938;-69115.0625;-53674.398438;39069.15625;-68750.046875;-53437.390625;39069.03125;-68716.953125;-53585.742188;38885.15625;-68749.9375;-53437.210938;38885.03125;-68716.84375;-53585.5625;-1;-1;-1;-1;-1;-1;-1;-1;-1;-1;-1;-1;-1;-1;-1;-1;-1;-1
