Time;ID;Cat;XPos;YPos;ZPos;2D_XPos;2D_YPos;Vel;XDir;YDir;ZDir;BBox_XPos;BBox_YPos;BBox_ZPos;BBox_Ext_X;BBox_Ext_Y;BBox_Ext_Z;Corner_XYZ_X;Corner_XYZ_Y;Corner_XYZ_Z;Corner_XY-Z_X;Corner_XY-Z_Y;Corner_XY-Z_Z;Corner_X-YZ_X;Corner_X-YZ_Y;Corner_X-YZ_Z;Corner_X-Y-Z_X;Corner_X-Y-Z_Y;Corner_X-Y-Z_Z;Corner_-XYZ_X;Corner_-XYZ_Y;Corner_-XYZ_Z;Corner_-XY-Z_X;Corner_-XY-Z_Y;Corner_-XY-Z_Z;Corner_-X-YZ_X;Corner_-X-YZ_Y;Corner_-X-YZ_Z;Corner_-X-Y-Z_X;Corner_-X-Y-Z_Y;Corner_-X-Y-Z_Z;BBox_2D_XPos;BBox_2D_YPos;Corner_2D_XYZ_X;Corner_2D_XYZ_Y;Corner_2D_XY-Z_X;Corner_2D_XY-Z_Y;Corner_2D_X-YZ_X;Corner_2D_X-YZ_Y;Corner_2D_X-Y-Z_X;Corner_2D_X-Y-Z_Y;Corner_2D_-XYZ_X;Corner_2D_-XYZ_Y;Corner_-2D_XY-Z_X;Corner_2D_-XY-Z_Y;Corner_2D_-X-YZ_X;Corner_2D_-X-YZ_Y;Corner_2D_-X-Y-Z_X;Corner_2D_-X-Y-Z_Y;
J0:19:17:34:836;Hatchback_Car_AI_C_3;211;38980.398438;-69171.625;-53692.246094;-1;-1;684.513184;0.021586;-0.972506;-0.231875;38981.214844;-69203.554688;-53618.644531;204.0;92.0;76.0;39078.089844;-69417.492188;-53592.136719;39077.097656;-69382.257812;-53739.996094;38894.136719;-69421.632812;-53591.894531;38893.144531;-69386.398438;-53739.753906;39069.285156;-69020.710938;-53497.535156;39068.292969;-68985.476562;-53645.394531;38885.332031;-69024.851562;-53497.292969;38884.339844;-68989.617188;-53645.152344;-1;-1;-1;-1;-1;-1;-1;-1;-1;-1;-1;-1;-1;-1;-1;-1;-1;-1
J0:19:17:34:836;Hatchback_Car_AI_C_7;211;39311.726562;-65948.617188;-53296.042969;-1;-1;661.17926;-0.2104;-0.977169;-0.029552;39308.28125;-65964.578125;-53217.492188;204.0;92.0;76.0;39354.816406;-66185.484375;-53147.542969;39355.777344;-66181.09375;-53299.480469;39174.941406;-66146.75;-53147.558594;39175.902344;-66142.359375;-53299.496094;39440.660156;-65786.796875;-53135.488281;39441.621094;-65782.40625;-53287.425781;39260.785156;-65748.0625;-53135.503906;39261.746094;-65743.671875;-53287.441406;-1;-1;-1;-1;-1;-1;-1;-1;-1;-1;-1;-1;-1;-1;-1;-1;-1;-1
