Time;ID;Cat;XPos;YPos;ZPos;2D_XPos;2D_YPos;Vel;XDir;YDir;ZDir;BBox_XPos;BBox_YPos;BBox_ZPos;BBox_Ext_X;BBox_Ext_Y;BBox_Ext_Z;Corner_XYZ_X;Corner_XYZ_Y;Corner_XYZ_Z;Corner_XY-Z_X;Corner_XY-Z_Y;Corner_XY-Z_Z;Corner_X-YZ_X;Corner_X-YZ_Y;Corner_X-YZ_Z;Corner_X-Y-Z_X;Corner_X-Y-Z_Y;Corner_X-Y-Z_Z;Corner_-XYZ_X;Corner_-XYZ_Y;Corner_-XYZ_Z;Corner_-XY-Z_X;Corner_-XY-Z_Y;Corner_-XY-Z_Z;Corner_-X-YZ_X;Corner_-X-YZ_Y;Corner_-X-YZ_Z;Corner_-X-Y-Z_X;Corner_-X-Y-Z_Y;Corner_-X-Y-Z_Z;BBox_2D_XPos;BBox_2D_YPos;Corner_2D_XYZ_X;Corner_2D_XYZ_Y;Corner_2D_XY-Z_X;Corner_2D_XY-Z_Y;Corner_2D_X-YZ_X;Corner_2D_X-YZ_Y;Corner_2D_X-Y-Z_X;Corner_2D_X-Y-Z_Y;Corner_2D_-XYZ_X;Corner_2D_-XYZ_Y;Corner_-2D_XY-Z_X;Corner_2D_-XY-Z_Y;Corner_2D_-X-YZ_X;Corner_2D_-X-YZ_Y;Corner_2D_-X-Y-Z_X;Corner_2D_-X-Y-Z_Y;
J0:19:19:43:346;Hatchback_Car_AI_C_7;211;39334.75;-73113.648438;-54468.175781;1473;689;623.5354;0.102262;-0.993601;-0.047951;39336.320312;-73131.351562;-54389.9375;204.0;92.0;76.0;39448.832031;-73328.289062;-54323.511719;39448.566406;-73320.992188;-54475.339844;39265.800781;-73347.101562;-54324.097656;39265.535156;-73339.804688;-54475.925781;39407.105469;-72922.898438;-54303.949219;39406.839844;-72915.601562;-54455.777344;39224.074219;-72941.710938;-54304.535156;39223.808594;-72934.414062;-54456.363281;1470;676;1430;663;1430;684;1492;663;1492;684;1448;668;1448;690;1513;668;1513;690
J0:19:19:43:346;Hatchback_Car_AI_C_11;211;39042.070312;-70240.320312;-53962.085938;-1;-1;681.702332;0.07794;-0.964299;-0.253088;39044.863281;-70273.742188;-53889.203125;204.0;92.0;76.0;39154.097656;-70482.1875;-53867.40625;39150.824219;-70443.859375;-54014.460938;38970.699219;-70497.0625;-53867.203125;38967.425781;-70458.734375;-54014.257812;39122.300781;-70088.75;-53764.148438;39119.027344;-70050.421875;-53911.203125;38938.902344;-70103.625;-53763.945312;38935.628906;-70065.296875;-53911.0;-1;-1;-1;-1;-1;-1;-1;-1;-1;-1;-1;-1;-1;-1;-1;-1;-1;-1
J0:19:19:43:346;Hatchback_Car_AI_C_15;211;39180.9375;-66637.34375;-53325.570312;-1;-1;670.410583;-0.170944;-0.983792;-0.054145;39177.789062;-66655.328125;-53247.445312;204.0;92.0;76.0;39232.832031;-66875.820312;-53182.578125;39234.285156;-66867.726562;-53334.351562;39051.550781;-66844.320312;-53182.632812;39053.003906;-66836.226562;-53334.40625;39302.574219;-66474.429688;-53160.484375;39304.027344;-66466.335938;-53312.257812;39121.292969;-66442.929688;-53160.539062;39122.746094;-66434.835938;-53312.3125;-1;-1;-1;-1;-1;-1;-1;-1;-1;-1;-1;-1;-1;-1;-1;-1;-1;-1
