Time;ID;Cat;XPos;YPos;ZPos;2D_XPos;2D_YPos;Vel;XDir;YDir;ZDir;BBox_XPos;BBox_YPos;BBox_ZPos;BBox_Ext_X;BBox_Ext_Y;BBox_Ext_Z;Corner_XYZ_X;Corner_XYZ_Y;Corner_XYZ_Z;Corner_XY-Z_X;Corner_XY-Z_Y;Corner_XY-Z_Z;Corner_X-YZ_X;Corner_X-YZ_Y;Corner_X-YZ_Z;Corner_X-Y-Z_X;Corner_X-Y-Z_Y;Corner_X-Y-Z_Z;Corner_-XYZ_X;Corner_-XYZ_Y;Corner_-XYZ_Z;Corner_-XY-Z_X;Corner_-XY-Z_Y;Corner_-XY-Z_Z;Corner_-X-YZ_X;Corner_-X-YZ_Y;Corner_-X-YZ_Z;Corner_-X-Y-Z_X;Corner_-X-Y-Z_Y;Corner_-X-Y-Z_Z;BBox_2D_XPos;BBox_2D_YPos;Corner_2D_XYZ_X;Corner_2D_XYZ_Y;Corner_2D_XY-Z_X;Corner_2D_XY-Z_Y;Corner_2D_X-YZ_X;Corner_2D_X-YZ_Y;Corner_2D_X-Y-Z_X;Corner_2D_X-Y-Z_Y;Corner_2D_-XYZ_X;Corner_2D_-XYZ_Y;Corner_-2D_XY-Z_X;Corner_2D_-XY-Z_Y;Corner_2D_-X-YZ_X;Corner_2D_-X-YZ_Y;Corner_2D_-X-Y-Z_X;Corner_2D_-X-Y-Z_Y;
J0:19:18:21:747;Hatchback_Car_AI_C_3;211;39198.351562;-71864.734375;-54337.570312;1692;671;638.644653;0.104084;-0.980021;-0.169487;39200.984375;-71891.796875;-54262.085938;204.0;92.0;76.0;39314.839844;-72094.882812;-54221.488281;39312.574219;-72069.210938;-54371.285156;39131.863281;-72114.226562;-54222.035156;39129.597656;-72088.554688;-54371.832031;39272.371094;-71695.039062;-54152.339844;39270.105469;-71669.367188;-54302.136719;39089.394531;-71714.382812;-54152.886719;39087.128906;-71688.710938;-54302.683594;1688;658;1641;649;1641;662;1707;649;1707;662;1668;654;1668;667;1736;654;1736;667
J0:19:18:21:747;Hatchback_Car_AI_C_7;211;38980.734375;-68613.132812;-53569.144531;-1;-1;694.799866;-0.026002;-0.980536;-0.194611;38980.011719;-68642.226562;-53494.378906;204.0;92.0;76.0;39066.328125;-68859.476562;-53459.585938;39067.023438;-68829.898438;-53608.679688;38882.390625;-68854.617188;-53459.476562;38883.085938;-68825.039062;-53608.570312;39076.9375;-68459.414062;-53380.1875;39077.632812;-68429.835938;-53529.28125;38893.0;-68454.554688;-53380.078125;38893.695312;-68424.976562;-53529.171875;-1;-1;-1;-1;-1;-1;-1;-1;-1;-1;-1;-1;-1;-1;-1;-1;-1;-1
