Time;ID;Cat;XPos;YPos;ZPos;2D_XPos;2D_YPos;Vel;XDir;YDir;ZDir;BBox_XPos;BBox_YPos;BBox_ZPos;BBox_Ext_X;BBox_Ext_Y;BBox_Ext_Z;Corner_XYZ_X;Corner_XYZ_Y;Corner_XYZ_Z;Corner_XY-Z_X;Corner_XY-Z_Y;Corner_XY-Z_Z;Corner_X-YZ_X;Corner_X-YZ_Y;Corner_X-YZ_Z;Corner_X-Y-Z_X;Corner_X-Y-Z_Y;Corner_X-Y-Z_Z;Corner_-XYZ_X;Corner_-XYZ_Y;Corner_-XYZ_Z;Corner_-XY-Z_X;Corner_-XY-Z_Y;Corner_-XY-Z_Z;Corner_-X-YZ_X;Corner_-X-YZ_Y;Corner_-X-YZ_Z;Corner_-X-Y-Z_X;Corner_-X-Y-Z_Y;Corner_-X-Y-Z_Z;BBox_2D_XPos;BBox_2D_YPos;Corner_2D_XYZ_X;Corner_2D_XYZ_Y;Corner_2D_XY-Z_X;Corner_2D_XY-Z_Y;Corner_2D_X-YZ_X;Corner_2D_X-YZ_Y;Corner_2D_X-Y-Z_X;Corner_2D_X-Y-Z_Y;Corner_2D_-XYZ_X;Corner_2D_-XYZ_Y;Corner_-2D_XY-Z_X;Corner_2D_-XY-Z_Y;Corner_2D_-X-YZ_X;Corner_2D_-X-YZ_Y;Corner_2D_-X-Y-Z_X;Corner_2D_-X-Y-Z_Y;
J0:19:21:12:147;Hatchback_Car_AI_C_15;211;39165.628906;-71568.804688;-54283.5625;1746;662;698.247253;0.09981;-0.975191;-0.197584;39168.574219;-71597.992188;-54208.886719;204.0;92.0;76.0;39281.949219;-71802.515625;-54174.648438;39278.972656;-71772.625;-54323.648438;39098.902344;-71821.234375;-54174.742188;39095.925781;-71791.34375;-54323.742188;39241.222656;-71404.640625;-54094.03125;39238.246094;-71374.75;-54243.03125;39058.175781;-71423.359375;-54094.125;39055.199219;-71393.46875;-54243.125;1741;650;1692;642;1692;653;1759;642;1759;653;1722;646;1722;658;1791;646;1791;658
J0:19:21:12:147;Hatchback_Car_AI_C_19;211;38984.972656;-68429.171875;-53534.0;-1;-1;700.467712;-0.042733;-0.982759;-0.179883;38983.757812;-68457.125;-53458.808594;204.0;92.0;76.0;39066.359375;-68675.265625;-53420.742188;39067.546875;-68647.953125;-53570.265625;38882.53125;-68667.265625;-53420.742188;38883.71875;-68639.953125;-53570.265625;39083.796875;-68274.296875;-53347.351562;39084.984375;-68246.984375;-53496.875;38899.96875;-68266.296875;-53347.351562;38901.15625;-68238.984375;-53496.875;-1;-1;-1;-1;-1;-1;-1;-1;-1;-1;-1;-1;-1;-1;-1;-1;-1;-1
