Time;ID;Cat;XPos;YPos;ZPos;2D_XPos;2D_YPos;Vel;XDir;YDir;ZDir;BBox_XPos;BBox_YPos;BBox_ZPos;BBox_Ext_X;BBox_Ext_Y;BBox_Ext_Z;Corner_XYZ_X;Corner_XYZ_Y;Corner_XYZ_Z;Corner_XY-Z_X;Corner_XY-Z_Y;Corner_XY-Z_Z;Corner_X-YZ_X;Corner_X-YZ_Y;Corner_X-YZ_Z;Corner_X-Y-Z_X;Corner_X-Y-Z_Y;Corner_X-Y-Z_Z;Corner_-XYZ_X;Corner_-XYZ_Y;Corner_-XYZ_Z;Corner_-XY-Z_X;Corner_-XY-Z_Y;Corner_-XY-Z_Z;Corner_-X-YZ_X;Corner_-X-YZ_Y;Corner_-X-YZ_Z;Corner_-X-Y-Z_X;Corner_-X-Y-Z_Y;Corner_-X-Y-Z_Z;BBox_2D_XPos;BBox_2D_YPos;Corner_2D_XYZ_X;Corner_2D_XYZ_Y;Corner_2D_XY-Z_X;Corner_2D_XY-Z_Y;Corner_2D_X-YZ_X;Corner_2D_X-YZ_Y;Corner_2D_X-Y-Z_X;Corner_2D_X-Y-Z_Y;Corner_2D_-XYZ_X;Corner_2D_-XYZ_Y;Corner_-2D_XY-Z_X;Corner_2D_-XY-Z_Y;Corner_2D_-X-YZ_X;Corner_2D_-X-YZ_Y;Corner_2D_-X-Y-Z_X;Corner_2D_-X-Y-Z_Y;
J0:19:21:32:548;Hatchback_Car_AI_C_7;211;38121.820312;-77162.375;-54424.871094;782;718;645.604797;-0.470208;0.882556;0.000198;38114.53125;-77150.414062;-54345.871094;204.0;92.0;76.0;37936.738281;-77014.015625;-54270.777344;37938.097656;-77013.25;-54422.769531;38099.121094;-76927.5;-54268.894531;38100.480469;-76926.734375;-54420.886719;38128.582031;-77374.09375;-54270.855469;38129.941406;-77373.328125;-54422.847656;38290.964844;-77287.578125;-54268.972656;38292.324219;-77286.8125;-54420.964844;784;702;806;693;806;725;748;693;748;725;817;682;817;711;764;682;764;711
J0:19:21:32:548;Hatchback_Car_AI_C_15;211;39289.203125;-72696.632812;-54441.335938;1545;685;659.276855;0.110271;-0.990128;-0.086525;39291.117188;-72717.328125;-54363.84375;204.0;92.0;76.0;39405.410156;-72915.75;-54305.332031;39404.691406;-72902.59375;-54456.761719;39222.535156;-72936.03125;-54306.230469;39221.816406;-72922.875;-54457.660156;39360.417969;-72511.78125;-54270.027344;39359.699219;-72498.625;-54421.457031;39177.542969;-72532.0625;-54270.925781;39176.824219;-72518.90625;-54422.355469;1542;673;1499;661;1499;680;1563;661;1563;680;1520;666;1520;685;1586;666;1586;685
J0:19:21:32:548;Hatchback_Car_AI_C_19;211;38994.636719;-69569.4375;-53789.691406;-1;-1;669.471863;0.044763;-0.968228;-0.246031;38996.308594;-69602.398438;-53716.5625;204.0;92.0;76.0;39098.34375;-69814.296875;-53693.253906;39096.335938;-69776.953125;-53840.582031;38914.546875;-69822.875;-53692.925781;38912.539062;-69785.53125;-53840.253906;39080.078125;-69419.265625;-53592.871094;39078.070312;-69381.921875;-53740.199219;38896.28125;-69427.84375;-53592.542969;38894.273438;-69390.5;-53739.871094;-1;-1;-1;-1;-1;-1;-1;-1;-1;-1;-1;-1;-1;-1;-1;-1;-1;-1
