Time;ID;Cat;XPos;YPos;ZPos;2D_XPos;2D_YPos;Vel;XDir;YDir;ZDir;BBox_XPos;BBox_YPos;BBox_ZPos;BBox_Ext_X;BBox_Ext_Y;BBox_Ext_Z;Corner_XYZ_X;Corner_XYZ_Y;Corner_XYZ_Z;Corner_XY-Z_X;Corner_XY-Z_Y;Corner_XY-Z_Z;Corner_X-YZ_X;Corner_X-YZ_Y;Corner_X-YZ_Z;Corner_X-Y-Z_X;Corner_X-Y-Z_Y;Corner_X-Y-Z_Z;Corner_-XYZ_X;Corner_-XYZ_Y;Corner_-XYZ_Z;Corner_-XY-Z_X;Corner_-XY-Z_Y;Corner_-XY-Z_Z;Corner_-X-YZ_X;Corner_-X-YZ_Y;Corner_-X-YZ_Z;Corner_-X-Y-Z_X;Corner_-X-Y-Z_Y;Corner_-X-Y-Z_Z;BBox_2D_XPos;BBox_2D_YPos;Corner_2D_XYZ_X;Corner_2D_XYZ_Y;Corner_2D_XY-Z_X;Corner_2D_XY-Z_Y;Corner_2D_X-YZ_X;Corner_2D_X-YZ_Y;Corner_2D_X-Y-Z_X;Corner_2D_X-Y-Z_Y;Corner_2D_-XYZ_X;Corner_2D_-XYZ_Y;Corner_-2D_XY-Z_X;Corner_2D_-XY-Z_Y;Corner_2D_-X-YZ_X;Corner_2D_-X-YZ_Y;Corner_2D_-X-Y-Z_X;Corner_2D_-X-Y-Z_Y;
J0:19:17:35:236;Hatchback_Car_AI_C_3;211;38981.011719;-69194.65625;-53697.710938;-1;-1;710.237305;0.021509;-0.972544;-0.231721;38981.867188;-69226.570312;-53624.105469;204.0;92.0;76.0;39078.761719;-69440.5;-53597.613281;39077.699219;-69405.296875;-53745.472656;38894.808594;-69444.640625;-53597.277344;38893.746094;-69409.4375;-53745.136719;39069.988281;-69043.703125;-53503.074219;39068.925781;-69008.5;-53650.933594;38886.035156;-69047.84375;-53502.738281;38884.972656;-69012.640625;-53650.597656;-1;-1;-1;-1;-1;-1;-1;-1;-1;-1;-1;-1;-1;-1;-1;-1;-1;-1
J0:19:17:35:236;Hatchback_Car_AI_C_7;211;39307.28125;-65969.789062;-53296.652344;-1;-1;650.921814;-0.207759;-0.977697;-0.030723;39303.855469;-65985.851562;-53218.121094;204.0;92.0;76.0;39350.964844;-66206.710938;-53148.40625;39351.964844;-66202.148438;-53300.335938;39170.980469;-66168.460938;-53148.4375;39171.980469;-66163.898438;-53300.367188;39435.730469;-65807.804688;-53135.875;39436.730469;-65803.242188;-53287.804688;39255.746094;-65769.554688;-53135.90625;39256.746094;-65764.992188;-53287.835938;-1;-1;-1;-1;-1;-1;-1;-1;-1;-1;-1;-1;-1;-1;-1;-1;-1;-1
