Time;ID;Cat;XPos;YPos;ZPos;2D_XPos;2D_YPos;Vel;XDir;YDir;ZDir;BBox_XPos;BBox_YPos;BBox_ZPos;BBox_Ext_X;BBox_Ext_Y;BBox_Ext_Z;Corner_XYZ_X;Corner_XYZ_Y;Corner_XYZ_Z;Corner_XY-Z_X;Corner_XY-Z_Y;Corner_XY-Z_Z;Corner_X-YZ_X;Corner_X-YZ_Y;Corner_X-YZ_Z;Corner_X-Y-Z_X;Corner_X-Y-Z_Y;Corner_X-Y-Z_Z;Corner_-XYZ_X;Corner_-XYZ_Y;Corner_-XYZ_Z;Corner_-XY-Z_X;Corner_-XY-Z_Y;Corner_-XY-Z_Z;Corner_-X-YZ_X;Corner_-X-YZ_Y;Corner_-X-YZ_Z;Corner_-X-Y-Z_X;Corner_-X-Y-Z_Y;Corner_-X-Y-Z_Z;BBox_2D_XPos;BBox_2D_YPos;Corner_2D_XYZ_X;Corner_2D_XYZ_Y;Corner_2D_XY-Z_X;Corner_2D_XY-Z_Y;Corner_2D_X-YZ_X;Corner_2D_X-YZ_Y;Corner_2D_X-Y-Z_X;Corner_2D_X-Y-Z_Y;Corner_2D_-XYZ_X;Corner_2D_-XYZ_Y;Corner_-2D_XY-Z_X;Corner_2D_-XY-Z_Y;Corner_2D_-X-YZ_X;Corner_2D_-X-YZ_Y;Corner_2D_-X-Y-Z_X;Corner_2D_-X-Y-Z_Y;
J0:19:18:42:548;Hatchback_Car_AI_C_3;211;39324.371094;-73007.164062;-54462.699219;1492;688;658.145874;0.104126;-0.992914;-0.057259;39326.015625;-73025.59375;-54384.632812;204.0;92.0;76.0;39438.9375;-73222.929688;-54320.105469;39438.578125;-73214.210938;-54471.855469;39255.9375;-73242.085938;-54320.769531;39255.578125;-73233.367188;-54472.519531;39396.453125;-72817.820312;-54296.746094;39396.09375;-72809.101562;-54448.496094;39213.453125;-72836.976562;-54297.410156;39213.09375;-72828.257812;-54449.160156;1489;675;1447;663;1447;683;1510;663;1510;683;1466;667;1466;689;1531;667;1531;689
J0:19:18:42:548;Hatchback_Car_AI_C_7;211;39008.335938;-69768.6875;-53840.066406;-1;-1;721.091919;0.053046;-0.967311;-0.247982;39010.367188;-69801.78125;-53767.007812;204.0;92.0;76.0;39114.285156;-70012.8125;-53744.214844;39111.808594;-69975.203125;-53891.464844;38930.566406;-70023.015625;-53743.730469;38928.089844;-69985.40625;-53890.980469;39092.644531;-69618.15625;-53643.035156;39090.167969;-69580.546875;-53790.285156;38908.925781;-69628.359375;-53642.550781;38906.449219;-69590.75;-53789.800781;-1;-1;-1;-1;-1;-1;-1;-1;-1;-1;-1;-1;-1;-1;-1;-1;-1;-1
J0:19:18:42:548;Hatchback_Car_AI_C_11;211;39142.90625;-66867.664062;-53339.917969;-1;-1;718.44281;-0.159022;-0.985058;-0.06613;39139.804688;-66886.601562;-53262.015625;204.0;92.0;76.0;39197.34375;-67107.171875;-53199.625;39199.03125;-67097.265625;-53351.289062;39015.695312;-67077.84375;-53199.726562;39017.382812;-67067.9375;-53351.390625;39262.226562;-66705.265625;-53172.640625;39263.914062;-66695.359375;-53324.304688;39080.578125;-66675.9375;-53172.742188;39082.265625;-66666.03125;-53324.40625;-1;-1;-1;-1;-1;-1;-1;-1;-1;-1;-1;-1;-1;-1;-1;-1;-1;-1
