Time;ID;Cat;XPos;YPos;ZPos;2D_XPos;2D_YPos;Vel;XDir;YDir;ZDir;BBox_XPos;BBox_YPos;BBox_ZPos;BBox_Ext_X;BBox_Ext_Y;BBox_Ext_Z;Corner_XYZ_X;Corner_XYZ_Y;Corner_XYZ_Z;Corner_XY-Z_X;Corner_XY-Z_Y;Corner_XY-Z_Z;Corner_X-YZ_X;Corner_X-YZ_Y;Corner_X-YZ_Z;Corner_X-Y-Z_X;Corner_X-Y-Z_Y;Corner_X-Y-Z_Z;Corner_-XYZ_X;Corner_-XYZ_Y;Corner_-XYZ_Z;Corner_-XY-Z_X;Corner_-XY-Z_Y;Corner_-XY-Z_Z;Corner_-X-YZ_X;Corner_-X-YZ_Y;Corner_-X-YZ_Z;Corner_-X-Y-Z_X;Corner_-X-Y-Z_Y;Corner_-X-Y-Z_Z;BBox_2D_XPos;BBox_2D_YPos;Corner_2D_XYZ_X;Corner_2D_XYZ_Y;Corner_2D_XY-Z_X;Corner_2D_XY-Z_Y;Corner_2D_X-YZ_X;Corner_2D_X-YZ_Y;Corner_2D_X-Y-Z_X;Corner_2D_X-Y-Z_Y;Corner_2D_-XYZ_X;Corner_2D_-XYZ_Y;Corner_-2D_XY-Z_X;Corner_2D_-XY-Z_Y;Corner_2D_-X-YZ_X;Corner_2D_-X-YZ_Y;Corner_2D_-X-Y-Z_X;Corner_2D_-X-Y-Z_Y;
J0:19:21:03:739;Hatchback_Car_AI_C_15;211;39118.542969;-71096.429688;-54178.890625;1832;646;667.383301;0.092487;-0.966814;-0.238152;39121.828125;-71128.671875;-54105.496094;204.0;92.0;76.0;39234.1875;-71335.085938;-54080.492188;39230.359375;-71299.085938;-54228.117188;39051.03125;-71352.710938;-54080.039062;39047.203125;-71316.710938;-54227.664062;39196.453125;-70940.632812;-53983.328125;39192.625;-70904.632812;-54130.953125;39013.296875;-70958.257812;-53982.875;39009.46875;-70922.257812;-54130.5;1826;633;1775;627;1775;636;1843;627;1843;636;1808;631;1808;640;1878;631;1878;640
J0:19:21:03:739;Hatchback_Car_AI_C_19;211;39013.96875;-67954.914062;-53455.964844;-1;-1;667.186096;-0.08781;-0.985567;-0.144733;39011.789062;-67980.109375;-53379.824219;204.0;92.0;76.0;39084.597656;-68200.28125;-53334.230469;39086.425781;-68178.359375;-53484.628906;38901.324219;-68183.96875;-53334.074219;38903.152344;-68162.046875;-53484.472656;39120.425781;-67798.171875;-53275.175781;39122.253906;-67776.25;-53425.574219;38937.152344;-67781.859375;-53275.019531;38938.980469;-67759.9375;-53425.417969;-1;-1;-1;-1;-1;-1;-1;-1;-1;-1;-1;-1;-1;-1;-1;-1;-1;-1
