Time;ID;Cat;XPos;YPos;ZPos;2D_XPos;2D_YPos;Vel;XDir;YDir;ZDir;BBox_XPos;BBox_YPos;BBox_ZPos;BBox_Ext_X;BBox_Ext_Y;BBox_Ext_Z;Corner_XYZ_X;Corner_XYZ_Y;Corner_XYZ_Z;Corner_XY-Z_X;Corner_XY-Z_Y;Corner_XY-Z_Z;Corner_X-YZ_X;Corner_X-YZ_Y;Corner_X-YZ_Z;Corner_X-Y-Z_X;Corner_X-Y-Z_Y;Corner_X-Y-Z_Z;Corner_-XYZ_X;Corner_-XYZ_Y;Corner_-XYZ_Z;Corner_-XY-Z_X;Corner_-XY-Z_Y;Corner_-XY-Z_Z;Corner_-X-YZ_X;Corner_-X-YZ_Y;Corner_-X-YZ_Z;Corner_-X-Y-Z_X;Corner_-X-Y-Z_Y;Corner_-X-Y-Z_Z;BBox_2D_XPos;BBox_2D_YPos;Corner_2D_XYZ_X;Corner_2D_XYZ_Y;Corner_2D_XY-Z_X;Corner_2D_XY-Z_Y;Corner_2D_X-YZ_X;Corner_2D_X-YZ_Y;Corner_2D_X-Y-Z_X;Corner_2D_X-Y-Z_Y;Corner_2D_-XYZ_X;Corner_2D_-XYZ_Y;Corner_-2D_XY-Z_X;Corner_2D_-XY-Z_Y;Corner_2D_-X-YZ_X;Corner_2D_-X-YZ_Y;Corner_2D_-X-Y-Z_X;Corner_2D_-X-Y-Z_Y;
J0:19:18:19:748;Hatchback_Car_AI_C_3;211;39186.839844;-71755.898438;-54318.667969;1712;668;703.220154;0.103588;-0.978655;-0.177493;39189.582031;-71783.5625;-54243.40625;204.0;92.0;76.0;39303.453125;-71986.992188;-54204.609375;39300.960938;-71960.132812;-54354.195312;39120.46875;-72006.289062;-54205.03125;39117.976562;-71979.429688;-54354.617188;39261.1875;-71587.695312;-54132.195312;39258.695312;-71560.835938;-54281.78125;39078.203125;-71606.992188;-54132.617188;39075.710938;-71580.132812;-54282.203125;1707;655;1659;647;1659;659;1726;647;1726;659;1688;651;1688;664;1756;651;1756;664
J0:19:18:19:748;Hatchback_Car_AI_C_7;211;38983.386719;-68502.828125;-53547.617188;-1;-1;684.617798;-0.033149;-0.982;-0.185947;38982.398438;-68531.257812;-53472.597656;204.0;92.0;76.0;39067.082031;-68748.820312;-53435.820312;39068.089844;-68720.570312;-53585.171875;38883.183594;-68742.601562;-53435.890625;38884.191406;-68714.351562;-53585.242188;39080.605469;-68348.164062;-53359.953125;39081.613281;-68319.914062;-53509.304688;38896.707031;-68341.945312;-53360.023438;38897.714844;-68313.695312;-53509.375;-1;-1;-1;-1;-1;-1;-1;-1;-1;-1;-1;-1;-1;-1;-1;-1;-1;-1
