Time;ID;Cat;XPos;YPos;ZPos;2D_XPos;2D_YPos;Vel;XDir;YDir;ZDir;BBox_XPos;BBox_YPos;BBox_ZPos;BBox_Ext_X;BBox_Ext_Y;BBox_Ext_Z;Corner_XYZ_X;Corner_XYZ_Y;Corner_XYZ_Z;Corner_XY-Z_X;Corner_XY-Z_Y;Corner_XY-Z_Z;Corner_X-YZ_X;Corner_X-YZ_Y;Corner_X-YZ_Z;Corner_X-Y-Z_X;Corner_X-Y-Z_Y;Corner_X-Y-Z_Z;Corner_-XYZ_X;Corner_-XYZ_Y;Corner_-XYZ_Z;Corner_-XY-Z_X;Corner_-XY-Z_Y;Corner_-XY-Z_Z;Corner_-X-YZ_X;Corner_-X-YZ_Y;Corner_-X-YZ_Z;Corner_-X-Y-Z_X;Corner_-X-Y-Z_Y;Corner_-X-Y-Z_Z;BBox_2D_XPos;BBox_2D_YPos;Corner_2D_XYZ_X;Corner_2D_XYZ_Y;Corner_2D_XY-Z_X;Corner_2D_XY-Z_Y;Corner_2D_X-YZ_X;Corner_2D_X-YZ_Y;Corner_2D_X-Y-Z_X;Corner_2D_X-Y-Z_Y;Corner_2D_-XYZ_X;Corner_2D_-XYZ_Y;Corner_-2D_XY-Z_X;Corner_2D_-XY-Z_Y;Corner_2D_-X-YZ_X;Corner_2D_-X-YZ_Y;Corner_2D_-X-Y-Z_X;Corner_2D_-X-Y-Z_Y;
J0:19:18:37:344;Hatchback_Car_AI_C_3;211;39293.019531;-72718.570312;-54443.191406;1541;686;641.731812;0.112614;-0.990024;-0.084682;39294.945312;-72739.125;-54365.660156;204.0;92.0;76.0;39409.667969;-72937.171875;-54306.734375;39408.996094;-72924.296875;-54458.1875;39226.839844;-72957.890625;-54307.679688;39226.167969;-72945.015625;-54459.132812;39363.722656;-72533.234375;-54272.1875;39363.050781;-72520.359375;-54423.640625;39180.894531;-72553.953125;-54273.132812;39180.222656;-72541.078125;-54424.585938;1538;673;1495;661;1495;680;1559;661;1559;680;1517;666;1517;685;1582;666;1582;685
J0:19:18:37:344;Hatchback_Car_AI_C_7;211;38993.105469;-69483.007812;-53767.964844;-1;-1;674.722534;0.040355;-0.969016;-0.24368;38994.589844;-69515.804688;-53694.757812;204.0;92.0;76.0;39095.628906;-69728.125;-53670.894531;39093.855469;-69691.125;-53818.308594;38911.792969;-69735.84375;-53670.628906;38910.019531;-69698.84375;-53818.042969;39079.160156;-69332.765625;-53571.472656;39077.386719;-69295.765625;-53718.886719;38895.324219;-69340.484375;-53571.207031;38893.550781;-69303.484375;-53718.621094;-1;-1;-1;-1;-1;-1;-1;-1;-1;-1;-1;-1;-1;-1;-1;-1;-1;-1
J0:19:18:37:344;Hatchback_Car_AI_C_11;211;39191.875;-66573.625;-53322.164062;-1;-1;674.3349;-0.175994;-0.983057;-0.051237;39188.671875;-66591.367188;-53243.984375;204.0;92.0;76.0;39242.617188;-66811.953125;-53178.511719;39244.039062;-66804.296875;-53330.308594;39061.5;-66779.53125;-53178.566406;39062.921875;-66771.875;-53330.363281;39314.421875;-66410.859375;-53157.605469;39315.84375;-66403.203125;-53309.402344;39133.304688;-66378.4375;-53157.660156;39134.726562;-66370.78125;-53309.457031;-1;-1;-1;-1;-1;-1;-1;-1;-1;-1;-1;-1;-1;-1;-1;-1;-1;-1
