Time;ID;Cat;XPos;YPos;ZPos;2D_XPos;2D_YPos;Vel;XDir;YDir;ZDir;BBox_XPos;BBox_YPos;BBox_ZPos;BBox_Ext_X;BBox_Ext_Y;BBox_Ext_Z;Corner_XYZ_X;Corner_XYZ_Y;Corner_XYZ_Z;Corner_XY-Z_X;Corner_XY-Z_Y;Corner_XY-Z_Z;Corner_X-YZ_X;Corner_X-YZ_Y;Corner_X-YZ_Z;Corner_X-Y-Z_X;Corner_X-Y-Z_Y;Corner_X-Y-Z_Z;Corner_-XYZ_X;Corner_-XYZ_Y;Corner_-XYZ_Z;Corner_-XY-Z_X;Corner_-XY-Z_Y;Corner_-XY-Z_Z;Corner_-X-YZ_X;Corner_-X-YZ_Y;Corner_-X-YZ_Z;Corner_-X-Y-Z_X;Corner_-X-Y-Z_Y;Corner_-X-Y-Z_Z;BBox_2D_XPos;BBox_2D_YPos;Corner_2D_XYZ_X;Corner_2D_XYZ_Y;Corner_2D_XY-Z_X;Corner_2D_XY-Z_Y;Corner_2D_X-YZ_X;Corner_2D_X-YZ_Y;Corner_2D_X-Y-Z_X;Corner_2D_X-Y-Z_Y;Corner_2D_-XYZ_X;Corner_2D_-XYZ_Y;Corner_-2D_XY-Z_X;Corner_2D_-XY-Z_Y;Corner_2D_-X-YZ_X;Corner_2D_-X-YZ_Y;Corner_2D_-X-Y-Z_X;Corner_2D_-X-Y-Z_Y;
J0:19:17:53:350;Hatchback_Car_AI_C_3;211;39044.46875;-70276.4375;-53971.386719;-1;-1;698.226868;0.078814;-0.964394;-0.252454;39047.308594;-70309.804688;-53898.480469;204.0;92.0;76.0;39156.746094;-70518.132812;-53876.566406;39153.410156;-70479.898438;-54023.644531;38973.363281;-70533.179688;-53876.316406;38970.027344;-70494.945312;-54023.394531;39124.589844;-70124.664062;-53773.566406;39121.253906;-70086.429688;-53920.644531;38941.207031;-70139.710938;-53773.316406;38937.871094;-70101.476562;-53920.394531;-1;-1;-1;-1;-1;-1;-1;-1;-1;-1;-1;-1;-1;-1;-1;-1;-1;-1
J0:19:17:53:350;Hatchback_Car_AI_C_7;211;39115.84375;-67039.328125;-53352.726562;-1;-1;733.974243;-0.148931;-0.985891;-0.076408;39112.824219;-67059.09375;-53275.027344;204.0;92.0;76.0;39172.507812;-67279.695312;-53214.796875;39174.3125;-67268.226562;-53366.351562;38990.570312;-67252.210938;-53214.875;38992.375;-67240.742188;-53366.429688;39233.273438;-66877.445312;-53183.625;39235.078125;-66865.976562;-53335.179688;39051.335938;-66849.960938;-53183.703125;39053.140625;-66838.492188;-53335.257812;-1;-1;-1;-1;-1;-1;-1;-1;-1;-1;-1;-1;-1;-1;-1;-1;-1;-1
