Time;ID;Cat;XPos;YPos;ZPos;2D_XPos;2D_YPos;Vel;XDir;YDir;ZDir;BBox_XPos;BBox_YPos;BBox_ZPos;BBox_Ext_X;BBox_Ext_Y;BBox_Ext_Z;Corner_XYZ_X;Corner_XYZ_Y;Corner_XYZ_Z;Corner_XY-Z_X;Corner_XY-Z_Y;Corner_XY-Z_Z;Corner_X-YZ_X;Corner_X-YZ_Y;Corner_X-YZ_Z;Corner_X-Y-Z_X;Corner_X-Y-Z_Y;Corner_X-Y-Z_Z;Corner_-XYZ_X;Corner_-XYZ_Y;Corner_-XYZ_Z;Corner_-XY-Z_X;Corner_-XY-Z_Y;Corner_-XY-Z_Z;Corner_-X-YZ_X;Corner_-X-YZ_Y;Corner_-X-YZ_Z;Corner_-X-Y-Z_X;Corner_-X-Y-Z_Y;Corner_-X-Y-Z_Z;BBox_2D_XPos;BBox_2D_YPos;Corner_2D_XYZ_X;Corner_2D_XYZ_Y;Corner_2D_XY-Z_X;Corner_2D_XY-Z_Y;Corner_2D_X-YZ_X;Corner_2D_X-YZ_Y;Corner_2D_X-Y-Z_X;Corner_2D_X-Y-Z_Y;Corner_2D_-XYZ_X;Corner_2D_-XYZ_Y;Corner_-2D_XY-Z_X;Corner_2D_-XY-Z_Y;Corner_2D_-X-YZ_X;Corner_2D_-X-YZ_Y;Corner_2D_-X-Y-Z_X;Corner_2D_-X-Y-Z_Y;
J0:19:21:30:943;Hatchback_Car_AI_C_7;211;38159.257812;-77240.71875;-54424.878906;768;717;630.791809;-0.561175;0.827697;0.000062;38150.730469;-77229.59375;-54345.882812;204.0;92.0;76.0;37959.460938;-77112.8125;-54270.824219;37960.75;-77111.921875;-54422.816406;38111.75;-77009.5625;-54268.925781;38113.039062;-77008.671875;-54420.917969;38188.421875;-77450.515625;-54270.847656;38189.710938;-77449.625;-54422.839844;38340.710938;-77347.265625;-54268.949219;38342.0;-77346.375;-54420.941406;770;701;786;692;786;724;737;692;737;724;800;680;800;710;754;680;754;710
J0:19:21:30:943;Hatchback_Car_AI_C_15;211;39279.628906;-72611.273438;-54433.765625;1560;684;643.200806;0.111242;-0.989177;-0.095673;39281.613281;-72632.679688;-54356.46875;204.0;92.0;76.0;39396.140625;-72831.507812;-54299.851562;39395.320312;-72816.960938;-54451.148438;39213.289062;-72851.976562;-54300.820312;39212.46875;-72837.429688;-54452.117188;39350.757812;-72427.929688;-54260.820312;39349.9375;-72413.382812;-54412.117188;39167.90625;-72448.398438;-54261.789062;39167.085938;-72433.851562;-54413.085938;1557;672;1513;660;1513;678;1577;660;1577;678;1535;665;1535;684;1602;665;1602;684
J0:19:21:30:943;Hatchback_Car_AI_C_19;211;38990.644531;-69484.492188;-53768.308594;-1;-1;674.781372;0.038882;-0.969067;-0.243717;38992.132812;-69517.289062;-53695.101562;204.0;92.0;76.0;39092.898438;-69729.742188;-53671.308594;39091.085938;-69692.742188;-53818.722656;38909.046875;-69737.210938;-53670.917969;38907.234375;-69700.210938;-53818.332031;39077.03125;-69334.367188;-53571.871094;39075.21875;-69297.367188;-53719.285156;38893.179688;-69341.835938;-53571.480469;38891.367188;-69304.835938;-53718.894531;-1;-1;-1;-1;-1;-1;-1;-1;-1;-1;-1;-1;-1;-1;-1;-1;-1;-1
