Time;ID;Cat;XPos;YPos;ZPos;2D_XPos;2D_YPos;Vel;XDir;YDir;ZDir;BBox_XPos;BBox_YPos;BBox_ZPos;BBox_Ext_X;BBox_Ext_Y;BBox_Ext_Z;Corner_XYZ_X;Corner_XYZ_Y;Corner_XYZ_Z;Corner_XY-Z_X;Corner_XY-Z_Y;Corner_XY-Z_Z;Corner_X-YZ_X;Corner_X-YZ_Y;Corner_X-YZ_Z;Corner_X-Y-Z_X;Corner_X-Y-Z_Y;Corner_X-Y-Z_Z;Corner_-XYZ_X;Corner_-XYZ_Y;Corner_-XYZ_Z;Corner_-XY-Z_X;Corner_-XY-Z_Y;Corner_-XY-Z_Z;Corner_-X-YZ_X;Corner_-X-YZ_Y;Corner_-X-YZ_Z;Corner_-X-Y-Z_X;Corner_-X-Y-Z_Y;Corner_-X-Y-Z_Z;BBox_2D_XPos;BBox_2D_YPos;Corner_2D_XYZ_X;Corner_2D_XYZ_Y;Corner_2D_XY-Z_X;Corner_2D_XY-Z_Y;Corner_2D_X-YZ_X;Corner_2D_X-YZ_Y;Corner_2D_X-Y-Z_X;Corner_2D_X-Y-Z_Y;Corner_2D_-XYZ_X;Corner_2D_-XYZ_Y;Corner_-2D_XY-Z_X;Corner_2D_-XY-Z_Y;Corner_2D_-X-YZ_X;Corner_2D_-X-YZ_Y;Corner_2D_-X-Y-Z_X;Corner_2D_-X-Y-Z_Y;
J0:19:20:30:145;Hatchback_Car_AI_C_3;211;39315.277344;-76967.0625;-54424.914062;850;682;558.377319;-0.041415;-0.999142;0.000803;39314.695312;-76980.984375;-54345.902344;204.0;92.0;76.0;39398.164062;-77188.5625;-54269.734375;39398.171875;-77188.6875;-54421.734375;39214.320312;-77180.9375;-54269.742188;39214.328125;-77181.0625;-54421.742188;39415.0625;-76780.90625;-54270.0625;39415.070312;-76781.03125;-54422.0625;39231.21875;-76773.28125;-54270.070312;39231.226562;-76773.40625;-54422.070312;847;669;816;655;816;680;882;655;882;680;812;659;812;684;880;659;880;684
J0:19:20:30:145;Hatchback_Car_AI_C_11;211;39303.421875;-72830.039062;-54451.621094;1522;687;657.617371;0.109473;-0.991172;-0.074794;39305.238281;-72849.828125;-54373.890625;204.0;92.0;76.0;39419.289062;-73047.640625;-54312.9375;39418.742188;-73036.265625;-54464.507812;39236.398438;-73067.78125;-54313.789062;39235.851562;-73056.40625;-54465.359375;39374.625;-72643.25;-54282.421875;39374.078125;-72631.875;-54433.992188;39191.734375;-72663.390625;-54283.273438;39191.1875;-72652.015625;-54434.84375;1519;674;1477;662;1477;681;1540;662;1540;681;1497;667;1497;687;1563;667;1563;687
J0:19:20:30:145;Hatchback_Car_AI_C_15;211;38982.484375;-69236.125;-53707.671875;-1;-1;699.258362;0.023211;-0.971936;-0.234098;38983.414062;-69268.21875;-53634.144531;204.0;92.0;76.0;39080.703125;-69482.03125;-53608.199219;39079.539062;-69446.46875;-53755.972656;38896.757812;-69486.515625;-53607.832031;38895.59375;-69450.953125;-53755.605469;39071.234375;-69085.484375;-53512.683594;39070.070312;-69049.921875;-53660.457031;38887.289062;-69089.96875;-53512.316406;38886.125;-69054.40625;-53660.089844;-1;-1;-1;-1;-1;-1;-1;-1;-1;-1;-1;-1;-1;-1;-1;-1;-1;-1
