Time;ID;Cat;XPos;YPos;ZPos;2D_XPos;2D_YPos;Vel;XDir;YDir;ZDir;BBox_XPos;BBox_YPos;BBox_ZPos;BBox_Ext_X;BBox_Ext_Y;BBox_Ext_Z;Corner_XYZ_X;Corner_XYZ_Y;Corner_XYZ_Z;Corner_XY-Z_X;Corner_XY-Z_Y;Corner_XY-Z_Z;Corner_X-YZ_X;Corner_X-YZ_Y;Corner_X-YZ_Z;Corner_X-Y-Z_X;Corner_X-Y-Z_Y;Corner_X-Y-Z_Z;Corner_-XYZ_X;Corner_-XYZ_Y;Corner_-XYZ_Z;Corner_-XY-Z_X;Corner_-XY-Z_Y;Corner_-XY-Z_Z;Corner_-X-YZ_X;Corner_-X-YZ_Y;Corner_-X-YZ_Z;Corner_-X-Y-Z_X;Corner_-X-Y-Z_Y;Corner_-X-Y-Z_Z;BBox_2D_XPos;BBox_2D_YPos;Corner_2D_XYZ_X;Corner_2D_XYZ_Y;Corner_2D_XY-Z_X;Corner_2D_XY-Z_Y;Corner_2D_X-YZ_X;Corner_2D_X-YZ_Y;Corner_2D_X-Y-Z_X;Corner_2D_X-Y-Z_Y;Corner_2D_-XYZ_X;Corner_2D_-XYZ_Y;Corner_-2D_XY-Z_X;Corner_2D_-XY-Z_Y;Corner_2D_-X-YZ_X;Corner_2D_-X-YZ_Y;Corner_2D_-X-Y-Z_X;Corner_2D_-X-Y-Z_Y;
J0:19:17:57:747;Hatchback_Car_AI_C_3;211;39066.417969;-70529.640625;-54036.933594;-1;-1;702.780457;0.085749;-0.964072;-0.251422;39069.503906;-70562.914062;-53963.992188;204.0;92.0;76.0;39180.445312;-70770.421875;-53941.863281;39176.820312;-70732.375;-54088.980469;38997.171875;-70786.796875;-53941.582031;38993.546875;-70748.75;-54088.699219;39145.460938;-70377.078125;-53839.285156;39141.835938;-70339.03125;-53986.402344;38962.1875;-70393.453125;-53839.003906;38958.5625;-70355.40625;-53986.121094;-1;-1;1876;605;1876;613;-1;-1;-1;-1;1913;608;1913;616;-1;-1;-1;-1
J0:19:17:57:747;Hatchback_Car_AI_C_7;211;39080.964844;-67289.703125;-53375.265625;-1;-1;701.46051;-0.131946;-0.986642;-0.095536;39078.085938;-67310.992188;-53297.964844;204.0;92.0;76.0;39141.363281;-67531.65625;-53241.761719;39143.347656;-67517.265625;-53393.066406;38958.988281;-67507.265625;-53241.839844;38960.972656;-67492.875;-53393.144531;39195.199219;-67129.109375;-53202.785156;39197.183594;-67114.71875;-53354.089844;39012.824219;-67104.71875;-53202.863281;39014.808594;-67090.328125;-53354.167969;-1;-1;-1;-1;-1;-1;-1;-1;-1;-1;-1;-1;-1;-1;-1;-1;-1;-1
