Time;ID;Cat;XPos;YPos;ZPos;2D_XPos;2D_YPos;Vel;XDir;YDir;ZDir;BBox_XPos;BBox_YPos;BBox_ZPos;BBox_Ext_X;BBox_Ext_Y;BBox_Ext_Z;Corner_XYZ_X;Corner_XYZ_Y;Corner_XYZ_Z;Corner_XY-Z_X;Corner_XY-Z_Y;Corner_XY-Z_Z;Corner_X-YZ_X;Corner_X-YZ_Y;Corner_X-YZ_Z;Corner_X-Y-Z_X;Corner_X-Y-Z_Y;Corner_X-Y-Z_Z;Corner_-XYZ_X;Corner_-XYZ_Y;Corner_-XYZ_Z;Corner_-XY-Z_X;Corner_-XY-Z_Y;Corner_-XY-Z_Z;Corner_-X-YZ_X;Corner_-X-YZ_Y;Corner_-X-YZ_Z;Corner_-X-Y-Z_X;Corner_-X-Y-Z_Y;Corner_-X-Y-Z_Z;BBox_2D_XPos;BBox_2D_YPos;Corner_2D_XYZ_X;Corner_2D_XYZ_Y;Corner_2D_XY-Z_X;Corner_2D_XY-Z_Y;Corner_2D_X-YZ_X;Corner_2D_X-YZ_Y;Corner_2D_X-Y-Z_X;Corner_2D_X-Y-Z_Y;Corner_2D_-XYZ_X;Corner_2D_-XYZ_Y;Corner_-2D_XY-Z_X;Corner_2D_-XY-Z_Y;Corner_2D_-X-YZ_X;Corner_2D_-X-YZ_Y;Corner_2D_-X-Y-Z_X;Corner_2D_-X-Y-Z_Y;
J0:19:17:40:439;Hatchback_Car_AI_C_3;211;38991.929688;-69490.921875;-53769.867188;-1;-1;697.794189;0.043074;-0.968993;-0.243304;38993.464844;-69523.6875;-53696.648438;204.0;92.0;76.0;39095.058594;-69735.71875;-53672.652344;39093.269531;-69698.78125;-53820.082031;38911.238281;-69743.9375;-53672.480469;38909.449219;-69707.0;-53819.910156;39077.480469;-69340.375;-53573.386719;39075.691406;-69303.4375;-53720.816406;38893.660156;-69348.59375;-53573.214844;38891.871094;-69311.65625;-53720.644531;-1;-1;-1;-1;-1;-1;-1;-1;-1;-1;-1;-1;-1;-1;-1;-1;-1;-1
J0:19:17:40:439;Hatchback_Car_AI_C_7;211;39249.246094;-66257.953125;-53307.171875;-1;-1;684.060913;-0.193168;-0.980353;-0.039921;39245.902344;-66274.765625;-53228.792969;204.0;92.0;76.0;39296.148438;-66495.515625;-53160.964844;39297.375;-66489.578125;-53312.839844;39115.617188;-66459.9375;-53161.035156;39116.84375;-66454.0;-53312.910156;39374.960938;-66095.53125;-53144.675781;39376.1875;-66089.59375;-53296.550781;39194.429688;-66059.953125;-53144.746094;39195.65625;-66054.015625;-53296.621094;-1;-1;-1;-1;-1;-1;-1;-1;-1;-1;-1;-1;-1;-1;-1;-1;-1;-1
