Time;ID;Cat;XPos;YPos;ZPos;2D_XPos;2D_YPos;Vel;XDir;YDir;ZDir;BBox_XPos;BBox_YPos;BBox_ZPos;BBox_Ext_X;BBox_Ext_Y;BBox_Ext_Z;Corner_XYZ_X;Corner_XYZ_Y;Corner_XYZ_Z;Corner_XY-Z_X;Corner_XY-Z_Y;Corner_XY-Z_Z;Corner_X-YZ_X;Corner_X-YZ_Y;Corner_X-YZ_Z;Corner_X-Y-Z_X;Corner_X-Y-Z_Y;Corner_X-Y-Z_Z;Corner_-XYZ_X;Corner_-XYZ_Y;Corner_-XYZ_Z;Corner_-XY-Z_X;Corner_-XY-Z_Y;Corner_-XY-Z_Z;Corner_-X-YZ_X;Corner_-X-YZ_Y;Corner_-X-YZ_Z;Corner_-X-Y-Z_X;Corner_-X-Y-Z_Y;Corner_-X-Y-Z_Z;BBox_2D_XPos;BBox_2D_YPos;Corner_2D_XYZ_X;Corner_2D_XYZ_Y;Corner_2D_XY-Z_X;Corner_2D_XY-Z_Y;Corner_2D_X-YZ_X;Corner_2D_X-YZ_Y;Corner_2D_X-Y-Z_X;Corner_2D_X-Y-Z_Y;Corner_2D_-XYZ_X;Corner_2D_-XYZ_Y;Corner_-2D_XY-Z_X;Corner_2D_-XY-Z_Y;Corner_2D_-X-YZ_X;Corner_2D_-X-YZ_Y;Corner_2D_-X-Y-Z_X;Corner_2D_-X-Y-Z_Y;
J0:19:20:19:744;Hatchback_Car_AI_C_11;211;39239.9375;-72253.5625;-54394.5;1623;679;661.931946;0.107833;-0.985727;-0.129286;39242.175781;-72277.554688;-54317.972656;204.0;92.0;76.0;39356.335938;-72478.5;-54268.546875;39354.929688;-72458.890625;-54419.265625;39173.414062;-72498.390625;-54269.429688;39172.007812;-72478.78125;-54420.148438;39312.34375;-72076.328125;-54215.796875;39310.9375;-72056.71875;-54366.515625;39129.421875;-72096.21875;-54216.679688;39128.015625;-72076.609375;-54367.398438;1619;666;1574;656;1574;672;1639;656;1639;672;1599;661;1599;677;1666;661;1666;677
J0:19:20:19:744;Hatchback_Car_AI_C_15;211;38978.382812;-68647.296875;-53576.015625;-1;-1;679.518372;-0.021755;-0.979946;-0.198074;38977.746094;-68676.664062;-53501.355469;204.0;92.0;76.0;39064.964844;-68893.65625;-53467.285156;39065.605469;-68863.5625;-53616.277344;38881.011719;-68889.578125;-53467.246094;38881.652344;-68859.484375;-53616.238281;39073.839844;-68493.84375;-53386.472656;39074.480469;-68463.75;-53535.464844;38889.886719;-68489.765625;-53386.433594;38890.527344;-68459.671875;-53535.425781;-1;-1;-1;-1;-1;-1;-1;-1;-1;-1;-1;-1;-1;-1;-1;-1;-1;-1
