Time;ID;Cat;XPos;YPos;ZPos;2D_XPos;2D_YPos;Vel;XDir;YDir;ZDir;BBox_XPos;BBox_YPos;BBox_ZPos;BBox_Ext_X;BBox_Ext_Y;BBox_Ext_Z;Corner_XYZ_X;Corner_XYZ_Y;Corner_XYZ_Z;Corner_XY-Z_X;Corner_XY-Z_Y;Corner_XY-Z_Z;Corner_X-YZ_X;Corner_X-YZ_Y;Corner_X-YZ_Z;Corner_X-Y-Z_X;Corner_X-Y-Z_Y;Corner_X-Y-Z_Z;Corner_-XYZ_X;Corner_-XYZ_Y;Corner_-XYZ_Z;Corner_-XY-Z_X;Corner_-XY-Z_Y;Corner_-XY-Z_Z;Corner_-X-YZ_X;Corner_-X-YZ_Y;Corner_-X-YZ_Z;Corner_-X-Y-Z_X;Corner_-X-Y-Z_Y;Corner_-X-Y-Z_Z;BBox_2D_XPos;BBox_2D_YPos;Corner_2D_XYZ_X;Corner_2D_XYZ_Y;Corner_2D_XY-Z_X;Corner_2D_XY-Z_Y;Corner_2D_X-YZ_X;Corner_2D_X-YZ_Y;Corner_2D_X-Y-Z_X;Corner_2D_X-Y-Z_Y;Corner_2D_-XYZ_X;Corner_2D_-XYZ_Y;Corner_-2D_XY-Z_X;Corner_2D_-XY-Z_Y;Corner_2D_-X-YZ_X;Corner_2D_-X-YZ_Y;Corner_2D_-X-Y-Z_X;Corner_2D_-X-Y-Z_Y;
J0:19:17:44:837;Hatchback_Car_AI_C_3;211;39005.289062;-69736.171875;-53831.839844;-1;-1;704.610413;0.054834;-0.967025;-0.248709;39007.292969;-69769.320312;-53758.804688;204.0;92.0;76.0;39111.523438;-69980.21875;-53736.070312;39109.140625;-69942.484375;-53883.296875;38927.820312;-69990.703125;-53735.789062;38925.4375;-69952.96875;-53883.015625;39089.148438;-69585.671875;-53634.59375;39086.765625;-69547.9375;-53781.820312;38905.445312;-69596.15625;-53634.3125;38903.0625;-69558.421875;-53781.539062;-1;-1;-1;-1;-1;-1;-1;-1;-1;-1;-1;-1;-1;-1;-1;-1;-1;-1
J0:19:17:44:837;Hatchback_Car_AI_C_7;211;39204.597656;-66498.25;-53318.246094;-1;-1;665.701721;-0.179451;-0.982545;-0.049012;39201.355469;-66515.8125;-53240.027344;204.0;92.0;76.0;39254.550781;-66736.4375;-53174.078125;39255.949219;-66729.125;-53325.898438;39073.542969;-66703.375;-53174.15625;39074.941406;-66696.0625;-53325.976562;39327.769531;-66335.5625;-53154.078125;39329.167969;-66328.25;-53305.898438;39146.761719;-66302.5;-53154.15625;39148.160156;-66295.1875;-53305.976562;-1;-1;-1;-1;-1;-1;-1;-1;-1;-1;-1;-1;-1;-1;-1;-1;-1;-1
