Time;ID;Cat;XPos;YPos;ZPos;2D_XPos;2D_YPos;Vel;XDir;YDir;ZDir;BBox_XPos;BBox_YPos;BBox_ZPos;BBox_Ext_X;BBox_Ext_Y;BBox_Ext_Z;Corner_XYZ_X;Corner_XYZ_Y;Corner_XYZ_Z;Corner_XY-Z_X;Corner_XY-Z_Y;Corner_XY-Z_Z;Corner_X-YZ_X;Corner_X-YZ_Y;Corner_X-YZ_Z;Corner_X-Y-Z_X;Corner_X-Y-Z_Y;Corner_X-Y-Z_Z;Corner_-XYZ_X;Corner_-XYZ_Y;Corner_-XYZ_Z;Corner_-XY-Z_X;Corner_-XY-Z_Y;Corner_-XY-Z_Z;Corner_-X-YZ_X;Corner_-X-YZ_Y;Corner_-X-YZ_Z;Corner_-X-Y-Z_X;Corner_-X-Y-Z_Y;Corner_-X-Y-Z_Z;BBox_2D_XPos;BBox_2D_YPos;Corner_2D_XYZ_X;Corner_2D_XYZ_Y;Corner_2D_XY-Z_X;Corner_2D_XY-Z_Y;Corner_2D_X-YZ_X;Corner_2D_X-YZ_Y;Corner_2D_X-Y-Z_X;Corner_2D_X-Y-Z_Y;Corner_2D_-XYZ_X;Corner_2D_-XYZ_Y;Corner_-2D_XY-Z_X;Corner_2D_-XY-Z_Y;Corner_2D_-X-YZ_X;Corner_2D_-X-YZ_Y;Corner_2D_-X-Y-Z_X;Corner_2D_-X-Y-Z_Y;
J0:19:18:23:346;Hatchback_Car_AI_C_3;211;39207.765625;-71951.789062;-54351.609375;1677;673;664.069092;0.105616;-0.981495;-0.159726;39210.28125;-71978.109375;-54275.859375;204.0;92.0;76.0;39324.300781;-72180.65625;-54233.058594;39322.308594;-72156.453125;-54383.105469;39141.347656;-72200.21875;-54233.785156;39139.355469;-72176.015625;-54383.832031;39281.207031;-71780.203125;-54167.886719;39279.214844;-71756.0;-54317.933594;39098.253906;-71799.765625;-54168.613281;39096.261719;-71775.5625;-54318.660156;1672;660;1626;651;1626;665;1691;651;1691;665;1652;655;1652;670;1721;655;1721;670
J0:19:18:23:346;Hatchback_Car_AI_C_7;211;38979.183594;-68703.882812;-53587.460938;-1;-1;690.726135;-0.018415;-0.979205;-0.202034;38978.710938;-68733.554688;-53512.917969;204.0;92.0;76.0;39066.730469;-68950.375;-53479.796875;39067.144531;-68919.671875;-53628.664062;38882.761719;-68946.953125;-53479.601562;38883.175781;-68916.25;-53628.46875;39074.246094;-68550.859375;-53397.367188;39074.660156;-68520.15625;-53546.234375;38890.277344;-68547.4375;-53397.171875;38890.691406;-68516.734375;-53546.039062;-1;-1;-1;-1;-1;-1;-1;-1;-1;-1;-1;-1;-1;-1;-1;-1;-1;-1
