Time;ID;Cat;XPos;YPos;ZPos;2D_XPos;2D_YPos;Vel;XDir;YDir;ZDir;BBox_XPos;BBox_YPos;BBox_ZPos;BBox_Ext_X;BBox_Ext_Y;BBox_Ext_Z;Corner_XYZ_X;Corner_XYZ_Y;Corner_XYZ_Z;Corner_XY-Z_X;Corner_XY-Z_Y;Corner_XY-Z_Z;Corner_X-YZ_X;Corner_X-YZ_Y;Corner_X-YZ_Z;Corner_X-Y-Z_X;Corner_X-Y-Z_Y;Corner_X-Y-Z_Z;Corner_-XYZ_X;Corner_-XYZ_Y;Corner_-XYZ_Z;Corner_-XY-Z_X;Corner_-XY-Z_Y;Corner_-XY-Z_Z;Corner_-X-YZ_X;Corner_-X-YZ_Y;Corner_-X-YZ_Z;Corner_-X-Y-Z_X;Corner_-X-Y-Z_Y;Corner_-X-Y-Z_Z;BBox_2D_XPos;BBox_2D_YPos;Corner_2D_XYZ_X;Corner_2D_XYZ_Y;Corner_2D_XY-Z_X;Corner_2D_XY-Z_Y;Corner_2D_X-YZ_X;Corner_2D_X-YZ_Y;Corner_2D_X-Y-Z_X;Corner_2D_X-Y-Z_Y;Corner_2D_-XYZ_X;Corner_2D_-XYZ_Y;Corner_-2D_XY-Z_X;Corner_2D_-XY-Z_Y;Corner_2D_-X-YZ_X;Corner_2D_-X-YZ_Y;Corner_2D_-X-Y-Z_X;Corner_2D_-X-Y-Z_Y;
J0:19:19:03:749;Hatchback_Car_AI_C_3;211;39409.972656;-74177.125;-54468.035156;1297;687;686.268311;0.041314;-0.998599;0.033054;39410.605469;-74188.492188;-54388.617188;204.0;92.0;76.0;39511.007812;-74385.890625;-54306.105469;39510.90625;-74390.921875;-54458.019531;39327.164062;-74393.484375;-54305.730469;39327.0625;-74398.515625;-54457.644531;39494.148438;-73978.46875;-54319.589844;39494.046875;-73983.5;-54471.503906;39310.304688;-73986.0625;-54319.214844;39310.203125;-73991.09375;-54471.128906;1295;674;1259;659;1259;685;1321;659;1321;685;1269;663;1269;690;1333;663;1333;690
J0:19:19:03:749;Hatchback_Car_AI_C_7;211;39102.226562;-70933.117188;-54138.878906;1862;639;682.249268;0.091703;-0.965802;-0.24252;39105.5;-70965.695312;-54065.632812;204.0;92.0;76.0;39217.703125;-71172.304688;-54041.578125;39213.875;-71135.632812;-54189.039062;39034.539062;-71189.804688;-54041.171875;39030.710938;-71153.132812;-54188.632812;39180.289062;-70778.257812;-53942.632812;39176.460938;-70741.585938;-54090.09375;38997.125;-70795.757812;-53942.226562;38993.296875;-70759.085938;-54089.6875;1856;627;1804;621;1804;629;1872;621;1872;629;1838;625;1838;633;1909;625;1909;633
J0:19:19:03:749;Hatchback_Car_AI_C_11;211;39005.371094;-68028.015625;-53466.769531;-1;-1;692.5578;-0.077218;-0.985972;-0.147972;39003.375;-68053.476562;-53390.710938;204.0;92.0;76.0;39078.460938;-68273.007812;-53345.734375;39080.21875;-68250.585938;-53496.0625;38895.023438;-68258.648438;-53345.734375;38896.78125;-68236.226562;-53496.0625;39109.96875;-67870.726562;-53285.359375;39111.726562;-67848.304688;-53435.6875;38926.53125;-67856.367188;-53285.359375;38928.289062;-67833.945312;-53435.6875;-1;-1;-1;-1;-1;-1;-1;-1;-1;-1;-1;-1;-1;-1;-1;-1;-1;-1
