Time;ID;Cat;XPos;YPos;ZPos;2D_XPos;2D_YPos;Vel;XDir;YDir;ZDir;BBox_XPos;BBox_YPos;BBox_ZPos;BBox_Ext_X;BBox_Ext_Y;BBox_Ext_Z;Corner_XYZ_X;Corner_XYZ_Y;Corner_XYZ_Z;Corner_XY-Z_X;Corner_XY-Z_Y;Corner_XY-Z_Z;Corner_X-YZ_X;Corner_X-YZ_Y;Corner_X-YZ_Z;Corner_X-Y-Z_X;Corner_X-Y-Z_Y;Corner_X-Y-Z_Z;Corner_-XYZ_X;Corner_-XYZ_Y;Corner_-XYZ_Z;Corner_-XY-Z_X;Corner_-XY-Z_Y;Corner_-XY-Z_Z;Corner_-X-YZ_X;Corner_-X-YZ_Y;Corner_-X-YZ_Z;Corner_-X-Y-Z_X;Corner_-X-Y-Z_Y;Corner_-X-Y-Z_Z;BBox_2D_XPos;BBox_2D_YPos;Corner_2D_XYZ_X;Corner_2D_XYZ_Y;Corner_2D_XY-Z_X;Corner_2D_XY-Z_Y;Corner_2D_X-YZ_X;Corner_2D_X-YZ_Y;Corner_2D_X-Y-Z_X;Corner_2D_X-Y-Z_Y;Corner_2D_-XYZ_X;Corner_2D_-XYZ_Y;Corner_-2D_XY-Z_X;Corner_2D_-XY-Z_Y;Corner_2D_-X-YZ_X;Corner_2D_-X-YZ_Y;Corner_2D_-X-Y-Z_X;Corner_2D_-X-Y-Z_Y;
J0:19:20:22:149;Hatchback_Car_AI_C_11;211;39254.945312;-72388.453125;-54410.753906;1599;681;660.464966;0.108548;-0.987216;-0.116714;39257.074219;-72411.484375;-54333.929688;204.0;92.0;76.0;39371.257812;-72611.734375;-54281.792969;39370.085938;-72594.015625;-54432.753906;39188.351562;-72631.734375;-54282.722656;39187.179688;-72614.015625;-54433.683594;39326.96875;-72208.953125;-54234.175781;39325.796875;-72191.234375;-54385.136719;39144.0625;-72228.953125;-54235.105469;39142.890625;-72211.234375;-54386.066406;1595;669;1551;658;1551;675;1615;658;1615;675;1575;663;1575;680;1642;663;1642;680
J0:19:20:22:149;Hatchback_Car_AI_C_15;211;38977.023438;-68784.515625;-53604.398438;-1;-1;723.014038;-0.011652;-0.978155;-0.207548;38976.757812;-68814.609375;-53530.023438;204.0;92.0;76.0;39066.273438;-69031.0;-53498.125;39066.46875;-68999.453125;-53646.8125;38882.289062;-69028.859375;-53497.914062;38882.484375;-68997.3125;-53646.601562;39071.03125;-68631.90625;-53413.445312;39071.226562;-68600.359375;-53562.132812;38887.046875;-68629.765625;-53413.234375;38887.242188;-68598.21875;-53561.921875;-1;-1;-1;-1;-1;-1;-1;-1;-1;-1;-1;-1;-1;-1;-1;-1;-1;-1
