Time;ID;Cat;XPos;YPos;ZPos;2D_XPos;2D_YPos;Vel;XDir;YDir;ZDir;BBox_XPos;BBox_YPos;BBox_ZPos;BBox_Ext_X;BBox_Ext_Y;BBox_Ext_Z;Corner_XYZ_X;Corner_XYZ_Y;Corner_XYZ_Z;Corner_XY-Z_X;Corner_XY-Z_Y;Corner_XY-Z_Z;Corner_X-YZ_X;Corner_X-YZ_Y;Corner_X-YZ_Z;Corner_X-Y-Z_X;Corner_X-Y-Z_Y;Corner_X-Y-Z_Z;Corner_-XYZ_X;Corner_-XYZ_Y;Corner_-XYZ_Z;Corner_-XY-Z_X;Corner_-XY-Z_Y;Corner_-XY-Z_Z;Corner_-X-YZ_X;Corner_-X-YZ_Y;Corner_-X-YZ_Z;Corner_-X-Y-Z_X;Corner_-X-Y-Z_Y;Corner_-X-Y-Z_Z;BBox_2D_XPos;BBox_2D_YPos;Corner_2D_XYZ_X;Corner_2D_XYZ_Y;Corner_2D_XY-Z_X;Corner_2D_XY-Z_Y;Corner_2D_X-YZ_X;Corner_2D_X-YZ_Y;Corner_2D_X-Y-Z_X;Corner_2D_X-Y-Z_Y;Corner_2D_-XYZ_X;Corner_2D_-XYZ_Y;Corner_-2D_XY-Z_X;Corner_2D_-XY-Z_Y;Corner_2D_-X-YZ_X;Corner_2D_-X-YZ_Y;Corner_2D_-X-Y-Z_X;Corner_2D_-X-Y-Z_Y;
J0:19:20:09:743;Hatchback_Car_AI_C_11;211;39180.464844;-71699.632812;-54308.554688;1722;666;715.160339;0.101821;-0.977877;-0.182729;39183.246094;-71727.695312;-54233.441406;204.0;92.0;76.0;39296.828125;-71931.507812;-54195.839844;39294.21875;-71903.851562;-54345.277344;39113.8125;-71950.507812;-54196.160156;39111.203125;-71922.851562;-54345.597656;39255.289062;-71532.539062;-54121.285156;39252.679688;-71504.882812;-54270.722656;39072.273438;-71551.539062;-54121.605469;39069.664062;-71523.882812;-54271.042969;1717;654;1669;645;1669;658;1736;645;1736;658;1698;650;1698;662;1767;650;1767;662
J0:19:20:09:743;Hatchback_Car_AI_C_15;211;39001.554688;-68091.828125;-53476.539062;-1;-1;694.316406;-0.07059;-0.9857;-0.153014;38999.679688;-68117.679688;-53400.613281;204.0;92.0;76.0;39076.195312;-68336.945312;-53356.699219;39077.898438;-68313.742188;-53506.910156;38892.664062;-68323.789062;-53356.746094;38894.367188;-68300.585938;-53506.957031;39104.992188;-67934.773438;-53294.269531;39106.695312;-67911.570312;-53444.480469;38921.460938;-67921.617188;-53294.316406;38923.164062;-67898.414062;-53444.527344;-1;-1;-1;-1;-1;-1;-1;-1;-1;-1;-1;-1;-1;-1;-1;-1;-1;-1
