Time;ID;Cat;XPos;YPos;ZPos;2D_XPos;2D_YPos;Vel;XDir;YDir;ZDir;BBox_XPos;BBox_YPos;BBox_ZPos;BBox_Ext_X;BBox_Ext_Y;BBox_Ext_Z;Corner_XYZ_X;Corner_XYZ_Y;Corner_XYZ_Z;Corner_XY-Z_X;Corner_XY-Z_Y;Corner_XY-Z_Z;Corner_X-YZ_X;Corner_X-YZ_Y;Corner_X-YZ_Z;Corner_X-Y-Z_X;Corner_X-Y-Z_Y;Corner_X-Y-Z_Z;Corner_-XYZ_X;Corner_-XYZ_Y;Corner_-XYZ_Z;Corner_-XY-Z_X;Corner_-XY-Z_Y;Corner_-XY-Z_Z;Corner_-X-YZ_X;Corner_-X-YZ_Y;Corner_-X-YZ_Z;Corner_-X-Y-Z_X;Corner_-X-Y-Z_Y;Corner_-X-Y-Z_Z;BBox_2D_XPos;BBox_2D_YPos;Corner_2D_XYZ_X;Corner_2D_XYZ_Y;Corner_2D_XY-Z_X;Corner_2D_XY-Z_Y;Corner_2D_X-YZ_X;Corner_2D_X-YZ_Y;Corner_2D_X-Y-Z_X;Corner_2D_X-Y-Z_Y;Corner_2D_-XYZ_X;Corner_2D_-XYZ_Y;Corner_-2D_XY-Z_X;Corner_2D_-XY-Z_Y;Corner_2D_-X-YZ_X;Corner_2D_-X-YZ_Y;Corner_2D_-X-Y-Z_X;Corner_2D_-X-Y-Z_Y;
J0:19:18:42:148;Hatchback_Car_AI_C_3;211;39322.097656;-72985.3125;-54461.429688;1495;688;672.396667;0.106323;-0.992589;-0.058838;39323.785156;-73003.859375;-54383.390625;204.0;92.0;76.0;39437.144531;-73201.039062;-54319.179688;39436.761719;-73192.085938;-54470.914062;39254.191406;-73220.601562;-54319.875;39253.808594;-73211.648438;-54471.609375;39393.761719;-72796.070312;-54295.171875;39393.378906;-72787.117188;-54446.90625;39210.808594;-72815.632812;-54295.867188;39210.425781;-72806.679688;-54447.601562;1492;675;1451;662;1451;683;1514;662;1514;683;1470;667;1470;689;1535;667;1535;689
J0:19:18:42:148;Hatchback_Car_AI_C_7;211;39006.96875;-69745.414062;-53834.101562;-1;-1;696.688782;0.053692;-0.967102;-0.248657;39008.96875;-69778.554688;-53761.0625;204.0;92.0;76.0;39112.980469;-69989.554688;-53738.359375;39110.574219;-69951.835938;-53885.585938;38929.269531;-69999.851562;-53737.992188;38926.863281;-69962.132812;-53885.21875;39091.074219;-69594.976562;-53636.90625;39088.667969;-69557.257812;-53784.132812;38907.363281;-69605.273438;-53636.539062;38904.957031;-69567.554688;-53783.765625;-1;-1;-1;-1;-1;-1;-1;-1;-1;-1;-1;-1;-1;-1;-1;-1;-1;-1
J0:19:18:42:148;Hatchback_Car_AI_C_11;211;39146.628906;-66844.078125;-53338.289062;-1;-1;698.697083;-0.161547;-0.984679;-0.065656;39143.5;-66862.976562;-53260.378906;204.0;92.0;76.0;39200.492188;-67083.671875;-53197.902344;39202.164062;-67073.828125;-53349.574219;39018.921875;-67053.875;-53197.972656;39020.59375;-67044.03125;-53349.644531;39266.40625;-66681.921875;-53171.113281;39268.078125;-66672.078125;-53322.785156;39084.835938;-66652.125;-53171.183594;39086.507812;-66642.28125;-53322.855469;-1;-1;-1;-1;-1;-1;-1;-1;-1;-1;-1;-1;-1;-1;-1;-1;-1;-1
