Time;ID;Cat;XPos;YPos;ZPos;2D_XPos;2D_YPos;Vel;XDir;YDir;ZDir;BBox_XPos;BBox_YPos;BBox_ZPos;BBox_Ext_X;BBox_Ext_Y;BBox_Ext_Z;Corner_XYZ_X;Corner_XYZ_Y;Corner_XYZ_Z;Corner_XY-Z_X;Corner_XY-Z_Y;Corner_XY-Z_Z;Corner_X-YZ_X;Corner_X-YZ_Y;Corner_X-YZ_Z;Corner_X-Y-Z_X;Corner_X-Y-Z_Y;Corner_X-Y-Z_Z;Corner_-XYZ_X;Corner_-XYZ_Y;Corner_-XYZ_Z;Corner_-XY-Z_X;Corner_-XY-Z_Y;Corner_-XY-Z_Z;Corner_-X-YZ_X;Corner_-X-YZ_Y;Corner_-X-YZ_Z;Corner_-X-Y-Z_X;Corner_-X-Y-Z_Y;Corner_-X-Y-Z_Z;BBox_2D_XPos;BBox_2D_YPos;Corner_2D_XYZ_X;Corner_2D_XYZ_Y;Corner_2D_XY-Z_X;Corner_2D_XY-Z_Y;Corner_2D_X-YZ_X;Corner_2D_X-YZ_Y;Corner_2D_X-Y-Z_X;Corner_2D_X-Y-Z_Y;Corner_2D_-XYZ_X;Corner_2D_-XYZ_Y;Corner_-2D_XY-Z_X;Corner_2D_-XY-Z_Y;Corner_2D_-X-YZ_X;Corner_2D_-X-YZ_Y;Corner_2D_-X-Y-Z_X;Corner_2D_-X-Y-Z_Y;
J0:19:18:00:146;Hatchback_Car_AI_C_3;211;39078.925781;-70666.5625;-54072.0;1910;628;697.691467;0.088528;-0.964332;-0.249453;39082.109375;-70699.671875;-53998.988281;204.0;92.0;76.0;39193.648438;-70906.8125;-53976.441406;39189.90625;-70869.078125;-54123.636719;39010.429688;-70923.71875;-53976.113281;39006.6875;-70885.984375;-54123.308594;39157.53125;-70513.359375;-53874.667969;39153.789062;-70475.625;-54021.863281;38974.3125;-70530.265625;-53874.339844;38970.570312;-70492.53125;-54021.535156;1904;616;1852;611;1852;618;-1;-1;-1;-1;1888;614;1888;621;-1;-1;-1;-1
J0:19:18:00:146;Hatchback_Car_AI_C_7;211;39064.074219;-67425.554688;-53389.183594;-1;-1;711.856628;-0.122179;-0.987012;-0.104304;39061.3125;-67447.546875;-53312.074219;204.0;92.0;76.0;39126.675781;-67668.0625;-53257.722656;39128.699219;-67652.34375;-53408.894531;38944.074219;-67645.453125;-53257.808594;38946.097656;-67629.734375;-53408.980469;39176.527344;-67265.359375;-53215.167969;39178.550781;-67249.640625;-53366.339844;38993.925781;-67242.75;-53215.253906;38995.949219;-67227.03125;-53366.425781;-1;-1;-1;-1;-1;-1;-1;-1;-1;-1;-1;-1;-1;-1;-1;-1;-1;-1
