Time;ID;Cat;XPos;YPos;ZPos;2D_XPos;2D_YPos;Vel;XDir;YDir;ZDir;BBox_XPos;BBox_YPos;BBox_ZPos;BBox_Ext_X;BBox_Ext_Y;BBox_Ext_Z;Corner_XYZ_X;Corner_XYZ_Y;Corner_XYZ_Z;Corner_XY-Z_X;Corner_XY-Z_Y;Corner_XY-Z_Z;Corner_X-YZ_X;Corner_X-YZ_Y;Corner_X-YZ_Z;Corner_X-Y-Z_X;Corner_X-Y-Z_Y;Corner_X-Y-Z_Z;Corner_-XYZ_X;Corner_-XYZ_Y;Corner_-XYZ_Z;Corner_-XY-Z_X;Corner_-XY-Z_Y;Corner_-XY-Z_Z;Corner_-X-YZ_X;Corner_-X-YZ_Y;Corner_-X-YZ_Z;Corner_-X-Y-Z_X;Corner_-X-Y-Z_Y;Corner_-X-Y-Z_Z;BBox_2D_XPos;BBox_2D_YPos;Corner_2D_XYZ_X;Corner_2D_XYZ_Y;Corner_2D_XY-Z_X;Corner_2D_XY-Z_Y;Corner_2D_X-YZ_X;Corner_2D_X-YZ_Y;Corner_2D_X-Y-Z_X;Corner_2D_X-Y-Z_Y;Corner_2D_-XYZ_X;Corner_2D_-XYZ_Y;Corner_-2D_XY-Z_X;Corner_2D_-XY-Z_Y;Corner_2D_-X-YZ_X;Corner_2D_-X-YZ_Y;Corner_2D_-X-Y-Z_X;Corner_2D_-X-Y-Z_Y;
J0:19:19:40:947;Hatchback_Car_AI_C_7;211;39321.929688;-72990.875;-54461.867188;1494;688;647.822632;0.107228;-0.99243;-0.059866;39323.621094;-73009.507812;-54383.847656;204.0;92.0;76.0;39437.148438;-73206.65625;-54319.824219;39436.78125;-73197.546875;-54471.550781;39254.210938;-73226.375;-54320.566406;39253.84375;-73217.265625;-54472.292969;39393.398438;-72801.75;-54295.402344;39393.03125;-72792.640625;-54447.128906;39210.460938;-72821.46875;-54296.144531;39210.09375;-72812.359375;-54447.871094;1491;675;1450;663;1450;683;1513;663;1513;683;1469;667;1469;689;1534;667;1534;689
J0:19:19:40:947;Hatchback_Car_AI_C_11;211;39031.609375;-70109.664062;-53928.214844;-1;-1;660.21167;0.073768;-0.964332;-0.254211;39034.257812;-70143.179688;-53855.367188;204.0;92.0;76.0;39142.589844;-70352.125;-53833.816406;39139.480469;-70313.609375;-53980.824219;38959.128906;-70366.203125;-53833.628906;38956.019531;-70327.6875;-53980.636719;39112.496094;-69958.671875;-53730.097656;39109.386719;-69920.15625;-53877.105469;38929.035156;-69972.75;-53729.910156;38925.925781;-69934.234375;-53876.917969;-1;-1;-1;-1;-1;-1;-1;-1;-1;-1;-1;-1;-1;-1;-1;-1;-1;-1
J0:19:19:40:947;Hatchback_Car_AI_C_15;211;39203.523438;-66506.84375;-53318.757812;-1;-1;674.064331;-0.177019;-0.982996;-0.048827;39200.3125;-66524.390625;-53240.535156;204.0;92.0;76.0;39254.039062;-66744.867188;-53174.53125;39255.445312;-66737.585938;-53326.351562;39072.953125;-66712.257812;-53174.640625;39074.359375;-66704.976562;-53326.460938;39326.265625;-66343.804688;-53154.609375;39327.671875;-66336.523438;-53306.429688;39145.179688;-66311.195312;-53154.71875;39146.585938;-66303.914062;-53306.539062;-1;-1;-1;-1;-1;-1;-1;-1;-1;-1;-1;-1;-1;-1;-1;-1;-1;-1
