Time;ID;Cat;XPos;YPos;ZPos;2D_XPos;2D_YPos;Vel;XDir;YDir;ZDir;BBox_XPos;BBox_YPos;BBox_ZPos;BBox_Ext_X;BBox_Ext_Y;BBox_Ext_Z;Corner_XYZ_X;Corner_XYZ_Y;Corner_XYZ_Z;Corner_XY-Z_X;Corner_XY-Z_Y;Corner_XY-Z_Z;Corner_X-YZ_X;Corner_X-YZ_Y;Corner_X-YZ_Z;Corner_X-Y-Z_X;Corner_X-Y-Z_Y;Corner_X-Y-Z_Z;Corner_-XYZ_X;Corner_-XYZ_Y;Corner_-XYZ_Z;Corner_-XY-Z_X;Corner_-XY-Z_Y;Corner_-XY-Z_Z;Corner_-X-YZ_X;Corner_-X-YZ_Y;Corner_-X-YZ_Z;Corner_-X-Y-Z_X;Corner_-X-Y-Z_Y;Corner_-X-Y-Z_Z;BBox_2D_XPos;BBox_2D_YPos;Corner_2D_XYZ_X;Corner_2D_XYZ_Y;Corner_2D_XY-Z_X;Corner_2D_XY-Z_Y;Corner_2D_X-YZ_X;Corner_2D_X-YZ_Y;Corner_2D_X-Y-Z_X;Corner_2D_X-Y-Z_Y;Corner_2D_-XYZ_X;Corner_2D_-XYZ_Y;Corner_-2D_XY-Z_X;Corner_2D_-XY-Z_Y;Corner_2D_-X-YZ_X;Corner_2D_-X-YZ_Y;Corner_2D_-X-Y-Z_X;Corner_2D_-X-Y-Z_Y;
J0:19:17:32:837;Hatchback_Car_AI_C_3;211;38977.8125;-69061.023438;-53666.292969;-1;-1;697.918335;0.012836;-0.973949;-0.226402;38978.320312;-69092.539062;-53592.515625;204.0;92.0;76.0;39073.246094;-69307.195312;-53564.78125;39072.613281;-69272.789062;-53712.835938;38889.261719;-69309.664062;-53564.570312;38888.628906;-69275.257812;-53712.625;39068.011719;-68909.820312;-53472.40625;39067.378906;-68875.414062;-53620.460938;38884.027344;-68912.289062;-53472.195312;38883.394531;-68877.882812;-53620.25;-1;-1;-1;-1;-1;-1;-1;-1;-1;-1;-1;-1;-1;-1;-1;-1;-1;-1
J0:19:17:32:837;Hatchback_Car_AI_C_7;211;39334.226562;-65843.492188;-53293.046875;-1;-1;619.546814;-0.215027;-0.976177;-0.029006;39330.707031;-65859.390625;-53214.484375;204.0;92.0;76.0;39376.199219;-66080.46875;-53144.414062;39377.175781;-66076.171875;-53296.351562;39196.503906;-66040.890625;-53144.453125;39197.480469;-66036.59375;-53296.390625;39463.933594;-65682.1875;-53132.578125;39464.910156;-65677.890625;-53284.515625;39284.238281;-65642.609375;-53132.617188;39285.214844;-65638.3125;-53284.554688;-1;-1;-1;-1;-1;-1;-1;-1;-1;-1;-1;-1;-1;-1;-1;-1;-1;-1
