Time;ID;Cat;XPos;YPos;ZPos;2D_XPos;2D_YPos;Vel;XDir;YDir;ZDir;BBox_XPos;BBox_YPos;BBox_ZPos;BBox_Ext_X;BBox_Ext_Y;BBox_Ext_Z;Corner_XYZ_X;Corner_XYZ_Y;Corner_XYZ_Z;Corner_XY-Z_X;Corner_XY-Z_Y;Corner_XY-Z_Z;Corner_X-YZ_X;Corner_X-YZ_Y;Corner_X-YZ_Z;Corner_X-Y-Z_X;Corner_X-Y-Z_Y;Corner_X-Y-Z_Z;Corner_-XYZ_X;Corner_-XYZ_Y;Corner_-XYZ_Z;Corner_-XY-Z_X;Corner_-XY-Z_Y;Corner_-XY-Z_Z;Corner_-X-YZ_X;Corner_-X-YZ_Y;Corner_-X-YZ_Z;Corner_-X-Y-Z_X;Corner_-X-Y-Z_Y;Corner_-X-Y-Z_Z;BBox_2D_XPos;BBox_2D_YPos;Corner_2D_XYZ_X;Corner_2D_XYZ_Y;Corner_2D_XY-Z_X;Corner_2D_XY-Z_Y;Corner_2D_X-YZ_X;Corner_2D_X-YZ_Y;Corner_2D_X-Y-Z_X;Corner_2D_X-Y-Z_Y;Corner_2D_-XYZ_X;Corner_2D_-XYZ_Y;Corner_-2D_XY-Z_X;Corner_2D_-XY-Z_Y;Corner_2D_-X-YZ_X;Corner_2D_-X-YZ_Y;Corner_2D_-X-Y-Z_X;Corner_2D_-X-Y-Z_Y;
J0:19:19:22:145;Hatchback_Car_AI_C_7;211;39205.867188;-71949.234375;-54351.15625;1677;673;688.449097;0.107059;-0.981547;-0.158443;39208.425781;-71975.453125;-54275.371094;204.0;92.0;76.0;39322.75;-72177.765625;-54232.3125;39320.710938;-72153.765625;-54382.390625;39139.820312;-72197.609375;-54233.0;39137.78125;-72173.609375;-54383.078125;39279.070312;-71777.296875;-54167.664062;39277.03125;-71753.296875;-54317.742188;39096.140625;-71797.140625;-54168.351562;39094.101562;-71773.140625;-54318.429688;1673;660;1626;651;1626;665;1692;651;1692;665;1653;655;1653;670;1721;655;1721;670
J0:19:19:22:145;Hatchback_Car_AI_C_11;211;38978.386719;-69064.375;-53667.0625;-1;-1;707.737915;0.012514;-0.973931;-0.226498;38978.90625;-69095.898438;-53593.285156;204.0;92.0;76.0;39073.785156;-69310.578125;-53565.597656;39073.121094;-69276.15625;-53713.644531;38889.800781;-69313.0;-53565.339844;38889.136719;-69278.578125;-53713.386719;39068.675781;-68913.21875;-53473.183594;39068.011719;-68878.796875;-53621.230469;38884.691406;-68915.640625;-53472.925781;38884.027344;-68881.21875;-53620.972656;-1;-1;-1;-1;-1;-1;-1;-1;-1;-1;-1;-1;-1;-1;-1;-1;-1;-1
