Time;ID;Cat;XPos;YPos;ZPos;2D_XPos;2D_YPos;Vel;XDir;YDir;ZDir;BBox_XPos;BBox_YPos;BBox_ZPos;BBox_Ext_X;BBox_Ext_Y;BBox_Ext_Z;Corner_XYZ_X;Corner_XYZ_Y;Corner_XYZ_Z;Corner_XY-Z_X;Corner_XY-Z_Y;Corner_XY-Z_Z;Corner_X-YZ_X;Corner_X-YZ_Y;Corner_X-YZ_Z;Corner_X-Y-Z_X;Corner_X-Y-Z_Y;Corner_X-Y-Z_Z;Corner_-XYZ_X;Corner_-XYZ_Y;Corner_-XYZ_Z;Corner_-XY-Z_X;Corner_-XY-Z_Y;Corner_-XY-Z_Z;Corner_-X-YZ_X;Corner_-X-YZ_Y;Corner_-X-YZ_Z;Corner_-X-Y-Z_X;Corner_-X-Y-Z_Y;Corner_-X-Y-Z_Z;BBox_2D_XPos;BBox_2D_YPos;Corner_2D_XYZ_X;Corner_2D_XYZ_Y;Corner_2D_XY-Z_X;Corner_2D_XY-Z_Y;Corner_2D_X-YZ_X;Corner_2D_X-YZ_Y;Corner_2D_X-Y-Z_X;Corner_2D_X-Y-Z_Y;Corner_2D_-XYZ_X;Corner_2D_-XYZ_Y;Corner_-2D_XY-Z_X;Corner_2D_-XY-Z_Y;Corner_2D_-X-YZ_X;Corner_2D_-X-YZ_Y;Corner_2D_-X-Y-Z_X;Corner_2D_-X-Y-Z_Y;
J0:19:17:54:149;Hatchback_Car_AI_C_3;211;39048.195312;-70320.898438;-53982.960938;-1;-1;689.677917;0.080233;-0.964178;-0.252832;39051.089844;-70354.289062;-53910.066406;204.0;92.0;76.0;39160.84375;-70562.460938;-53888.246094;39157.429688;-70524.179688;-54035.308594;38977.484375;-70577.789062;-53887.980469;38974.070312;-70539.507812;-54035.042969;39128.109375;-70169.070312;-53785.089844;39124.695312;-70130.789062;-53932.152344;38944.75;-70184.398438;-53784.824219;38941.335938;-70146.117188;-53931.886719;-1;-1;1914;597;1914;604;-1;-1;-1;-1;-1;-1;-1;-1;-1;-1;-1;-1
J0:19:17:54:149;Hatchback_Car_AI_C_7;211;39108.941406;-67086.398438;-53356.625;-1;-1;714.288086;-0.14608;-0.985978;-0.080668;39105.9375;-67106.5;-53279.011719;204.0;92.0;76.0;39166.222656;-67327.1875;-53219.6875;39168.066406;-67315.0625;-53371.195312;38984.207031;-67300.21875;-53219.742188;38986.050781;-67288.09375;-53371.25;39225.824219;-66924.90625;-53186.773438;39227.667969;-66912.78125;-53338.28125;39043.808594;-66897.9375;-53186.828125;39045.652344;-66885.8125;-53338.335938;-1;-1;-1;-1;-1;-1;-1;-1;-1;-1;-1;-1;-1;-1;-1;-1;-1;-1
