Time;ID;Cat;XPos;YPos;ZPos;2D_XPos;2D_YPos;Vel;XDir;YDir;ZDir;BBox_XPos;BBox_YPos;BBox_ZPos;BBox_Ext_X;BBox_Ext_Y;BBox_Ext_Z;Corner_XYZ_X;Corner_XYZ_Y;Corner_XYZ_Z;Corner_XY-Z_X;Corner_XY-Z_Y;Corner_XY-Z_Z;Corner_X-YZ_X;Corner_X-YZ_Y;Corner_X-YZ_Z;Corner_X-Y-Z_X;Corner_X-Y-Z_Y;Corner_X-Y-Z_Z;Corner_-XYZ_X;Corner_-XYZ_Y;Corner_-XYZ_Z;Corner_-XY-Z_X;Corner_-XY-Z_Y;Corner_-XY-Z_Z;Corner_-X-YZ_X;Corner_-X-YZ_Y;Corner_-X-YZ_Z;Corner_-X-Y-Z_X;Corner_-X-Y-Z_Y;Corner_-X-Y-Z_Z;BBox_2D_XPos;BBox_2D_YPos;Corner_2D_XYZ_X;Corner_2D_XYZ_Y;Corner_2D_XY-Z_X;Corner_2D_XY-Z_Y;Corner_2D_X-YZ_X;Corner_2D_X-YZ_Y;Corner_2D_X-Y-Z_X;Corner_2D_X-Y-Z_Y;Corner_2D_-XYZ_X;Corner_2D_-XYZ_Y;Corner_-2D_XY-Z_X;Corner_2D_-XY-Z_Y;Corner_2D_-X-YZ_X;Corner_2D_-X-YZ_Y;Corner_2D_-X-Y-Z_X;Corner_2D_-X-Y-Z_Y;
J0:19:17:33:630;Hatchback_Car_AI_C_3;211;38978.738281;-69105.304688;-53676.625;-1;-1;679.119873;0.015639;-0.973307;-0.228972;38979.382812;-69137.015625;-53602.929688;204.0;92.0;76.0;39074.972656;-69351.453125;-53575.8125;39074.152344;-69316.65625;-53723.773438;38890.996094;-69354.484375;-53575.507812;38890.175781;-69319.6875;-53723.46875;39068.589844;-68954.34375;-53482.390625;39067.769531;-68919.546875;-53630.351562;38884.613281;-68957.375;-53482.085938;38883.792969;-68922.578125;-53630.046875;-1;-1;-1;-1;-1;-1;-1;-1;-1;-1;-1;-1;-1;-1;-1;-1;-1;-1
J0:19:17:33:630;Hatchback_Car_AI_C_7;211;39325.277344;-65884.953125;-53294.191406;-1;-1;632.145081;-0.212628;-0.976692;-0.029368;39321.792969;-65900.890625;-53215.636719;204.0;92.0;76.0;39367.824219;-66121.882812;-53145.644531;39368.800781;-66117.523438;-53297.582031;39188.035156;-66082.742188;-53145.675781;39189.011719;-66078.382812;-53297.613281;39454.574219;-65723.398438;-53133.660156;39455.550781;-65719.039062;-53285.597656;39274.785156;-65684.257812;-53133.691406;39275.761719;-65679.898438;-53285.628906;-1;-1;-1;-1;-1;-1;-1;-1;-1;-1;-1;-1;-1;-1;-1;-1;-1;-1
