Time;ID;Cat;XPos;YPos;ZPos;2D_XPos;2D_YPos;Vel;XDir;YDir;ZDir;BBox_XPos;BBox_YPos;BBox_ZPos;BBox_Ext_X;BBox_Ext_Y;BBox_Ext_Z;Corner_XYZ_X;Corner_XYZ_Y;Corner_XYZ_Z;Corner_XY-Z_X;Corner_XY-Z_Y;Corner_XY-Z_Z;Corner_X-YZ_X;Corner_X-YZ_Y;Corner_X-YZ_Z;Corner_X-Y-Z_X;Corner_X-Y-Z_Y;Corner_X-Y-Z_Z;Corner_-XYZ_X;Corner_-XYZ_Y;Corner_-XYZ_Z;Corner_-XY-Z_X;Corner_-XY-Z_Y;Corner_-XY-Z_Z;Corner_-X-YZ_X;Corner_-X-YZ_Y;Corner_-X-YZ_Z;Corner_-X-Y-Z_X;Corner_-X-Y-Z_Y;Corner_-X-Y-Z_Z;BBox_2D_XPos;BBox_2D_YPos;Corner_2D_XYZ_X;Corner_2D_XYZ_Y;Corner_2D_XY-Z_X;Corner_2D_XY-Z_Y;Corner_2D_X-YZ_X;Corner_2D_X-YZ_Y;Corner_2D_X-Y-Z_X;Corner_2D_X-Y-Z_Y;Corner_2D_-XYZ_X;Corner_2D_-XYZ_Y;Corner_-2D_XY-Z_X;Corner_2D_-XY-Z_Y;Corner_2D_-X-YZ_X;Corner_2D_-X-YZ_Y;Corner_2D_-X-Y-Z_X;Corner_2D_-X-Y-Z_Y;
J0:19:17:40:033;Hatchback_Car_AI_C_3;211;38990.886719;-69468.421875;-53764.257812;-1;-1;707.718567;0.039813;-0.969416;-0.242174;38992.371094;-69501.101562;-53691.0;204.0;92.0;76.0;39093.308594;-69713.429688;-53666.828125;39091.519531;-69676.664062;-53814.304688;38909.464844;-69721.054688;-53666.5;38907.675781;-69684.289062;-53813.976562;39077.066406;-69317.914062;-53568.023438;39075.277344;-69281.148438;-53715.5;38893.222656;-69325.539062;-53567.695312;38891.433594;-69288.773438;-53715.171875;-1;-1;-1;-1;-1;-1;-1;-1;-1;-1;-1;-1;-1;-1;-1;-1;-1;-1
J0:19:17:40:033;Hatchback_Car_AI_C_7;211;39253.542969;-66235.648438;-53306.285156;-1;-1;693.556335;-0.192596;-0.980524;-0.038466;39250.222656;-66252.351562;-53227.882812;204.0;92.0;76.0;39300.605469;-66472.96875;-53159.738281;39301.808594;-66467.25;-53311.628906;39120.058594;-66437.5;-53159.832031;39121.261719;-66431.78125;-53311.722656;39379.183594;-66072.921875;-53144.042969;39380.386719;-66067.203125;-53295.933594;39198.636719;-66037.453125;-53144.136719;39199.839844;-66031.734375;-53296.027344;-1;-1;-1;-1;-1;-1;-1;-1;-1;-1;-1;-1;-1;-1;-1;-1;-1;-1
