Time;ID;Cat;XPos;YPos;ZPos;2D_XPos;2D_YPos;Vel;XDir;YDir;ZDir;BBox_XPos;BBox_YPos;BBox_ZPos;BBox_Ext_X;BBox_Ext_Y;BBox_Ext_Z;Corner_XYZ_X;Corner_XYZ_Y;Corner_XYZ_Z;Corner_XY-Z_X;Corner_XY-Z_Y;Corner_XY-Z_Z;Corner_X-YZ_X;Corner_X-YZ_Y;Corner_X-YZ_Z;Corner_X-Y-Z_X;Corner_X-Y-Z_Y;Corner_X-Y-Z_Z;Corner_-XYZ_X;Corner_-XYZ_Y;Corner_-XYZ_Z;Corner_-XY-Z_X;Corner_-XY-Z_Y;Corner_-XY-Z_Z;Corner_-X-YZ_X;Corner_-X-YZ_Y;Corner_-X-YZ_Z;Corner_-X-Y-Z_X;Corner_-X-Y-Z_Y;Corner_-X-Y-Z_Z;BBox_2D_XPos;BBox_2D_YPos;Corner_2D_XYZ_X;Corner_2D_XYZ_Y;Corner_2D_XY-Z_X;Corner_2D_XY-Z_Y;Corner_2D_X-YZ_X;Corner_2D_X-YZ_Y;Corner_2D_X-Y-Z_X;Corner_2D_X-Y-Z_Y;Corner_2D_-XYZ_X;Corner_2D_-XYZ_Y;Corner_-2D_XY-Z_X;Corner_2D_-XY-Z_Y;Corner_2D_-X-YZ_X;Corner_2D_-X-YZ_Y;Corner_2D_-X-Y-Z_X;Corner_2D_-X-Y-Z_Y;
J0:19:19:11:344;Hatchback_Car_AI_C_7;211;39143.933594;-71356.585938;-54239.191406;1784;655;732.453308;0.096387;-0.971411;-0.216956;39147.089844;-71387.226562;-54165.109375;204.0;92.0;76.0;39260.039062;-71592.679688;-54135.304688;39256.5625;-71559.882812;-54283.6875;39076.945312;-71610.898438;-54135.046875;39073.46875;-71578.101562;-54283.429688;39220.710938;-71196.351562;-54046.789062;39217.234375;-71163.554688;-54195.171875;39037.617188;-71214.570312;-54046.53125;39034.140625;-71181.773438;-54194.914062;1779;643;1729;636;1729;646;1797;636;1797;646;1760;640;1760;650;1830;640;1830;650
J0:19:19:11:344;Hatchback_Car_AI_C_11;211;38982.53125;-68457.695312;-53539.105469;-1;-1;696.819519;-0.037587;-0.982547;-0.182179;38981.4375;-68485.828125;-53463.976562;204.0;92.0;76.0;39065.15625;-68703.625;-53426.394531;39066.25;-68675.953125;-53575.847656;38881.289062;-68696.578125;-53426.433594;38882.382812;-68668.90625;-53575.886719;39080.492188;-68302.75;-53352.066406;39081.585938;-68275.078125;-53501.519531;38896.625;-68295.703125;-53352.105469;38897.71875;-68268.03125;-53501.558594;-1;-1;-1;-1;-1;-1;-1;-1;-1;-1;-1;-1;-1;-1;-1;-1;-1;-1
