Time;ID;Cat;XPos;YPos;ZPos;2D_XPos;2D_YPos;Vel;XDir;YDir;ZDir;BBox_XPos;BBox_YPos;BBox_ZPos;BBox_Ext_X;BBox_Ext_Y;BBox_Ext_Z;Corner_XYZ_X;Corner_XYZ_Y;Corner_XYZ_Z;Corner_XY-Z_X;Corner_XY-Z_Y;Corner_XY-Z_Z;Corner_X-YZ_X;Corner_X-YZ_Y;Corner_X-YZ_Z;Corner_X-Y-Z_X;Corner_X-Y-Z_Y;Corner_X-Y-Z_Z;Corner_-XYZ_X;Corner_-XYZ_Y;Corner_-XYZ_Z;Corner_-XY-Z_X;Corner_-XY-Z_Y;Corner_-XY-Z_Z;Corner_-X-YZ_X;Corner_-X-YZ_Y;Corner_-X-YZ_Z;Corner_-X-Y-Z_X;Corner_-X-Y-Z_Y;Corner_-X-Y-Z_Z;BBox_2D_XPos;BBox_2D_YPos;Corner_2D_XYZ_X;Corner_2D_XYZ_Y;Corner_2D_XY-Z_X;Corner_2D_XY-Z_Y;Corner_2D_X-YZ_X;Corner_2D_X-YZ_Y;Corner_2D_X-Y-Z_X;Corner_2D_X-Y-Z_Y;Corner_2D_-XYZ_X;Corner_2D_-XYZ_Y;Corner_-2D_XY-Z_X;Corner_2D_-XY-Z_Y;Corner_2D_-X-YZ_X;Corner_2D_-X-YZ_Y;Corner_2D_-X-Y-Z_X;Corner_2D_-X-Y-Z_Y;
J0:19:20:24:548;Hatchback_Car_AI_C_3;211;39325.839844;-76711.65625;-54424.667969;891;682;535.855896;-0.046685;-0.998907;0.002313;39325.1875;-76725.460938;-54345.636719;204.0;92.0;76.0;39407.5625;-76933.351562;-54269.15625;39407.5625;-76933.710938;-54421.15625;39223.765625;-76924.757812;-54269.171875;39223.765625;-76925.117188;-54421.171875;39426.609375;-76525.804688;-54270.101562;39426.609375;-76526.164062;-54422.101562;39242.8125;-76517.210938;-54270.117188;39242.8125;-76517.570312;-54422.117188;889;669;857;655;857;680;923;655;923;680;854;658;854;683;922;658;922;683
J0:19:20:24:548;Hatchback_Car_AI_C_11;211;39269.003906;-72514.914062;-54424.527344;1577;683;651.618164;0.108699;-0.988622;-0.103972;39271.035156;-72536.960938;-54347.410156;204.0;92.0;76.0;39385.15625;-72736.53125;-54292.585938;39384.171875;-72720.734375;-54443.757812;39202.25;-72756.546875;-54293.484375;39201.265625;-72740.75;-54444.65625;39340.804688;-72333.171875;-54250.164062;39339.820312;-72317.375;-54401.335938;39157.898438;-72353.1875;-54251.0625;39156.914062;-72337.390625;-54402.234375;1573;671;1530;659;1530;677;1594;659;1594;677;1552;664;1552;682;1619;664;1619;682
J0:19:20:24:548;Hatchback_Car_AI_C_15;211;38976.914062;-68924.25;-53635.023438;-1;-1;696.76593;-0.000362;-0.975518;-0.219918;38977.035156;-68955.28125;-53561.035156;204.0;92.0;76.0;39069.082031;-69171.0;-53531.910156;39068.839844;-69137.578125;-53680.191406;38885.082031;-69171.0;-53531.605469;38884.839844;-69137.578125;-53679.886719;39069.230469;-68772.984375;-53442.183594;39068.988281;-68739.5625;-53590.464844;38885.230469;-68772.984375;-53441.878906;38884.988281;-68739.5625;-53590.160156;-1;-1;-1;-1;-1;-1;-1;-1;-1;-1;-1;-1;-1;-1;-1;-1;-1;-1
