Time;ID;Cat;XPos;YPos;ZPos;2D_XPos;2D_YPos;Vel;XDir;YDir;ZDir;BBox_XPos;BBox_YPos;BBox_ZPos;BBox_Ext_X;BBox_Ext_Y;BBox_Ext_Z;Corner_XYZ_X;Corner_XYZ_Y;Corner_XYZ_Z;Corner_XY-Z_X;Corner_XY-Z_Y;Corner_XY-Z_Z;Corner_X-YZ_X;Corner_X-YZ_Y;Corner_X-YZ_Z;Corner_X-Y-Z_X;Corner_X-Y-Z_Y;Corner_X-Y-Z_Z;Corner_-XYZ_X;Corner_-XYZ_Y;Corner_-XYZ_Z;Corner_-XY-Z_X;Corner_-XY-Z_Y;Corner_-XY-Z_Z;Corner_-X-YZ_X;Corner_-X-YZ_Y;Corner_-X-YZ_Z;Corner_-X-Y-Z_X;Corner_-X-Y-Z_Y;Corner_-X-Y-Z_Z;BBox_2D_XPos;BBox_2D_YPos;Corner_2D_XYZ_X;Corner_2D_XYZ_Y;Corner_2D_XY-Z_X;Corner_2D_XY-Z_Y;Corner_2D_X-YZ_X;Corner_2D_X-YZ_Y;Corner_2D_X-Y-Z_X;Corner_2D_X-Y-Z_Y;Corner_2D_-XYZ_X;Corner_2D_-XYZ_Y;Corner_-2D_XY-Z_X;Corner_2D_-XY-Z_Y;Corner_2D_-X-YZ_X;Corner_2D_-X-YZ_Y;Corner_2D_-X-Y-Z_X;Corner_2D_-X-Y-Z_Y;
J0:19:17:43:231;Hatchback_Car_AI_C_3;211;38999.925781;-69646.851562;-53809.074219;-1;-1;706.92688;0.051245;-0.967678;-0.246929;39001.753906;-69679.875;-53735.976562;204.0;92.0;76.0;39105.144531;-69891.125;-53712.792969;39103.011719;-69853.65625;-53860.089844;38921.402344;-69900.90625;-53712.613281;38919.269531;-69863.4375;-53859.910156;39084.238281;-69496.3125;-53612.042969;39082.105469;-69458.84375;-53759.339844;38900.496094;-69506.09375;-53611.863281;38898.363281;-69468.625;-53759.160156;-1;-1;-1;-1;-1;-1;-1;-1;-1;-1;-1;-1;-1;-1;-1;-1;-1;-1
J0:19:17:43:231;Hatchback_Car_AI_C_7;211;39220.546875;-66410.78125;-53314.082031;-1;-1;648.081238;-0.184273;-0.981751;-0.046991;39217.253906;-66428.171875;-53235.828125;204.0;92.0;76.0;39269.398438;-66648.929688;-53169.460938;39270.773438;-66641.914062;-53321.296875;39088.554688;-66614.976562;-53169.53125;39089.929688;-66607.960938;-53321.367188;39344.578125;-66248.382812;-53150.289062;39345.953125;-66241.367188;-53302.125;39163.734375;-66214.429688;-53150.359375;39165.109375;-66207.414062;-53302.195312;-1;-1;-1;-1;-1;-1;-1;-1;-1;-1;-1;-1;-1;-1;-1;-1;-1;-1
