Time;ID;Cat;XPos;YPos;ZPos;2D_XPos;2D_YPos;Vel;XDir;YDir;ZDir;BBox_XPos;BBox_YPos;BBox_ZPos;BBox_Ext_X;BBox_Ext_Y;BBox_Ext_Z;Corner_XYZ_X;Corner_XYZ_Y;Corner_XYZ_Z;Corner_XY-Z_X;Corner_XY-Z_Y;Corner_XY-Z_Z;Corner_X-YZ_X;Corner_X-YZ_Y;Corner_X-YZ_Z;Corner_X-Y-Z_X;Corner_X-Y-Z_Y;Corner_X-Y-Z_Z;Corner_-XYZ_X;Corner_-XYZ_Y;Corner_-XYZ_Z;Corner_-XY-Z_X;Corner_-XY-Z_Y;Corner_-XY-Z_Z;Corner_-X-YZ_X;Corner_-X-YZ_Y;Corner_-X-YZ_Z;Corner_-X-Y-Z_X;Corner_-X-Y-Z_Y;Corner_-X-Y-Z_Z;BBox_2D_XPos;BBox_2D_YPos;Corner_2D_XYZ_X;Corner_2D_XYZ_Y;Corner_2D_XY-Z_X;Corner_2D_XY-Z_Y;Corner_2D_X-YZ_X;Corner_2D_X-YZ_Y;Corner_2D_X-Y-Z_X;Corner_2D_X-Y-Z_Y;Corner_2D_-XYZ_X;Corner_2D_-XYZ_Y;Corner_-2D_XY-Z_X;Corner_2D_-XY-Z_Y;Corner_2D_-X-YZ_X;Corner_2D_-X-YZ_Y;Corner_2D_-X-Y-Z_X;Corner_2D_-X-Y-Z_Y;
J0:19:18:30:148;Hatchback_Car_AI_C_3;211;39249.273438;-72328.046875;-54403.859375;1610;680;662.901489;0.112307;-0.986102;-0.122433;39251.519531;-72351.507812;-54327.167969;204.0;92.0;76.0;39366.492188;-72551.609375;-54276.230469;39365.195312;-72533.03125;-54427.082031;39183.664062;-72572.3125;-54277.207031;39182.367188;-72553.734375;-54428.058594;39320.671875;-72149.28125;-54226.277344;39319.375;-72130.703125;-54377.128906;39137.84375;-72169.984375;-54227.253906;39136.546875;-72151.40625;-54378.105469;1606;668;1561;657;1561;673;1626;657;1626;673;1585;662;1585;679;1652;662;1652;679
J0:19:18:30:148;Hatchback_Car_AI_C_7;211;38980.398438;-69082.1875;-53671.234375;-1;-1;680.057373;0.013813;-0.97361;-0.227798;38980.960938;-69113.8125;-53597.5;204.0;92.0;76.0;39076.121094;-69328.40625;-53570.101562;39075.410156;-69293.78125;-53718.101562;38892.144531;-69331.078125;-53569.84375;38891.433594;-69296.453125;-53717.84375;39070.488281;-68931.171875;-53477.15625;39069.777344;-68896.546875;-53625.15625;38886.511719;-68933.84375;-53476.898438;38885.800781;-68899.21875;-53624.898438;-1;-1;-1;-1;-1;-1;-1;-1;-1;-1;-1;-1;-1;-1;-1;-1;-1;-1
J0:19:18:30:148;Hatchback_Car_AI_C_11;211;39265.65625;-66176.335938;-53303.898438;-1;-1;704.922424;-0.197397;-0.979664;-0.03596;39262.320312;-66192.835938;-53225.453125;204.0;92.0;76.0;39311.6875;-66413.539062;-53156.824219;39312.789062;-66408.179688;-53308.722656;39131.3125;-66377.195312;-53156.855469;39132.414062;-66371.835938;-53308.753906;39392.226562;-66013.835938;-53142.152344;39393.328125;-66008.476562;-53294.050781;39211.851562;-65977.492188;-53142.183594;39212.953125;-65972.132812;-53294.082031;-1;-1;-1;-1;-1;-1;-1;-1;-1;-1;-1;-1;-1;-1;-1;-1;-1;-1
