Time;ID;Cat;XPos;YPos;ZPos;2D_XPos;2D_YPos;Vel;XDir;YDir;ZDir;BBox_XPos;BBox_YPos;BBox_ZPos;BBox_Ext_X;BBox_Ext_Y;BBox_Ext_Z;Corner_XYZ_X;Corner_XYZ_Y;Corner_XYZ_Z;Corner_XY-Z_X;Corner_XY-Z_Y;Corner_XY-Z_Z;Corner_X-YZ_X;Corner_X-YZ_Y;Corner_X-YZ_Z;Corner_X-Y-Z_X;Corner_X-Y-Z_Y;Corner_X-Y-Z_Z;Corner_-XYZ_X;Corner_-XYZ_Y;Corner_-XYZ_Z;Corner_-XY-Z_X;Corner_-XY-Z_Y;Corner_-XY-Z_Z;Corner_-X-YZ_X;Corner_-X-YZ_Y;Corner_-X-YZ_Z;Corner_-X-Y-Z_X;Corner_-X-Y-Z_Y;Corner_-X-Y-Z_Z;BBox_2D_XPos;BBox_2D_YPos;Corner_2D_XYZ_X;Corner_2D_XYZ_Y;Corner_2D_XY-Z_X;Corner_2D_XY-Z_Y;Corner_2D_X-YZ_X;Corner_2D_X-YZ_Y;Corner_2D_X-Y-Z_X;Corner_2D_X-Y-Z_Y;Corner_2D_-XYZ_X;Corner_2D_-XYZ_Y;Corner_-2D_XY-Z_X;Corner_2D_-XY-Z_Y;Corner_2D_-X-YZ_X;Corner_2D_-X-YZ_Y;Corner_2D_-X-Y-Z_X;Corner_2D_-X-Y-Z_Y;
J0:19:19:36:943;Hatchback_Car_AI_C_7;211;39297.503906;-72767.398438;-54446.957031;1533;686;687.254883;0.110999;-0.9907;-0.078696;39299.359375;-72787.492188;-54369.304688;204.0;92.0;76.0;39413.722656;-72985.367188;-54309.140625;39413.144531;-72973.398438;-54460.664062;39230.863281;-73005.789062;-54310.054688;39230.285156;-72993.820312;-54461.578125;39368.433594;-72581.164062;-54277.03125;39367.855469;-72569.195312;-54428.554688;39185.574219;-72601.585938;-54277.945312;39184.996094;-72589.617188;-54429.46875;1530;674;1487;661;1487;681;1550;661;1550;681;1508;666;1508;686;1574;666;1574;686
J0:19:19:36:943;Hatchback_Car_AI_C_11;211;39015.738281;-69891.570312;-53871.71875;-1;-1;677.99176;0.064539;-0.965533;-0.252152;39018.046875;-69924.960938;-53798.800781;204.0;92.0;76.0;39124.359375;-70134.890625;-53776.78125;39121.65625;-70096.65625;-53923.867188;38940.773438;-70147.203125;-53776.609375;38938.070312;-70108.96875;-53923.695312;39098.023438;-69740.953125;-53673.90625;39095.320312;-69702.71875;-53820.992188;38914.4375;-69753.265625;-53673.734375;38911.734375;-69715.03125;-53820.820312;-1;-1;-1;-1;-1;-1;-1;-1;-1;-1;-1;-1;-1;-1;-1;-1;-1;-1
J0:19:19:36:943;Hatchback_Car_AI_C_15;211;39243.183594;-66291.5625;-53308.515625;-1;-1;704.845337;-0.189499;-0.98105;-0.040377;39239.894531;-66308.421875;-53230.144531;204.0;92.0;76.0;39290.953125;-66529.015625;-53162.40625;39292.179688;-66523.0;-53314.28125;39110.296875;-66494.109375;-53162.484375;39111.523438;-66488.09375;-53314.359375;39368.265625;-66128.75;-53145.929688;39369.492188;-66122.734375;-53297.804688;39187.609375;-66093.84375;-53146.007812;39188.835938;-66087.828125;-53297.882812;-1;-1;-1;-1;-1;-1;-1;-1;-1;-1;-1;-1;-1;-1;-1;-1;-1;-1
