Time;ID;Cat;XPos;YPos;ZPos;2D_XPos;2D_YPos;Vel;XDir;YDir;ZDir;BBox_XPos;BBox_YPos;BBox_ZPos;BBox_Ext_X;BBox_Ext_Y;BBox_Ext_Z;Corner_XYZ_X;Corner_XYZ_Y;Corner_XYZ_Z;Corner_XY-Z_X;Corner_XY-Z_Y;Corner_XY-Z_Z;Corner_X-YZ_X;Corner_X-YZ_Y;Corner_X-YZ_Z;Corner_X-Y-Z_X;Corner_X-Y-Z_Y;Corner_X-Y-Z_Z;Corner_-XYZ_X;Corner_-XYZ_Y;Corner_-XYZ_Z;Corner_-XY-Z_X;Corner_-XY-Z_Y;Corner_-XY-Z_Z;Corner_-X-YZ_X;Corner_-X-YZ_Y;Corner_-X-YZ_Z;Corner_-X-Y-Z_X;Corner_-X-Y-Z_Y;Corner_-X-Y-Z_Z;BBox_2D_XPos;BBox_2D_YPos;Corner_2D_XYZ_X;Corner_2D_XYZ_Y;Corner_2D_XY-Z_X;Corner_2D_XY-Z_Y;Corner_2D_X-YZ_X;Corner_2D_X-YZ_Y;Corner_2D_X-Y-Z_X;Corner_2D_X-Y-Z_Y;Corner_2D_-XYZ_X;Corner_2D_-XYZ_Y;Corner_-2D_XY-Z_X;Corner_2D_-XY-Z_Y;Corner_2D_-X-YZ_X;Corner_2D_-X-YZ_Y;Corner_2D_-X-Y-Z_X;Corner_2D_-X-Y-Z_Y;
J0:19:21:20:149;Hatchback_Car_AI_C_7;211;38561.191406;-77589.25;-54424.996094;718;703;579.549438;-0.987063;0.16033;-0.000246;38547.207031;-77587.898438;-54346.003906;204.0;92.0;76.0;38330.9375;-77646.851562;-54271.113281;38331.257812;-77645.132812;-54423.105469;38360.4375;-77465.242188;-54269.003906;38360.757812;-77463.523438;-54420.996094;38733.65625;-77712.273438;-54271.011719;38733.976562;-77710.554688;-54423.003906;38763.15625;-77530.664062;-54268.902344;38763.476562;-77528.945312;-54420.894531;717;689;695;681;695;710;718;681;718;710;717;669;717;696;738;669;738;696
J0:19:21:20:149;Hatchback_Car_AI_C_15;211;39212.5625;-72012.132812;-54360.867188;1666;674;674.907593;0.10801;-0.982207;-0.153634;39215.066406;-72037.984375;-54284.957031;204.0;92.0;76.0;39329.511719;-72239.992188;-54240.8125;39327.597656;-72216.710938;-54391.007812;39146.605469;-72259.992188;-54241.585938;39144.691406;-72236.710938;-54391.78125;39285.441406;-71839.257812;-54178.132812;39283.527344;-71815.976562;-54328.328125;39102.535156;-71859.257812;-54178.90625;39100.621094;-71835.976562;-54329.101562;1662;662;1615;652;1615;666;1681;652;1681;666;1642;657;1642;671;1710;657;1710;671
J0:19:21:20:149;Hatchback_Car_AI_C_19;211;38976.523438;-68875.609375;-53624.324219;-1;-1;701.497681;-0.00383;-0.976469;-0.215624;38976.484375;-68906.3125;-53550.203125;204.0;92.0;76.0;39067.71875;-69122.25;-53520.074219;39067.6875;-69089.46875;-53668.496094;38883.71875;-69121.5625;-53519.886719;38883.6875;-69088.78125;-53668.308594;39069.28125;-68723.84375;-53432.097656;39069.25;-68691.0625;-53580.519531;38885.28125;-68723.15625;-53431.910156;38885.25;-68690.375;-53580.332031;-1;-1;-1;-1;-1;-1;-1;-1;-1;-1;-1;-1;-1;-1;-1;-1;-1;-1
