Time;ID;Cat;XPos;YPos;ZPos;2D_XPos;2D_YPos;Vel;XDir;YDir;ZDir;BBox_XPos;BBox_YPos;BBox_ZPos;BBox_Ext_X;BBox_Ext_Y;BBox_Ext_Z;Corner_XYZ_X;Corner_XYZ_Y;Corner_XYZ_Z;Corner_XY-Z_X;Corner_XY-Z_Y;Corner_XY-Z_Z;Corner_X-YZ_X;Corner_X-YZ_Y;Corner_X-YZ_Z;Corner_X-Y-Z_X;Corner_X-Y-Z_Y;Corner_X-Y-Z_Z;Corner_-XYZ_X;Corner_-XYZ_Y;Corner_-XYZ_Z;Corner_-XY-Z_X;Corner_-XY-Z_Y;Corner_-XY-Z_Z;Corner_-X-YZ_X;Corner_-X-YZ_Y;Corner_-X-YZ_Z;Corner_-X-Y-Z_X;Corner_-X-Y-Z_Y;Corner_-X-Y-Z_Z;BBox_2D_XPos;BBox_2D_YPos;Corner_2D_XYZ_X;Corner_2D_XYZ_Y;Corner_2D_XY-Z_X;Corner_2D_XY-Z_Y;Corner_2D_X-YZ_X;Corner_2D_X-YZ_Y;Corner_2D_X-Y-Z_X;Corner_2D_X-Y-Z_Y;Corner_2D_-XYZ_X;Corner_2D_-XYZ_Y;Corner_-2D_XY-Z_X;Corner_2D_-XY-Z_Y;Corner_2D_-X-YZ_X;Corner_2D_-X-YZ_Y;Corner_2D_-X-Y-Z_X;Corner_2D_-X-Y-Z_Y;
J0:19:18:03:351;Hatchback_Car_AI_C_3;211;39096.128906;-70848.46875;-54117.886719;1877;636;698.84729;0.089805;-0.965332;-0.245091;39099.367188;-70881.242188;-54044.726562;204.0;92.0;76.0;39211.191406;-71088.125;-54021.253906;39207.378906;-71051.0625;-54168.621094;39027.996094;-71105.28125;-54020.832031;39024.183594;-71068.21875;-54168.199219;39174.550781;-70694.265625;-53921.253906;39170.738281;-70657.203125;-54068.621094;38991.355469;-70711.421875;-53920.832031;38987.542969;-70674.359375;-54068.199219;1871;624;1819;618;1819;626;1888;618;1888;626;1854;621;1854;629;-1;-1;-1;-1
J0:19:18:03:351;Hatchback_Car_AI_C_7;211;39044.1875;-67602.179688;-53409.367188;-1;-1;668.373718;-0.108003;-0.987085;-0.118316;39041.621094;-67625.289062;-53332.578125;204.0;92.0;76.0;39110.027344;-67845.609375;-53281.207031;39112.058594;-67827.734375;-53432.136719;38927.121094;-67825.578125;-53281.292969;38929.152344;-67807.703125;-53432.222656;39154.089844;-67442.875;-53232.933594;39156.121094;-67425.0;-53383.863281;38971.183594;-67422.84375;-53233.019531;38973.214844;-67404.96875;-53383.949219;-1;-1;-1;-1;-1;-1;-1;-1;-1;-1;-1;-1;-1;-1;-1;-1;-1;-1
