Time;ID;Cat;XPos;YPos;ZPos;2D_XPos;2D_YPos;Vel;XDir;YDir;ZDir;BBox_XPos;BBox_YPos;BBox_ZPos;BBox_Ext_X;BBox_Ext_Y;BBox_Ext_Z;Corner_XYZ_X;Corner_XYZ_Y;Corner_XYZ_Z;Corner_XY-Z_X;Corner_XY-Z_Y;Corner_XY-Z_Z;Corner_X-YZ_X;Corner_X-YZ_Y;Corner_X-YZ_Z;Corner_X-Y-Z_X;Corner_X-Y-Z_Y;Corner_X-Y-Z_Z;Corner_-XYZ_X;Corner_-XYZ_Y;Corner_-XYZ_Z;Corner_-XY-Z_X;Corner_-XY-Z_Y;Corner_-XY-Z_Z;Corner_-X-YZ_X;Corner_-X-YZ_Y;Corner_-X-YZ_Z;Corner_-X-Y-Z_X;Corner_-X-Y-Z_Y;Corner_-X-Y-Z_Z;BBox_2D_XPos;BBox_2D_YPos;Corner_2D_XYZ_X;Corner_2D_XYZ_Y;Corner_2D_XY-Z_X;Corner_2D_XY-Z_Y;Corner_2D_X-YZ_X;Corner_2D_X-YZ_Y;Corner_2D_X-Y-Z_X;Corner_2D_X-Y-Z_Y;Corner_2D_-XYZ_X;Corner_2D_-XYZ_Y;Corner_-2D_XY-Z_X;Corner_2D_-XY-Z_Y;Corner_2D_-X-YZ_X;Corner_2D_-X-YZ_Y;Corner_2D_-X-Y-Z_X;Corner_2D_-X-Y-Z_Y;
J0:19:18:46:146;Hatchback_Car_AI_C_3;211;39343.972656;-73204.59375;-54471.679688;1458;689;639.338684;0.099808;-0.99421;-0.03982;39345.484375;-73221.664062;-54393.300781;204.0;92.0;76.0;39457.496094;-73418.335938;-54325.253906;39457.269531;-73412.273438;-54477.136719;39274.417969;-73436.695312;-54325.714844;39274.191406;-73430.632812;-54477.597656;39416.777344;-73012.695312;-54309.003906;39416.550781;-73006.632812;-54460.886719;39233.699219;-73031.054688;-54309.464844;39233.472656;-73024.992188;-54461.347656;1455;676;1415;663;1415;685;1477;663;1477;685;1432;668;1432;690;1497;668;1497;690
J0:19:18:46:146;Hatchback_Car_AI_C_7;211;39020.804688;-69965.234375;-53890.890625;-1;-1;668.652344;0.065616;-0.965206;-0.253126;39023.210938;-69998.6875;-53818.007812;204.0;92.0;76.0;39129.8125;-70208.492188;-53796.269531;39126.953125;-70170.117188;-53943.316406;38946.242188;-70221.054688;-53795.972656;38943.382812;-70182.679688;-53943.019531;39103.039062;-69814.695312;-53692.996094;39100.179688;-69776.320312;-53840.042969;38919.46875;-69827.257812;-53692.699219;38916.609375;-69788.882812;-53839.746094;-1;-1;-1;-1;-1;-1;-1;-1;-1;-1;-1;-1;-1;-1;-1;-1;-1;-1
J0:19:18:46:146;Hatchback_Car_AI_C_11;211;39112.917969;-67063.9375;-53355.070312;-1;-1;667.300476;-0.149675;-0.9854;-0.081148;39109.863281;-67084.070312;-53277.46875;204.0;92.0;76.0;39169.363281;-67305.0;-53218.277344;39171.207031;-67292.8125;-53369.777344;38987.449219;-67277.375;-53218.269531;38989.292969;-67265.1875;-53369.769531;39230.433594;-66902.953125;-53185.167969;39232.277344;-66890.765625;-53336.667969;39048.519531;-66875.328125;-53185.160156;39050.363281;-66863.140625;-53336.660156;-1;-1;-1;-1;-1;-1;-1;-1;-1;-1;-1;-1;-1;-1;-1;-1;-1;-1
