Time;ID;Cat;XPos;YPos;ZPos;2D_XPos;2D_YPos;Vel;XDir;YDir;ZDir;BBox_XPos;BBox_YPos;BBox_ZPos;BBox_Ext_X;BBox_Ext_Y;BBox_Ext_Z;Corner_XYZ_X;Corner_XYZ_Y;Corner_XYZ_Z;Corner_XY-Z_X;Corner_XY-Z_Y;Corner_XY-Z_Z;Corner_X-YZ_X;Corner_X-YZ_Y;Corner_X-YZ_Z;Corner_X-Y-Z_X;Corner_X-Y-Z_Y;Corner_X-Y-Z_Z;Corner_-XYZ_X;Corner_-XYZ_Y;Corner_-XYZ_Z;Corner_-XY-Z_X;Corner_-XY-Z_Y;Corner_-XY-Z_Z;Corner_-X-YZ_X;Corner_-X-YZ_Y;Corner_-X-YZ_Z;Corner_-X-Y-Z_X;Corner_-X-Y-Z_Y;Corner_-X-Y-Z_Z;BBox_2D_XPos;BBox_2D_YPos;Corner_2D_XYZ_X;Corner_2D_XYZ_Y;Corner_2D_XY-Z_X;Corner_2D_XY-Z_Y;Corner_2D_X-YZ_X;Corner_2D_X-YZ_Y;Corner_2D_X-Y-Z_X;Corner_2D_X-Y-Z_Y;Corner_2D_-XYZ_X;Corner_2D_-XYZ_Y;Corner_-2D_XY-Z_X;Corner_2D_-XY-Z_Y;Corner_2D_-X-YZ_X;Corner_2D_-X-YZ_Y;Corner_2D_-X-Y-Z_X;Corner_2D_-X-Y-Z_Y;
J0:19:19:33:345;Hatchback_Car_AI_C_7;211;39275.089844;-72568.992188;-54429.875;1568;684;671.970764;0.114683;-0.988504;-0.09853;39277.148438;-72590.617188;-54352.640625;204.0;92.0;76.0;39392.371094;-72789.203125;-54296.59375;39391.496094;-72774.234375;-54447.851562;39209.589844;-72810.3125;-54297.632812;39208.714844;-72795.34375;-54448.890625;39345.582031;-72385.890625;-54256.390625;39344.707031;-72370.921875;-54407.648438;39162.800781;-72407.0;-54257.429688;39161.925781;-72392.03125;-54408.6875;1564;671;1521;660;1521;678;1584;660;1584;678;1543;665;1543;683;1609;665;1609;683
J0:19:19:33:345;Hatchback_Car_AI_C_11;211;39002.914062;-69691.742188;-53820.457031;-1;-1;689.229797;0.053329;-0.967154;-0.248534;39004.863281;-69724.882812;-53747.414062;204.0;92.0;76.0;39108.757812;-69935.929688;-53724.632812;39106.445312;-69898.226562;-53871.867188;38925.039062;-69946.132812;-53724.359375;38922.726562;-69908.429688;-53871.59375;39087.0;-69541.335938;-53623.234375;39084.6875;-69503.632812;-53770.46875;38903.28125;-69551.539062;-53622.960938;38900.96875;-69513.835938;-53770.195312;-1;-1;-1;-1;-1;-1;-1;-1;-1;-1;-1;-1;-1;-1;-1;-1;-1;-1
