Time;ID;Cat;XPos;YPos;ZPos;2D_XPos;2D_YPos;Vel;XDir;YDir;ZDir;BBox_XPos;BBox_YPos;BBox_ZPos;BBox_Ext_X;BBox_Ext_Y;BBox_Ext_Z;Corner_XYZ_X;Corner_XYZ_Y;Corner_XYZ_Z;Corner_XY-Z_X;Corner_XY-Z_Y;Corner_XY-Z_Z;Corner_X-YZ_X;Corner_X-YZ_Y;Corner_X-YZ_Z;Corner_X-Y-Z_X;Corner_X-Y-Z_Y;Corner_X-Y-Z_Z;Corner_-XYZ_X;Corner_-XYZ_Y;Corner_-XYZ_Z;Corner_-XY-Z_X;Corner_-XY-Z_Y;Corner_-XY-Z_Z;Corner_-X-YZ_X;Corner_-X-YZ_Y;Corner_-X-YZ_Z;Corner_-X-Y-Z_X;Corner_-X-Y-Z_Y;Corner_-X-Y-Z_Z;BBox_2D_XPos;BBox_2D_YPos;Corner_2D_XYZ_X;Corner_2D_XYZ_Y;Corner_2D_XY-Z_X;Corner_2D_XY-Z_Y;Corner_2D_X-YZ_X;Corner_2D_X-YZ_Y;Corner_2D_X-Y-Z_X;Corner_2D_X-Y-Z_Y;Corner_2D_-XYZ_X;Corner_2D_-XYZ_Y;Corner_-2D_XY-Z_X;Corner_2D_-XY-Z_Y;Corner_2D_-X-YZ_X;Corner_2D_-X-YZ_Y;Corner_2D_-X-Y-Z_X;Corner_2D_-X-Y-Z_Y;
J0:19:19:34:944;Hatchback_Car_AI_C_7;211;39285.058594;-72655.65625;-54437.753906;1553;685;648.480408;0.113307;-0.989362;-0.091234;39287.066406;-72676.710938;-54360.363281;204.0;92.0;76.0;39401.992188;-72875.046875;-54302.828125;39401.179688;-72861.1875;-54454.195312;39219.179688;-72895.890625;-54303.757812;39218.367188;-72882.03125;-54455.125;39355.765625;-72471.390625;-54265.601562;39354.953125;-72457.53125;-54416.96875;39172.953125;-72492.234375;-54266.53125;39172.140625;-72478.375;-54417.898438;1549;672;1506;661;1506;679;1569;661;1569;679;1528;665;1528;685;1594;665;1594;685
J0:19:19:34:944;Hatchback_Car_AI_C_11;211;39008.210938;-69779.601562;-53842.96875;-1;-1;684.723145;0.058429;-0.966358;-0.250476;39010.320312;-69812.875;-53769.992188;204.0;92.0;76.0;39115.3125;-70023.429688;-53747.621094;39112.828125;-69985.445312;-53894.777344;38931.648438;-70034.585938;-53747.402344;38929.164062;-69996.601562;-53894.558594;39091.476562;-69629.148438;-53645.425781;39088.992188;-69591.164062;-53792.582031;38907.8125;-69640.304688;-53645.207031;38905.328125;-69602.320312;-53792.363281;-1;-1;-1;-1;-1;-1;-1;-1;-1;-1;-1;-1;-1;-1;-1;-1;-1;-1
