Time;ID;Cat;XPos;YPos;ZPos;2D_XPos;2D_YPos;Vel;XDir;YDir;ZDir;BBox_XPos;BBox_YPos;BBox_ZPos;BBox_Ext_X;BBox_Ext_Y;BBox_Ext_Z;Corner_XYZ_X;Corner_XYZ_Y;Corner_XYZ_Z;Corner_XY-Z_X;Corner_XY-Z_Y;Corner_XY-Z_Z;Corner_X-YZ_X;Corner_X-YZ_Y;Corner_X-YZ_Z;Corner_X-Y-Z_X;Corner_X-Y-Z_Y;Corner_X-Y-Z_Z;Corner_-XYZ_X;Corner_-XYZ_Y;Corner_-XYZ_Z;Corner_-XY-Z_X;Corner_-XY-Z_Y;Corner_-XY-Z_Z;Corner_-X-YZ_X;Corner_-X-YZ_Y;Corner_-X-YZ_Z;Corner_-X-Y-Z_X;Corner_-X-Y-Z_Y;Corner_-X-Y-Z_Z;BBox_2D_XPos;BBox_2D_YPos;Corner_2D_XYZ_X;Corner_2D_XYZ_Y;Corner_2D_XY-Z_X;Corner_2D_XY-Z_Y;Corner_2D_X-YZ_X;Corner_2D_X-YZ_Y;Corner_2D_X-Y-Z_X;Corner_2D_X-Y-Z_Y;Corner_2D_-XYZ_X;Corner_2D_-XYZ_Y;Corner_-2D_XY-Z_X;Corner_2D_-XY-Z_Y;Corner_2D_-X-YZ_X;Corner_2D_-X-YZ_Y;Corner_2D_-X-Y-Z_X;Corner_2D_-X-Y-Z_Y;
J0:19:17:45:630;Hatchback_Car_AI_C_3;211;39008.128906;-69781.796875;-53843.476562;-1;-1;720.377075;0.056803;-0.966885;-0.24881;39010.21875;-69814.945312;-53770.445312;204.0;92.0;76.0;39114.894531;-70025.617188;-53747.753906;39112.402344;-69987.882812;-53894.972656;38931.214844;-70036.492188;-53747.433594;38928.722656;-69998.757812;-53894.652344;39091.714844;-69631.132812;-53646.238281;39089.222656;-69593.398438;-53793.457031;38908.035156;-69642.007812;-53645.917969;38905.542969;-69604.273438;-53793.136719;-1;-1;-1;-1;-1;-1;-1;-1;-1;-1;-1;-1;-1;-1;-1;-1;-1;-1
J0:19:17:45:630;Hatchback_Car_AI_C_7;211;39196.617188;-66542.828125;-53320.46875;-1;-1;675.378357;-0.177;-0.982927;-0.050247;39193.40625;-66560.492188;-53242.273438;204.0;92.0;76.0;39247.136719;-66781.0625;-53176.585938;39248.542969;-66773.5625;-53328.390625;39066.050781;-66748.453125;-53176.65625;39067.457031;-66740.953125;-53328.460938;39319.355469;-66380.03125;-53156.085938;39320.761719;-66372.53125;-53307.890625;39138.269531;-66347.421875;-53156.15625;39139.675781;-66339.921875;-53307.960938;-1;-1;-1;-1;-1;-1;-1;-1;-1;-1;-1;-1;-1;-1;-1;-1;-1;-1
