Time;ID;Cat;XPos;YPos;ZPos;2D_XPos;2D_YPos;Vel;XDir;YDir;ZDir;BBox_XPos;BBox_YPos;BBox_ZPos;BBox_Ext_X;BBox_Ext_Y;BBox_Ext_Z;Corner_XYZ_X;Corner_XYZ_Y;Corner_XYZ_Z;Corner_XY-Z_X;Corner_XY-Z_Y;Corner_XY-Z_Z;Corner_X-YZ_X;Corner_X-YZ_Y;Corner_X-YZ_Z;Corner_X-Y-Z_X;Corner_X-Y-Z_Y;Corner_X-Y-Z_Z;Corner_-XYZ_X;Corner_-XYZ_Y;Corner_-XYZ_Z;Corner_-XY-Z_X;Corner_-XY-Z_Y;Corner_-XY-Z_Z;Corner_-X-YZ_X;Corner_-X-YZ_Y;Corner_-X-YZ_Z;Corner_-X-Y-Z_X;Corner_-X-Y-Z_Y;Corner_-X-Y-Z_Z;BBox_2D_XPos;BBox_2D_YPos;Corner_2D_XYZ_X;Corner_2D_XYZ_Y;Corner_2D_XY-Z_X;Corner_2D_XY-Z_Y;Corner_2D_X-YZ_X;Corner_2D_X-YZ_Y;Corner_2D_X-Y-Z_X;Corner_2D_X-Y-Z_Y;Corner_2D_-XYZ_X;Corner_2D_-XYZ_Y;Corner_-2D_XY-Z_X;Corner_2D_-XY-Z_Y;Corner_2D_-X-YZ_X;Corner_2D_-X-YZ_Y;Corner_2D_-X-Y-Z_X;Corner_2D_-X-Y-Z_Y;
J0:19:18:25:345;Hatchback_Car_AI_C_3;211;39220.101562;-72063.304688;-54368.488281;1657;675;672.394226;0.107565;-0.98309;-0.148205;39222.546875;-72088.742188;-54292.4375;204.0;92.0;76.0;39336.855469;-72290.578125;-54247.125;39335.042969;-72268.109375;-54397.445312;39153.933594;-72310.46875;-54247.898438;39152.121094;-72288.0;-54398.21875;39292.972656;-71889.484375;-54186.65625;39291.160156;-71867.015625;-54336.976562;39110.050781;-71909.375;-54187.429688;39108.238281;-71886.90625;-54337.75;1652;663;1606;653;1606;668;1672;653;1672;668;1632;657;1632;673;1700;657;1700;673
J0:19:18:25:345;Hatchback_Car_AI_C_7;211;38978.210938;-68814.882812;-53611.039062;-1;-1;701.974243;-0.006466;-0.97746;-0.211019;38978.042969;-68845.234375;-53536.773438;204.0;92.0;76.0;39068.644531;-69061.273438;-53505.566406;39068.792969;-69029.195312;-53654.144531;38884.652344;-69060.070312;-53505.496094;38884.800781;-69027.992188;-53654.074219;39071.285156;-68662.476562;-53419.472656;39071.433594;-68630.398438;-53568.050781;38887.292969;-68661.273438;-53419.402344;38887.441406;-68629.195312;-53567.980469;-1;-1;-1;-1;-1;-1;-1;-1;-1;-1;-1;-1;-1;-1;-1;-1;-1;-1
