Time;ID;Cat;XPos;YPos;ZPos;2D_XPos;2D_YPos;Vel;XDir;YDir;ZDir;BBox_XPos;BBox_YPos;BBox_ZPos;BBox_Ext_X;BBox_Ext_Y;BBox_Ext_Z;Corner_XYZ_X;Corner_XYZ_Y;Corner_XYZ_Z;Corner_XY-Z_X;Corner_XY-Z_Y;Corner_XY-Z_Z;Corner_X-YZ_X;Corner_X-YZ_Y;Corner_X-YZ_Z;Corner_X-Y-Z_X;Corner_X-Y-Z_Y;Corner_X-Y-Z_Z;Corner_-XYZ_X;Corner_-XYZ_Y;Corner_-XYZ_Z;Corner_-XY-Z_X;Corner_-XY-Z_Y;Corner_-XY-Z_Z;Corner_-X-YZ_X;Corner_-X-YZ_Y;Corner_-X-YZ_Z;Corner_-X-Y-Z_X;Corner_-X-Y-Z_Y;Corner_-X-Y-Z_Z;BBox_2D_XPos;BBox_2D_YPos;Corner_2D_XYZ_X;Corner_2D_XYZ_Y;Corner_2D_XY-Z_X;Corner_2D_XY-Z_Y;Corner_2D_X-YZ_X;Corner_2D_X-YZ_Y;Corner_2D_X-Y-Z_X;Corner_2D_X-Y-Z_Y;Corner_2D_-XYZ_X;Corner_2D_-XYZ_Y;Corner_-2D_XY-Z_X;Corner_2D_-XY-Z_Y;Corner_2D_-X-YZ_X;Corner_2D_-X-YZ_Y;Corner_2D_-X-Y-Z_X;Corner_2D_-X-Y-Z_Y;
J0:19:17:41:632;Hatchback_Car_AI_C_3;211;38995.011719;-69556.578125;-53786.386719;-1;-1;669.72821;0.046267;-0.968089;-0.246297;38996.699219;-69589.5625;-53713.269531;204.0;92.0;76.0;39099.03125;-69801.328125;-53689.980469;39097.03125;-69763.9375;-53837.300781;38915.242188;-69810.171875;-53689.730469;38913.242188;-69772.78125;-53837.050781;39080.15625;-69406.34375;-53589.488281;39078.15625;-69368.953125;-53736.808594;38896.367188;-69415.1875;-53589.238281;38894.367188;-69377.796875;-53736.558594;-1;-1;-1;-1;-1;-1;-1;-1;-1;-1;-1;-1;-1;-1;-1;-1;-1;-1
J0:19:17:41:632;Hatchback_Car_AI_C_7;211;39236.449219;-66325.414062;-53310.0625;-1;-1;673.779541;-0.18872;-0.981096;-0.042839;39233.136719;-66342.46875;-53231.734375;204.0;92.0;76.0;39284.335938;-66563.179688;-53164.503906;39285.625;-66556.804688;-53316.363281;39103.648438;-66528.414062;-53164.582031;39104.9375;-66522.039062;-53316.441406;39361.335938;-66162.898438;-53147.027344;39362.625;-66156.523438;-53298.886719;39180.648438;-66128.132812;-53147.105469;39181.9375;-66121.757812;-53298.964844;-1;-1;-1;-1;-1;-1;-1;-1;-1;-1;-1;-1;-1;-1;-1;-1;-1;-1
