Time;ID;Cat;XPos;YPos;ZPos;2D_XPos;2D_YPos;Vel;XDir;YDir;ZDir;BBox_XPos;BBox_YPos;BBox_ZPos;BBox_Ext_X;BBox_Ext_Y;BBox_Ext_Z;Corner_XYZ_X;Corner_XYZ_Y;Corner_XYZ_Z;Corner_XY-Z_X;Corner_XY-Z_Y;Corner_XY-Z_Z;Corner_X-YZ_X;Corner_X-YZ_Y;Corner_X-YZ_Z;Corner_X-Y-Z_X;Corner_X-Y-Z_Y;Corner_X-Y-Z_Z;Corner_-XYZ_X;Corner_-XYZ_Y;Corner_-XYZ_Z;Corner_-XY-Z_X;Corner_-XY-Z_Y;Corner_-XY-Z_Z;Corner_-X-YZ_X;Corner_-X-YZ_Y;Corner_-X-YZ_Z;Corner_-X-Y-Z_X;Corner_-X-Y-Z_Y;Corner_-X-Y-Z_Z;BBox_2D_XPos;BBox_2D_YPos;Corner_2D_XYZ_X;Corner_2D_XYZ_Y;Corner_2D_XY-Z_X;Corner_2D_XY-Z_Y;Corner_2D_X-YZ_X;Corner_2D_X-YZ_Y;Corner_2D_X-Y-Z_X;Corner_2D_X-Y-Z_Y;Corner_2D_-XYZ_X;Corner_2D_-XYZ_Y;Corner_-2D_XY-Z_X;Corner_2D_-XY-Z_Y;Corner_2D_-X-YZ_X;Corner_2D_-X-YZ_Y;Corner_2D_-X-Y-Z_X;Corner_2D_-X-Y-Z_Y;
J0:19:18:22:146;Hatchback_Car_AI_C_3;211;39200.679688;-71886.507812;-54341.195312;1689;671;662.114746;0.106437;-0.980273;-0.16654;39203.320312;-71913.34375;-54265.628906;204.0;92.0;76.0;39317.613281;-72116.054688;-54224.355469;39315.394531;-72090.835938;-54374.230469;39134.675781;-72135.804688;-54224.972656;39132.457031;-72110.585938;-54374.847656;39274.183594;-71716.101562;-54156.410156;39271.964844;-71690.882812;-54306.285156;39091.246094;-71735.851562;-54157.027344;39089.027344;-71710.632812;-54306.902344;1684;659;1637;650;1637;663;1703;650;1703;663;1664;654;1664;668;1733;654;1733;668
J0:19:18:22:146;Hatchback_Car_AI_C_7;211;38980.328125;-68635.5;-53573.566406;-1;-1;687.018616;-0.02263;-0.98019;-0.196765;38979.660156;-68664.765625;-53498.867188;204.0;92.0;76.0;39066.683594;-68881.804688;-53464.503906;39067.355469;-68851.898438;-53613.535156;38882.730469;-68877.554688;-53464.480469;38883.402344;-68847.648438;-53613.511719;39075.917969;-68481.882812;-53384.222656;39076.589844;-68451.976562;-53533.253906;38891.964844;-68477.632812;-53384.199219;38892.636719;-68447.726562;-53533.230469;-1;-1;-1;-1;-1;-1;-1;-1;-1;-1;-1;-1;-1;-1;-1;-1;-1;-1
