Time;ID;Cat;XPos;YPos;ZPos;2D_XPos;2D_YPos;Vel;XDir;YDir;ZDir;BBox_XPos;BBox_YPos;BBox_ZPos;BBox_Ext_X;BBox_Ext_Y;BBox_Ext_Z;Corner_XYZ_X;Corner_XYZ_Y;Corner_XYZ_Z;Corner_XY-Z_X;Corner_XY-Z_Y;Corner_XY-Z_Z;Corner_X-YZ_X;Corner_X-YZ_Y;Corner_X-YZ_Z;Corner_X-Y-Z_X;Corner_X-Y-Z_Y;Corner_X-Y-Z_Z;Corner_-XYZ_X;Corner_-XYZ_Y;Corner_-XYZ_Z;Corner_-XY-Z_X;Corner_-XY-Z_Y;Corner_-XY-Z_Z;Corner_-X-YZ_X;Corner_-X-YZ_Y;Corner_-X-YZ_Z;Corner_-X-Y-Z_X;Corner_-X-Y-Z_Y;Corner_-X-Y-Z_Z;BBox_2D_XPos;BBox_2D_YPos;Corner_2D_XYZ_X;Corner_2D_XYZ_Y;Corner_2D_XY-Z_X;Corner_2D_XY-Z_Y;Corner_2D_X-YZ_X;Corner_2D_X-YZ_Y;Corner_2D_X-Y-Z_X;Corner_2D_X-Y-Z_Y;Corner_2D_-XYZ_X;Corner_2D_-XYZ_Y;Corner_-2D_XY-Z_X;Corner_2D_-XY-Z_Y;Corner_2D_-X-YZ_X;Corner_2D_-X-YZ_Y;Corner_2D_-X-Y-Z_X;Corner_2D_-X-Y-Z_Y;
J0:19:19:38:942;Hatchback_Car_AI_C_7;211;39309.753906;-72879.289062;-54455.023438;1514;687;686.259399;0.11217;-0.991329;-0.068449;39311.574219;-72898.578125;-54377.167969;204.0;92.0;76.0;39426.117188;-73095.710938;-54314.894531;39425.632812;-73085.289062;-54466.535156;39243.28125;-73116.335938;-54315.730469;39242.796875;-73105.914062;-54467.371094;39380.351562;-72691.242188;-54286.964844;39379.867188;-72680.820312;-54438.605469;39197.515625;-72711.867188;-54287.800781;39197.03125;-72701.445312;-54439.441406;1510;675;1469;662;1469;682;1531;662;1531;682;1489;667;1489;688;1554;667;1554;688
J0:19:19:38:942;Hatchback_Car_AI_C_11;211;39023.5;-70000.59375;-53899.945312;-1;-1;700.537415;0.066981;-0.965391;-0.25206;39025.953125;-70033.960938;-53827.023438;204.0;92.0;76.0;39132.851562;-70243.59375;-53805.050781;39129.9375;-70205.390625;-53952.144531;38949.296875;-70256.40625;-53804.746094;38946.382812;-70218.203125;-53951.839844;39105.523438;-69849.71875;-53702.207031;39102.609375;-69811.515625;-53849.300781;38921.96875;-69862.53125;-53701.902344;38919.054688;-69824.328125;-53848.996094;-1;-1;-1;-1;-1;-1;-1;-1;-1;-1;-1;-1;-1;-1;-1;-1;-1;-1
J0:19:19:38:942;Hatchback_Car_AI_C_15;211;39222.84375;-66399.4375;-53313.597656;-1;-1;632.339844;-0.184124;-0.981757;-0.047462;39219.558594;-66416.867188;-53235.351562;204.0;92.0;76.0;39271.734375;-66637.648438;-53169.101562;39273.101562;-66630.570312;-53320.929688;39090.890625;-66603.726562;-53169.140625;39092.257812;-66596.648438;-53320.96875;39346.859375;-66237.085938;-53149.734375;39348.226562;-66230.007812;-53301.5625;39166.015625;-66203.164062;-53149.773438;39167.382812;-66196.085938;-53301.601562;-1;-1;-1;-1;-1;-1;-1;-1;-1;-1;-1;-1;-1;-1;-1;-1;-1;-1
