Time;ID;Cat;XPos;YPos;ZPos;2D_XPos;2D_YPos;Vel;XDir;YDir;ZDir;BBox_XPos;BBox_YPos;BBox_ZPos;BBox_Ext_X;BBox_Ext_Y;BBox_Ext_Z;Corner_XYZ_X;Corner_XYZ_Y;Corner_XYZ_Z;Corner_XY-Z_X;Corner_XY-Z_Y;Corner_XY-Z_Z;Corner_X-YZ_X;Corner_X-YZ_Y;Corner_X-YZ_Z;Corner_X-Y-Z_X;Corner_X-Y-Z_Y;Corner_X-Y-Z_Z;Corner_-XYZ_X;Corner_-XYZ_Y;Corner_-XYZ_Z;Corner_-XY-Z_X;Corner_-XY-Z_Y;Corner_-XY-Z_Z;Corner_-X-YZ_X;Corner_-X-YZ_Y;Corner_-X-YZ_Z;Corner_-X-Y-Z_X;Corner_-X-Y-Z_Y;Corner_-X-Y-Z_Z;BBox_2D_XPos;BBox_2D_YPos;Corner_2D_XYZ_X;Corner_2D_XYZ_Y;Corner_2D_XY-Z_X;Corner_2D_XY-Z_Y;Corner_2D_X-YZ_X;Corner_2D_X-YZ_Y;Corner_2D_X-Y-Z_X;Corner_2D_X-Y-Z_Y;Corner_2D_-XYZ_X;Corner_2D_-XYZ_Y;Corner_-2D_XY-Z_X;Corner_2D_-XY-Z_Y;Corner_2D_-X-YZ_X;Corner_2D_-X-YZ_Y;Corner_2D_-X-Y-Z_X;Corner_2D_-X-Y-Z_Y;
J0:19:18:47:751;Hatchback_Car_AI_C_3;211;39351.890625;-73289.804688;-54474.492188;1444;689;653.12207;0.096634;-0.994847;-0.030677;39353.332031;-73306.15625;-54395.960938;204.0;92.0;76.0;39464.699219;-73502.546875;-54326.082031;39464.535156;-73497.875;-54478.011719;39281.558594;-73520.328125;-54326.425781;39281.394531;-73515.65625;-54478.355469;39425.269531;-73096.65625;-54313.566406;39425.105469;-73091.984375;-54465.496094;39242.128906;-73114.4375;-54313.910156;39241.964844;-73109.765625;-54465.839844;1441;677;1401;663;1401;685;1463;663;1463;685;1418;668;1418;691;1482;668;1482;691
J0:19:18:47:751;Hatchback_Car_AI_C_7;211;39027.105469;-70052.945312;-53913.476562;-1;-1;702.523682;0.06887;-0.9653;-0.251897;39029.621094;-70086.296875;-53840.550781;204.0;92.0;76.0;39136.929688;-70295.71875;-53818.539062;39133.945312;-70257.546875;-53965.640625;38953.398438;-70308.890625;-53818.234375;38950.414062;-70270.71875;-53965.335938;39108.828125;-69901.875;-53715.765625;39105.84375;-69863.703125;-53862.867188;38925.296875;-69915.046875;-53715.460938;38922.3125;-69876.875;-53862.5625;-1;-1;-1;-1;-1;-1;-1;-1;-1;-1;-1;-1;-1;-1;-1;-1;-1;-1
J0:19:18:47:751;Hatchback_Car_AI_C_11;211;39100.253906;-67151.367188;-53362.410156;-1;-1;657.212585;-0.144228;-0.985726;-0.086853;39097.25;-67171.960938;-53284.925781;204.0;92.0;76.0;39157.914062;-67392.898438;-53226.945312;39159.804688;-67379.835938;-53378.367188;38975.851562;-67366.257812;-53226.921875;38977.742188;-67353.195312;-53378.34375;39216.757812;-66990.726562;-53191.507812;39218.648438;-66977.664062;-53342.929688;39034.695312;-66964.085938;-53191.484375;39036.585938;-66951.023438;-53342.90625;-1;-1;-1;-1;-1;-1;-1;-1;-1;-1;-1;-1;-1;-1;-1;-1;-1;-1
