Time;ID;Cat;XPos;YPos;ZPos;2D_XPos;2D_YPos;Vel;XDir;YDir;ZDir;BBox_XPos;BBox_YPos;BBox_ZPos;BBox_Ext_X;BBox_Ext_Y;BBox_Ext_Z;Corner_XYZ_X;Corner_XYZ_Y;Corner_XYZ_Z;Corner_XY-Z_X;Corner_XY-Z_Y;Corner_XY-Z_Z;Corner_X-YZ_X;Corner_X-YZ_Y;Corner_X-YZ_Z;Corner_X-Y-Z_X;Corner_X-Y-Z_Y;Corner_X-Y-Z_Z;Corner_-XYZ_X;Corner_-XYZ_Y;Corner_-XYZ_Z;Corner_-XY-Z_X;Corner_-XY-Z_Y;Corner_-XY-Z_Z;Corner_-X-YZ_X;Corner_-X-YZ_Y;Corner_-X-YZ_Z;Corner_-X-Y-Z_X;Corner_-X-Y-Z_Y;Corner_-X-Y-Z_Z;BBox_2D_XPos;BBox_2D_YPos;Corner_2D_XYZ_X;Corner_2D_XYZ_Y;Corner_2D_XY-Z_X;Corner_2D_XY-Z_Y;Corner_2D_X-YZ_X;Corner_2D_X-YZ_Y;Corner_2D_X-Y-Z_X;Corner_2D_X-Y-Z_Y;Corner_2D_-XYZ_X;Corner_2D_-XYZ_Y;Corner_-2D_XY-Z_X;Corner_2D_-XY-Z_Y;Corner_2D_-X-YZ_X;Corner_2D_-X-YZ_Y;Corner_2D_-X-Y-Z_X;Corner_2D_-X-Y-Z_Y;
J0:19:18:58:945;Hatchback_Car_AI_C_3;211;39397.515625;-73903.632812;-54475.441406;1342;688;675.711487;0.060189;-0.997974;0.020613;39398.378906;-73915.96875;-54396.167969;204.0;92.0;76.0;39502.507812;-74112.445312;-54316.117188;39502.46875;-74115.585938;-54468.085938;39318.84375;-74123.523438;-54315.835938;39318.804688;-74126.664062;-54467.804688;39477.953125;-73705.273438;-54324.53125;39477.914062;-73708.414062;-54476.5;39294.289062;-73716.351562;-54324.25;39294.25;-73719.492188;-54476.21875;1340;676;1302;661;1302;686;1364;661;1364;686;1314;665;1314;691;1378;665;1378;691
J0:19:18:58:945;Hatchback_Car_AI_C_7;211;39077.988281;-70671.53125;-54073.242188;1910;629;666.884766;0.08696;-0.964384;-0.249802;39081.140625;-70704.671875;-54000.242188;204.0;92.0;76.0;39192.363281;-70911.984375;-53977.796875;39188.644531;-70874.203125;-54124.976562;39009.113281;-70928.609375;-53977.429688;39005.394531;-70890.828125;-54124.609375;39156.886719;-70518.515625;-53875.875;39153.167969;-70480.734375;-54023.054688;38973.636719;-70535.140625;-53875.507812;38969.917969;-70497.359375;-54022.6875;1904;616;1851;611;1851;619;-1;-1;-1;-1;1887;614;1887;622;-1;-1;-1;-1
J0:19:18:58:945;Hatchback_Car_AI_C_11;211;39027.367188;-67764.195312;-53429.609375;-1;-1;644.063904;-0.100137;-0.986383;-0.130467;39024.964844;-67788.265625;-53353.109375;204.0;92.0;76.0;39095.101562;-68008.640625;-53304.417969;39097.03125;-67988.90625;-53455.121094;38912.039062;-67990.0625;-53304.324219;38913.96875;-67970.328125;-53455.027344;39135.960938;-67606.203125;-53251.191406;39137.890625;-67586.46875;-53401.894531;38952.898438;-67587.625;-53251.097656;38954.828125;-67567.890625;-53401.800781;-1;-1;-1;-1;-1;-1;-1;-1;-1;-1;-1;-1;-1;-1;-1;-1;-1;-1
