Time;ID;Cat;XPos;YPos;ZPos;2D_XPos;2D_YPos;Vel;XDir;YDir;ZDir;BBox_XPos;BBox_YPos;BBox_ZPos;BBox_Ext_X;BBox_Ext_Y;BBox_Ext_Z;Corner_XYZ_X;Corner_XYZ_Y;Corner_XYZ_Z;Corner_XY-Z_X;Corner_XY-Z_Y;Corner_XY-Z_Z;Corner_X-YZ_X;Corner_X-YZ_Y;Corner_X-YZ_Z;Corner_X-Y-Z_X;Corner_X-Y-Z_Y;Corner_X-Y-Z_Z;Corner_-XYZ_X;Corner_-XYZ_Y;Corner_-XYZ_Z;Corner_-XY-Z_X;Corner_-XY-Z_Y;Corner_-XY-Z_Z;Corner_-X-YZ_X;Corner_-X-YZ_Y;Corner_-X-YZ_Z;Corner_-X-Y-Z_X;Corner_-X-Y-Z_Y;Corner_-X-Y-Z_Z;BBox_2D_XPos;BBox_2D_YPos;Corner_2D_XYZ_X;Corner_2D_XYZ_Y;Corner_2D_XY-Z_X;Corner_2D_XY-Z_Y;Corner_2D_X-YZ_X;Corner_2D_X-YZ_Y;Corner_2D_X-Y-Z_X;Corner_2D_X-Y-Z_Y;Corner_2D_-XYZ_X;Corner_2D_-XYZ_Y;Corner_-2D_XY-Z_X;Corner_2D_-XY-Z_Y;Corner_2D_-X-YZ_X;Corner_2D_-X-YZ_Y;Corner_2D_-X-Y-Z_X;Corner_2D_-X-Y-Z_Y;
J0:19:19:34:151;Hatchback_Car_AI_C_7;211;39280.089844;-72612.125;-54433.867188;1560;685;645.628662;0.114095;-0.988877;-0.095418;39282.117188;-72633.507812;-54356.566406;204.0;92.0;76.0;39397.207031;-72831.992188;-54299.871094;39396.378906;-72817.492188;-54451.175781;39214.410156;-72852.992188;-54300.886719;39213.582031;-72838.492188;-54452.191406;39350.652344;-72428.523438;-54260.941406;39349.824219;-72414.023438;-54412.246094;39167.855469;-72449.523438;-54261.957031;39167.027344;-72435.023438;-54413.261719;1556;672;1513;660;1513;678;1577;660;1577;678;1535;665;1535;684;1601;665;1601;684
J0:19:19:34:151;Hatchback_Car_AI_C_11;211;39005.457031;-69735.148438;-53831.605469;-1;-1;669.823853;0.05601;-0.966554;-0.250274;39007.5;-69768.414062;-53758.625;204.0;92.0;76.0;39111.980469;-69979.226562;-53736.226562;39109.558594;-69941.257812;-53883.390625;38928.292969;-69989.929688;-53735.96875;38925.871094;-69951.960938;-53883.132812;39089.128906;-69584.867188;-53634.117188;39086.707031;-69546.898438;-53781.28125;38905.441406;-69595.570312;-53633.859375;38903.019531;-69557.601562;-53781.023438;-1;-1;-1;-1;-1;-1;-1;-1;-1;-1;-1;-1;-1;-1;-1;-1;-1;-1
