Time;ID;Cat;XPos;YPos;ZPos;2D_XPos;2D_YPos;Vel;XDir;YDir;ZDir;BBox_XPos;BBox_YPos;BBox_ZPos;BBox_Ext_X;BBox_Ext_Y;BBox_Ext_Z;Corner_XYZ_X;Corner_XYZ_Y;Corner_XYZ_Z;Corner_XY-Z_X;Corner_XY-Z_Y;Corner_XY-Z_Z;Corner_X-YZ_X;Corner_X-YZ_Y;Corner_X-YZ_Z;Corner_X-Y-Z_X;Corner_X-Y-Z_Y;Corner_X-Y-Z_Z;Corner_-XYZ_X;Corner_-XYZ_Y;Corner_-XYZ_Z;Corner_-XY-Z_X;Corner_-XY-Z_Y;Corner_-XY-Z_Z;Corner_-X-YZ_X;Corner_-X-YZ_Y;Corner_-X-YZ_Z;Corner_-X-Y-Z_X;Corner_-X-Y-Z_Y;Corner_-X-Y-Z_Z;BBox_2D_XPos;BBox_2D_YPos;Corner_2D_XYZ_X;Corner_2D_XYZ_Y;Corner_2D_XY-Z_X;Corner_2D_XY-Z_Y;Corner_2D_X-YZ_X;Corner_2D_X-YZ_Y;Corner_2D_X-Y-Z_X;Corner_2D_X-Y-Z_Y;Corner_2D_-XYZ_X;Corner_2D_-XYZ_Y;Corner_-2D_XY-Z_X;Corner_2D_-XY-Z_Y;Corner_2D_-X-YZ_X;Corner_2D_-X-YZ_Y;Corner_2D_-X-Y-Z_X;Corner_2D_-X-Y-Z_Y;
J0:19:17:41:232;Hatchback_Car_AI_C_3;211;38993.988281;-69534.992188;-53780.9375;-1;-1;679.030396;0.046326;-0.968328;-0.245348;38995.628906;-69567.90625;-53707.785156;204.0;92.0;76.0;39097.925781;-69779.65625;-53684.234375;39096.019531;-69742.40625;-53831.585938;38914.136719;-69788.484375;-53684.085938;38912.230469;-69751.234375;-53831.4375;39079.027344;-69384.578125;-53584.132812;39077.121094;-69347.328125;-53731.484375;38895.238281;-69393.40625;-53583.984375;38893.332031;-69356.15625;-53731.335938;-1;-1;-1;-1;-1;-1;-1;-1;-1;-1;-1;-1;-1;-1;-1;-1;-1;-1
J0:19:17:41:232;Hatchback_Car_AI_C_7;211;39240.570312;-66303.421875;-53309.085938;-1;-1;688.572449;-0.19117;-0.980685;-0.041365;39237.25;-66320.359375;-53230.734375;204.0;92.0;76.0;39287.933594;-66541.109375;-53163.21875;39289.167969;-66534.9375;-53315.085938;39107.332031;-66505.90625;-53163.257812;39108.566406;-66499.734375;-53315.125;39365.933594;-66140.984375;-53146.34375;39367.167969;-66134.8125;-53298.210938;39185.332031;-66105.78125;-53146.382812;39186.566406;-66099.609375;-53298.25;-1;-1;-1;-1;-1;-1;-1;-1;-1;-1;-1;-1;-1;-1;-1;-1;-1;-1
