Time;ID;Cat;XPos;YPos;ZPos;2D_XPos;2D_YPos;Vel;XDir;YDir;ZDir;BBox_XPos;BBox_YPos;BBox_ZPos;BBox_Ext_X;BBox_Ext_Y;BBox_Ext_Z;Corner_XYZ_X;Corner_XYZ_Y;Corner_XYZ_Z;Corner_XY-Z_X;Corner_XY-Z_Y;Corner_XY-Z_Z;Corner_X-YZ_X;Corner_X-YZ_Y;Corner_X-YZ_Z;Corner_X-Y-Z_X;Corner_X-Y-Z_Y;Corner_X-Y-Z_Z;Corner_-XYZ_X;Corner_-XYZ_Y;Corner_-XYZ_Z;Corner_-XY-Z_X;Corner_-XY-Z_Y;Corner_-XY-Z_Z;Corner_-X-YZ_X;Corner_-X-YZ_Y;Corner_-X-YZ_Z;Corner_-X-Y-Z_X;Corner_-X-Y-Z_Y;Corner_-X-Y-Z_Z;BBox_2D_XPos;BBox_2D_YPos;Corner_2D_XYZ_X;Corner_2D_XYZ_Y;Corner_2D_XY-Z_X;Corner_2D_XY-Z_Y;Corner_2D_X-YZ_X;Corner_2D_X-YZ_Y;Corner_2D_X-Y-Z_X;Corner_2D_X-Y-Z_Y;Corner_2D_-XYZ_X;Corner_2D_-XYZ_Y;Corner_-2D_XY-Z_X;Corner_2D_-XY-Z_Y;Corner_2D_-X-YZ_X;Corner_2D_-X-YZ_Y;Corner_2D_-X-Y-Z_X;Corner_2D_-X-Y-Z_Y;
J0:19:21:08:942;Hatchback_Car_AI_C_7;211;39047.496094;-77509.34375;-54424.914062;752;689;506.608734;-0.662048;-0.74946;-0.00113;39038.773438;-77520.4375;-54345.933594;204.0;92.0;76.0;38973.191406;-77734.8125;-54271.109375;38972.136719;-77733.65625;-54423.101562;38835.292969;-77613.0;-54269.226562;38834.238281;-77611.84375;-54421.21875;39243.308594;-77429.03125;-54270.648438;39242.253906;-77427.875;-54422.640625;39105.410156;-77307.21875;-54268.765625;39104.355469;-77306.0625;-54420.757812;750;676;711;664;711;690;784;664;784;690;716;662;716;687;788;662;788;687
J0:19:21:08:942;Hatchback_Car_AI_C_15;211;39146.992188;-71383.15625;-54245.105469;1779;656;682.759583;0.096453;-0.971714;-0.215565;39150.160156;-71413.695312;-54170.980469;204.0;92.0;76.0;39263.128906;-71619.09375;-54140.894531;39259.636719;-71586.515625;-54289.324219;39080.035156;-71637.328125;-54140.589844;39076.542969;-71604.75;-54289.019531;39223.777344;-71222.640625;-54052.941406;39220.285156;-71190.0625;-54201.371094;39040.683594;-71240.875;-54052.636719;39037.191406;-71208.296875;-54201.066406;1774;644;1725;637;1725;647;1792;637;1792;647;1755;641;1755;651;1825;641;1825;651
J0:19:21:08:942;Hatchback_Car_AI_C_19;211;38993.589844;-68249.195312;-53502.136719;-1;-1;727.253418;-0.05996;-0.984589;-0.164286;38991.976562;-68275.9375;-53426.511719;204.0;92.0;76.0;39070.832031;-68494.84375;-53385.078125;39072.316406;-68469.921875;-53535.015625;38887.175781;-68483.671875;-53385.039062;38888.660156;-68458.75;-53534.976562;39095.292969;-68093.125;-53318.046875;39096.777344;-68068.203125;-53467.984375;38911.636719;-68081.953125;-53318.007812;38913.121094;-68057.03125;-53467.945312;-1;-1;-1;-1;-1;-1;-1;-1;-1;-1;-1;-1;-1;-1;-1;-1;-1;-1
