Time;ID;Cat;XPos;YPos;ZPos;2D_XPos;2D_YPos;Vel;XDir;YDir;ZDir;BBox_XPos;BBox_YPos;BBox_ZPos;BBox_Ext_X;BBox_Ext_Y;BBox_Ext_Z;Corner_XYZ_X;Corner_XYZ_Y;Corner_XYZ_Z;Corner_XY-Z_X;Corner_XY-Z_Y;Corner_XY-Z_Z;Corner_X-YZ_X;Corner_X-YZ_Y;Corner_X-YZ_Z;Corner_X-Y-Z_X;Corner_X-Y-Z_Y;Corner_X-Y-Z_Z;Corner_-XYZ_X;Corner_-XYZ_Y;Corner_-XYZ_Z;Corner_-XY-Z_X;Corner_-XY-Z_Y;Corner_-XY-Z_Z;Corner_-X-YZ_X;Corner_-X-YZ_Y;Corner_-X-YZ_Z;Corner_-X-Y-Z_X;Corner_-X-Y-Z_Y;Corner_-X-Y-Z_Z;BBox_2D_XPos;BBox_2D_YPos;Corner_2D_XYZ_X;Corner_2D_XYZ_Y;Corner_2D_XY-Z_X;Corner_2D_XY-Z_Y;Corner_2D_X-YZ_X;Corner_2D_X-YZ_Y;Corner_2D_X-Y-Z_X;Corner_2D_X-Y-Z_Y;Corner_2D_-XYZ_X;Corner_2D_-XYZ_Y;Corner_-2D_XY-Z_X;Corner_2D_-XY-Z_Y;Corner_2D_-X-YZ_X;Corner_2D_-X-YZ_Y;Corner_2D_-X-Y-Z_X;Corner_2D_-X-Y-Z_Y;
J0:19:20:10:943;Hatchback_Car_AI_C_11;211;39187.882812;-71770.382812;-54321.214844;1709;668;715.648621;0.100902;-0.979115;-0.1765;39190.558594;-71797.976562;-54245.925781;204.0;92.0;76.0;39303.878906;-72001.679688;-54206.933594;39301.449219;-71974.960938;-54356.550781;39120.839844;-72020.476562;-54207.316406;39118.410156;-71993.757812;-54356.933594;39262.707031;-71602.195312;-54134.917969;39260.277344;-71575.476562;-54284.535156;39079.667969;-71620.992188;-54135.300781;39077.238281;-71594.273438;-54284.917969;1704;656;1657;647;1657;660;1723;647;1723;660;1685;651;1685;664;1754;651;1754;664
J0:19:20:10:943;Hatchback_Car_AI_C_15;211;38997.335938;-68157.648438;-53487.132812;-1;-1;659.397034;-0.066121;-0.984884;-0.160096;38995.585938;-68184.054688;-53411.394531;204.0;92.0;76.0;39073.097656;-68403.265625;-53369.0625;39074.683594;-68378.984375;-53519.101562;38889.511719;-68390.953125;-53369.007812;38891.097656;-68366.671875;-53519.046875;39100.074219;-68001.4375;-53303.742188;39101.660156;-67977.15625;-53453.78125;38916.488281;-67989.125;-53303.6875;38918.074219;-67964.84375;-53453.726562;-1;-1;-1;-1;-1;-1;-1;-1;-1;-1;-1;-1;-1;-1;-1;-1;-1;-1
