Time;ID;Cat;XPos;YPos;ZPos;2D_XPos;2D_YPos;Vel;XDir;YDir;ZDir;BBox_XPos;BBox_YPos;BBox_ZPos;BBox_Ext_X;BBox_Ext_Y;BBox_Ext_Z;Corner_XYZ_X;Corner_XYZ_Y;Corner_XYZ_Z;Corner_XY-Z_X;Corner_XY-Z_Y;Corner_XY-Z_Z;Corner_X-YZ_X;Corner_X-YZ_Y;Corner_X-YZ_Z;Corner_X-Y-Z_X;Corner_X-Y-Z_Y;Corner_X-Y-Z_Z;Corner_-XYZ_X;Corner_-XYZ_Y;Corner_-XYZ_Z;Corner_-XY-Z_X;Corner_-XY-Z_Y;Corner_-XY-Z_Z;Corner_-X-YZ_X;Corner_-X-YZ_Y;Corner_-X-YZ_Z;Corner_-X-Y-Z_X;Corner_-X-Y-Z_Y;Corner_-X-Y-Z_Z;BBox_2D_XPos;BBox_2D_YPos;Corner_2D_XYZ_X;Corner_2D_XYZ_Y;Corner_2D_XY-Z_X;Corner_2D_XY-Z_Y;Corner_2D_X-YZ_X;Corner_2D_X-YZ_Y;Corner_2D_X-Y-Z_X;Corner_2D_X-Y-Z_Y;Corner_2D_-XYZ_X;Corner_2D_-XYZ_Y;Corner_-2D_XY-Z_X;Corner_2D_-XY-Z_Y;Corner_2D_-X-YZ_X;Corner_2D_-X-YZ_Y;Corner_2D_-X-Y-Z_X;Corner_2D_-X-Y-Z_Y;
J0:19:18:32:947;Hatchback_Car_AI_C_3;211;39266.761719;-72482.140625;-54421.050781;1583;683;681.875732;0.110285;-0.988205;-0.106248;39268.824219;-72504.359375;-54343.988281;204.0;92.0;76.0;39383.261719;-72703.867188;-54289.613281;39382.261719;-72687.726562;-54440.753906;39200.386719;-72724.179688;-54290.574219;39199.386719;-72708.039062;-54441.714844;39338.261719;-72300.679688;-54246.261719;39337.261719;-72284.539062;-54397.402344;39155.386719;-72320.992188;-54247.222656;39154.386719;-72304.851562;-54398.363281;1579;670;1535;659;1535;676;1599;659;1599;676;1558;664;1558;682;1625;664;1625;682
J0:19:18:32:947;Hatchback_Car_AI_C_7;211;38984.097656;-69237.039062;-53707.796875;-1;-1;714.011414;0.022272;-0.972197;-0.233101;38985.023438;-69269.054688;-53634.238281;204.0;92.0;76.0;39082.128906;-69482.929688;-53608.097656;39080.949219;-69447.523438;-53755.910156;38898.183594;-69487.242188;-53607.667969;38897.003906;-69451.835938;-53755.480469;39073.042969;-69086.273438;-53512.996094;39071.863281;-69050.867188;-53660.808594;38889.097656;-69090.585938;-53512.566406;38887.917969;-69055.179688;-53660.378906;-1;-1;-1;-1;-1;-1;-1;-1;-1;-1;-1;-1;-1;-1;-1;-1;-1;-1
J0:19:18:32:947;Hatchback_Car_AI_C_11;211;39234.6875;-66336.648438;-53310.550781;-1;-1;679.938599;-0.187105;-0.981384;-0.043336;39231.390625;-66353.742188;-53232.230469;204.0;92.0;76.0;39282.945312;-66574.40625;-53165.101562;39284.242188;-66567.953125;-53316.960938;39102.203125;-66539.9375;-53165.179688;39103.5;-66533.484375;-53317.039062;39359.28125;-66174.0;-53147.421875;39360.578125;-66167.546875;-53299.28125;39178.539062;-66139.53125;-53147.5;39179.835938;-66133.078125;-53299.359375;-1;-1;-1;-1;-1;-1;-1;-1;-1;-1;-1;-1;-1;-1;-1;-1;-1;-1
