Time;ID;Cat;XPos;YPos;ZPos;2D_XPos;2D_YPos;Vel;XDir;YDir;ZDir;BBox_XPos;BBox_YPos;BBox_ZPos;BBox_Ext_X;BBox_Ext_Y;BBox_Ext_Z;Corner_XYZ_X;Corner_XYZ_Y;Corner_XYZ_Z;Corner_XY-Z_X;Corner_XY-Z_Y;Corner_XY-Z_Z;Corner_X-YZ_X;Corner_X-YZ_Y;Corner_X-YZ_Z;Corner_X-Y-Z_X;Corner_X-Y-Z_Y;Corner_X-Y-Z_Z;Corner_-XYZ_X;Corner_-XYZ_Y;Corner_-XYZ_Z;Corner_-XY-Z_X;Corner_-XY-Z_Y;Corner_-XY-Z_Z;Corner_-X-YZ_X;Corner_-X-YZ_Y;Corner_-X-YZ_Z;Corner_-X-Y-Z_X;Corner_-X-Y-Z_Y;Corner_-X-Y-Z_Z;BBox_2D_XPos;BBox_2D_YPos;Corner_2D_XYZ_X;Corner_2D_XYZ_Y;Corner_2D_XY-Z_X;Corner_2D_XY-Z_Y;Corner_2D_X-YZ_X;Corner_2D_X-YZ_Y;Corner_2D_X-Y-Z_X;Corner_2D_X-Y-Z_Y;Corner_2D_-XYZ_X;Corner_2D_-XYZ_Y;Corner_-2D_XY-Z_X;Corner_2D_-XY-Z_Y;Corner_2D_-X-YZ_X;Corner_2D_-X-YZ_Y;Corner_2D_-X-Y-Z_X;Corner_2D_-X-Y-Z_Y;
J0:19:19:30:946;Hatchback_Car_AI_C_7;211;39260.320312;-72439.53125;-54416.585938;1590;682;647.329163;0.114521;-0.986938;-0.113304;39262.511719;-72462.289062;-54339.683594;204.0;92.0;76.0;39377.832031;-72661.679688;-54286.773438;39376.699219;-72644.476562;-54437.789062;39195.050781;-72682.773438;-54287.804688;39193.917969;-72665.570312;-54438.820312;39331.105469;-72259.007812;-54240.546875;39329.972656;-72241.804688;-54391.5625;39148.324219;-72280.101562;-54241.578125;39147.191406;-72262.898438;-54392.59375;1587;670;1542;659;1542;676;1606;659;1606;676;1566;663;1566;681;1632;663;1632;681
J0:19:19:30:946;Hatchback_Car_AI_C_11;211;38995.511719;-69555.195312;-53785.964844;-1;-1;707.898376;0.045516;-0.968665;-0.244164;38997.164062;-69588.015625;-53712.773438;204.0;92.0;76.0;39099.324219;-69799.804688;-53689.007812;39097.371094;-69762.742188;-53836.40625;38915.527344;-69808.507812;-53688.757812;38913.574219;-69771.445312;-53836.15625;39080.753906;-69404.585938;-53589.390625;39078.800781;-69367.523438;-53736.789062;38896.957031;-69413.289062;-53589.140625;38895.003906;-69376.226562;-53736.539062;-1;-1;-1;-1;-1;-1;-1;-1;-1;-1;-1;-1;-1;-1;-1;-1;-1;-1
