Time;ID;Cat;XPos;YPos;ZPos;2D_XPos;2D_YPos;Vel;XDir;YDir;ZDir;BBox_XPos;BBox_YPos;BBox_ZPos;BBox_Ext_X;BBox_Ext_Y;BBox_Ext_Z;Corner_XYZ_X;Corner_XYZ_Y;Corner_XYZ_Z;Corner_XY-Z_X;Corner_XY-Z_Y;Corner_XY-Z_Z;Corner_X-YZ_X;Corner_X-YZ_Y;Corner_X-YZ_Z;Corner_X-Y-Z_X;Corner_X-Y-Z_Y;Corner_X-Y-Z_Z;Corner_-XYZ_X;Corner_-XYZ_Y;Corner_-XYZ_Z;Corner_-XY-Z_X;Corner_-XY-Z_Y;Corner_-XY-Z_Z;Corner_-X-YZ_X;Corner_-X-YZ_Y;Corner_-X-YZ_Z;Corner_-X-Y-Z_X;Corner_-X-Y-Z_Y;Corner_-X-Y-Z_Z;BBox_2D_XPos;BBox_2D_YPos;Corner_2D_XYZ_X;Corner_2D_XYZ_Y;Corner_2D_XY-Z_X;Corner_2D_XY-Z_Y;Corner_2D_X-YZ_X;Corner_2D_X-YZ_Y;Corner_2D_X-Y-Z_X;Corner_2D_X-Y-Z_Y;Corner_2D_-XYZ_X;Corner_2D_-XYZ_Y;Corner_-2D_XY-Z_X;Corner_2D_-XY-Z_Y;Corner_2D_-X-YZ_X;Corner_2D_-X-YZ_Y;Corner_2D_-X-Y-Z_X;Corner_2D_-X-Y-Z_Y;
J0:19:18:38:150;Hatchback_Car_AI_C_3;211;39297.824219;-72761.554688;-54446.542969;1534;686;658.437866;0.111847;-0.990524;-0.079707;39299.710938;-72781.726562;-54368.910156;204.0;92.0;76.0;39414.257812;-72979.570312;-54308.960938;39413.640625;-72967.445312;-54460.476562;39231.414062;-73000.148438;-54309.867188;39230.796875;-72988.023438;-54461.382812;39368.625;-72575.429688;-54276.4375;39368.007812;-72563.304688;-54427.953125;39185.78125;-72596.007812;-54277.34375;39185.164062;-72583.882812;-54428.859375;1531;673;1488;661;1488;680;1551;661;1551;680;1509;666;1509;686;1575;666;1575;686
J0:19:18:38:150;Hatchback_Car_AI_C_7;211;38995.050781;-69525.492188;-53778.652344;-1;-1;654.257751;0.043122;-0.968389;-0.245688;38996.640625;-69558.4375;-53705.511719;204.0;92.0;76.0;39098.292969;-69770.515625;-53682.101562;39096.394531;-69733.21875;-53829.445312;38914.480469;-69778.765625;-53681.820312;38912.582031;-69741.46875;-53829.164062;39080.699219;-69375.40625;-53581.859375;39078.800781;-69338.109375;-53729.203125;38896.886719;-69383.65625;-53581.578125;38894.988281;-69346.359375;-53728.921875;-1;-1;-1;-1;-1;-1;-1;-1;-1;-1;-1;-1;-1;-1;-1;-1;-1;-1
J0:19:18:38:150;Hatchback_Car_AI_C_11;211;39184.304688;-66617.53125;-53324.519531;-1;-1;681.269592;-0.173777;-0.983374;-0.052697;39181.136719;-66635.398438;-53246.367188;204.0;92.0;76.0;39235.578125;-66855.960938;-53181.207031;39236.992188;-66848.070312;-53332.996094;39054.382812;-66823.945312;-53181.238281;39055.796875;-66816.054688;-53333.027344;39306.476562;-66454.742188;-53159.707031;39307.890625;-66446.851562;-53311.496094;39125.28125;-66422.726562;-53159.738281;39126.695312;-66414.835938;-53311.527344;-1;-1;-1;-1;-1;-1;-1;-1;-1;-1;-1;-1;-1;-1;-1;-1;-1;-1
