Time;ID;Cat;XPos;YPos;ZPos;2D_XPos;2D_YPos;Vel;XDir;YDir;ZDir;BBox_XPos;BBox_YPos;BBox_ZPos;BBox_Ext_X;BBox_Ext_Y;BBox_Ext_Z;Corner_XYZ_X;Corner_XYZ_Y;Corner_XYZ_Z;Corner_XY-Z_X;Corner_XY-Z_Y;Corner_XY-Z_Z;Corner_X-YZ_X;Corner_X-YZ_Y;Corner_X-YZ_Z;Corner_X-Y-Z_X;Corner_X-Y-Z_Y;Corner_X-Y-Z_Z;Corner_-XYZ_X;Corner_-XYZ_Y;Corner_-XYZ_Z;Corner_-XY-Z_X;Corner_-XY-Z_Y;Corner_-XY-Z_Z;Corner_-X-YZ_X;Corner_-X-YZ_Y;Corner_-X-YZ_Z;Corner_-X-Y-Z_X;Corner_-X-Y-Z_Y;Corner_-X-Y-Z_Z;BBox_2D_XPos;BBox_2D_YPos;Corner_2D_XYZ_X;Corner_2D_XYZ_Y;Corner_2D_XY-Z_X;Corner_2D_XY-Z_Y;Corner_2D_X-YZ_X;Corner_2D_X-YZ_Y;Corner_2D_X-Y-Z_X;Corner_2D_X-Y-Z_Y;Corner_2D_-XYZ_X;Corner_2D_-XYZ_Y;Corner_-2D_XY-Z_X;Corner_2D_-XY-Z_Y;Corner_2D_-X-YZ_X;Corner_2D_-X-YZ_Y;Corner_2D_-X-Y-Z_X;Corner_2D_-X-Y-Z_Y;
J0:19:18:10:547;Hatchback_Car_AI_C_3;211;39134.855469;-71246.976562;-54214.484375;1804;651;680.569275;0.094;-0.968771;-0.229449;39138.082031;-71278.5625;-54140.804688;204.0;92.0;76.0;39250.660156;-71484.609375;-54113.820312;39246.988281;-71449.921875;-54261.765625;39067.527344;-71502.46875;-54113.460938;39063.855469;-71467.78125;-54261.40625;39212.308594;-71089.34375;-54020.203125;39208.636719;-71054.65625;-54168.148438;39029.175781;-71107.203125;-54019.84375;39025.503906;-71072.515625;-54167.789062;1798;639;1748;633;1748;642;1816;633;1816;642;1780;636;1780;646;1850;636;1850;646
J0:19:18:10:547;Hatchback_Car_AI_C_7;211;39009.328125;-67995.695312;-53462.171875;-1;-1;637.898621;-0.07805;-0.985882;-0.148137;39007.304688;-68021.164062;-53386.117188;204.0;92.0;76.0;39082.199219;-68240.765625;-53341.167969;39083.996094;-68218.328125;-53491.488281;38898.769531;-68226.234375;-53341.183594;38900.566406;-68203.796875;-53491.503906;39114.042969;-67838.53125;-53280.730469;39115.839844;-67816.09375;-53431.050781;38930.613281;-67824.0;-53280.746094;38932.410156;-67801.5625;-53431.066406;-1;-1;-1;-1;-1;-1;-1;-1;-1;-1;-1;-1;-1;-1;-1;-1;-1;-1
