Time;ID;Cat;XPos;YPos;ZPos;2D_XPos;2D_YPos;Vel;XDir;YDir;ZDir;BBox_XPos;BBox_YPos;BBox_ZPos;BBox_Ext_X;BBox_Ext_Y;BBox_Ext_Z;Corner_XYZ_X;Corner_XYZ_Y;Corner_XYZ_Z;Corner_XY-Z_X;Corner_XY-Z_Y;Corner_XY-Z_Z;Corner_X-YZ_X;Corner_X-YZ_Y;Corner_X-YZ_Z;Corner_X-Y-Z_X;Corner_X-Y-Z_Y;Corner_X-Y-Z_Z;Corner_-XYZ_X;Corner_-XYZ_Y;Corner_-XYZ_Z;Corner_-XY-Z_X;Corner_-XY-Z_Y;Corner_-XY-Z_Z;Corner_-X-YZ_X;Corner_-X-YZ_Y;Corner_-X-YZ_Z;Corner_-X-Y-Z_X;Corner_-X-Y-Z_Y;Corner_-X-Y-Z_Z;BBox_2D_XPos;BBox_2D_YPos;Corner_2D_XYZ_X;Corner_2D_XYZ_Y;Corner_2D_XY-Z_X;Corner_2D_XY-Z_Y;Corner_2D_X-YZ_X;Corner_2D_X-YZ_Y;Corner_2D_X-Y-Z_X;Corner_2D_X-Y-Z_Y;Corner_2D_-XYZ_X;Corner_2D_-XYZ_Y;Corner_-2D_XY-Z_X;Corner_2D_-XY-Z_Y;Corner_2D_-X-YZ_X;Corner_2D_-X-YZ_Y;Corner_2D_-X-Y-Z_X;Corner_2D_-X-Y-Z_Y;
J0:19:19:10:545;Hatchback_Car_AI_C_7;211;39139.230469;-71309.65625;-54228.71875;1793;654;716.076599;0.095497;-0.97033;-0.222124;39142.417969;-71340.6875;-54154.800781;204.0;92.0;76.0;39255.234375;-71546.375;-54126.160156;39251.671875;-71512.796875;-54274.363281;39072.125;-71564.46875;-54125.863281;39068.5625;-71530.890625;-54274.066406;39216.273438;-71150.484375;-54035.535156;39212.710938;-71116.90625;-54183.738281;39033.164062;-71168.578125;-54035.238281;39029.601562;-71135.0;-54183.441406;1787;641;1738;635;1738;644;1805;635;1805;644;1769;638;1769;648;1839;638;1839;648
J0:19:19:10:545;Hatchback_Car_AI_C_11;211;38984.261719;-68411.867188;-53530.621094;-1;-1;717.781006;-0.042372;-0.983204;-0.177524;38983.054688;-68439.640625;-53455.359375;204.0;92.0;76.0;39065.734375;-68657.648438;-53416.769531;39066.914062;-68630.695312;-53566.355469;38881.90625;-68649.726562;-53416.792969;38883.085938;-68622.773438;-53566.378906;39083.023438;-68256.507812;-53344.339844;39084.203125;-68229.554688;-53493.925781;38899.195312;-68248.585938;-53344.363281;38900.375;-68221.632812;-53493.949219;-1;-1;-1;-1;-1;-1;-1;-1;-1;-1;-1;-1;-1;-1;-1;-1;-1;-1
