Time;ID;Cat;XPos;YPos;ZPos;2D_XPos;2D_YPos;Vel;XDir;YDir;ZDir;BBox_XPos;BBox_YPos;BBox_ZPos;BBox_Ext_X;BBox_Ext_Y;BBox_Ext_Z;Corner_XYZ_X;Corner_XYZ_Y;Corner_XYZ_Z;Corner_XY-Z_X;Corner_XY-Z_Y;Corner_XY-Z_Z;Corner_X-YZ_X;Corner_X-YZ_Y;Corner_X-YZ_Z;Corner_X-Y-Z_X;Corner_X-Y-Z_Y;Corner_X-Y-Z_Z;Corner_-XYZ_X;Corner_-XYZ_Y;Corner_-XYZ_Z;Corner_-XY-Z_X;Corner_-XY-Z_Y;Corner_-XY-Z_Z;Corner_-X-YZ_X;Corner_-X-YZ_Y;Corner_-X-YZ_Z;Corner_-X-Y-Z_X;Corner_-X-Y-Z_Y;Corner_-X-Y-Z_Z;BBox_2D_XPos;BBox_2D_YPos;Corner_2D_XYZ_X;Corner_2D_XYZ_Y;Corner_2D_XY-Z_X;Corner_2D_XY-Z_Y;Corner_2D_X-YZ_X;Corner_2D_X-YZ_Y;Corner_2D_X-Y-Z_X;Corner_2D_X-Y-Z_Y;Corner_2D_-XYZ_X;Corner_2D_-XYZ_Y;Corner_-2D_XY-Z_X;Corner_2D_-XY-Z_Y;Corner_2D_-X-YZ_X;Corner_2D_-X-YZ_Y;Corner_2D_-X-Y-Z_X;Corner_2D_-X-Y-Z_Y;
J0:19:19:44:945;Hatchback_Car_AI_C_7;211;39342.992188;-73197.359375;-54471.425781;1459;689;640.999023;0.099997;-0.994228;-0.038879;39344.484375;-73214.359375;-54393.03125;204.0;92.0;76.0;39456.511719;-73410.945312;-54324.769531;39456.332031;-73405.023438;-54476.652344;39273.433594;-73429.335938;-54325.269531;39273.253906;-73423.414062;-54477.152344;39415.714844;-73005.304688;-54308.910156;39415.535156;-72999.382812;-54460.792969;39232.636719;-73023.695312;-54309.410156;39232.457031;-73017.773438;-54461.292969;1456;676;1416;663;1416;685;1478;663;1478;685;1434;668;1434;690;1498;668;1498;690
J0:19:19:44:945;Hatchback_Car_AI_C_11;211;39049.1875;-70325.007812;-53984.152344;-1;-1;645.661682;0.080077;-0.963844;-0.25415;39052.085938;-70358.5;-53911.304688;204.0;92.0;76.0;39161.8125;-70566.71875;-53889.777344;39158.390625;-70528.234375;-54036.785156;38978.453125;-70582.015625;-53889.519531;38975.03125;-70543.53125;-54036.527344;39129.140625;-70173.46875;-53786.082031;39125.71875;-70134.984375;-53933.089844;38945.78125;-70188.765625;-53785.824219;38942.359375;-70150.28125;-53932.832031;-1;-1;1913;597;1913;604;-1;-1;-1;-1;-1;-1;-1;-1;-1;-1;-1;-1
J0:19:19:44:945;Hatchback_Car_AI_C_15;211;39165.679688;-66727.78125;-53330.796875;-1;-1;691.486877;-0.166096;-0.984398;-0.058081;39162.558594;-66746.078125;-53252.742188;204.0;92.0;76.0;39218.628906;-66966.554688;-53188.679688;39220.160156;-66957.867188;-53340.421875;39037.191406;-66935.929688;-53188.757812;39038.722656;-66927.242188;-53340.5;39286.394531;-66564.914062;-53164.984375;39287.925781;-66556.226562;-53316.726562;39104.957031;-66534.289062;-53165.0625;39106.488281;-66525.601562;-53316.804688;-1;-1;-1;-1;-1;-1;-1;-1;-1;-1;-1;-1;-1;-1;-1;-1;-1;-1
