Time;ID;Cat;XPos;YPos;ZPos;2D_XPos;2D_YPos;Vel;XDir;YDir;ZDir;BBox_XPos;BBox_YPos;BBox_ZPos;BBox_Ext_X;BBox_Ext_Y;BBox_Ext_Z;Corner_XYZ_X;Corner_XYZ_Y;Corner_XYZ_Z;Corner_XY-Z_X;Corner_XY-Z_Y;Corner_XY-Z_Z;Corner_X-YZ_X;Corner_X-YZ_Y;Corner_X-YZ_Z;Corner_X-Y-Z_X;Corner_X-Y-Z_Y;Corner_X-Y-Z_Z;Corner_-XYZ_X;Corner_-XYZ_Y;Corner_-XYZ_Z;Corner_-XY-Z_X;Corner_-XY-Z_Y;Corner_-XY-Z_Z;Corner_-X-YZ_X;Corner_-X-YZ_Y;Corner_-X-YZ_Z;Corner_-X-Y-Z_X;Corner_-X-Y-Z_Y;Corner_-X-Y-Z_Z;BBox_2D_XPos;BBox_2D_YPos;Corner_2D_XYZ_X;Corner_2D_XYZ_Y;Corner_2D_XY-Z_X;Corner_2D_XY-Z_Y;Corner_2D_X-YZ_X;Corner_2D_X-YZ_Y;Corner_2D_X-Y-Z_X;Corner_2D_X-Y-Z_Y;Corner_2D_-XYZ_X;Corner_2D_-XYZ_Y;Corner_-2D_XY-Z_X;Corner_2D_-XY-Z_Y;Corner_2D_-X-YZ_X;Corner_2D_-X-YZ_Y;Corner_2D_-X-Y-Z_X;Corner_2D_-X-Y-Z_Y;
J0:19:19:52:547;Hatchback_Car_AI_C_7;211;39379.851562;-73619.632812;-54478.835938;1388;689;684.21936;0.084164;-0.996452;-0.000232;39381.042969;-73633.601562;-54399.839844;204.0;92.0;76.0;39489.894531;-73829.148438;-54323.902344;39489.871094;-73829.117188;-54475.902344;39306.550781;-73844.632812;-54323.871094;39306.527344;-73844.601562;-54475.871094;39455.558594;-73422.601562;-54323.808594;39455.535156;-73422.570312;-54475.808594;39272.214844;-73438.085938;-54323.777344;39272.191406;-73438.054688;-54475.777344;1386;677;1348;662;1348;686;1409;662;1409;686;1362;667;1362;692;1426;667;1426;692
J0:19:19:52:547;Hatchback_Car_AI_C_11;211;39086.519531;-70747.625;-54092.589844;1895;632;682.675964;0.088665;-0.964753;-0.24777;39089.71875;-70780.609375;-54019.523438;204.0;92.0;76.0;39201.296875;-70987.6875;-53996.628906;39197.53125;-70950.21875;-54143.886719;39018.078125;-71004.625;-53996.253906;39014.3125;-70967.15625;-54143.511719;39165.125;-70594.0625;-53895.535156;39161.359375;-70556.59375;-54042.792969;38981.90625;-70611.0;-53895.160156;38978.140625;-70573.53125;-54042.417969;1889;619;1837;614;1837;622;1906;614;1906;622;1872;617;1872;625;-1;-1;-1;-1
J0:19:19:52:547;Hatchback_Car_AI_C_15;211;39101.042969;-67147.414062;-53362.066406;-1;-1;655.76886;-0.143931;-0.985798;-0.086523;39098.050781;-67167.976562;-53284.574219;204.0;92.0;76.0;39158.78125;-67388.875;-53226.523438;39160.664062;-67375.859375;-53377.953125;38976.710938;-67362.296875;-53226.5;38978.59375;-67349.28125;-53377.929688;39217.507812;-66986.671875;-53191.21875;39219.390625;-66973.65625;-53342.648438;39035.4375;-66960.09375;-53191.195312;39037.320312;-66947.078125;-53342.625;-1;-1;-1;-1;-1;-1;-1;-1;-1;-1;-1;-1;-1;-1;-1;-1;-1;-1
