Time;ID;Cat;XPos;YPos;ZPos;2D_XPos;2D_YPos;Vel;XDir;YDir;ZDir;BBox_XPos;BBox_YPos;BBox_ZPos;BBox_Ext_X;BBox_Ext_Y;BBox_Ext_Z;Corner_XYZ_X;Corner_XYZ_Y;Corner_XYZ_Z;Corner_XY-Z_X;Corner_XY-Z_Y;Corner_XY-Z_Z;Corner_X-YZ_X;Corner_X-YZ_Y;Corner_X-YZ_Z;Corner_X-Y-Z_X;Corner_X-Y-Z_Y;Corner_X-Y-Z_Z;Corner_-XYZ_X;Corner_-XYZ_Y;Corner_-XYZ_Z;Corner_-XY-Z_X;Corner_-XY-Z_Y;Corner_-XY-Z_Z;Corner_-X-YZ_X;Corner_-X-YZ_Y;Corner_-X-YZ_Z;Corner_-X-Y-Z_X;Corner_-X-Y-Z_Y;Corner_-X-Y-Z_Z;BBox_2D_XPos;BBox_2D_YPos;Corner_2D_XYZ_X;Corner_2D_XYZ_Y;Corner_2D_XY-Z_X;Corner_2D_XY-Z_Y;Corner_2D_X-YZ_X;Corner_2D_X-YZ_Y;Corner_2D_X-Y-Z_X;Corner_2D_X-Y-Z_Y;Corner_2D_-XYZ_X;Corner_2D_-XYZ_Y;Corner_-2D_XY-Z_X;Corner_2D_-XY-Z_Y;Corner_2D_-X-YZ_X;Corner_2D_-X-YZ_Y;Corner_2D_-X-Y-Z_X;Corner_2D_-X-Y-Z_Y;
J0:19:18:14:944;Hatchback_Car_AI_C_3;211;39158.886719;-71487.921875;-54267.464844;1760;660;659.716431;0.100437;-0.973354;-0.206143;39161.945312;-71517.75;-54193.046875;204.0;92.0;76.0;39275.539062;-71722.460938;-54160.710938;39272.359375;-71691.289062;-54309.445312;39092.507812;-71741.335938;-54160.757812;39089.328125;-71710.164062;-54309.492188;39234.5625;-71325.335938;-54076.601562;39231.382812;-71294.164062;-54225.335938;39051.53125;-71344.210938;-54076.648438;39048.351562;-71313.039062;-54225.382812;1755;647;1706;640;1706;651;1773;640;1773;651;1736;644;1736;655;1806;644;1806;655
J0:19:18:14:944;Hatchback_Car_AI_C_7;211;38994.390625;-68234.03125;-53499.570312;-1;-1;684.117554;-0.056289;-0.984911;-0.163651;38992.820312;-68260.726562;-53423.925781;204.0;92.0;76.0;39072.429688;-68479.320312;-53382.277344;39073.9375;-68454.492188;-53532.230469;38888.734375;-68468.804688;-53382.386719;38890.242188;-68443.976562;-53532.339844;39095.398438;-68077.476562;-53315.511719;39096.90625;-68052.648438;-53465.464844;38911.703125;-68066.960938;-53315.621094;38913.210938;-68042.132812;-53465.574219;-1;-1;-1;-1;-1;-1;-1;-1;-1;-1;-1;-1;-1;-1;-1;-1;-1;-1
