Time;ID;Cat;XPos;YPos;ZPos;2D_XPos;2D_YPos;Vel;XDir;YDir;ZDir;BBox_XPos;BBox_YPos;BBox_ZPos;BBox_Ext_X;BBox_Ext_Y;BBox_Ext_Z;Corner_XYZ_X;Corner_XYZ_Y;Corner_XYZ_Z;Corner_XY-Z_X;Corner_XY-Z_Y;Corner_XY-Z_Z;Corner_X-YZ_X;Corner_X-YZ_Y;Corner_X-YZ_Z;Corner_X-Y-Z_X;Corner_X-Y-Z_Y;Corner_X-Y-Z_Z;Corner_-XYZ_X;Corner_-XYZ_Y;Corner_-XYZ_Z;Corner_-XY-Z_X;Corner_-XY-Z_Y;Corner_-XY-Z_Z;Corner_-X-YZ_X;Corner_-X-YZ_Y;Corner_-X-YZ_Z;Corner_-X-Y-Z_X;Corner_-X-Y-Z_Y;Corner_-X-Y-Z_Z;BBox_2D_XPos;BBox_2D_YPos;Corner_2D_XYZ_X;Corner_2D_XYZ_Y;Corner_2D_XY-Z_X;Corner_2D_XY-Z_Y;Corner_2D_X-YZ_X;Corner_2D_X-YZ_Y;Corner_2D_X-Y-Z_X;Corner_2D_X-Y-Z_Y;Corner_2D_-XYZ_X;Corner_2D_-XYZ_Y;Corner_-2D_XY-Z_X;Corner_2D_-XY-Z_Y;Corner_2D_-X-YZ_X;Corner_2D_-X-YZ_Y;Corner_2D_-X-Y-Z_X;Corner_2D_-X-Y-Z_Y;
J0:19:18:18:549;Hatchback_Car_AI_C_3;211;39179.613281;-71686.71875;-54306.167969;1724;666;698.701111;0.100504;-0.977715;-0.184316;39182.390625;-71714.90625;-54231.101562;204.0;92.0;76.0;39295.734375;-71918.921875;-54193.867188;39293.09375;-71891.03125;-54343.265625;39112.695312;-71937.6875;-54194.140625;39110.054688;-71909.796875;-54343.539062;39254.726562;-71520.015625;-54118.664062;39252.085938;-71492.125;-54268.0625;39071.6875;-71538.78125;-54118.9375;39069.046875;-71510.890625;-54268.335938;1719;653;1671;645;1671;657;1738;645;1738;657;1700;649;1700;662;1769;649;1769;662
J0:19:18:18:549;Hatchback_Car_AI_C_7;211;38985.46875;-68434.742188;-53534.941406;-1;-1;682.877563;-0.039735;-0.982776;-0.180481;38984.324219;-68462.75;-53459.765625;204.0;92.0;76.0;39067.582031;-68680.65625;-53421.816406;39068.707031;-68653.25;-53571.324219;38883.730469;-68673.21875;-53421.839844;38884.855469;-68645.8125;-53571.347656;39083.792969;-68279.6875;-53348.183594;39084.917969;-68252.28125;-53497.691406;38899.941406;-68272.25;-53348.207031;38901.066406;-68244.84375;-53497.714844;-1;-1;-1;-1;-1;-1;-1;-1;-1;-1;-1;-1;-1;-1;-1;-1;-1;-1
