Time;ID;Cat;XPos;YPos;ZPos;2D_XPos;2D_YPos;Vel;XDir;YDir;ZDir;BBox_XPos;BBox_YPos;BBox_ZPos;BBox_Ext_X;BBox_Ext_Y;BBox_Ext_Z;Corner_XYZ_X;Corner_XYZ_Y;Corner_XYZ_Z;Corner_XY-Z_X;Corner_XY-Z_Y;Corner_XY-Z_Z;Corner_X-YZ_X;Corner_X-YZ_Y;Corner_X-YZ_Z;Corner_X-Y-Z_X;Corner_X-Y-Z_Y;Corner_X-Y-Z_Z;Corner_-XYZ_X;Corner_-XYZ_Y;Corner_-XYZ_Z;Corner_-XY-Z_X;Corner_-XY-Z_Y;Corner_-XY-Z_Z;Corner_-X-YZ_X;Corner_-X-YZ_Y;Corner_-X-YZ_Z;Corner_-X-Y-Z_X;Corner_-X-Y-Z_Y;Corner_-X-Y-Z_Z;BBox_2D_XPos;BBox_2D_YPos;Corner_2D_XYZ_X;Corner_2D_XYZ_Y;Corner_2D_XY-Z_X;Corner_2D_XY-Z_Y;Corner_2D_X-YZ_X;Corner_2D_X-YZ_Y;Corner_2D_X-Y-Z_X;Corner_2D_X-Y-Z_Y;Corner_2D_-XYZ_X;Corner_2D_-XYZ_Y;Corner_-2D_XY-Z_X;Corner_2D_-XY-Z_Y;Corner_2D_-X-YZ_X;Corner_2D_-X-YZ_Y;Corner_2D_-X-Y-Z_X;Corner_2D_-X-Y-Z_Y;
J0:19:18:53:748;Hatchback_Car_AI_C_3;211;39379.886719;-73622.992188;-54478.886719;1388;689;623.657593;0.07573;-0.997125;-0.002524;39380.992188;-73637.148438;-54399.921875;204.0;92.0;76.0;39488.21875;-73833.78125;-54324.472656;39488.132812;-73833.40625;-54476.472656;39304.75;-73847.71875;-54324.402344;39304.664062;-73847.34375;-54476.402344;39457.320312;-73426.953125;-54323.441406;39457.234375;-73426.578125;-54475.441406;39273.851562;-73440.890625;-54323.371094;39273.765625;-73440.515625;-54475.371094;1385;677;1347;662;1347;686;1409;662;1409;686;1361;667;1361;691;1425;667;1425;691
J0:19:18:53:748;Hatchback_Car_AI_C_7;211;39053.113281;-70381.84375;-53998.863281;-1;-1;690.943726;0.076657;-0.964643;-0.252165;39055.996094;-70415.1875;-53925.945312;204.0;92.0;76.0;39165.082031;-70623.703125;-53904.105469;39161.597656;-70585.53125;-54051.191406;38981.667969;-70638.421875;-53903.582031;38978.183594;-70600.25;-54050.667969;39133.808594;-70230.125;-53801.222656;39130.324219;-70191.953125;-53948.308594;38950.394531;-70244.84375;-53800.699219;38946.910156;-70206.671875;-53947.785156;-1;-1;1903;599;1903;606;-1;-1;-1;-1;-1;-1;-1;-1;-1;-1;-1;-1
J0:19:18:53:748;Hatchback_Car_AI_C_11;211;39057.933594;-67477.703125;-53394.9375;-1;-1;652.741394;-0.121051;-0.986588;-0.109505;39055.179688;-67500.101562;-53317.945312;204.0;92.0;76.0;39120.785156;-67720.828125;-53264.738281;39122.816406;-67704.3125;-53415.824219;38938.152344;-67698.421875;-53264.746094;38940.183594;-67681.90625;-53415.832031;39170.175781;-67318.296875;-53220.058594;39172.207031;-67301.78125;-53371.144531;38987.542969;-67295.890625;-53220.066406;38989.574219;-67279.375;-53371.152344;-1;-1;-1;-1;-1;-1;-1;-1;-1;-1;-1;-1;-1;-1;-1;-1;-1;-1
