Time;ID;Cat;XPos;YPos;ZPos;2D_XPos;2D_YPos;Vel;XDir;YDir;ZDir;BBox_XPos;BBox_YPos;BBox_ZPos;BBox_Ext_X;BBox_Ext_Y;BBox_Ext_Z;Corner_XYZ_X;Corner_XYZ_Y;Corner_XYZ_Z;Corner_XY-Z_X;Corner_XY-Z_Y;Corner_XY-Z_Z;Corner_X-YZ_X;Corner_X-YZ_Y;Corner_X-YZ_Z;Corner_X-Y-Z_X;Corner_X-Y-Z_Y;Corner_X-Y-Z_Z;Corner_-XYZ_X;Corner_-XYZ_Y;Corner_-XYZ_Z;Corner_-XY-Z_X;Corner_-XY-Z_Y;Corner_-XY-Z_Z;Corner_-X-YZ_X;Corner_-X-YZ_Y;Corner_-X-YZ_Z;Corner_-X-Y-Z_X;Corner_-X-Y-Z_Y;Corner_-X-Y-Z_Z;BBox_2D_XPos;BBox_2D_YPos;Corner_2D_XYZ_X;Corner_2D_XYZ_Y;Corner_2D_XY-Z_X;Corner_2D_XY-Z_Y;Corner_2D_X-YZ_X;Corner_2D_X-YZ_Y;Corner_2D_X-Y-Z_X;Corner_2D_X-Y-Z_Y;Corner_2D_-XYZ_X;Corner_2D_-XYZ_Y;Corner_-2D_XY-Z_X;Corner_2D_-XY-Z_Y;Corner_2D_-X-YZ_X;Corner_2D_-X-YZ_Y;Corner_2D_-X-Y-Z_X;Corner_2D_-X-Y-Z_Y;
J0:19:17:58:947;Hatchback_Car_AI_C_3;211;39072.660156;-70598.523438;-54054.605469;-1;-1;718.167419;0.087289;-0.964312;-0.249964;39075.792969;-70631.679688;-53981.613281;204.0;92.0;76.0;39187.0625;-70838.976562;-53959.167969;39183.382812;-70801.164062;-54106.339844;39003.820312;-70855.632812;-53958.871094;39000.140625;-70817.820312;-54106.042969;39151.445312;-70445.539062;-53857.183594;39147.765625;-70407.726562;-54004.355469;38968.203125;-70462.195312;-53856.886719;38964.523438;-70424.382812;-54004.058594;1917;613;1864;608;1864;616;-1;-1;-1;-1;1900;611;1900;619;-1;-1;-1;-1
J0:19:17:58:947;Hatchback_Car_AI_C_7;211;39072.4375;-67356.734375;-53382.011719;-1;-1;671.713318;-0.127025;-0.986727;-0.101167;39069.609375;-67378.46875;-53304.832031;204.0;92.0;76.0;39133.929688;-67599.132812;-53249.824219;39135.953125;-67583.882812;-53401.042969;38951.4375;-67575.632812;-53249.894531;38953.460938;-67560.382812;-53401.113281;39185.757812;-67196.554688;-53208.550781;39187.78125;-67181.304688;-53359.769531;39003.265625;-67173.054688;-53208.621094;39005.289062;-67157.804688;-53359.839844;-1;-1;-1;-1;-1;-1;-1;-1;-1;-1;-1;-1;-1;-1;-1;-1;-1;-1
