Time;ID;Cat;XPos;YPos;ZPos;2D_XPos;2D_YPos;Vel;XDir;YDir;ZDir;BBox_XPos;BBox_YPos;BBox_ZPos;BBox_Ext_X;BBox_Ext_Y;BBox_Ext_Z;Corner_XYZ_X;Corner_XYZ_Y;Corner_XYZ_Z;Corner_XY-Z_X;Corner_XY-Z_Y;Corner_XY-Z_Z;Corner_X-YZ_X;Corner_X-YZ_Y;Corner_X-YZ_Z;Corner_X-Y-Z_X;Corner_X-Y-Z_Y;Corner_X-Y-Z_Z;Corner_-XYZ_X;Corner_-XYZ_Y;Corner_-XYZ_Z;Corner_-XY-Z_X;Corner_-XY-Z_Y;Corner_-XY-Z_Z;Corner_-X-YZ_X;Corner_-X-YZ_Y;Corner_-X-YZ_Z;Corner_-X-Y-Z_X;Corner_-X-Y-Z_Y;Corner_-X-Y-Z_Z;BBox_2D_XPos;BBox_2D_YPos;Corner_2D_XYZ_X;Corner_2D_XYZ_Y;Corner_2D_XY-Z_X;Corner_2D_XY-Z_Y;Corner_2D_X-YZ_X;Corner_2D_X-YZ_Y;Corner_2D_X-Y-Z_X;Corner_2D_X-Y-Z_Y;Corner_2D_-XYZ_X;Corner_2D_-XYZ_Y;Corner_-2D_XY-Z_X;Corner_2D_-XY-Z_Y;Corner_2D_-X-YZ_X;Corner_2D_-X-YZ_Y;Corner_2D_-X-Y-Z_X;Corner_2D_-X-Y-Z_Y;
J0:19:20:11:343;Hatchback_Car_AI_C_11;211;39190.320312;-71793.4375;-54325.277344;1705;669;704.000977;0.102787;-0.97923;-0.174767;39193.003906;-71820.898438;-54249.941406;204.0;92.0;76.0;39306.667969;-72024.328125;-54210.535156;39304.277344;-71997.875;-54360.199219;39123.667969;-72043.453125;-54210.988281;39121.277344;-72017.0;-54360.652344;39264.730469;-71624.796875;-54139.230469;39262.339844;-71598.34375;-54288.894531;39081.730469;-71643.921875;-54139.683594;39079.339844;-71617.46875;-54289.347656;1700;656;1653;648;1653;660;1719;648;1719;660;1681;652;1681;665;1750;652;1750;665
J0:19:20:11:343;Hatchback_Car_AI_C_15;211;38996.101562;-68178.90625;-53490.667969;-1;-1;649.826294;-0.062385;-0.984837;-0.161876;38994.390625;-68205.453125;-53414.976562;204.0;92.0;76.0;39072.675781;-68424.453125;-53372.972656;39074.285156;-68399.90625;-53522.964844;38889.042969;-68412.8125;-53373.035156;38890.652344;-68388.265625;-53523.027344;39098.128906;-68022.640625;-53306.925781;39099.738281;-67998.09375;-53456.917969;38914.496094;-68011.0;-53306.988281;38916.105469;-67986.453125;-53456.980469;-1;-1;-1;-1;-1;-1;-1;-1;-1;-1;-1;-1;-1;-1;-1;-1;-1;-1
