Time;ID;Cat;XPos;YPos;ZPos;2D_XPos;2D_YPos;Vel;XDir;YDir;ZDir;BBox_XPos;BBox_YPos;BBox_ZPos;BBox_Ext_X;BBox_Ext_Y;BBox_Ext_Z;Corner_XYZ_X;Corner_XYZ_Y;Corner_XYZ_Z;Corner_XY-Z_X;Corner_XY-Z_Y;Corner_XY-Z_Z;Corner_X-YZ_X;Corner_X-YZ_Y;Corner_X-YZ_Z;Corner_X-Y-Z_X;Corner_X-Y-Z_Y;Corner_X-Y-Z_Z;Corner_-XYZ_X;Corner_-XYZ_Y;Corner_-XYZ_Z;Corner_-XY-Z_X;Corner_-XY-Z_Y;Corner_-XY-Z_Z;Corner_-X-YZ_X;Corner_-X-YZ_Y;Corner_-X-YZ_Z;Corner_-X-Y-Z_X;Corner_-X-Y-Z_Y;Corner_-X-Y-Z_Z;BBox_2D_XPos;BBox_2D_YPos;Corner_2D_XYZ_X;Corner_2D_XYZ_Y;Corner_2D_XY-Z_X;Corner_2D_XY-Z_Y;Corner_2D_X-YZ_X;Corner_2D_X-YZ_Y;Corner_2D_X-Y-Z_X;Corner_2D_X-Y-Z_Y;Corner_2D_-XYZ_X;Corner_2D_-XYZ_Y;Corner_-2D_XY-Z_X;Corner_2D_-XY-Z_Y;Corner_2D_-X-YZ_X;Corner_2D_-X-YZ_Y;Corner_2D_-X-Y-Z_X;Corner_2D_-X-Y-Z_Y;
J0:19:17:42:438;Hatchback_Car_AI_C_3;211;38997.339844;-69601.09375;-53797.570312;-1;-1;684.839966;0.049085;-0.967798;-0.246897;38999.101562;-69634.117188;-53724.472656;204.0;92.0;76.0;39102.027344;-69845.59375;-53701.289062;39099.957031;-69808.125;-53848.585938;38918.269531;-69854.96875;-53701.09375;38916.199219;-69817.5;-53848.390625;39082.003906;-69450.734375;-53600.554688;39079.933594;-69413.265625;-53747.851562;38898.246094;-69460.109375;-53600.359375;38896.175781;-69422.640625;-53747.65625;-1;-1;-1;-1;-1;-1;-1;-1;-1;-1;-1;-1;-1;-1;-1;-1;-1;-1
J0:19:17:42:438;Hatchback_Car_AI_C_7;211;39228.488281;-66367.90625;-53312.066406;-1;-1;642.914795;-0.186443;-0.981402;-0.045712;39225.175781;-66385.1875;-53233.789062;204.0;92.0;76.0;39276.847656;-66605.96875;-53167.15625;39278.199219;-66599.15625;-53319.0;39096.082031;-66571.625;-53167.226562;39097.433594;-66564.8125;-53319.070312;39352.917969;-66205.5625;-53148.507812;39354.269531;-66198.75;-53300.351562;39172.152344;-66171.21875;-53148.578125;39173.503906;-66164.40625;-53300.421875;-1;-1;-1;-1;-1;-1;-1;-1;-1;-1;-1;-1;-1;-1;-1;-1;-1;-1
