Time;ID;Cat;XPos;YPos;ZPos;2D_XPos;2D_YPos;Vel;XDir;YDir;ZDir;BBox_XPos;BBox_YPos;BBox_ZPos;BBox_Ext_X;BBox_Ext_Y;BBox_Ext_Z;Corner_XYZ_X;Corner_XYZ_Y;Corner_XYZ_Z;Corner_XY-Z_X;Corner_XY-Z_Y;Corner_XY-Z_Z;Corner_X-YZ_X;Corner_X-YZ_Y;Corner_X-YZ_Z;Corner_X-Y-Z_X;Corner_X-Y-Z_Y;Corner_X-Y-Z_Z;Corner_-XYZ_X;Corner_-XYZ_Y;Corner_-XYZ_Z;Corner_-XY-Z_X;Corner_-XY-Z_Y;Corner_-XY-Z_Z;Corner_-X-YZ_X;Corner_-X-YZ_Y;Corner_-X-YZ_Z;Corner_-X-Y-Z_X;Corner_-X-Y-Z_Y;Corner_-X-Y-Z_Z;BBox_2D_XPos;BBox_2D_YPos;Corner_2D_XYZ_X;Corner_2D_XYZ_Y;Corner_2D_XY-Z_X;Corner_2D_XY-Z_Y;Corner_2D_X-YZ_X;Corner_2D_X-YZ_Y;Corner_2D_X-Y-Z_X;Corner_2D_X-Y-Z_Y;Corner_2D_-XYZ_X;Corner_2D_-XYZ_Y;Corner_-2D_XY-Z_X;Corner_2D_-XY-Z_Y;Corner_2D_-X-YZ_X;Corner_2D_-X-YZ_Y;Corner_2D_-X-Y-Z_X;Corner_2D_-X-Y-Z_Y;
J0:19:18:29:749;Hatchback_Car_AI_C_3;211;39246.804688;-72306.101562;-54401.199219;1614;680;639.4375;0.110475;-0.985888;-0.125782;39249.03125;-72329.828125;-54324.589844;204.0;92.0;76.0;39363.652344;-72530.320312;-54274.359375;39362.347656;-72511.226562;-54425.148438;39180.785156;-72550.679688;-54275.351562;39179.480469;-72531.585938;-54426.140625;39318.582031;-72128.070312;-54223.039062;39317.277344;-72108.976562;-54373.828125;39135.714844;-72148.429688;-54224.03125;39134.410156;-72129.335938;-54374.820312;1610;667;1565;657;1565;673;1629;657;1629;673;1589;661;1589;678;1656;661;1656;678
J0:19:18:29:749;Hatchback_Car_AI_C_7;211;38979.960938;-69060.164062;-53666.113281;-1;-1;690.572205;0.010885;-0.973947;-0.226513;38980.449219;-69091.6875;-53592.339844;204.0;92.0;76.0;39074.984375;-69306.523438;-53564.679688;39074.335938;-69272.101562;-53712.726562;38891.0;-69308.648438;-53564.367188;38890.351562;-69274.226562;-53712.414062;39070.546875;-68909.148438;-53472.265625;39069.898438;-68874.726562;-53620.3125;38886.5625;-68911.273438;-53471.953125;38885.914062;-68876.851562;-53620.0;-1;-1;-1;-1;-1;-1;-1;-1;-1;-1;-1;-1;-1;-1;-1;-1;-1;-1
J0:19:18:29:749;Hatchback_Car_AI_C_11;211;39270.230469;-66153.296875;-53303.003906;-1;-1;684.53479;-0.197235;-0.979688;-0.036186;39266.882812;-66169.8125;-53224.5625;204.0;92.0;76.0;39316.277344;-66390.523438;-53155.972656;39317.402344;-66385.132812;-53307.871094;39135.894531;-66354.210938;-53156.019531;39137.019531;-66348.820312;-53307.917969;39396.746094;-65990.804688;-53141.207031;39397.871094;-65985.414062;-53293.105469;39216.363281;-65954.492188;-53141.253906;39217.488281;-65949.101562;-53293.152344;-1;-1;-1;-1;-1;-1;-1;-1;-1;-1;-1;-1;-1;-1;-1;-1;-1;-1
