Time;ID;Cat;XPos;YPos;ZPos;2D_XPos;2D_YPos;Vel;XDir;YDir;ZDir;BBox_XPos;BBox_YPos;BBox_ZPos;BBox_Ext_X;BBox_Ext_Y;BBox_Ext_Z;Corner_XYZ_X;Corner_XYZ_Y;Corner_XYZ_Z;Corner_XY-Z_X;Corner_XY-Z_Y;Corner_XY-Z_Z;Corner_X-YZ_X;Corner_X-YZ_Y;Corner_X-YZ_Z;Corner_X-Y-Z_X;Corner_X-Y-Z_Y;Corner_X-Y-Z_Z;Corner_-XYZ_X;Corner_-XYZ_Y;Corner_-XYZ_Z;Corner_-XY-Z_X;Corner_-XY-Z_Y;Corner_-XY-Z_Z;Corner_-X-YZ_X;Corner_-X-YZ_Y;Corner_-X-YZ_Z;Corner_-X-Y-Z_X;Corner_-X-Y-Z_Y;Corner_-X-Y-Z_Z;BBox_2D_XPos;BBox_2D_YPos;Corner_2D_XYZ_X;Corner_2D_XYZ_Y;Corner_2D_XY-Z_X;Corner_2D_XY-Z_Y;Corner_2D_X-YZ_X;Corner_2D_X-YZ_Y;Corner_2D_X-Y-Z_X;Corner_2D_X-Y-Z_Y;Corner_2D_-XYZ_X;Corner_2D_-XYZ_Y;Corner_-2D_XY-Z_X;Corner_2D_-XY-Z_Y;Corner_2D_-X-YZ_X;Corner_2D_-X-YZ_Y;Corner_2D_-X-Y-Z_X;Corner_2D_-X-Y-Z_Y;
J0:19:19:34:544;Hatchback_Car_AI_C_7;211;39282.621094;-72634.210938;-54435.902344;1556;685;665.550964;0.111876;-0.989427;-0.092291;39284.597656;-72655.351562;-54358.53125;204.0;92.0;76.0;39399.238281;-72853.921875;-54301.203125;39398.449219;-72839.890625;-54452.554688;39216.394531;-72874.5;-54302.164062;39215.605469;-72860.46875;-54453.515625;39353.589844;-72450.234375;-54263.546875;39352.800781;-72436.203125;-54414.898438;39170.746094;-72470.8125;-54264.507812;39169.957031;-72456.78125;-54415.859375;1553;672;1510;660;1510;679;1573;660;1573;679;1531;665;1531;684;1597;665;1597;684
J0:19:19:34:544;Hatchback_Car_AI_C_11;211;39006.84375;-69757.554688;-53837.363281;-1;-1;694.576294;0.058975;-0.966526;-0.249699;39008.921875;-69790.773438;-53764.363281;204.0;92.0;76.0;39113.988281;-70001.265625;-53741.765625;39111.574219;-69963.390625;-53888.953125;38930.332031;-70012.5;-53741.648438;38927.917969;-69974.625;-53888.835938;39089.925781;-69606.921875;-53639.890625;39087.511719;-69569.046875;-53787.078125;38906.269531;-69618.15625;-53639.773438;38903.855469;-69580.28125;-53786.960938;-1;-1;-1;-1;-1;-1;-1;-1;-1;-1;-1;-1;-1;-1;-1;-1;-1;-1
