Time;ID;Cat;XPos;YPos;ZPos;2D_XPos;2D_YPos;Vel;XDir;YDir;ZDir;BBox_XPos;BBox_YPos;BBox_ZPos;BBox_Ext_X;BBox_Ext_Y;BBox_Ext_Z;Corner_XYZ_X;Corner_XYZ_Y;Corner_XYZ_Z;Corner_XY-Z_X;Corner_XY-Z_Y;Corner_XY-Z_Z;Corner_X-YZ_X;Corner_X-YZ_Y;Corner_X-YZ_Z;Corner_X-Y-Z_X;Corner_X-Y-Z_Y;Corner_X-Y-Z_Z;Corner_-XYZ_X;Corner_-XYZ_Y;Corner_-XYZ_Z;Corner_-XY-Z_X;Corner_-XY-Z_Y;Corner_-XY-Z_Z;Corner_-X-YZ_X;Corner_-X-YZ_Y;Corner_-X-YZ_Z;Corner_-X-Y-Z_X;Corner_-X-Y-Z_Y;Corner_-X-Y-Z_Z;BBox_2D_XPos;BBox_2D_YPos;Corner_2D_XYZ_X;Corner_2D_XYZ_Y;Corner_2D_XY-Z_X;Corner_2D_XY-Z_Y;Corner_2D_X-YZ_X;Corner_2D_X-YZ_Y;Corner_2D_X-Y-Z_X;Corner_2D_X-Y-Z_Y;Corner_2D_-XYZ_X;Corner_2D_-XYZ_Y;Corner_-2D_XY-Z_X;Corner_2D_-XY-Z_Y;Corner_2D_-X-YZ_X;Corner_2D_-X-YZ_Y;Corner_2D_-X-Y-Z_X;Corner_2D_-X-Y-Z_Y;
J0:19:18:38:943;Hatchback_Car_AI_C_3;211;39302.625;-72805.078125;-54449.78125;1526;687;667.169189;0.111363;-0.990948;-0.074968;39304.480469;-72824.875;-54372.054688;204.0;92.0;76.0;39418.910156;-73022.492188;-54311.136719;39418.339844;-73011.085938;-54462.707031;39236.058594;-73042.976562;-54311.988281;39235.488281;-73031.570312;-54463.558594;39373.472656;-72618.179688;-54280.550781;39372.902344;-72606.773438;-54432.121094;39190.621094;-72638.664062;-54281.402344;39190.050781;-72627.257812;-54432.972656;1523;674;1481;662;1481;681;1544;662;1544;681;1501;666;1501;687;1567;666;1567;687
J0:19:18:38:943;Hatchback_Car_AI_C_7;211;38997.078125;-69567.84375;-53789.335938;-1;-1;668.355347;0.045905;-0.968167;-0.246059;38998.765625;-69600.8125;-53716.210938;204.0;92.0;76.0;39101.027344;-69812.601562;-53692.882812;39099.019531;-69775.257812;-53840.210938;38917.238281;-69821.382812;-53692.601562;38915.230469;-69784.039062;-53839.929688;39082.300781;-69417.585938;-53592.492188;39080.292969;-69380.242188;-53739.820312;38898.511719;-69426.367188;-53592.210938;38896.503906;-69389.023438;-53739.539062;-1;-1;-1;-1;-1;-1;-1;-1;-1;-1;-1;-1;-1;-1;-1;-1;-1;-1
J0:19:18:38:943;Hatchback_Car_AI_C_11;211;39176.636719;-66662.335938;-53326.996094;-1;-1;694.472656;-0.17142;-0.983705;-0.05421;39173.492188;-66680.328125;-53248.871094;204.0;92.0;76.0;39228.4375;-66900.859375;-53184.03125;39229.875;-66892.75;-53335.804688;39047.171875;-66869.265625;-53184.054688;39048.609375;-66861.15625;-53335.828125;39298.375;-66499.5;-53161.914062;39299.8125;-66491.390625;-53313.6875;39117.109375;-66467.90625;-53161.9375;39118.546875;-66459.796875;-53313.710938;-1;-1;-1;-1;-1;-1;-1;-1;-1;-1;-1;-1;-1;-1;-1;-1;-1;-1
