Time;ID;Cat;XPos;YPos;ZPos;2D_XPos;2D_YPos;Vel;XDir;YDir;ZDir;BBox_XPos;BBox_YPos;BBox_ZPos;BBox_Ext_X;BBox_Ext_Y;BBox_Ext_Z;Corner_XYZ_X;Corner_XYZ_Y;Corner_XYZ_Z;Corner_XY-Z_X;Corner_XY-Z_Y;Corner_XY-Z_Z;Corner_X-YZ_X;Corner_X-YZ_Y;Corner_X-YZ_Z;Corner_X-Y-Z_X;Corner_X-Y-Z_Y;Corner_X-Y-Z_Z;Corner_-XYZ_X;Corner_-XYZ_Y;Corner_-XYZ_Z;Corner_-XY-Z_X;Corner_-XY-Z_Y;Corner_-XY-Z_Z;Corner_-X-YZ_X;Corner_-X-YZ_Y;Corner_-X-YZ_Z;Corner_-X-Y-Z_X;Corner_-X-Y-Z_Y;Corner_-X-Y-Z_Z;BBox_2D_XPos;BBox_2D_YPos;Corner_2D_XYZ_X;Corner_2D_XYZ_Y;Corner_2D_XY-Z_X;Corner_2D_XY-Z_Y;Corner_2D_X-YZ_X;Corner_2D_X-YZ_Y;Corner_2D_X-Y-Z_X;Corner_2D_X-Y-Z_Y;Corner_2D_-XYZ_X;Corner_2D_-XYZ_Y;Corner_-2D_XY-Z_X;Corner_2D_-XY-Z_Y;Corner_2D_-X-YZ_X;Corner_2D_-X-YZ_Y;Corner_2D_-X-Y-Z_X;Corner_2D_-X-Y-Z_Y;
J0:19:20:22:942;Hatchback_Car_AI_C_11;211;39259.644531;-72430.703125;-54415.5625;1592;682;632.368713;0.108704;-0.987535;-0.113838;39261.753906;-72453.507812;-54338.671875;204.0;92.0;76.0;39375.949219;-72653.59375;-54285.929688;39374.816406;-72636.3125;-54436.9375;39193.042969;-72673.625;-54286.851562;39191.910156;-72656.34375;-54437.859375;39331.597656;-72250.671875;-54239.484375;39330.464844;-72233.390625;-54390.492188;39148.691406;-72270.703125;-54240.40625;39147.558594;-72253.421875;-54391.414062;1588;669;1544;658;1544;675;1608;658;1608;675;1567;663;1567;681;1634;663;1634;681
J0:19:20:22:942;Hatchback_Car_AI_C_15;211;38976.84375;-68831.875;-53614.558594;-1;-1;740.56073;-0.008135;-0.977449;-0.211014;38976.699219;-68862.226562;-53540.292969;204.0;92.0;76.0;39067.007812;-69078.40625;-53509.175781;39067.0625;-69046.328125;-53657.753906;38883.015625;-69076.921875;-53508.925781;38883.070312;-69044.84375;-53657.503906;39070.328125;-68679.609375;-53423.082031;39070.382812;-68647.53125;-53571.660156;38886.335938;-68678.125;-53422.832031;38886.390625;-68646.046875;-53571.410156;-1;-1;-1;-1;-1;-1;-1;-1;-1;-1;-1;-1;-1;-1;-1;-1;-1;-1
