Time;ID;Cat;XPos;YPos;ZPos;2D_XPos;2D_YPos;Vel;XDir;YDir;ZDir;BBox_XPos;BBox_YPos;BBox_ZPos;BBox_Ext_X;BBox_Ext_Y;BBox_Ext_Z;Corner_XYZ_X;Corner_XYZ_Y;Corner_XYZ_Z;Corner_XY-Z_X;Corner_XY-Z_Y;Corner_XY-Z_Z;Corner_X-YZ_X;Corner_X-YZ_Y;Corner_X-YZ_Z;Corner_X-Y-Z_X;Corner_X-Y-Z_Y;Corner_X-Y-Z_Z;Corner_-XYZ_X;Corner_-XYZ_Y;Corner_-XYZ_Z;Corner_-XY-Z_X;Corner_-XY-Z_Y;Corner_-XY-Z_Z;Corner_-X-YZ_X;Corner_-X-YZ_Y;Corner_-X-YZ_Z;Corner_-X-Y-Z_X;Corner_-X-Y-Z_Y;Corner_-X-Y-Z_Z;BBox_2D_XPos;BBox_2D_YPos;Corner_2D_XYZ_X;Corner_2D_XYZ_Y;Corner_2D_XY-Z_X;Corner_2D_XY-Z_Y;Corner_2D_X-YZ_X;Corner_2D_X-YZ_Y;Corner_2D_X-Y-Z_X;Corner_2D_X-Y-Z_Y;Corner_2D_-XYZ_X;Corner_2D_-XYZ_Y;Corner_-2D_XY-Z_X;Corner_2D_-XY-Z_Y;Corner_2D_-X-YZ_X;Corner_2D_-X-YZ_Y;Corner_2D_-X-Y-Z_X;Corner_2D_-X-Y-Z_Y;
J0:19:18:45:346;Hatchback_Car_AI_C_3;211;39339.832031;-73161.5625;-54470.011719;1465;689;669.347656;0.100973;-0.993976;-0.042621;39341.371094;-73178.851562;-54391.679688;204.0;92.0;76.0;39453.621094;-73375.578125;-54324.195312;39453.378906;-73369.09375;-54476.054688;39270.558594;-73394.15625;-54324.695312;39270.316406;-73387.671875;-54476.554688;39412.425781;-72970.03125;-54306.804688;39412.183594;-72963.546875;-54458.664062;39229.363281;-72988.609375;-54307.304688;39229.121094;-72982.125;-54459.164062;1462;676;1422;663;1422;684;1484;663;1484;684;1440;668;1440;690;1504;668;1504;690
J0:19:18:45:346;Hatchback_Car_AI_C_7;211;39017.976562;-69922.960938;-53879.898438;-1;-1;654.205261;0.063294;-0.965267;-0.253482;39020.304688;-69956.445312;-53807.027344;204.0;92.0;76.0;39126.402344;-70166.523438;-53785.367188;39123.628906;-70128.085938;-53932.40625;38942.800781;-70178.632812;-53785.070312;38940.027344;-70140.195312;-53932.109375;39100.582031;-69772.695312;-53681.945312;39097.808594;-69734.257812;-53828.984375;38916.980469;-69784.804688;-53681.648438;38914.207031;-69746.367188;-53828.6875;-1;-1;-1;-1;-1;-1;-1;-1;-1;-1;-1;-1;-1;-1;-1;-1;-1;-1
J0:19:18:45:346;Hatchback_Car_AI_C_11;211;39119.300781;-67020.929688;-53351.609375;-1;-1;657.734436;-0.15221;-0.985194;-0.078898;39116.21875;-67040.882812;-53273.960938;204.0;92.0;76.0;39175.171875;-67261.835938;-53214.292969;39177.007812;-67249.976562;-53365.816406;38993.328125;-67233.742188;-53214.292969;38995.164062;-67221.882812;-53365.816406;39237.273438;-66859.882812;-53182.105469;39239.109375;-66848.023438;-53333.628906;39055.429688;-66831.789062;-53182.105469;39057.265625;-66819.929688;-53333.628906;-1;-1;-1;-1;-1;-1;-1;-1;-1;-1;-1;-1;-1;-1;-1;-1;-1;-1
