Time;ID;Cat;XPos;YPos;ZPos;2D_XPos;2D_YPos;Vel;XDir;YDir;ZDir;BBox_XPos;BBox_YPos;BBox_ZPos;BBox_Ext_X;BBox_Ext_Y;BBox_Ext_Z;Corner_XYZ_X;Corner_XYZ_Y;Corner_XYZ_Z;Corner_XY-Z_X;Corner_XY-Z_Y;Corner_XY-Z_Z;Corner_X-YZ_X;Corner_X-YZ_Y;Corner_X-YZ_Z;Corner_X-Y-Z_X;Corner_X-Y-Z_Y;Corner_X-Y-Z_Z;Corner_-XYZ_X;Corner_-XYZ_Y;Corner_-XYZ_Z;Corner_-XY-Z_X;Corner_-XY-Z_Y;Corner_-XY-Z_Z;Corner_-X-YZ_X;Corner_-X-YZ_Y;Corner_-X-YZ_Z;Corner_-X-Y-Z_X;Corner_-X-Y-Z_Y;Corner_-X-Y-Z_Z;BBox_2D_XPos;BBox_2D_YPos;Corner_2D_XYZ_X;Corner_2D_XYZ_Y;Corner_2D_XY-Z_X;Corner_2D_XY-Z_Y;Corner_2D_X-YZ_X;Corner_2D_X-YZ_Y;Corner_2D_X-Y-Z_X;Corner_2D_X-Y-Z_Y;Corner_2D_-XYZ_X;Corner_2D_-XYZ_Y;Corner_-2D_XY-Z_X;Corner_2D_-XY-Z_Y;Corner_2D_-X-YZ_X;Corner_2D_-X-YZ_Y;Corner_2D_-X-Y-Z_X;Corner_2D_-X-Y-Z_Y;
J0:19:21:04:545;Hatchback_Car_AI_C_15;211;39122.886719;-71140.804688;-54189.570312;1824;647;680.989319;0.093226;-0.967243;-0.236113;39126.15625;-71172.898438;-54116.109375;204.0;92.0;76.0;39238.636719;-71379.1875;-54090.625;39234.855469;-71343.5;-54238.328125;39055.496094;-71396.9375;-54090.226562;39051.714844;-71361.25;-54237.929688;39200.597656;-70984.546875;-53994.289062;39196.816406;-70948.859375;-54141.992188;39017.457031;-71002.296875;-53993.890625;39013.675781;-70966.609375;-54141.59375;1818;635;1767;629;1767;637;1835;629;1835;637;1800;633;1800;641;1870;633;1870;641
J0:19:21:04:545;Hatchback_Car_AI_C_19;211;39010.476562;-67998.601562;-53462.511719;-1;-1;677.665222;-0.08388;-0.985482;-0.147614;39008.363281;-68024.023438;-53386.445312;204.0;92.0;76.0;39082.015625;-68244.039062;-53341.449219;39083.820312;-68221.679688;-53491.785156;38898.679688;-68228.445312;-53341.332031;38900.484375;-68206.085938;-53491.667969;39116.242188;-67841.960938;-53281.222656;39118.046875;-67819.601562;-53431.558594;38932.90625;-67826.367188;-53281.105469;38934.710938;-67804.007812;-53431.441406;-1;-1;-1;-1;-1;-1;-1;-1;-1;-1;-1;-1;-1;-1;-1;-1;-1;-1
