Time;ID;Cat;XPos;YPos;ZPos;2D_XPos;2D_YPos;Vel;XDir;YDir;ZDir;BBox_XPos;BBox_YPos;BBox_ZPos;BBox_Ext_X;BBox_Ext_Y;BBox_Ext_Z;Corner_XYZ_X;Corner_XYZ_Y;Corner_XYZ_Z;Corner_XY-Z_X;Corner_XY-Z_Y;Corner_XY-Z_Z;Corner_X-YZ_X;Corner_X-YZ_Y;Corner_X-YZ_Z;Corner_X-Y-Z_X;Corner_X-Y-Z_Y;Corner_X-Y-Z_Z;Corner_-XYZ_X;Corner_-XYZ_Y;Corner_-XYZ_Z;Corner_-XY-Z_X;Corner_-XY-Z_Y;Corner_-XY-Z_Z;Corner_-X-YZ_X;Corner_-X-YZ_Y;Corner_-X-YZ_Z;Corner_-X-Y-Z_X;Corner_-X-Y-Z_Y;Corner_-X-Y-Z_Z;BBox_2D_XPos;BBox_2D_YPos;Corner_2D_XYZ_X;Corner_2D_XYZ_Y;Corner_2D_XY-Z_X;Corner_2D_XY-Z_Y;Corner_2D_X-YZ_X;Corner_2D_X-YZ_Y;Corner_2D_X-Y-Z_X;Corner_2D_X-Y-Z_Y;Corner_2D_-XYZ_X;Corner_2D_-XYZ_Y;Corner_-2D_XY-Z_X;Corner_2D_-XY-Z_Y;Corner_2D_-X-YZ_X;Corner_2D_-X-YZ_Y;Corner_2D_-X-Y-Z_X;Corner_2D_-X-Y-Z_Y;
J0:19:18:33:746;Hatchback_Car_AI_C_3;211;39271.808594;-72527.375;-54425.664062;1575;683;694.10321;0.110635;-0.988674;-0.101406;39273.84375;-72549.226562;-54348.492188;204.0;92.0;76.0;39388.3125;-72748.4375;-54293.101562;39387.382812;-72733.03125;-54444.3125;39205.445312;-72768.796875;-54294.046875;39204.515625;-72753.390625;-54445.257812;39343.171875;-72345.0625;-54251.726562;39342.242188;-72329.65625;-54402.9375;39160.304688;-72365.421875;-54252.671875;39159.375;-72350.015625;-54403.882812;1571;671;1527;659;1527;677;1591;659;1591;677;1550;664;1550;683;1616;664;1616;683
J0:19:18:33:746;Hatchback_Car_AI_C_7;211;38985.414062;-69282.3125;-53718.640625;-1;-1;695.353455;0.025587;-0.971498;-0.235662;38986.453125;-69314.515625;-53645.164062;204.0;92.0;76.0;39084.292969;-69528.125;-53619.597656;39082.980469;-69492.328125;-53767.316406;38900.363281;-69533.078125;-53619.160156;38899.050781;-69497.28125;-53766.878906;39073.855469;-69131.75;-53523.449219;39072.542969;-69095.953125;-53671.167969;38889.925781;-69136.703125;-53523.011719;38888.613281;-69100.90625;-53670.730469;-1;-1;-1;-1;-1;-1;-1;-1;-1;-1;-1;-1;-1;-1;-1;-1;-1;-1
J0:19:18:33:746;Hatchback_Car_AI_C_11;211;39226.625;-66379.5625;-53312.605469;-1;-1;650.23468;-0.184303;-0.981778;-0.046302;39223.328125;-66396.898438;-53234.339844;204.0;92.0;76.0;39275.460938;-66617.609375;-53167.816406;39276.84375;-66610.703125;-53319.652344;39094.617188;-66583.65625;-53167.917969;39096.0;-66576.75;-53319.753906;39350.65625;-66217.046875;-53148.925781;39352.039062;-66210.140625;-53300.761719;39169.8125;-66183.09375;-53149.027344;39171.195312;-66176.1875;-53300.863281;-1;-1;-1;-1;-1;-1;-1;-1;-1;-1;-1;-1;-1;-1;-1;-1;-1;-1
