Time;ID;Cat;XPos;YPos;ZPos;2D_XPos;2D_YPos;Vel;XDir;YDir;ZDir;BBox_XPos;BBox_YPos;BBox_ZPos;BBox_Ext_X;BBox_Ext_Y;BBox_Ext_Z;Corner_XYZ_X;Corner_XYZ_Y;Corner_XYZ_Z;Corner_XY-Z_X;Corner_XY-Z_Y;Corner_XY-Z_Z;Corner_X-YZ_X;Corner_X-YZ_Y;Corner_X-YZ_Z;Corner_X-Y-Z_X;Corner_X-Y-Z_Y;Corner_X-Y-Z_Z;Corner_-XYZ_X;Corner_-XYZ_Y;Corner_-XYZ_Z;Corner_-XY-Z_X;Corner_-XY-Z_Y;Corner_-XY-Z_Z;Corner_-X-YZ_X;Corner_-X-YZ_Y;Corner_-X-YZ_Z;Corner_-X-Y-Z_X;Corner_-X-Y-Z_Y;Corner_-X-Y-Z_Z;BBox_2D_XPos;BBox_2D_YPos;Corner_2D_XYZ_X;Corner_2D_XYZ_Y;Corner_2D_XY-Z_X;Corner_2D_XY-Z_Y;Corner_2D_X-YZ_X;Corner_2D_X-YZ_Y;Corner_2D_X-Y-Z_X;Corner_2D_X-Y-Z_Y;Corner_2D_-XYZ_X;Corner_2D_-XYZ_Y;Corner_-2D_XY-Z_X;Corner_2D_-XY-Z_Y;Corner_2D_-X-YZ_X;Corner_2D_-X-YZ_Y;Corner_2D_-X-Y-Z_X;Corner_2D_-X-Y-Z_Y;
J0:19:18:05:350;Hatchback_Car_AI_C_3;211;39106.65625;-70957.75;-54145.140625;1857;640;676.036987;0.092061;-0.965672;-0.242905;39109.953125;-70990.351562;-54071.90625;204.0;92.0;76.0;39222.246094;-71196.929688;-54047.949219;39218.378906;-71160.210938;-54195.394531;39039.089844;-71214.492188;-54047.519531;39035.222656;-71177.773438;-54194.964844;39184.683594;-70802.929688;-53948.847656;39180.816406;-70766.210938;-54096.292969;39001.527344;-70820.492188;-53948.417969;38997.660156;-70783.773438;-54095.863281;1851;628;1800;622;1800;630;1868;622;1868;630;1833;626;1833;634;1904;626;1904;634
J0:19:18:05:350;Hatchback_Car_AI_C_7;211;39033.097656;-67713.101562;-53422.902344;-1;-1;677.708191;-0.098545;-0.987191;-0.125467;39030.683594;-67736.78125;-53346.28125;204.0;92.0;76.0;39101.128906;-67956.804688;-53296.417969;39103.121094;-67937.835938;-53447.214844;38918.042969;-67938.507812;-53296.535156;38920.035156;-67919.539062;-53447.332031;39141.332031;-67554.023438;-53245.230469;39143.324219;-67535.054688;-53396.027344;38958.246094;-67535.726562;-53245.347656;38960.238281;-67516.757812;-53396.144531;-1;-1;-1;-1;-1;-1;-1;-1;-1;-1;-1;-1;-1;-1;-1;-1;-1;-1
