Time;ID;Cat;XPos;YPos;ZPos;2D_XPos;2D_YPos;Vel;XDir;YDir;ZDir;BBox_XPos;BBox_YPos;BBox_ZPos;BBox_Ext_X;BBox_Ext_Y;BBox_Ext_Z;Corner_XYZ_X;Corner_XYZ_Y;Corner_XYZ_Z;Corner_XY-Z_X;Corner_XY-Z_Y;Corner_XY-Z_Z;Corner_X-YZ_X;Corner_X-YZ_Y;Corner_X-YZ_Z;Corner_X-Y-Z_X;Corner_X-Y-Z_Y;Corner_X-Y-Z_Z;Corner_-XYZ_X;Corner_-XYZ_Y;Corner_-XYZ_Z;Corner_-XY-Z_X;Corner_-XY-Z_Y;Corner_-XY-Z_Z;Corner_-X-YZ_X;Corner_-X-YZ_Y;Corner_-X-YZ_Z;Corner_-X-Y-Z_X;Corner_-X-Y-Z_Y;Corner_-X-Y-Z_Z;BBox_2D_XPos;BBox_2D_YPos;Corner_2D_XYZ_X;Corner_2D_XYZ_Y;Corner_2D_XY-Z_X;Corner_2D_XY-Z_Y;Corner_2D_X-YZ_X;Corner_2D_X-YZ_Y;Corner_2D_X-Y-Z_X;Corner_2D_X-Y-Z_Y;Corner_2D_-XYZ_X;Corner_2D_-XYZ_Y;Corner_-2D_XY-Z_X;Corner_2D_-XY-Z_Y;Corner_2D_-X-YZ_X;Corner_2D_-X-YZ_Y;Corner_2D_-X-Y-Z_X;Corner_2D_-X-Y-Z_Y;
J0:19:21:07:743;Hatchback_Car_AI_C_11;211;39419.699219;-74907.953125;-54439.664062;1180;682;592.584778;-0.007014;-0.999299;0.036785;39419.675781;-74919.039062;-54360.203125;204.0;92.0;76.0;39510.3125;-75120.75;-54276.8125;39510.171875;-75126.34375;-54428.710938;39326.320312;-75119.453125;-54276.6875;39326.179688;-75125.046875;-54428.585938;39513.171875;-74713.03125;-54291.820312;39513.03125;-74718.625;-54443.71875;39329.179688;-74711.734375;-54291.695312;39329.039062;-74717.328125;-54443.59375;1178;669;1143;654;1143;681;1207;654;1207;681;1149;658;1149;685;1214;658;1214;685
J0:19:21:07:743;Hatchback_Car_AI_C_15;211;39140.457031;-71316.9375;-54230.511719;1791;654;673.409851;0.09347;-0.970302;-0.223107;39143.628906;-71348.046875;-54156.625;204.0;92.0;76.0;39256.058594;-71553.984375;-54128.25;39252.472656;-71520.265625;-54276.421875;39072.917969;-71571.71875;-54127.859375;39069.332031;-71538.0;-54276.03125;39217.925781;-71158.09375;-54037.21875;39214.339844;-71124.375;-54185.390625;39034.785156;-71175.828125;-54036.828125;39031.199219;-71142.109375;-54185.0;1786;642;1736;635;1736;644;1804;635;1804;644;1767;639;1767;648;1837;639;1837;648
J0:19:21:07:743;Hatchback_Car_AI_C_19;211;38997.707031;-68178.90625;-53490.515625;-1;-1;690.858032;-0.067568;-0.98475;-0.160319;38995.957031;-68205.335938;-53414.78125;204.0;92.0;76.0;39073.183594;-68424.671875;-53372.546875;39074.730469;-68400.359375;-53522.578125;38889.613281;-68412.09375;-53372.398438;38891.160156;-68387.78125;-53522.429688;39100.753906;-68022.890625;-53307.132812;39102.300781;-67998.578125;-53457.164062;38917.183594;-68010.3125;-53306.984375;38918.730469;-67986.0;-53457.015625;-1;-1;-1;-1;-1;-1;-1;-1;-1;-1;-1;-1;-1;-1;-1;-1;-1;-1
