Time;ID;Cat;XPos;YPos;ZPos;2D_XPos;2D_YPos;Vel;XDir;YDir;ZDir;BBox_XPos;BBox_YPos;BBox_ZPos;BBox_Ext_X;BBox_Ext_Y;BBox_Ext_Z;Corner_XYZ_X;Corner_XYZ_Y;Corner_XYZ_Z;Corner_XY-Z_X;Corner_XY-Z_Y;Corner_XY-Z_Z;Corner_X-YZ_X;Corner_X-YZ_Y;Corner_X-YZ_Z;Corner_X-Y-Z_X;Corner_X-Y-Z_Y;Corner_X-Y-Z_Z;Corner_-XYZ_X;Corner_-XYZ_Y;Corner_-XYZ_Z;Corner_-XY-Z_X;Corner_-XY-Z_Y;Corner_-XY-Z_Z;Corner_-X-YZ_X;Corner_-X-YZ_Y;Corner_-X-YZ_Z;Corner_-X-Y-Z_X;Corner_-X-Y-Z_Y;Corner_-X-Y-Z_Z;BBox_2D_XPos;BBox_2D_YPos;Corner_2D_XYZ_X;Corner_2D_XYZ_Y;Corner_2D_XY-Z_X;Corner_2D_XY-Z_Y;Corner_2D_X-YZ_X;Corner_2D_X-YZ_Y;Corner_2D_X-Y-Z_X;Corner_2D_X-Y-Z_Y;Corner_2D_-XYZ_X;Corner_2D_-XYZ_Y;Corner_-2D_XY-Z_X;Corner_2D_-XY-Z_Y;Corner_2D_-X-YZ_X;Corner_2D_-X-YZ_Y;Corner_2D_-X-Y-Z_X;Corner_2D_-X-Y-Z_Y;
J0:19:19:32:545;Hatchback_Car_AI_C_7;211;39270.023438;-72525.15625;-54425.613281;1575;683;660.801147;0.115248;-0.987911;-0.103676;39272.144531;-72547.171875;-54348.492188;204.0;92.0;76.0;39387.53125;-72745.96875;-54293.535156;39386.554688;-72730.21875;-54444.714844;39204.757812;-72767.1875;-54294.566406;39203.78125;-72751.4375;-54445.746094;39340.507812;-72342.90625;-54251.238281;39339.53125;-72327.15625;-54402.417969;39157.734375;-72364.125;-54252.269531;39156.757812;-72348.375;-54403.449219;1572;671;1528;659;1528;677;1592;659;1592;677;1551;664;1551;683;1617;664;1617;683
J0:19:19:32:545;Hatchback_Car_AI_C_11;211;39000.394531;-69647.054688;-53809.054688;-1;-1;708.375427;0.050555;-0.967779;-0.246675;39002.25;-69680.054688;-53735.949219;204.0;92.0;76.0;39105.539062;-69891.367188;-53712.765625;39103.328125;-69853.929688;-53860.070312;38921.796875;-69901.039062;-53712.46875;38919.585938;-69863.601562;-53859.773438;39084.914062;-69496.507812;-53612.125;39082.703125;-69459.070312;-53759.429688;38901.171875;-69506.179688;-53611.828125;38898.960938;-69468.742188;-53759.132812;-1;-1;-1;-1;-1;-1;-1;-1;-1;-1;-1;-1;-1;-1;-1;-1;-1;-1
