Time;ID;Cat;XPos;YPos;ZPos;2D_XPos;2D_YPos;Vel;XDir;YDir;ZDir;BBox_XPos;BBox_YPos;BBox_ZPos;BBox_Ext_X;BBox_Ext_Y;BBox_Ext_Z;Corner_XYZ_X;Corner_XYZ_Y;Corner_XYZ_Z;Corner_XY-Z_X;Corner_XY-Z_Y;Corner_XY-Z_Z;Corner_X-YZ_X;Corner_X-YZ_Y;Corner_X-YZ_Z;Corner_X-Y-Z_X;Corner_X-Y-Z_Y;Corner_X-Y-Z_Z;Corner_-XYZ_X;Corner_-XYZ_Y;Corner_-XYZ_Z;Corner_-XY-Z_X;Corner_-XY-Z_Y;Corner_-XY-Z_Z;Corner_-X-YZ_X;Corner_-X-YZ_Y;Corner_-X-YZ_Z;Corner_-X-Y-Z_X;Corner_-X-Y-Z_Y;Corner_-X-Y-Z_Z;BBox_2D_XPos;BBox_2D_YPos;Corner_2D_XYZ_X;Corner_2D_XYZ_Y;Corner_2D_XY-Z_X;Corner_2D_XY-Z_Y;Corner_2D_X-YZ_X;Corner_2D_X-YZ_Y;Corner_2D_X-Y-Z_X;Corner_2D_X-Y-Z_Y;Corner_2D_-XYZ_X;Corner_2D_-XYZ_Y;Corner_-2D_XY-Z_X;Corner_2D_-XY-Z_Y;Corner_2D_-X-YZ_X;Corner_2D_-X-YZ_Y;Corner_2D_-X-Y-Z_X;Corner_2D_-X-Y-Z_Y;
J0:19:19:30:147;Hatchback_Car_AI_C_7;211;39255.433594;-72396.304688;-54411.695312;1598;681;678.45105;0.114046;-0.986676;-0.116038;39257.632812;-72419.273438;-54334.855469;204.0;92.0;76.0;39372.875;-72618.867188;-54282.515625;39371.71875;-72601.242188;-54433.484375;39190.078125;-72639.867188;-54283.570312;39188.921875;-72622.242188;-54434.539062;39326.34375;-72216.304688;-54235.171875;39325.1875;-72198.679688;-54386.140625;39143.546875;-72237.304688;-54236.226562;39142.390625;-72219.679688;-54387.195312;1594;669;1550;658;1550;675;1614;658;1614;675;1573;663;1573;680;1640;663;1640;680
J0:19:19:30:147;Hatchback_Car_AI_C_11;211;38993.273438;-69510.296875;-53774.679688;-1;-1;693.602173;0.042909;-0.968977;-0.243397;38994.851562;-69543.070312;-53701.464844;204.0;92.0;76.0;39096.457031;-69755.109375;-53677.546875;39094.574219;-69718.15625;-53824.976562;38912.636719;-69763.328125;-53677.257812;38910.753906;-69726.375;-53824.6875;39078.949219;-69359.765625;-53578.242188;39077.066406;-69322.8125;-53725.671875;38895.128906;-69367.984375;-53577.953125;38893.246094;-69331.03125;-53725.382812;-1;-1;-1;-1;-1;-1;-1;-1;-1;-1;-1;-1;-1;-1;-1;-1;-1;-1
