Time;ID;Cat;XPos;YPos;ZPos;2D_XPos;2D_YPos;Vel;XDir;YDir;ZDir;BBox_XPos;BBox_YPos;BBox_ZPos;BBox_Ext_X;BBox_Ext_Y;BBox_Ext_Z;Corner_XYZ_X;Corner_XYZ_Y;Corner_XYZ_Z;Corner_XY-Z_X;Corner_XY-Z_Y;Corner_XY-Z_Z;Corner_X-YZ_X;Corner_X-YZ_Y;Corner_X-YZ_Z;Corner_X-Y-Z_X;Corner_X-Y-Z_Y;Corner_X-Y-Z_Z;Corner_-XYZ_X;Corner_-XYZ_Y;Corner_-XYZ_Z;Corner_-XY-Z_X;Corner_-XY-Z_Y;Corner_-XY-Z_Z;Corner_-X-YZ_X;Corner_-X-YZ_Y;Corner_-X-YZ_Z;Corner_-X-Y-Z_X;Corner_-X-Y-Z_Y;Corner_-X-Y-Z_Z;BBox_2D_XPos;BBox_2D_YPos;Corner_2D_XYZ_X;Corner_2D_XYZ_Y;Corner_2D_XY-Z_X;Corner_2D_XY-Z_Y;Corner_2D_X-YZ_X;Corner_2D_X-YZ_Y;Corner_2D_X-Y-Z_X;Corner_2D_X-Y-Z_Y;Corner_2D_-XYZ_X;Corner_2D_-XYZ_Y;Corner_-2D_XY-Z_X;Corner_2D_-XY-Z_Y;Corner_2D_-X-YZ_X;Corner_2D_-X-YZ_Y;Corner_2D_-X-Y-Z_X;Corner_2D_-X-Y-Z_Y;
J0:19:18:33:340;Hatchback_Car_AI_C_3;211;39269.238281;-72504.359375;-54423.316406;1579;683;672.059998;0.112179;-0.988168;-0.104592;39271.328125;-72526.453125;-54346.214844;204.0;92.0;76.0;39386.128906;-72725.65625;-54291.488281;39385.128906;-72709.765625;-54442.652344;39203.292969;-72746.3125;-54292.449219;39202.292969;-72730.421875;-54443.613281;39340.363281;-72322.484375;-54248.816406;39339.363281;-72306.59375;-54399.980469;39157.527344;-72343.140625;-54249.777344;39156.527344;-72327.25;-54400.941406;1575;670;1531;659;1531;677;1595;659;1595;677;1554;664;1554;682;1621;664;1621;682
J0:19:18:33:340;Hatchback_Car_AI_C_7;211;38984.769531;-69259.835938;-53713.21875;-1;-1;705.046875;0.025453;-0.971796;-0.234447;38985.765625;-69291.953125;-53639.703125;204.0;92.0;76.0;39083.539062;-69505.554688;-53613.820312;39082.3125;-69469.945312;-53761.585938;38899.601562;-69510.460938;-53613.476562;38898.375;-69474.851562;-53761.242188;39073.15625;-69109.054688;-53518.164062;39071.929688;-69073.445312;-53665.929688;38889.21875;-69113.960938;-53517.820312;38887.992188;-69078.351562;-53665.585938;-1;-1;-1;-1;-1;-1;-1;-1;-1;-1;-1;-1;-1;-1;-1;-1;-1;-1
J0:19:18:33:340;Hatchback_Car_AI_C_11;211;39230.558594;-66358.34375;-53311.585938;-1;-1;665.250488;-0.187227;-0.981295;-0.044796;39227.265625;-66375.554688;-53233.292969;204.0;92.0;76.0;39278.792969;-66596.328125;-53166.496094;39280.089844;-66589.640625;-53318.339844;39098.050781;-66561.84375;-53166.519531;39099.347656;-66555.15625;-53318.363281;39355.183594;-66195.953125;-53148.222656;39356.480469;-66189.265625;-53300.066406;39174.441406;-66161.46875;-53148.246094;39175.738281;-66154.78125;-53300.089844;-1;-1;-1;-1;-1;-1;-1;-1;-1;-1;-1;-1;-1;-1;-1;-1;-1;-1
