Time;ID;Cat;XPos;YPos;ZPos;2D_XPos;2D_YPos;Vel;XDir;YDir;ZDir;BBox_XPos;BBox_YPos;BBox_ZPos;BBox_Ext_X;BBox_Ext_Y;BBox_Ext_Z;Corner_XYZ_X;Corner_XYZ_Y;Corner_XYZ_Z;Corner_XY-Z_X;Corner_XY-Z_Y;Corner_XY-Z_Z;Corner_X-YZ_X;Corner_X-YZ_Y;Corner_X-YZ_Z;Corner_X-Y-Z_X;Corner_X-Y-Z_Y;Corner_X-Y-Z_Z;Corner_-XYZ_X;Corner_-XYZ_Y;Corner_-XYZ_Z;Corner_-XY-Z_X;Corner_-XY-Z_Y;Corner_-XY-Z_Z;Corner_-X-YZ_X;Corner_-X-YZ_Y;Corner_-X-YZ_Z;Corner_-X-Y-Z_X;Corner_-X-Y-Z_Y;Corner_-X-Y-Z_Z;BBox_2D_XPos;BBox_2D_YPos;Corner_2D_XYZ_X;Corner_2D_XYZ_Y;Corner_2D_XY-Z_X;Corner_2D_XY-Z_Y;Corner_2D_X-YZ_X;Corner_2D_X-YZ_Y;Corner_2D_X-Y-Z_X;Corner_2D_X-Y-Z_Y;Corner_2D_-XYZ_X;Corner_2D_-XYZ_Y;Corner_-2D_XY-Z_X;Corner_2D_-XY-Z_Y;Corner_2D_-X-YZ_X;Corner_2D_-X-YZ_Y;Corner_2D_-X-Y-Z_X;Corner_2D_-X-Y-Z_Y;
J0:19:18:38:544;Hatchback_Car_AI_C_3;211;39300.191406;-72782.898438;-54448.125;1530;686;643.779358;0.110096;-0.990847;-0.07811;39302.027344;-72802.945312;-54370.460938;204.0;92.0;76.0;39416.214844;-73000.890625;-54310.179688;39415.644531;-72989.015625;-54461.710938;39233.332031;-73021.140625;-54311.078125;39232.761719;-73009.265625;-54462.609375;39371.292969;-72596.625;-54278.3125;39370.722656;-72584.75;-54429.84375;39188.410156;-72616.875;-54279.210938;39187.839844;-72605.0;-54430.742188;1527;674;1485;661;1485;681;1548;661;1548;681;1505;666;1505;686;1571;666;1571;686
J0:19:18:38:544;Hatchback_Car_AI_C_7;211;38996.003906;-69546.242188;-53783.878906;-1;-1;643.754761;0.042741;-0.968149;-0.2467;38997.636719;-69579.257812;-53710.773438;204.0;92.0;76.0;39099.257812;-69791.375;-53687.644531;39097.265625;-69753.921875;-53834.949219;38915.445312;-69799.59375;-53687.253906;38913.453125;-69762.140625;-53834.558594;39081.820312;-69396.375;-53586.988281;39079.828125;-69358.921875;-53734.292969;38898.007812;-69404.59375;-53586.597656;38896.015625;-69367.140625;-53733.902344;-1;-1;-1;-1;-1;-1;-1;-1;-1;-1;-1;-1;-1;-1;-1;-1;-1;-1
J0:19:18:38:544;Hatchback_Car_AI_C_11;211;39180.539062;-66639.554688;-53325.695312;-1;-1;673.377991;-0.171233;-0.983734;-0.054278;39177.378906;-66657.546875;-53247.570312;204.0;92.0;76.0;39232.351562;-66878.070312;-53182.722656;39233.820312;-66869.945312;-53334.496094;39051.078125;-66846.507812;-53182.792969;39052.546875;-66838.382812;-53334.566406;39302.210938;-66476.710938;-53160.574219;39303.679688;-66468.585938;-53312.347656;39120.9375;-66445.148438;-53160.644531;39122.40625;-66437.023438;-53312.417969;-1;-1;-1;-1;-1;-1;-1;-1;-1;-1;-1;-1;-1;-1;-1;-1;-1;-1
