Time;ID;Cat;XPos;YPos;ZPos;2D_XPos;2D_YPos;Vel;XDir;YDir;ZDir;BBox_XPos;BBox_YPos;BBox_ZPos;BBox_Ext_X;BBox_Ext_Y;BBox_Ext_Z;Corner_XYZ_X;Corner_XYZ_Y;Corner_XYZ_Z;Corner_XY-Z_X;Corner_XY-Z_Y;Corner_XY-Z_Z;Corner_X-YZ_X;Corner_X-YZ_Y;Corner_X-YZ_Z;Corner_X-Y-Z_X;Corner_X-Y-Z_Y;Corner_X-Y-Z_Z;Corner_-XYZ_X;Corner_-XYZ_Y;Corner_-XYZ_Z;Corner_-XY-Z_X;Corner_-XY-Z_Y;Corner_-XY-Z_Z;Corner_-X-YZ_X;Corner_-X-YZ_Y;Corner_-X-YZ_Z;Corner_-X-Y-Z_X;Corner_-X-Y-Z_Y;Corner_-X-Y-Z_Z;BBox_2D_XPos;BBox_2D_YPos;Corner_2D_XYZ_X;Corner_2D_XYZ_Y;Corner_2D_XY-Z_X;Corner_2D_XY-Z_Y;Corner_2D_X-YZ_X;Corner_2D_X-YZ_Y;Corner_2D_X-Y-Z_X;Corner_2D_X-Y-Z_Y;Corner_2D_-XYZ_X;Corner_2D_-XYZ_Y;Corner_-2D_XY-Z_X;Corner_2D_-XY-Z_Y;Corner_2D_-X-YZ_X;Corner_2D_-X-YZ_Y;Corner_2D_-X-Y-Z_X;Corner_2D_-X-Y-Z_Y;
J0:19:18:00:946;Hatchback_Car_AI_C_3;211;39083.035156;-70710.796875;-54083.289062;1902;630;683.830505;0.089185;-0.964374;-0.249056;39086.246094;-70743.875;-54010.265625;204.0;92.0;76.0;39197.933594;-70950.929688;-53987.640625;39194.160156;-70913.257812;-54134.851562;39014.722656;-70967.960938;-53987.296875;39010.949219;-70930.289062;-54134.507812;39161.542969;-70557.460938;-53886.023438;39157.769531;-70519.789062;-54033.234375;38978.332031;-70574.492188;-53885.679688;38974.558594;-70536.820312;-54032.890625;1896;618;1844;613;1844;620;1912;613;1912;620;1879;616;1879;623;-1;-1;-1;-1
J0:19:18:00:946;Hatchback_Car_AI_C_7;211;39058.675781;-67471.445312;-53394.121094;-1;-1;694.328613;-0.118939;-0.986988;-0.108202;39055.96875;-67493.75;-53317.101562;204.0;92.0;76.0;39122.042969;-67714.265625;-53263.597656;39124.050781;-67697.9375;-53414.707031;38939.363281;-67692.25;-53263.644531;38941.371094;-67675.921875;-53414.753906;39170.566406;-67311.578125;-53219.449219;39172.574219;-67295.25;-53370.558594;38987.886719;-67289.5625;-53219.496094;38989.894531;-67273.234375;-53370.605469;-1;-1;-1;-1;-1;-1;-1;-1;-1;-1;-1;-1;-1;-1;-1;-1;-1;-1
