Time;ID;Cat;XPos;YPos;ZPos;2D_XPos;2D_YPos;Vel;XDir;YDir;ZDir;BBox_XPos;BBox_YPos;BBox_ZPos;BBox_Ext_X;BBox_Ext_Y;BBox_Ext_Z;Corner_XYZ_X;Corner_XYZ_Y;Corner_XYZ_Z;Corner_XY-Z_X;Corner_XY-Z_Y;Corner_XY-Z_Z;Corner_X-YZ_X;Corner_X-YZ_Y;Corner_X-YZ_Z;Corner_X-Y-Z_X;Corner_X-Y-Z_Y;Corner_X-Y-Z_Z;Corner_-XYZ_X;Corner_-XYZ_Y;Corner_-XYZ_Z;Corner_-XY-Z_X;Corner_-XY-Z_Y;Corner_-XY-Z_Z;Corner_-X-YZ_X;Corner_-X-YZ_Y;Corner_-X-YZ_Z;Corner_-X-Y-Z_X;Corner_-X-Y-Z_Y;Corner_-X-Y-Z_Z;BBox_2D_XPos;BBox_2D_YPos;Corner_2D_XYZ_X;Corner_2D_XYZ_Y;Corner_2D_XY-Z_X;Corner_2D_XY-Z_Y;Corner_2D_X-YZ_X;Corner_2D_X-YZ_Y;Corner_2D_X-Y-Z_X;Corner_2D_X-Y-Z_Y;Corner_2D_-XYZ_X;Corner_2D_-XYZ_Y;Corner_-2D_XY-Z_X;Corner_2D_-XY-Z_Y;Corner_2D_-X-YZ_X;Corner_2D_-X-YZ_Y;Corner_2D_-X-Y-Z_X;Corner_2D_-X-Y-Z_Y;
J0:19:19:09:752;Hatchback_Car_AI_C_7;211;39134.621094;-71263.890625;-54218.332031;1801;652;704.496521;0.094958;-0.969357;-0.226562;39137.835938;-71295.257812;-54144.558594;204.0;92.0;76.0;39250.578125;-71501.125;-54116.910156;39246.953125;-71466.875;-54264.957031;39067.460938;-71519.140625;-54116.597656;39063.835938;-71484.890625;-54264.644531;39211.835938;-71105.625;-54024.472656;39208.210938;-71071.375;-54172.519531;39028.71875;-71123.640625;-54024.160156;39025.09375;-71089.390625;-54172.207031;1795;640;1746;633;1746;642;1813;633;1813;642;1777;637;1777;646;1847;637;1847;646
J0:19:19:09:752;Hatchback_Car_AI_C_11;211;38986.183594;-68364.648438;-53522.167969;-1;-1;704.736328;-0.046524;-0.983601;-0.174252;38984.867188;-68392.171875;-53446.816406;204.0;92.0;76.0;39066.632812;-68610.40625;-53407.511719;39067.914062;-68583.953125;-53557.183594;38882.835938;-68601.703125;-53407.542969;38884.117188;-68575.25;-53557.214844;39085.617188;-68209.09375;-53336.417969;39086.898438;-68182.640625;-53486.089844;38901.820312;-68200.390625;-53336.449219;38903.101562;-68173.9375;-53486.121094;-1;-1;-1;-1;-1;-1;-1;-1;-1;-1;-1;-1;-1;-1;-1;-1;-1;-1
