Time;ID;Cat;XPos;YPos;ZPos;2D_XPos;2D_YPos;Vel;XDir;YDir;ZDir;BBox_XPos;BBox_YPos;BBox_ZPos;BBox_Ext_X;BBox_Ext_Y;BBox_Ext_Z;Corner_XYZ_X;Corner_XYZ_Y;Corner_XYZ_Z;Corner_XY-Z_X;Corner_XY-Z_Y;Corner_XY-Z_Z;Corner_X-YZ_X;Corner_X-YZ_Y;Corner_X-YZ_Z;Corner_X-Y-Z_X;Corner_X-Y-Z_Y;Corner_X-Y-Z_Z;Corner_-XYZ_X;Corner_-XYZ_Y;Corner_-XYZ_Z;Corner_-XY-Z_X;Corner_-XY-Z_Y;Corner_-XY-Z_Z;Corner_-X-YZ_X;Corner_-X-YZ_Y;Corner_-X-YZ_Z;Corner_-X-Y-Z_X;Corner_-X-Y-Z_Y;Corner_-X-Y-Z_Z;BBox_2D_XPos;BBox_2D_YPos;Corner_2D_XYZ_X;Corner_2D_XYZ_Y;Corner_2D_XY-Z_X;Corner_2D_XY-Z_Y;Corner_2D_X-YZ_X;Corner_2D_X-YZ_Y;Corner_2D_X-Y-Z_X;Corner_2D_X-Y-Z_Y;Corner_2D_-XYZ_X;Corner_2D_-XYZ_Y;Corner_-2D_XY-Z_X;Corner_2D_-XY-Z_Y;Corner_2D_-X-YZ_X;Corner_2D_-X-YZ_Y;Corner_2D_-X-Y-Z_X;Corner_2D_-X-Y-Z_Y;
J0:19:19:42:946;Hatchback_Car_AI_C_7;211;39332.640625;-73092.835938;-54467.191406;1477;689;602.442444;0.104766;-0.993159;-0.05157;39334.285156;-73110.820312;-54389.019531;204.0;92.0;76.0;39447.320312;-73307.710938;-54323.351562;39446.976562;-73299.867188;-54475.148438;39264.335938;-73326.976562;-54323.929688;39263.992188;-73319.132812;-54475.726562;39404.578125;-72902.507812;-54302.3125;39404.234375;-72894.664062;-54454.109375;39221.59375;-72921.773438;-54302.890625;39221.25;-72913.929688;-54454.6875;1474;676;1433;663;1433;684;1496;663;1496;684;1451;668;1451;689;1516;668;1516;689
J0:19:19:42:946;Hatchback_Car_AI_C_11;211;39040.222656;-70218.398438;-53956.398438;-1;-1;689.638062;0.075966;-0.964485;-0.252979;39042.976562;-70251.8125;-53883.511719;204.0;92.0;76.0;39151.8125;-70460.46875;-53861.730469;39148.5625;-70422.15625;-54008.785156;38968.382812;-70474.984375;-53861.457031;38965.132812;-70436.671875;-54008.511719;39120.820312;-70066.953125;-53758.511719;39117.570312;-70028.640625;-53905.566406;38937.390625;-70081.46875;-53758.238281;38934.140625;-70043.15625;-53905.292969;-1;-1;-1;-1;-1;-1;-1;-1;-1;-1;-1;-1;-1;-1;-1;-1;-1;-1
J0:19:19:42:946;Hatchback_Car_AI_C_15;211;39184.6875;-66615.414062;-53324.402344;-1;-1;677.866821;-0.173572;-0.983416;-0.052585;39181.515625;-66633.273438;-53246.246094;204.0;92.0;76.0;39235.992188;-66853.8125;-53181.054688;39237.414062;-66845.953125;-53332.84375;39054.796875;-66821.828125;-53181.101562;39056.21875;-66813.96875;-53332.890625;39306.8125;-66452.578125;-53159.601562;39308.234375;-66444.71875;-53311.390625;39125.617188;-66420.59375;-53159.648438;39127.039062;-66412.734375;-53311.4375;-1;-1;-1;-1;-1;-1;-1;-1;-1;-1;-1;-1;-1;-1;-1;-1;-1;-1
