Time;ID;Cat;XPos;YPos;ZPos;2D_XPos;2D_YPos;Vel;XDir;YDir;ZDir;BBox_XPos;BBox_YPos;BBox_ZPos;BBox_Ext_X;BBox_Ext_Y;BBox_Ext_Z;Corner_XYZ_X;Corner_XYZ_Y;Corner_XYZ_Z;Corner_XY-Z_X;Corner_XY-Z_Y;Corner_XY-Z_Z;Corner_X-YZ_X;Corner_X-YZ_Y;Corner_X-YZ_Z;Corner_X-Y-Z_X;Corner_X-Y-Z_Y;Corner_X-Y-Z_Z;Corner_-XYZ_X;Corner_-XYZ_Y;Corner_-XYZ_Z;Corner_-XY-Z_X;Corner_-XY-Z_Y;Corner_-XY-Z_Z;Corner_-X-YZ_X;Corner_-X-YZ_Y;Corner_-X-YZ_Z;Corner_-X-Y-Z_X;Corner_-X-Y-Z_Y;Corner_-X-Y-Z_Z;BBox_2D_XPos;BBox_2D_YPos;Corner_2D_XYZ_X;Corner_2D_XYZ_Y;Corner_2D_XY-Z_X;Corner_2D_XY-Z_Y;Corner_2D_X-YZ_X;Corner_2D_X-YZ_Y;Corner_2D_X-Y-Z_X;Corner_2D_X-Y-Z_Y;Corner_2D_-XYZ_X;Corner_2D_-XYZ_Y;Corner_-2D_XY-Z_X;Corner_2D_-XY-Z_Y;Corner_2D_-X-YZ_X;Corner_2D_-X-YZ_Y;Corner_2D_-X-Y-Z_X;Corner_2D_-X-Y-Z_Y;
J0:19:17:32:437;Hatchback_Car_AI_C_3;211;38977.390625;-69038.398438;-53661.101562;-1;-1;702.999329;0.013017;-0.974195;-0.22533;38977.867188;-69069.835938;-53587.289062;204.0;92.0;76.0;39072.800781;-69284.453125;-53559.273438;39072.230469;-69250.203125;-53707.367188;38888.816406;-69286.9375;-53559.148438;38888.246094;-69252.6875;-53707.242188;39067.488281;-68886.984375;-53467.335938;39066.917969;-68852.734375;-53615.429688;38883.503906;-68889.46875;-53467.210938;38882.933594;-68855.21875;-53615.304688;-1;-1;-1;-1;-1;-1;-1;-1;-1;-1;-1;-1;-1;-1;-1;-1;-1;-1
J0:19:17:32:437;Hatchback_Car_AI_C_7;211;39338.574219;-65823.359375;-53292.515625;-1;-1;635.391418;-0.217667;-0.975629;-0.027726;39335.046875;-65839.15625;-53213.933594;204.0;92.0;76.0;39379.976562;-66060.273438;-53143.613281;39380.898438;-66056.164062;-53295.558594;39200.390625;-66020.210938;-53143.621094;39201.3125;-66016.101562;-53295.566406;39468.78125;-65662.210938;-53132.300781;39469.703125;-65658.101562;-53284.246094;39289.195312;-65622.148438;-53132.308594;39290.117188;-65618.039062;-53284.253906;-1;-1;-1;-1;-1;-1;-1;-1;-1;-1;-1;-1;-1;-1;-1;-1;-1;-1
