Time;ID;Cat;XPos;YPos;ZPos;2D_XPos;2D_YPos;Vel;XDir;YDir;ZDir;BBox_XPos;BBox_YPos;BBox_ZPos;BBox_Ext_X;BBox_Ext_Y;BBox_Ext_Z;Corner_XYZ_X;Corner_XYZ_Y;Corner_XYZ_Z;Corner_XY-Z_X;Corner_XY-Z_Y;Corner_XY-Z_Z;Corner_X-YZ_X;Corner_X-YZ_Y;Corner_X-YZ_Z;Corner_X-Y-Z_X;Corner_X-Y-Z_Y;Corner_X-Y-Z_Z;Corner_-XYZ_X;Corner_-XYZ_Y;Corner_-XYZ_Z;Corner_-XY-Z_X;Corner_-XY-Z_Y;Corner_-XY-Z_Z;Corner_-X-YZ_X;Corner_-X-YZ_Y;Corner_-X-YZ_Z;Corner_-X-Y-Z_X;Corner_-X-Y-Z_Y;Corner_-X-Y-Z_Z;BBox_2D_XPos;BBox_2D_YPos;Corner_2D_XYZ_X;Corner_2D_XYZ_Y;Corner_2D_XY-Z_X;Corner_2D_XY-Z_Y;Corner_2D_X-YZ_X;Corner_2D_X-YZ_Y;Corner_2D_X-Y-Z_X;Corner_2D_X-Y-Z_Y;Corner_2D_-XYZ_X;Corner_2D_-XYZ_Y;Corner_-2D_XY-Z_X;Corner_2D_-XY-Z_Y;Corner_2D_-X-YZ_X;Corner_2D_-X-YZ_Y;Corner_2D_-X-Y-Z_X;Corner_2D_-X-Y-Z_Y;
J0:19:17:32:038;Hatchback_Car_AI_C_3;211;38977.023438;-69015.554688;-53655.855469;-1;-1;677.119873;0.009754;-0.974196;-0.225494;38977.410156;-69047.007812;-53582.046875;204.0;92.0;76.0;39071.636719;-69261.9375;-53554.085938;39071.152344;-69227.671875;-53702.171875;38887.644531;-69263.8125;-53553.921875;38887.160156;-69229.546875;-53702.007812;39067.660156;-68864.46875;-53462.085938;39067.175781;-68830.203125;-53610.171875;38883.667969;-68866.34375;-53461.921875;38883.183594;-68832.078125;-53610.007812;-1;-1;-1;-1;-1;-1;-1;-1;-1;-1;-1;-1;-1;-1;-1;-1;-1;-1
J0:19:17:32:038;Hatchback_Car_AI_C_7;211;39343.109375;-65802.664062;-53291.910156;-1;-1;614.452087;-0.217155;-0.975732;-0.028125;39339.566406;-65818.492188;-53213.335938;204.0;92.0;76.0;39384.589844;-66039.609375;-53143.082031;39385.550781;-66035.4375;-53295.019531;39204.980469;-65999.640625;-53143.128906;39205.941406;-65995.46875;-53295.066406;39473.191406;-65641.515625;-53131.605469;39474.152344;-65637.34375;-53283.542969;39293.582031;-65601.546875;-53131.652344;39294.542969;-65597.375;-53283.589844;-1;-1;-1;-1;-1;-1;-1;-1;-1;-1;-1;-1;-1;-1;-1;-1;-1;-1
