Time;ID;Cat;XPos;YPos;ZPos;2D_XPos;2D_YPos;Vel;XDir;YDir;ZDir;BBox_XPos;BBox_YPos;BBox_ZPos;BBox_Ext_X;BBox_Ext_Y;BBox_Ext_Z;Corner_XYZ_X;Corner_XYZ_Y;Corner_XYZ_Z;Corner_XY-Z_X;Corner_XY-Z_Y;Corner_XY-Z_Z;Corner_X-YZ_X;Corner_X-YZ_Y;Corner_X-YZ_Z;Corner_X-Y-Z_X;Corner_X-Y-Z_Y;Corner_X-Y-Z_Z;Corner_-XYZ_X;Corner_-XYZ_Y;Corner_-XYZ_Z;Corner_-XY-Z_X;Corner_-XY-Z_Y;Corner_-XY-Z_Z;Corner_-X-YZ_X;Corner_-X-YZ_Y;Corner_-X-YZ_Z;Corner_-X-Y-Z_X;Corner_-X-Y-Z_Y;Corner_-X-Y-Z_Z;BBox_2D_XPos;BBox_2D_YPos;Corner_2D_XYZ_X;Corner_2D_XYZ_Y;Corner_2D_XY-Z_X;Corner_2D_XY-Z_Y;Corner_2D_X-YZ_X;Corner_2D_X-YZ_Y;Corner_2D_X-Y-Z_X;Corner_2D_X-Y-Z_Y;Corner_2D_-XYZ_X;Corner_2D_-XYZ_Y;Corner_-2D_XY-Z_X;Corner_2D_-XY-Z_Y;Corner_2D_-X-YZ_X;Corner_2D_-X-YZ_Y;Corner_2D_-X-Y-Z_X;Corner_2D_-X-Y-Z_Y;
J0:19:18:18:942;Hatchback_Car_AI_C_3;211;39181.957031;-71709.398438;-54310.300781;1720;666;692.803406;0.10285;-0.977816;-0.182477;39184.761719;-71737.4375;-54235.183594;204.0;92.0;76.0;39298.554688;-71941.125;-54197.523438;39295.929688;-71913.515625;-54346.96875;39115.554688;-71960.3125;-54197.851562;39112.929688;-71932.703125;-54347.296875;39256.59375;-71542.171875;-54123.070312;39253.96875;-71514.5625;-54272.515625;39073.59375;-71561.359375;-54123.398438;39070.96875;-71533.75;-54272.84375;1715;654;1668;646;1668;658;1734;646;1734;658;1696;650;1696;663;1765;650;1765;663
J0:19:18:18:942;Hatchback_Car_AI_C_7;211;38984.71875;-68457.820312;-53539.199219;-1;-1;705.54718;-0.036296;-0.982746;-0.181363;38983.636719;-68485.898438;-53464.046875;204.0;92.0;76.0;39067.617188;-68703.554688;-53426.253906;39068.71875;-68676.007812;-53575.730469;38883.742188;-68696.742188;-53426.355469;38884.84375;-68669.195312;-53575.832031;39082.429688;-68302.601562;-53352.261719;39083.53125;-68275.054688;-53501.738281;38898.554688;-68295.789062;-53352.363281;38899.65625;-68268.242188;-53501.839844;-1;-1;-1;-1;-1;-1;-1;-1;-1;-1;-1;-1;-1;-1;-1;-1;-1;-1
