Time;ID;Cat;XPos;YPos;ZPos;2D_XPos;2D_YPos;Vel;XDir;YDir;ZDir;BBox_XPos;BBox_YPos;BBox_ZPos;BBox_Ext_X;BBox_Ext_Y;BBox_Ext_Z;Corner_XYZ_X;Corner_XYZ_Y;Corner_XYZ_Z;Corner_XY-Z_X;Corner_XY-Z_Y;Corner_XY-Z_Z;Corner_X-YZ_X;Corner_X-YZ_Y;Corner_X-YZ_Z;Corner_X-Y-Z_X;Corner_X-Y-Z_Y;Corner_X-Y-Z_Z;Corner_-XYZ_X;Corner_-XYZ_Y;Corner_-XYZ_Z;Corner_-XY-Z_X;Corner_-XY-Z_Y;Corner_-XY-Z_Z;Corner_-X-YZ_X;Corner_-X-YZ_Y;Corner_-X-YZ_Z;Corner_-X-Y-Z_X;Corner_-X-Y-Z_Y;Corner_-X-Y-Z_Z;BBox_2D_XPos;BBox_2D_YPos;Corner_2D_XYZ_X;Corner_2D_XYZ_Y;Corner_2D_XY-Z_X;Corner_2D_XY-Z_Y;Corner_2D_X-YZ_X;Corner_2D_X-YZ_Y;Corner_2D_X-Y-Z_X;Corner_2D_X-Y-Z_Y;Corner_2D_-XYZ_X;Corner_2D_-XYZ_Y;Corner_-2D_XY-Z_X;Corner_2D_-XY-Z_Y;Corner_2D_-X-YZ_X;Corner_2D_-X-YZ_Y;Corner_2D_-X-Y-Z_X;Corner_2D_-X-Y-Z_Y;
J0:19:17:30:838;Hatchback_Car_AI_C_3;211;38976.304688;-68949.867188;-53640.898438;-1;-1;672.038086;0.005595;-0.974964;-0.222294;38976.519531;-68981.078125;-53566.988281;204.0;92.0;76.0;39069.792969;-69196.320312;-53538.28125;39069.527344;-69162.539062;-53686.476562;38885.792969;-69197.398438;-53538.195312;38885.527344;-69163.617188;-53686.390625;39067.511719;-68798.539062;-53447.585938;39067.246094;-68764.757812;-53595.78125;38883.511719;-68799.617188;-53447.5;38883.246094;-68765.835938;-53595.695312;-1;-1;-1;-1;-1;-1;-1;-1;-1;-1;-1;-1;-1;-1;-1;-1;-1;-1
J0:19:17:30:838;Hatchback_Car_AI_C_7;211;39356.601562;-65741.34375;-53290.140625;-1;-1;660.738647;-0.222329;-0.97467;-0.024258;39353.066406;-65756.859375;-53211.503906;204.0;92.0;76.0;39397.0;-65977.953125;-53140.480469;39397.8125;-65974.359375;-53292.433594;39217.609375;-65937.03125;-53140.472656;39218.421875;-65933.4375;-53292.425781;39487.710938;-65580.28125;-53130.582031;39488.523438;-65576.6875;-53282.535156;39308.320312;-65539.359375;-53130.574219;39309.132812;-65535.765625;-53282.527344;-1;-1;-1;-1;-1;-1;-1;-1;-1;-1;-1;-1;-1;-1;-1;-1;-1;-1
