Time;ID;Cat;XPos;YPos;ZPos;2D_XPos;2D_YPos;Vel;XDir;YDir;ZDir;BBox_XPos;BBox_YPos;BBox_ZPos;BBox_Ext_X;BBox_Ext_Y;BBox_Ext_Z;Corner_XYZ_X;Corner_XYZ_Y;Corner_XYZ_Z;Corner_XY-Z_X;Corner_XY-Z_Y;Corner_XY-Z_Z;Corner_X-YZ_X;Corner_X-YZ_Y;Corner_X-YZ_Z;Corner_X-Y-Z_X;Corner_X-Y-Z_Y;Corner_X-Y-Z_Z;Corner_-XYZ_X;Corner_-XYZ_Y;Corner_-XYZ_Z;Corner_-XY-Z_X;Corner_-XY-Z_Y;Corner_-XY-Z_Z;Corner_-X-YZ_X;Corner_-X-YZ_Y;Corner_-X-YZ_Z;Corner_-X-Y-Z_X;Corner_-X-Y-Z_Y;Corner_-X-Y-Z_Z;BBox_2D_XPos;BBox_2D_YPos;Corner_2D_XYZ_X;Corner_2D_XYZ_Y;Corner_2D_XY-Z_X;Corner_2D_XY-Z_Y;Corner_2D_X-YZ_X;Corner_2D_X-YZ_Y;Corner_2D_X-Y-Z_X;Corner_2D_X-Y-Z_Y;Corner_2D_-XYZ_X;Corner_2D_-XYZ_Y;Corner_-2D_XY-Z_X;Corner_2D_-XY-Z_Y;Corner_2D_-X-YZ_X;Corner_2D_-X-YZ_Y;Corner_2D_-X-Y-Z_X;Corner_2D_-X-Y-Z_Y;
J0:19:17:56:548;Hatchback_Car_AI_C_3;211;39060.34375;-70461.265625;-54019.210938;-1;-1;721.682983;0.083996;-0.964294;-0.251163;39063.367188;-70494.523438;-53946.257812;204.0;92.0;76.0;39173.929688;-70702.226562;-53924.078125;39170.375;-70664.210938;-54071.203125;38990.632812;-70718.273438;-53923.789062;38987.078125;-70680.257812;-54070.914062;39139.65625;-70308.789062;-53821.601562;39136.101562;-70270.773438;-53968.726562;38956.359375;-70324.835938;-53821.3125;38952.804688;-70286.820312;-53968.4375;-1;-1;1889;602;1889;610;-1;-1;-1;-1;-1;-1;-1;-1;-1;-1;-1;-1
J0:19:17:56:548;Hatchback_Car_AI_C_7;211;39090.023438;-67221.09375;-53368.832031;-1;-1;691.232178;-0.136385;-0.986422;-0.091496;39087.082031;-67242.054688;-53291.445312;204.0;92.0;76.0;39149.398438;-67462.765625;-53234.382812;39151.382812;-67449.0;-53385.742188;38967.132812;-67437.5625;-53234.476562;38969.117188;-67423.796875;-53385.835938;39205.046875;-67060.3125;-53197.054688;39207.03125;-67046.546875;-53348.414062;39022.78125;-67035.109375;-53197.148438;39024.765625;-67021.34375;-53348.507812;-1;-1;-1;-1;-1;-1;-1;-1;-1;-1;-1;-1;-1;-1;-1;-1;-1;-1
