Time;ID;Cat;XPos;YPos;ZPos;2D_XPos;2D_YPos;Vel;XDir;YDir;ZDir;BBox_XPos;BBox_YPos;BBox_ZPos;BBox_Ext_X;BBox_Ext_Y;BBox_Ext_Z;Corner_XYZ_X;Corner_XYZ_Y;Corner_XYZ_Z;Corner_XY-Z_X;Corner_XY-Z_Y;Corner_XY-Z_Z;Corner_X-YZ_X;Corner_X-YZ_Y;Corner_X-YZ_Z;Corner_X-Y-Z_X;Corner_X-Y-Z_Y;Corner_X-Y-Z_Z;Corner_-XYZ_X;Corner_-XYZ_Y;Corner_-XYZ_Z;Corner_-XY-Z_X;Corner_-XY-Z_Y;Corner_-XY-Z_Z;Corner_-X-YZ_X;Corner_-X-YZ_Y;Corner_-X-YZ_Z;Corner_-X-Y-Z_X;Corner_-X-Y-Z_Y;Corner_-X-Y-Z_Z;BBox_2D_XPos;BBox_2D_YPos;Corner_2D_XYZ_X;Corner_2D_XYZ_Y;Corner_2D_XY-Z_X;Corner_2D_XY-Z_Y;Corner_2D_X-YZ_X;Corner_2D_X-YZ_Y;Corner_2D_X-Y-Z_X;Corner_2D_X-Y-Z_Y;Corner_2D_-XYZ_X;Corner_2D_-XYZ_Y;Corner_-2D_XY-Z_X;Corner_2D_-XY-Z_Y;Corner_2D_-X-YZ_X;Corner_2D_-X-YZ_Y;Corner_2D_-X-Y-Z_X;Corner_2D_-X-Y-Z_Y;
J0:19:19:37:749;Hatchback_Car_AI_C_7;211;39302.347656;-72811.765625;-54450.257812;1525;687;661.295044;0.111543;-0.990859;-0.075869;39304.207031;-72831.632812;-54372.546875;204.0;92.0;76.0;39418.671875;-73029.28125;-54311.804688;39418.101562;-73017.734375;-54463.367188;39235.820312;-73049.796875;-54312.679688;39235.25;-73038.25;-54464.242188;39373.164062;-72625.015625;-54280.851562;39372.59375;-72613.46875;-54432.414062;39190.3125;-72645.53125;-54281.726562;39189.742188;-72633.984375;-54433.289062;1522;674;1480;662;1480;681;1543;662;1543;681;1500;667;1500;687;1566;667;1566;687
J0:19:19:37:749;Hatchback_Car_AI_C_11;211;39018.722656;-69934.242188;-53882.796875;-1;-1;659.277771;0.066373;-0.965094;-0.253352;39021.105469;-69967.71875;-53809.921875;204.0;92.0;76.0;39127.824219;-70177.46875;-53788.175781;39125.027344;-70139.0625;-53935.214844;38944.261719;-70190.140625;-53787.996094;38941.464844;-70151.734375;-53935.035156;39100.746094;-69783.703125;-53684.808594;39097.949219;-69745.296875;-53831.847656;38917.183594;-69796.375;-53684.628906;38914.386719;-69757.96875;-53831.667969;-1;-1;-1;-1;-1;-1;-1;-1;-1;-1;-1;-1;-1;-1;-1;-1;-1;-1
J0:19:19:37:749;Hatchback_Car_AI_C_15;211;39234.707031;-66336.140625;-53310.53125;-1;-1;675.766724;-0.186765;-0.981448;-0.043332;39231.417969;-66353.234375;-53232.210938;204.0;92.0;76.0;39283.046875;-66573.882812;-53165.082031;39284.34375;-66567.429688;-53316.941406;39102.289062;-66539.476562;-53165.160156;39103.585938;-66533.023438;-53317.019531;39359.25;-66173.445312;-53147.402344;39360.546875;-66166.992188;-53299.261719;39178.492188;-66139.039062;-53147.480469;39179.789062;-66132.585938;-53299.339844;-1;-1;-1;-1;-1;-1;-1;-1;-1;-1;-1;-1;-1;-1;-1;-1;-1;-1
