Time;ID;Cat;XPos;YPos;ZPos;2D_XPos;2D_YPos;Vel;XDir;YDir;ZDir;BBox_XPos;BBox_YPos;BBox_ZPos;BBox_Ext_X;BBox_Ext_Y;BBox_Ext_Z;Corner_XYZ_X;Corner_XYZ_Y;Corner_XYZ_Z;Corner_XY-Z_X;Corner_XY-Z_Y;Corner_XY-Z_Z;Corner_X-YZ_X;Corner_X-YZ_Y;Corner_X-YZ_Z;Corner_X-Y-Z_X;Corner_X-Y-Z_Y;Corner_X-Y-Z_Z;Corner_-XYZ_X;Corner_-XYZ_Y;Corner_-XYZ_Z;Corner_-XY-Z_X;Corner_-XY-Z_Y;Corner_-XY-Z_Z;Corner_-X-YZ_X;Corner_-X-YZ_Y;Corner_-X-YZ_Z;Corner_-X-Y-Z_X;Corner_-X-Y-Z_Y;Corner_-X-Y-Z_Z;BBox_2D_XPos;BBox_2D_YPos;Corner_2D_XYZ_X;Corner_2D_XYZ_Y;Corner_2D_XY-Z_X;Corner_2D_XY-Z_Y;Corner_2D_X-YZ_X;Corner_2D_X-YZ_Y;Corner_2D_X-Y-Z_X;Corner_2D_X-Y-Z_Y;Corner_2D_-XYZ_X;Corner_2D_-XYZ_Y;Corner_-2D_XY-Z_X;Corner_2D_-XY-Z_Y;Corner_2D_-X-YZ_X;Corner_2D_-X-YZ_Y;Corner_2D_-X-Y-Z_X;Corner_2D_-X-Y-Z_Y;
J0:19:18:41:748;Hatchback_Car_AI_C_3;211;39319.707031;-72963.007812;-54460.128906;1499;688;686.972351;0.105464;-0.992606;-0.060085;39321.394531;-72981.65625;-54382.113281;204.0;92.0;76.0;39434.601562;-73179.015625;-54318.167969;39434.195312;-73169.875;-54469.894531;39251.625;-73198.421875;-54318.847656;39251.21875;-73189.28125;-54470.574219;39391.570312;-72774.03125;-54293.652344;39391.164062;-72764.890625;-54445.378906;39208.59375;-72793.4375;-54294.332031;39208.1875;-72784.296875;-54446.058594;1496;675;1455;662;1455;683;1517;662;1517;683;1474;667;1474;688;1539;667;1539;688
J0:19:18:41:748;Hatchback_Car_AI_C_7;211;39005.632812;-69722.984375;-53828.414062;-1;-1;707.624329;0.051091;-0.967513;-0.247607;39007.574219;-69756.054688;-53755.339844;204.0;92.0;76.0;39111.042969;-69967.304688;-53732.4375;39108.683594;-69929.742188;-53879.703125;38927.308594;-69977.117188;-53732.0;38924.949219;-69939.554688;-53879.265625;39090.199219;-69572.554688;-53631.414062;39087.839844;-69534.992188;-53778.679688;38906.464844;-69582.367188;-53630.976562;38904.105469;-69544.804688;-53778.242188;-1;-1;-1;-1;-1;-1;-1;-1;-1;-1;-1;-1;-1;-1;-1;-1;-1;-1
J0:19:18:41:748;Hatchback_Car_AI_C_11;211;39150.289062;-66821.226562;-53336.792969;-1;-1;706.70636;-0.16116;-0.984886;-0.063461;39147.167969;-66839.953125;-53258.839844;204.0;92.0;76.0;39204.253906;-67060.476562;-53195.871094;39205.917969;-67050.976562;-53347.566406;39022.667969;-67030.757812;-53196.003906;39024.332031;-67021.257812;-53347.699219;39270.003906;-66658.648438;-53169.980469;39271.667969;-66649.148438;-53321.675781;39088.417969;-66628.929688;-53170.113281;39090.082031;-66619.429688;-53321.808594;-1;-1;-1;-1;-1;-1;-1;-1;-1;-1;-1;-1;-1;-1;-1;-1;-1;-1
