Time;ID;Cat;XPos;YPos;ZPos;2D_XPos;2D_YPos;Vel;XDir;YDir;ZDir;BBox_XPos;BBox_YPos;BBox_ZPos;BBox_Ext_X;BBox_Ext_Y;BBox_Ext_Z;Corner_XYZ_X;Corner_XYZ_Y;Corner_XYZ_Z;Corner_XY-Z_X;Corner_XY-Z_Y;Corner_XY-Z_Z;Corner_X-YZ_X;Corner_X-YZ_Y;Corner_X-YZ_Z;Corner_X-Y-Z_X;Corner_X-Y-Z_Y;Corner_X-Y-Z_Z;Corner_-XYZ_X;Corner_-XYZ_Y;Corner_-XYZ_Z;Corner_-XY-Z_X;Corner_-XY-Z_Y;Corner_-XY-Z_Z;Corner_-X-YZ_X;Corner_-X-YZ_Y;Corner_-X-YZ_Z;Corner_-X-Y-Z_X;Corner_-X-Y-Z_Y;Corner_-X-Y-Z_Z;BBox_2D_XPos;BBox_2D_YPos;Corner_2D_XYZ_X;Corner_2D_XYZ_Y;Corner_2D_XY-Z_X;Corner_2D_XY-Z_Y;Corner_2D_X-YZ_X;Corner_2D_X-YZ_Y;Corner_2D_X-Y-Z_X;Corner_2D_X-Y-Z_Y;Corner_2D_-XYZ_X;Corner_2D_-XYZ_Y;Corner_-2D_XY-Z_X;Corner_2D_-XY-Z_Y;Corner_2D_-X-YZ_X;Corner_2D_-X-YZ_Y;Corner_2D_-X-Y-Z_X;Corner_2D_-X-Y-Z_Y;
J0:19:21:08:549;Hatchback_Car_AI_C_15;211;39144.808594;-71360.921875;-54240.277344;1783;656;688.079895;0.094204;-0.971446;-0.217757;39147.949219;-71391.632812;-54166.222656;204.0;92.0;76.0;39260.484375;-71597.34375;-54136.652344;39256.984375;-71564.421875;-54285.003906;39077.351562;-71615.1875;-54136.285156;39073.851562;-71582.265625;-54284.636719;39222.046875;-71201.0;-54047.808594;39218.546875;-71168.078125;-54196.160156;39038.914062;-71218.84375;-54047.441406;39035.414062;-71185.921875;-54195.792969;1778;643;1728;636;1728;646;1796;636;1796;646;1759;640;1759;650;1829;640;1829;650
J0:19:21:08:549;Hatchback_Car_AI_C_19;211;38994.933594;-68225.367188;-53498.136719;-1;-1;705.050476;-0.063482;-0.984518;-0.163381;38993.257812;-68252.03125;-53422.484375;204.0;92.0;76.0;39071.359375;-68471.179688;-53380.878906;39072.875;-68446.398438;-53530.839844;38887.742188;-68459.351562;-53380.785156;38889.257812;-68434.570312;-53530.746094;39097.257812;-68069.492188;-53314.222656;39098.773438;-68044.710938;-53464.183594;38913.640625;-68057.664062;-53314.128906;38915.15625;-68032.882812;-53464.089844;-1;-1;-1;-1;-1;-1;-1;-1;-1;-1;-1;-1;-1;-1;-1;-1;-1;-1
