Time;ID;Cat;XPos;YPos;ZPos;2D_XPos;2D_YPos;Vel;XDir;YDir;ZDir;BBox_XPos;BBox_YPos;BBox_ZPos;BBox_Ext_X;BBox_Ext_Y;BBox_Ext_Z;Corner_XYZ_X;Corner_XYZ_Y;Corner_XYZ_Z;Corner_XY-Z_X;Corner_XY-Z_Y;Corner_XY-Z_Z;Corner_X-YZ_X;Corner_X-YZ_Y;Corner_X-YZ_Z;Corner_X-Y-Z_X;Corner_X-Y-Z_Y;Corner_X-Y-Z_Z;Corner_-XYZ_X;Corner_-XYZ_Y;Corner_-XYZ_Z;Corner_-XY-Z_X;Corner_-XY-Z_Y;Corner_-XY-Z_Z;Corner_-X-YZ_X;Corner_-X-YZ_Y;Corner_-X-YZ_Z;Corner_-X-Y-Z_X;Corner_-X-Y-Z_Y;Corner_-X-Y-Z_Z;BBox_2D_XPos;BBox_2D_YPos;Corner_2D_XYZ_X;Corner_2D_XYZ_Y;Corner_2D_XY-Z_X;Corner_2D_XY-Z_Y;Corner_2D_X-YZ_X;Corner_2D_X-YZ_Y;Corner_2D_X-Y-Z_X;Corner_2D_X-Y-Z_Y;Corner_2D_-XYZ_X;Corner_2D_-XYZ_Y;Corner_-2D_XY-Z_X;Corner_2D_-XY-Z_Y;Corner_2D_-X-YZ_X;Corner_2D_-X-YZ_Y;Corner_2D_-X-Y-Z_X;Corner_2D_-X-Y-Z_Y;
J0:19:17:43:631;Hatchback_Car_AI_C_3;211;39001.261719;-69669.359375;-53814.769531;-1;-1;698.602966;0.05358;-0.967372;-0.24763;39003.160156;-69702.429688;-53741.695312;204.0;92.0;76.0;39107.054688;-69913.453125;-53718.652344;39104.84375;-69875.875;-53865.917969;38923.335938;-69923.671875;-53718.503906;38921.125;-69886.09375;-53865.769531;39085.195312;-69518.765625;-53617.621094;39082.984375;-69481.1875;-53764.886719;38901.476562;-69528.984375;-53617.472656;38899.265625;-69491.40625;-53764.738281;-1;-1;-1;-1;-1;-1;-1;-1;-1;-1;-1;-1;-1;-1;-1;-1;-1;-1
J0:19:17:43:631;Hatchback_Car_AI_C_7;211;39216.492188;-66432.710938;-53315.136719;-1;-1;669.295105;-0.184651;-0.981693;-0.046724;39213.214844;-66450.078125;-53236.878906;204.0;92.0;76.0;39265.296875;-66670.84375;-53170.484375;39266.625;-66663.859375;-53322.320312;39084.46875;-66636.828125;-53170.5;39085.796875;-66629.84375;-53322.335938;39340.632812;-66270.3125;-53151.421875;39341.960938;-66263.328125;-53303.257812;39159.804688;-66236.296875;-53151.4375;39161.132812;-66229.3125;-53303.273438;-1;-1;-1;-1;-1;-1;-1;-1;-1;-1;-1;-1;-1;-1;-1;-1;-1;-1
