Time;ID;Cat;XPos;YPos;ZPos;2D_XPos;2D_YPos;Vel;XDir;YDir;ZDir;BBox_XPos;BBox_YPos;BBox_ZPos;BBox_Ext_X;BBox_Ext_Y;BBox_Ext_Z;Corner_XYZ_X;Corner_XYZ_Y;Corner_XYZ_Z;Corner_XY-Z_X;Corner_XY-Z_Y;Corner_XY-Z_Z;Corner_X-YZ_X;Corner_X-YZ_Y;Corner_X-YZ_Z;Corner_X-Y-Z_X;Corner_X-Y-Z_Y;Corner_X-Y-Z_Z;Corner_-XYZ_X;Corner_-XYZ_Y;Corner_-XYZ_Z;Corner_-XY-Z_X;Corner_-XY-Z_Y;Corner_-XY-Z_Z;Corner_-X-YZ_X;Corner_-X-YZ_Y;Corner_-X-YZ_Z;Corner_-X-Y-Z_X;Corner_-X-Y-Z_Y;Corner_-X-Y-Z_Z;BBox_2D_XPos;BBox_2D_YPos;Corner_2D_XYZ_X;Corner_2D_XYZ_Y;Corner_2D_XY-Z_X;Corner_2D_XY-Z_Y;Corner_2D_X-YZ_X;Corner_2D_X-YZ_Y;Corner_2D_X-Y-Z_X;Corner_2D_X-Y-Z_Y;Corner_2D_-XYZ_X;Corner_2D_-XYZ_Y;Corner_-2D_XY-Z_X;Corner_2D_-XY-Z_Y;Corner_2D_-X-YZ_X;Corner_2D_-X-YZ_Y;Corner_2D_-X-Y-Z_X;Corner_2D_-X-Y-Z_Y;
J0:19:19:46:544;Hatchback_Car_AI_C_7;211;39351.125;-73283.148438;-54474.175781;1445;689;656.315308;0.096787;-0.994855;-0.029937;39352.535156;-73299.445312;-54395.628906;204.0;92.0;76.0;39463.902344;-73495.78125;-54325.566406;39463.792969;-73491.21875;-54477.496094;39280.769531;-73513.578125;-54325.972656;39280.660156;-73509.015625;-54477.902344;39424.410156;-73089.875;-54313.355469;39424.300781;-73085.3125;-54465.285156;39241.277344;-73107.671875;-54313.761719;39241.167969;-73103.109375;-54465.691406;1442;677;1402;663;1402;685;1464;663;1464;685;1419;668;1419;691;1483;668;1483;691
J0:19:19:46:544;Hatchback_Car_AI_C_11;211;39056.625;-70412.15625;-54006.636719;-1;-1;684.485657;0.08203;-0.964265;-0.251922;39059.613281;-70445.476562;-53933.710938;204.0;92.0;76.0;39169.78125;-70653.40625;-53911.726562;39166.242188;-70615.28125;-54058.820312;38986.453125;-70669.09375;-53911.382812;38982.914062;-70630.96875;-54058.476562;39136.3125;-70259.984375;-53808.945312;39132.773438;-70221.859375;-53956.039062;38952.984375;-70275.671875;-53808.601562;38949.445312;-70237.546875;-53955.695312;-1;-1;1898;600;1898;608;-1;-1;-1;-1;-1;-1;-1;-1;-1;-1;-1;-1
J0:19:19:46:544;Hatchback_Car_AI_C_15;211;39150.84375;-66818.296875;-53336.597656;-1;-1;704.208679;-0.160804;-0.984955;-0.063285;39147.730469;-66837.007812;-53258.640625;204.0;92.0;76.0;39204.890625;-67057.5;-53195.636719;39206.554688;-67048.03125;-53347.332031;39023.296875;-67027.84375;-53195.769531;39024.960938;-67018.375;-53347.464844;39270.5;-66655.640625;-53169.816406;39272.164062;-66646.171875;-53321.511719;39088.90625;-66625.984375;-53169.949219;39090.570312;-66616.515625;-53321.644531;-1;-1;-1;-1;-1;-1;-1;-1;-1;-1;-1;-1;-1;-1;-1;-1;-1;-1
