Time;ID;Cat;XPos;YPos;ZPos;2D_XPos;2D_YPos;Vel;XDir;YDir;ZDir;BBox_XPos;BBox_YPos;BBox_ZPos;BBox_Ext_X;BBox_Ext_Y;BBox_Ext_Z;Corner_XYZ_X;Corner_XYZ_Y;Corner_XYZ_Z;Corner_XY-Z_X;Corner_XY-Z_Y;Corner_XY-Z_Z;Corner_X-YZ_X;Corner_X-YZ_Y;Corner_X-YZ_Z;Corner_X-Y-Z_X;Corner_X-Y-Z_Y;Corner_X-Y-Z_Z;Corner_-XYZ_X;Corner_-XYZ_Y;Corner_-XYZ_Z;Corner_-XY-Z_X;Corner_-XY-Z_Y;Corner_-XY-Z_Z;Corner_-X-YZ_X;Corner_-X-YZ_Y;Corner_-X-YZ_Z;Corner_-X-Y-Z_X;Corner_-X-Y-Z_Y;Corner_-X-Y-Z_Z;BBox_2D_XPos;BBox_2D_YPos;Corner_2D_XYZ_X;Corner_2D_XYZ_Y;Corner_2D_XY-Z_X;Corner_2D_XY-Z_Y;Corner_2D_X-YZ_X;Corner_2D_X-YZ_Y;Corner_2D_X-Y-Z_X;Corner_2D_X-Y-Z_Y;Corner_2D_-XYZ_X;Corner_2D_-XYZ_Y;Corner_-2D_XY-Z_X;Corner_2D_-XY-Z_Y;Corner_2D_-X-YZ_X;Corner_2D_-X-YZ_Y;Corner_2D_-X-Y-Z_X;Corner_2D_-X-Y-Z_Y;
J0:19:21:10:548;Hatchback_Car_AI_C_7;211;38990.339844;-77548.664062;-54424.972656;743;690;502.605316;-0.75759;-0.652729;-0.001552;38980.171875;-77558.5;-54346.0;204.0;92.0;76.0;38886.097656;-77762.023438;-54271.269531;38885.253906;-77760.679688;-54423.261719;38765.996094;-77622.632812;-54269.371094;38765.152344;-77621.289062;-54421.363281;39195.191406;-77495.710938;-54270.636719;39194.347656;-77494.367188;-54422.628906;39075.089844;-77356.320312;-54268.738281;39074.246094;-77354.976562;-54420.730469;741;677;702;666;702;693;773;666;773;693;710;662;710;688;779;662;779;688
J0:19:21:10:548;Hatchback_Car_AI_C_15;211;39156.234375;-71475.3125;-54264.601562;1763;659;707.98822;0.097655;-0.973726;-0.205723;39159.269531;-71505.109375;-54190.171875;204.0;92.0;76.0;39272.335938;-71710.109375;-54157.820312;39269.125;-71679.0;-54306.570312;39089.257812;-71728.5;-54157.710938;39086.046875;-71697.390625;-54306.460938;39232.492188;-71312.828125;-54073.882812;39229.28125;-71281.71875;-54222.632812;39049.414062;-71331.21875;-54073.773438;39046.203125;-71300.109375;-54222.523438;1757;647;1708;640;1708;650;1776;640;1776;650;1738;644;1738;655;1808;644;1808;655
J0:19:21:10:548;Hatchback_Car_AI_C_19;211;38988.835938;-68339.96875;-53517.890625;-1;-1;677.972107;-0.051172;-0.983464;-0.173723;38987.421875;-68367.445312;-53442.523438;204.0;92.0;76.0;39068.1875;-68586.039062;-53403.136719;39069.53125;-68559.664062;-53552.824219;38884.4375;-68576.476562;-53403.105469;38885.78125;-68550.101562;-53552.792969;39089.0625;-68184.789062;-53332.253906;39090.40625;-68158.414062;-53481.941406;38905.3125;-68175.226562;-53332.222656;38906.65625;-68148.851562;-53481.910156;-1;-1;-1;-1;-1;-1;-1;-1;-1;-1;-1;-1;-1;-1;-1;-1;-1;-1
