Time;ID;Cat;XPos;YPos;ZPos;2D_XPos;2D_YPos;Vel;XDir;YDir;ZDir;BBox_XPos;BBox_YPos;BBox_ZPos;BBox_Ext_X;BBox_Ext_Y;BBox_Ext_Z;Corner_XYZ_X;Corner_XYZ_Y;Corner_XYZ_Z;Corner_XY-Z_X;Corner_XY-Z_Y;Corner_XY-Z_Z;Corner_X-YZ_X;Corner_X-YZ_Y;Corner_X-YZ_Z;Corner_X-Y-Z_X;Corner_X-Y-Z_Y;Corner_X-Y-Z_Z;Corner_-XYZ_X;Corner_-XYZ_Y;Corner_-XYZ_Z;Corner_-XY-Z_X;Corner_-XY-Z_Y;Corner_-XY-Z_Z;Corner_-X-YZ_X;Corner_-X-YZ_Y;Corner_-X-YZ_Z;Corner_-X-Y-Z_X;Corner_-X-Y-Z_Y;Corner_-X-Y-Z_Z;BBox_2D_XPos;BBox_2D_YPos;Corner_2D_XYZ_X;Corner_2D_XYZ_Y;Corner_2D_XY-Z_X;Corner_2D_XY-Z_Y;Corner_2D_X-YZ_X;Corner_2D_X-YZ_Y;Corner_2D_X-Y-Z_X;Corner_2D_X-Y-Z_Y;Corner_2D_-XYZ_X;Corner_2D_-XYZ_Y;Corner_-2D_XY-Z_X;Corner_2D_-XY-Z_Y;Corner_2D_-X-YZ_X;Corner_2D_-X-YZ_Y;Corner_2D_-X-Y-Z_X;Corner_2D_-X-Y-Z_Y;
J0:19:18:50:543;Hatchback_Car_AI_C_3;211;39365.683594;-73444.78125;-54477.617188;1418;689;669.391113;0.087006;-0.996082;-0.015837;39366.929688;-73459.976562;-54398.847656;204.0;92.0;76.0;39476.359375;-73656.375;-54325.988281;39476.304688;-73653.96875;-54477.972656;39293.054688;-73672.390625;-54326.183594;39293.0;-73669.984375;-54478.167969;39440.859375;-73249.96875;-54319.527344;39440.804688;-73247.5625;-54471.511719;39257.554688;-73265.984375;-54319.722656;39257.5;-73263.578125;-54471.707031;1415;677;1376;663;1376;686;1438;663;1438;686;1391;667;1391;691;1456;667;1456;691
J0:19:18:50:543;Hatchback_Car_AI_C_7;211;39038.949219;-70208.265625;-53953.699219;-1;-1;702.950867;0.072506;-0.964862;-0.252556;39041.648438;-70241.65625;-53880.796875;204.0;92.0;76.0;39149.796875;-70450.65625;-53858.992188;39146.5625;-70412.40625;-54006.0625;38966.320312;-70464.5625;-53858.570312;38963.085938;-70426.3125;-54005.640625;39120.210938;-70057.0;-53755.953125;39116.976562;-70018.75;-53903.023438;38936.734375;-70070.90625;-53755.53125;38933.5;-70032.65625;-53902.601562;-1;-1;-1;-1;-1;-1;-1;-1;-1;-1;-1;-1;-1;-1;-1;-1;-1;-1
J0:19:18:50:543;Hatchback_Car_AI_C_11;211;39079.015625;-67308.0625;-53376.996094;-1;-1;677.185547;-0.133147;-0.986375;-0.096625;39076.113281;-67329.4375;-53299.71875;204.0;92.0;76.0;39139.128906;-67550.242188;-53243.765625;39141.121094;-67535.695312;-53395.054688;38956.785156;-67525.617188;-53243.804688;38958.777344;-67511.070312;-53395.09375;39193.449219;-67147.804688;-53204.34375;39195.441406;-67133.257812;-53355.632812;39011.105469;-67123.179688;-53204.382812;39013.097656;-67108.632812;-53355.671875;-1;-1;-1;-1;-1;-1;-1;-1;-1;-1;-1;-1;-1;-1;-1;-1;-1;-1
