Time;ID;Cat;XPos;YPos;ZPos;2D_XPos;2D_YPos;Vel;XDir;YDir;ZDir;BBox_XPos;BBox_YPos;BBox_ZPos;BBox_Ext_X;BBox_Ext_Y;BBox_Ext_Z;Corner_XYZ_X;Corner_XYZ_Y;Corner_XYZ_Z;Corner_XY-Z_X;Corner_XY-Z_Y;Corner_XY-Z_Z;Corner_X-YZ_X;Corner_X-YZ_Y;Corner_X-YZ_Z;Corner_X-Y-Z_X;Corner_X-Y-Z_Y;Corner_X-Y-Z_Z;Corner_-XYZ_X;Corner_-XYZ_Y;Corner_-XYZ_Z;Corner_-XY-Z_X;Corner_-XY-Z_Y;Corner_-XY-Z_Z;Corner_-X-YZ_X;Corner_-X-YZ_Y;Corner_-X-YZ_Z;Corner_-X-Y-Z_X;Corner_-X-Y-Z_Y;Corner_-X-Y-Z_Z;BBox_2D_XPos;BBox_2D_YPos;Corner_2D_XYZ_X;Corner_2D_XYZ_Y;Corner_2D_XY-Z_X;Corner_2D_XY-Z_Y;Corner_2D_X-YZ_X;Corner_2D_X-YZ_Y;Corner_2D_X-Y-Z_X;Corner_2D_X-Y-Z_Y;Corner_2D_-XYZ_X;Corner_2D_-XYZ_Y;Corner_-2D_XY-Z_X;Corner_2D_-XY-Z_Y;Corner_2D_-X-YZ_X;Corner_2D_-X-YZ_Y;Corner_2D_-X-Y-Z_X;Corner_2D_-X-Y-Z_Y;
J0:19:19:19:346;Hatchback_Car_AI_C_7;211;39189.53125;-71797.023438;-54325.90625;1705;669;667.672607;0.102473;-0.979297;-0.174578;39192.214844;-71824.46875;-54250.5625;204.0;92.0;76.0;39305.828125;-72027.914062;-54211.128906;39303.421875;-72001.492188;-54360.792969;39122.820312;-72046.992188;-54211.558594;39120.414062;-72020.570312;-54361.222656;39264.015625;-71628.367188;-54139.902344;39261.609375;-71601.945312;-54289.566406;39081.007812;-71647.445312;-54140.332031;39078.601562;-71621.023438;-54289.996094;1700;656;1653;648;1653;660;1719;648;1719;660;1680;652;1680;665;1749;652;1749;665
J0:19:19:19:346;Hatchback_Car_AI_C_11;211;38976.609375;-68906.742188;-53631.078125;-1;-1;705.746216;0.001329;-0.975922;-0.218115;38976.699219;-68937.632812;-53557.035156;204.0;92.0;76.0;39069.035156;-69153.15625;-53527.414062;39068.902344;-69120.0;-53675.757812;38885.035156;-69153.4375;-53527.304688;38884.902344;-69120.28125;-53675.648438;39068.496094;-68754.984375;-53438.421875;39068.363281;-68721.828125;-53586.765625;38884.496094;-68755.265625;-53438.3125;38884.363281;-68722.109375;-53586.65625;-1;-1;-1;-1;-1;-1;-1;-1;-1;-1;-1;-1;-1;-1;-1;-1;-1;-1
