Time;ID;Cat;XPos;YPos;ZPos;2D_XPos;2D_YPos;Vel;XDir;YDir;ZDir;BBox_XPos;BBox_YPos;BBox_ZPos;BBox_Ext_X;BBox_Ext_Y;BBox_Ext_Z;Corner_XYZ_X;Corner_XYZ_Y;Corner_XYZ_Z;Corner_XY-Z_X;Corner_XY-Z_Y;Corner_XY-Z_Z;Corner_X-YZ_X;Corner_X-YZ_Y;Corner_X-YZ_Z;Corner_X-Y-Z_X;Corner_X-Y-Z_Y;Corner_X-Y-Z_Z;Corner_-XYZ_X;Corner_-XYZ_Y;Corner_-XYZ_Z;Corner_-XY-Z_X;Corner_-XY-Z_Y;Corner_-XY-Z_Z;Corner_-X-YZ_X;Corner_-X-YZ_Y;Corner_-X-YZ_Z;Corner_-X-Y-Z_X;Corner_-X-Y-Z_Y;Corner_-X-Y-Z_Z;BBox_2D_XPos;BBox_2D_YPos;Corner_2D_XYZ_X;Corner_2D_XYZ_Y;Corner_2D_XY-Z_X;Corner_2D_XY-Z_Y;Corner_2D_X-YZ_X;Corner_2D_X-YZ_Y;Corner_2D_X-Y-Z_X;Corner_2D_X-Y-Z_Y;Corner_2D_-XYZ_X;Corner_2D_-XYZ_Y;Corner_-2D_XY-Z_X;Corner_2D_-XY-Z_Y;Corner_2D_-X-YZ_X;Corner_2D_-X-YZ_Y;Corner_2D_-X-Y-Z_X;Corner_2D_-X-Y-Z_Y;
J0:19:21:10:148;Hatchback_Car_AI_C_7;211;39004.765625;-77539.84375;-54424.992188;745;690;524.225708;-0.735454;-0.677575;-0.000427;38995.003906;-77549.960938;-54346.003906;204.0;92.0;76.0;38907.816406;-77756.445312;-54271.054688;38906.792969;-77755.242188;-54423.046875;38783.152344;-77621.132812;-54269.132812;38782.128906;-77619.929688;-54421.125;39207.878906;-77479.992188;-54270.882812;39206.855469;-77478.789062;-54422.875;39083.214844;-77344.679688;-54268.960938;39082.191406;-77343.476562;-54420.953125;743;677;704;666;704;692;776;666;776;692;712;662;712;687;781;662;781;687
J0:19:21:10:148;Hatchback_Car_AI_C_15;211;39153.925781;-71452.242188;-54259.824219;1767;659;717.648132;0.09547;-0.973574;-0.207459;39156.9375;-71482.171875;-54185.449219;204.0;92.0;76.0;39269.585938;-71687.46875;-54153.511719;39266.359375;-71656.09375;-54302.207031;39086.46875;-71705.46875;-54153.332031;39083.242188;-71674.09375;-54302.027344;39230.632812;-71290.25;-54068.871094;39227.40625;-71258.875;-54217.566406;39047.515625;-71308.25;-54068.691406;39044.289062;-71276.875;-54217.386719;1762;646;1713;639;1713;649;1780;639;1780;649;1743;643;1743;654;1812;643;1812;654
J0:19:21:10:148;Hatchback_Car_AI_C_19;211;38989.894531;-68317.835938;-53513.9375;-1;-1;688.580139;-0.05511;-0.983614;-0.171661;38988.429688;-68345.148438;-53438.511719;204.0;92.0;76.0;39068.375;-68563.96875;-53398.734375;39069.710938;-68537.90625;-53548.476562;38884.664062;-68553.703125;-53398.585938;38886.0;-68527.640625;-53548.328125;39090.859375;-68162.65625;-53328.695312;39092.195312;-68136.59375;-53478.4375;38907.148438;-68152.390625;-53328.546875;38908.484375;-68126.328125;-53478.289062;-1;-1;-1;-1;-1;-1;-1;-1;-1;-1;-1;-1;-1;-1;-1;-1;-1;-1
