Time;ID;Cat;XPos;YPos;ZPos;2D_XPos;2D_YPos;Vel;XDir;YDir;ZDir;BBox_XPos;BBox_YPos;BBox_ZPos;BBox_Ext_X;BBox_Ext_Y;BBox_Ext_Z;Corner_XYZ_X;Corner_XYZ_Y;Corner_XYZ_Z;Corner_XY-Z_X;Corner_XY-Z_Y;Corner_XY-Z_Z;Corner_X-YZ_X;Corner_X-YZ_Y;Corner_X-YZ_Z;Corner_X-Y-Z_X;Corner_X-Y-Z_Y;Corner_X-Y-Z_Z;Corner_-XYZ_X;Corner_-XYZ_Y;Corner_-XYZ_Z;Corner_-XY-Z_X;Corner_-XY-Z_Y;Corner_-XY-Z_Z;Corner_-X-YZ_X;Corner_-X-YZ_Y;Corner_-X-YZ_Z;Corner_-X-Y-Z_X;Corner_-X-Y-Z_Y;Corner_-X-Y-Z_Z;BBox_2D_XPos;BBox_2D_YPos;Corner_2D_XYZ_X;Corner_2D_XYZ_Y;Corner_2D_XY-Z_X;Corner_2D_XY-Z_Y;Corner_2D_X-YZ_X;Corner_2D_X-YZ_Y;Corner_2D_X-Y-Z_X;Corner_2D_X-Y-Z_Y;Corner_2D_-XYZ_X;Corner_2D_-XYZ_Y;Corner_-2D_XY-Z_X;Corner_2D_-XY-Z_Y;Corner_2D_-X-YZ_X;Corner_2D_-X-YZ_Y;Corner_2D_-X-Y-Z_X;Corner_2D_-X-Y-Z_Y;
J0:19:20:22:549;Hatchback_Car_AI_C_11;211;39257.339844;-72409.835938;-54413.226562;1596;682;647.274597;0.110259;-0.987232;-0.114961;39259.488281;-72432.726562;-54336.359375;204.0;92.0;76.0;39374.0;-72632.695312;-54283.847656;39372.835938;-72615.242188;-54434.839844;39191.125;-72653.007812;-54284.785156;39189.960938;-72635.554688;-54435.777344;39329.015625;-72229.898438;-54236.941406;39327.851562;-72212.445312;-54387.933594;39146.140625;-72250.210938;-54237.878906;39144.976562;-72232.757812;-54388.871094;1592;669;1547;658;1547;675;1612;658;1612;675;1571;663;1571;680;1638;663;1638;680
J0:19:20:22:549;Hatchback_Car_AI_C_15;211;38976.929688;-68807.796875;-53609.363281;-1;-1;716.927917;-0.008358;-0.97771;-0.209795;38976.734375;-68838.054688;-53535.058594;204.0;92.0;76.0;39066.945312;-69054.226562;-53503.617188;39067.101562;-69022.335938;-53652.234375;38882.953125;-69052.679688;-53503.476562;38883.109375;-69020.789062;-53652.09375;39070.359375;-68655.320312;-53418.023438;39070.515625;-68623.429688;-53566.640625;38886.367188;-68653.773438;-53417.882812;38886.523438;-68621.882812;-53566.5;-1;-1;-1;-1;-1;-1;-1;-1;-1;-1;-1;-1;-1;-1;-1;-1;-1;-1
