Time;ID;Cat;XPos;YPos;ZPos;2D_XPos;2D_YPos;Vel;XDir;YDir;ZDir;BBox_XPos;BBox_YPos;BBox_ZPos;BBox_Ext_X;BBox_Ext_Y;BBox_Ext_Z;Corner_XYZ_X;Corner_XYZ_Y;Corner_XYZ_Z;Corner_XY-Z_X;Corner_XY-Z_Y;Corner_XY-Z_Z;Corner_X-YZ_X;Corner_X-YZ_Y;Corner_X-YZ_Z;Corner_X-Y-Z_X;Corner_X-Y-Z_Y;Corner_X-Y-Z_Z;Corner_-XYZ_X;Corner_-XYZ_Y;Corner_-XYZ_Z;Corner_-XY-Z_X;Corner_-XY-Z_Y;Corner_-XY-Z_Z;Corner_-X-YZ_X;Corner_-X-YZ_Y;Corner_-X-YZ_Z;Corner_-X-Y-Z_X;Corner_-X-Y-Z_Y;Corner_-X-Y-Z_Z;BBox_2D_XPos;BBox_2D_YPos;Corner_2D_XYZ_X;Corner_2D_XYZ_Y;Corner_2D_XY-Z_X;Corner_2D_XY-Z_Y;Corner_2D_X-YZ_X;Corner_2D_X-YZ_Y;Corner_2D_X-Y-Z_X;Corner_2D_X-Y-Z_Y;Corner_2D_-XYZ_X;Corner_2D_-XYZ_Y;Corner_-2D_XY-Z_X;Corner_2D_-XY-Z_Y;Corner_2D_-X-YZ_X;Corner_2D_-X-YZ_Y;Corner_2D_-X-Y-Z_X;Corner_2D_-X-Y-Z_Y;
J0:19:19:26:942;Hatchback_Car_AI_C_7;211;39234.734375;-72211.421875;-54389.007812;1631;678;680.176819;0.11101;-0.984872;-0.133058;39237.082031;-72235.695312;-54312.574219;204.0;92.0;76.0;39351.914062;-72436.460938;-54263.945312;39350.390625;-72416.273438;-54414.59375;39169.0625;-72456.945312;-54264.84375;39167.539062;-72436.757812;-54415.492188;39306.625;-72034.632812;-54209.65625;39305.101562;-72014.445312;-54360.304688;39123.773438;-72055.117188;-54210.554688;39122.25;-72034.929688;-54361.203125;1627;666;1581;655;1581;671;1646;655;1646;671;1606;660;1606;676;1674;660;1674;676
J0:19:19:26:942;Hatchback_Car_AI_C_11;211;38985.695312;-69332.75;-53731.023438;-1;-1;663.157776;0.031612;-0.97039;-0.239466;38986.890625;-69365.242188;-53657.675781;204.0;92.0;76.0;39086.011719;-69578.359375;-53632.890625;39084.566406;-69541.984375;-53780.46875;38902.113281;-69584.421875;-53632.585938;38900.667969;-69548.046875;-53780.164062;39073.113281;-69182.4375;-53535.1875;39071.667969;-69146.0625;-53682.765625;38889.214844;-69188.5;-53534.882812;38887.769531;-69152.125;-53682.460938;-1;-1;-1;-1;-1;-1;-1;-1;-1;-1;-1;-1;-1;-1;-1;-1;-1;-1
