Time;ID;Cat;XPos;YPos;ZPos;2D_XPos;2D_YPos;Vel;XDir;YDir;ZDir;BBox_XPos;BBox_YPos;BBox_ZPos;BBox_Ext_X;BBox_Ext_Y;BBox_Ext_Z;Corner_XYZ_X;Corner_XYZ_Y;Corner_XYZ_Z;Corner_XY-Z_X;Corner_XY-Z_Y;Corner_XY-Z_Z;Corner_X-YZ_X;Corner_X-YZ_Y;Corner_X-YZ_Z;Corner_X-Y-Z_X;Corner_X-Y-Z_Y;Corner_X-Y-Z_Z;Corner_-XYZ_X;Corner_-XYZ_Y;Corner_-XYZ_Z;Corner_-XY-Z_X;Corner_-XY-Z_Y;Corner_-XY-Z_Z;Corner_-X-YZ_X;Corner_-X-YZ_Y;Corner_-X-YZ_Z;Corner_-X-Y-Z_X;Corner_-X-Y-Z_Y;Corner_-X-Y-Z_Z;BBox_2D_XPos;BBox_2D_YPos;Corner_2D_XYZ_X;Corner_2D_XYZ_Y;Corner_2D_XY-Z_X;Corner_2D_XY-Z_Y;Corner_2D_X-YZ_X;Corner_2D_X-YZ_Y;Corner_2D_X-Y-Z_X;Corner_2D_X-Y-Z_Y;Corner_2D_-XYZ_X;Corner_2D_-XYZ_Y;Corner_-2D_XY-Z_X;Corner_2D_-XY-Z_Y;Corner_2D_-X-YZ_X;Corner_2D_-X-YZ_Y;Corner_2D_-X-Y-Z_X;Corner_2D_-X-Y-Z_Y;
J0:19:17:33:237;Hatchback_Car_AI_C_3;211;38978.289062;-69083.328125;-53671.476562;-1;-1;688.728821;0.015656;-0.973627;-0.227608;38978.875;-69114.9375;-53597.738281;204.0;92.0;76.0;39074.414062;-69329.351562;-53570.257812;39073.703125;-69294.757812;-53718.265625;38890.4375;-69332.351562;-53570.078125;38889.726562;-69297.757812;-53718.085938;39068.023438;-68932.117188;-53477.390625;39067.3125;-68897.523438;-53625.398438;38884.046875;-68935.117188;-53477.210938;38883.335938;-68900.523438;-53625.21875;-1;-1;-1;-1;-1;-1;-1;-1;-1;-1;-1;-1;-1;-1;-1;-1;-1;-1
J0:19:17:33:237;Hatchback_Car_AI_C_7;211;39329.6875;-65864.398438;-53293.65625;-1;-1;641.384644;-0.215335;-0.976129;-0.028338;39326.191406;-65880.25;-53215.085938;204.0;92.0;76.0;39371.640625;-66101.304688;-53144.898438;39372.5625;-66097.101562;-53296.835938;39191.960938;-66061.664062;-53144.898438;39192.882812;-66057.460938;-53296.835938;39459.5;-65703.039062;-53133.335938;39460.421875;-65698.835938;-53285.273438;39279.820312;-65663.398438;-53133.335938;39280.742188;-65659.195312;-53285.273438;-1;-1;-1;-1;-1;-1;-1;-1;-1;-1;-1;-1;-1;-1;-1;-1;-1;-1
