Time;ID;Cat;XPos;YPos;ZPos;2D_XPos;2D_YPos;Vel;XDir;YDir;ZDir;BBox_XPos;BBox_YPos;BBox_ZPos;BBox_Ext_X;BBox_Ext_Y;BBox_Ext_Z;Corner_XYZ_X;Corner_XYZ_Y;Corner_XYZ_Z;Corner_XY-Z_X;Corner_XY-Z_Y;Corner_XY-Z_Z;Corner_X-YZ_X;Corner_X-YZ_Y;Corner_X-YZ_Z;Corner_X-Y-Z_X;Corner_X-Y-Z_Y;Corner_X-Y-Z_Z;Corner_-XYZ_X;Corner_-XYZ_Y;Corner_-XYZ_Z;Corner_-XY-Z_X;Corner_-XY-Z_Y;Corner_-XY-Z_Z;Corner_-X-YZ_X;Corner_-X-YZ_Y;Corner_-X-YZ_Z;Corner_-X-Y-Z_X;Corner_-X-Y-Z_Y;Corner_-X-Y-Z_Z;BBox_2D_XPos;BBox_2D_YPos;Corner_2D_XYZ_X;Corner_2D_XYZ_Y;Corner_2D_XY-Z_X;Corner_2D_XY-Z_Y;Corner_2D_X-YZ_X;Corner_2D_X-YZ_Y;Corner_2D_X-Y-Z_X;Corner_2D_X-Y-Z_Y;Corner_2D_-XYZ_X;Corner_2D_-XYZ_Y;Corner_-2D_XY-Z_X;Corner_2D_-XY-Z_Y;Corner_2D_-X-YZ_X;Corner_2D_-X-YZ_Y;Corner_2D_-X-Y-Z_X;Corner_2D_-X-Y-Z_Y;
J0:19:20:13:341;Hatchback_Car_AI_C_11;211;39202.066406;-71904.90625;-54344.160156;1685;672;674.854919;0.103436;-0.980857;-0.164986;39204.625;-71931.625;-54268.554688;204.0;92.0;76.0;39318.292969;-72134.609375;-54226.960938;39316.152344;-72109.625;-54376.875;39135.300781;-72153.8125;-54227.546875;39133.160156;-72128.828125;-54377.460938;39276.089844;-71734.421875;-54159.648438;39273.949219;-71709.4375;-54309.5625;39093.097656;-71753.625;-54160.234375;39090.957031;-71728.640625;-54310.148438;1681;659;1634;650;1634;663;1700;650;1700;663;1661;654;1661;668;1729;654;1729;668
J0:19:20:13:341;Hatchback_Car_AI_C_15;211;38990.148438;-68290.234375;-53509.261719;-1;-1;701.829224;-0.054646;-0.984248;-0.168135;38988.671875;-68317.28125;-53433.742188;204.0;92.0;76.0;39068.699219;-68535.921875;-53393.152344;39070.066406;-68510.40625;-53542.988281;38884.980469;-68525.734375;-53393.097656;38886.347656;-68500.21875;-53542.933594;39090.996094;-68134.34375;-53324.550781;39092.363281;-68108.828125;-53474.386719;38907.277344;-68124.15625;-53324.496094;38908.644531;-68098.640625;-53474.332031;-1;-1;-1;-1;-1;-1;-1;-1;-1;-1;-1;-1;-1;-1;-1;-1;-1;-1
