Time;ID;Cat;XPos;YPos;ZPos;2D_XPos;2D_YPos;Vel;XDir;YDir;ZDir;BBox_XPos;BBox_YPos;BBox_ZPos;BBox_Ext_X;BBox_Ext_Y;BBox_Ext_Z;Corner_XYZ_X;Corner_XYZ_Y;Corner_XYZ_Z;Corner_XY-Z_X;Corner_XY-Z_Y;Corner_XY-Z_Z;Corner_X-YZ_X;Corner_X-YZ_Y;Corner_X-YZ_Z;Corner_X-Y-Z_X;Corner_X-Y-Z_Y;Corner_X-Y-Z_Z;Corner_-XYZ_X;Corner_-XYZ_Y;Corner_-XYZ_Z;Corner_-XY-Z_X;Corner_-XY-Z_Y;Corner_-XY-Z_Z;Corner_-X-YZ_X;Corner_-X-YZ_Y;Corner_-X-YZ_Z;Corner_-X-Y-Z_X;Corner_-X-Y-Z_Y;Corner_-X-Y-Z_Z;BBox_2D_XPos;BBox_2D_YPos;Corner_2D_XYZ_X;Corner_2D_XYZ_Y;Corner_2D_XY-Z_X;Corner_2D_XY-Z_Y;Corner_2D_X-YZ_X;Corner_2D_X-YZ_Y;Corner_2D_X-Y-Z_X;Corner_2D_X-Y-Z_Y;Corner_2D_-XYZ_X;Corner_2D_-XYZ_Y;Corner_-2D_XY-Z_X;Corner_2D_-XY-Z_Y;Corner_2D_-X-YZ_X;Corner_2D_-X-YZ_Y;Corner_2D_-X-Y-Z_X;Corner_2D_-X-Y-Z_Y;
J0:19:17:55:749;Hatchback_Car_AI_C_3;211;39056.253906;-70414.632812;-54007.136719;-1;-1;733.666382;0.082716;-0.964462;-0.250942;39059.230469;-70447.875;-53934.179688;204.0;92.0;76.0;39169.515625;-70655.71875;-53911.945312;39166.015625;-70617.734375;-54059.078125;38986.195312;-70671.515625;-53911.664062;38982.695312;-70633.53125;-54058.796875;39135.765625;-70262.21875;-53809.5625;39132.265625;-70224.234375;-53956.695312;38952.445312;-70278.015625;-53809.28125;38948.945312;-70240.03125;-53956.414062;-1;-1;1897;600;1897;608;-1;-1;-1;-1;-1;-1;-1;-1;-1;-1;-1;-1
J0:19:17:55:749;Hatchback_Car_AI_C_7;211;39096.109375;-67176.59375;-53364.683594;-1;-1;674.195923;-0.139644;-0.986183;-0.089129;39093.128906;-67197.367188;-53287.246094;204.0;92.0;76.0;39154.746094;-67418.15625;-53229.6875;39156.714844;-67404.75;-53381.085938;38972.566406;-67392.34375;-53229.773438;38974.535156;-67378.9375;-53381.171875;39211.722656;-67015.796875;-53193.320312;39213.691406;-67002.390625;-53344.71875;39029.542969;-66989.984375;-53193.40625;39031.511719;-66976.578125;-53344.804688;-1;-1;-1;-1;-1;-1;-1;-1;-1;-1;-1;-1;-1;-1;-1;-1;-1;-1
