Time;ID;Cat;XPos;YPos;ZPos;2D_XPos;2D_YPos;Vel;XDir;YDir;ZDir;BBox_XPos;BBox_YPos;BBox_ZPos;BBox_Ext_X;BBox_Ext_Y;BBox_Ext_Z;Corner_XYZ_X;Corner_XYZ_Y;Corner_XYZ_Z;Corner_XY-Z_X;Corner_XY-Z_Y;Corner_XY-Z_Z;Corner_X-YZ_X;Corner_X-YZ_Y;Corner_X-YZ_Z;Corner_X-Y-Z_X;Corner_X-Y-Z_Y;Corner_X-Y-Z_Z;Corner_-XYZ_X;Corner_-XYZ_Y;Corner_-XYZ_Z;Corner_-XY-Z_X;Corner_-XY-Z_Y;Corner_-XY-Z_Z;Corner_-X-YZ_X;Corner_-X-YZ_Y;Corner_-X-YZ_Z;Corner_-X-Y-Z_X;Corner_-X-Y-Z_Y;Corner_-X-Y-Z_Z;BBox_2D_XPos;BBox_2D_YPos;Corner_2D_XYZ_X;Corner_2D_XYZ_Y;Corner_2D_XY-Z_X;Corner_2D_XY-Z_Y;Corner_2D_X-YZ_X;Corner_2D_X-YZ_Y;Corner_2D_X-Y-Z_X;Corner_2D_X-Y-Z_Y;Corner_2D_-XYZ_X;Corner_2D_-XYZ_Y;Corner_-2D_XY-Z_X;Corner_2D_-XY-Z_Y;Corner_2D_-X-YZ_X;Corner_2D_-X-YZ_Y;Corner_2D_-X-Y-Z_X;Corner_2D_-X-Y-Z_Y;
J0:19:19:20:945;Hatchback_Car_AI_C_7;211;39198.585938;-71882.53125;-54340.414062;1689;671;649.101318;0.104736;-0.980377;-0.167004;39201.179688;-71909.40625;-54264.863281;204.0;92.0;76.0;39315.117188;-72112.335938;-54223.683594;39312.945312;-72087.039062;-54373.550781;39132.148438;-72131.773438;-54224.316406;39129.976562;-72106.476562;-54374.183594;39272.382812;-71712.335938;-54155.542969;39270.210938;-71687.039062;-54305.410156;39089.414062;-71731.773438;-54156.175781;39087.242188;-71706.476562;-54306.042969;1685;659;1638;650;1638;663;1704;650;1704;663;1665;654;1665;668;1733;654;1733;668
J0:19:19:20:945;Hatchback_Car_AI_C_11;211;38977.308594;-68995.945312;-53651.371094;-1;-1;698.229492;0.009295;-0.974564;-0.223915;38977.65625;-69027.273438;-53577.511719;204.0;92.0;76.0;39071.757812;-69242.210938;-53549.175781;39071.335938;-69208.179688;-53697.316406;38887.765625;-69243.992188;-53549.066406;38887.34375;-69209.960938;-53697.207031;39067.96875;-68844.585938;-53457.816406;39067.546875;-68810.554688;-53605.957031;38883.976562;-68846.367188;-53457.707031;38883.554688;-68812.335938;-53605.847656;-1;-1;-1;-1;-1;-1;-1;-1;-1;-1;-1;-1;-1;-1;-1;-1;-1;-1
