Time;ID;Cat;XPos;YPos;ZPos;2D_XPos;2D_YPos;Vel;XDir;YDir;ZDir;BBox_XPos;BBox_YPos;BBox_ZPos;BBox_Ext_X;BBox_Ext_Y;BBox_Ext_Z;Corner_XYZ_X;Corner_XYZ_Y;Corner_XYZ_Z;Corner_XY-Z_X;Corner_XY-Z_Y;Corner_XY-Z_Z;Corner_X-YZ_X;Corner_X-YZ_Y;Corner_X-YZ_Z;Corner_X-Y-Z_X;Corner_X-Y-Z_Y;Corner_X-Y-Z_Z;Corner_-XYZ_X;Corner_-XYZ_Y;Corner_-XYZ_Z;Corner_-XY-Z_X;Corner_-XY-Z_Y;Corner_-XY-Z_Z;Corner_-X-YZ_X;Corner_-X-YZ_Y;Corner_-X-YZ_Z;Corner_-X-Y-Z_X;Corner_-X-Y-Z_Y;Corner_-X-Y-Z_Z;BBox_2D_XPos;BBox_2D_YPos;Corner_2D_XYZ_X;Corner_2D_XYZ_Y;Corner_2D_XY-Z_X;Corner_2D_XY-Z_Y;Corner_2D_X-YZ_X;Corner_2D_X-YZ_Y;Corner_2D_X-Y-Z_X;Corner_2D_X-Y-Z_Y;Corner_2D_-XYZ_X;Corner_2D_-XYZ_Y;Corner_-2D_XY-Z_X;Corner_2D_-XY-Z_Y;Corner_2D_-X-YZ_X;Corner_2D_-X-YZ_Y;Corner_2D_-X-Y-Z_X;Corner_2D_-X-Y-Z_Y;
J0:19:18:15:750;Hatchback_Car_AI_C_3;211;39163.304688;-71530.945312;-54276.199219;1752;661;670.660583;0.101153;-0.974332;-0.201111;39166.308594;-71560.390625;-54201.628906;204.0;92.0;76.0;39279.980469;-71764.882812;-54168.148438;39276.925781;-71734.460938;-54317.039062;39096.964844;-71783.851562;-54168.273438;39093.910156;-71753.429688;-54317.164062;39238.707031;-71367.351562;-54086.09375;39235.652344;-71336.929688;-54234.984375;39055.691406;-71386.320312;-54086.21875;39052.636719;-71355.898438;-54235.109375;1747;649;1699;641;1699;652;1765;641;1765;652;1728;645;1728;657;1798;645;1798;657
J0:19:18:15:750;Hatchback_Car_AI_C_7;211;38992.050781;-68279.914062;-53507.300781;-1;-1;695.826965;-0.052539;-0.984545;-0.167064;38990.570312;-68306.875;-53431.75;204.0;92.0;76.0;39071.003906;-68525.3125;-53390.851562;39072.433594;-68499.953125;-53540.71875;38887.269531;-68515.484375;-53390.945312;38888.699219;-68490.125;-53540.8125;39092.441406;-68123.625;-53322.6875;39093.871094;-68098.265625;-53472.554688;38908.707031;-68113.796875;-53322.78125;38910.136719;-68088.4375;-53472.648438;-1;-1;-1;-1;-1;-1;-1;-1;-1;-1;-1;-1;-1;-1;-1;-1;-1;-1
