Time;ID;Cat;XPos;YPos;ZPos;2D_XPos;2D_YPos;Vel;XDir;YDir;ZDir;BBox_XPos;BBox_YPos;BBox_ZPos;BBox_Ext_X;BBox_Ext_Y;BBox_Ext_Z;Corner_XYZ_X;Corner_XYZ_Y;Corner_XYZ_Z;Corner_XY-Z_X;Corner_XY-Z_Y;Corner_XY-Z_Z;Corner_X-YZ_X;Corner_X-YZ_Y;Corner_X-YZ_Z;Corner_X-Y-Z_X;Corner_X-Y-Z_Y;Corner_X-Y-Z_Z;Corner_-XYZ_X;Corner_-XYZ_Y;Corner_-XYZ_Z;Corner_-XY-Z_X;Corner_-XY-Z_Y;Corner_-XY-Z_Z;Corner_-X-YZ_X;Corner_-X-YZ_Y;Corner_-X-YZ_Z;Corner_-X-Y-Z_X;Corner_-X-Y-Z_Y;Corner_-X-Y-Z_Z;BBox_2D_XPos;BBox_2D_YPos;Corner_2D_XYZ_X;Corner_2D_XYZ_Y;Corner_2D_XY-Z_X;Corner_2D_XY-Z_Y;Corner_2D_X-YZ_X;Corner_2D_X-YZ_Y;Corner_2D_X-Y-Z_X;Corner_2D_X-Y-Z_Y;Corner_2D_-XYZ_X;Corner_2D_-XYZ_Y;Corner_-2D_XY-Z_X;Corner_2D_-XY-Z_Y;Corner_2D_-X-YZ_X;Corner_2D_-X-YZ_Y;Corner_2D_-X-Y-Z_X;Corner_2D_-X-Y-Z_Y;
J0:19:20:20:151;Hatchback_Car_AI_C_11;211;39242.445312;-72276.234375;-54397.382812;1619;679;685.49292;0.109699;-0.985942;-0.126035;39244.6875;-72299.976562;-54320.777344;204.0;92.0;76.0;39359.1875;-72500.554688;-54270.636719;39357.828125;-72481.429688;-54421.425781;39176.304688;-72520.789062;-54271.550781;39174.945312;-72501.664062;-54422.339844;39314.429688;-72098.289062;-54219.214844;39313.070312;-72079.164062;-54370.003906;39131.546875;-72118.523438;-54220.128906;39130.1875;-72099.398438;-54370.917969;1615;667;1570;656;1570;672;1635;656;1635;672;1595;661;1595;678;1662;661;1662;678
J0:19:20:20:151;Hatchback_Car_AI_C_15;211;38978.0625;-68670.273438;-53580.644531;-1;-1;704.151062;-0.018525;-0.979859;-0.198828;38977.5;-68699.695312;-53506.003906;204.0;92.0;76.0;39065.414062;-68916.4375;-53472.074219;39066.0;-68886.21875;-53621.042969;38881.445312;-68912.953125;-53472.089844;38882.03125;-68882.734375;-53621.058594;39072.96875;-68516.65625;-53390.949219;39073.554688;-68486.4375;-53539.917969;38889.0;-68513.171875;-53390.964844;38889.585938;-68482.953125;-53539.933594;-1;-1;-1;-1;-1;-1;-1;-1;-1;-1;-1;-1;-1;-1;-1;-1;-1;-1
