Time;ID;Cat;XPos;YPos;ZPos;2D_XPos;2D_YPos;Vel;XDir;YDir;ZDir;BBox_XPos;BBox_YPos;BBox_ZPos;BBox_Ext_X;BBox_Ext_Y;BBox_Ext_Z;Corner_XYZ_X;Corner_XYZ_Y;Corner_XYZ_Z;Corner_XY-Z_X;Corner_XY-Z_Y;Corner_XY-Z_Z;Corner_X-YZ_X;Corner_X-YZ_Y;Corner_X-YZ_Z;Corner_X-Y-Z_X;Corner_X-Y-Z_Y;Corner_X-Y-Z_Z;Corner_-XYZ_X;Corner_-XYZ_Y;Corner_-XYZ_Z;Corner_-XY-Z_X;Corner_-XY-Z_Y;Corner_-XY-Z_Z;Corner_-X-YZ_X;Corner_-X-YZ_Y;Corner_-X-YZ_Z;Corner_-X-Y-Z_X;Corner_-X-Y-Z_Y;Corner_-X-Y-Z_Z;BBox_2D_XPos;BBox_2D_YPos;Corner_2D_XYZ_X;Corner_2D_XYZ_Y;Corner_2D_XY-Z_X;Corner_2D_XY-Z_Y;Corner_2D_X-YZ_X;Corner_2D_X-YZ_Y;Corner_2D_X-Y-Z_X;Corner_2D_X-Y-Z_Y;Corner_2D_-XYZ_X;Corner_2D_-XYZ_Y;Corner_-2D_XY-Z_X;Corner_2D_-XY-Z_Y;Corner_2D_-X-YZ_X;Corner_2D_-X-YZ_Y;Corner_2D_-X-Y-Z_X;Corner_2D_-X-Y-Z_Y;
J0:19:17:57:354;Hatchback_Car_AI_C_3;211;39064.398438;-70507.046875;-54031.082031;-1;-1;708.850647;0.085206;-0.96412;-0.251422;39067.464844;-70540.320312;-53958.140625;204.0;92.0;76.0;39178.289062;-70747.890625;-53936.011719;39174.6875;-70709.84375;-54083.128906;38995.007812;-70764.15625;-53935.730469;38991.40625;-70726.109375;-54082.847656;39143.523438;-70354.53125;-53833.433594;39139.921875;-70316.484375;-53980.550781;38960.242188;-70370.796875;-53833.152344;38956.640625;-70332.75;-53980.269531;-1;-1;1881;604;1881;612;-1;-1;-1;-1;1917;607;1917;615;-1;-1;-1;-1
J0:19:17:57:354;Hatchback_Car_AI_C_7;211;39083.960938;-67266.695312;-53373.101562;-1;-1;707.608154;-0.133337;-0.986626;-0.093756;39081.066406;-67287.84375;-53295.761719;204.0;92.0;76.0;39144.050781;-67508.5;-53239.183594;39146.027344;-67494.390625;-53390.511719;38961.707031;-67483.84375;-53239.261719;38963.683594;-67469.734375;-53390.589844;39198.449219;-67105.953125;-53200.933594;39200.425781;-67091.84375;-53352.261719;39016.105469;-67081.296875;-53201.011719;39018.082031;-67067.1875;-53352.339844;-1;-1;-1;-1;-1;-1;-1;-1;-1;-1;-1;-1;-1;-1;-1;-1;-1;-1
