Time;ID;Cat;XPos;YPos;ZPos;2D_XPos;2D_YPos;Vel;XDir;YDir;ZDir;BBox_XPos;BBox_YPos;BBox_ZPos;BBox_Ext_X;BBox_Ext_Y;BBox_Ext_Z;Corner_XYZ_X;Corner_XYZ_Y;Corner_XYZ_Z;Corner_XY-Z_X;Corner_XY-Z_Y;Corner_XY-Z_Z;Corner_X-YZ_X;Corner_X-YZ_Y;Corner_X-YZ_Z;Corner_X-Y-Z_X;Corner_X-Y-Z_Y;Corner_X-Y-Z_Z;Corner_-XYZ_X;Corner_-XYZ_Y;Corner_-XYZ_Z;Corner_-XY-Z_X;Corner_-XY-Z_Y;Corner_-XY-Z_Z;Corner_-X-YZ_X;Corner_-X-YZ_Y;Corner_-X-YZ_Z;Corner_-X-Y-Z_X;Corner_-X-Y-Z_Y;Corner_-X-Y-Z_Z;BBox_2D_XPos;BBox_2D_YPos;Corner_2D_XYZ_X;Corner_2D_XYZ_Y;Corner_2D_XY-Z_X;Corner_2D_XY-Z_Y;Corner_2D_X-YZ_X;Corner_2D_X-YZ_Y;Corner_2D_X-Y-Z_X;Corner_2D_X-Y-Z_Y;Corner_2D_-XYZ_X;Corner_2D_-XYZ_Y;Corner_-2D_XY-Z_X;Corner_2D_-XY-Z_Y;Corner_2D_-X-YZ_X;Corner_2D_-X-YZ_Y;Corner_2D_-X-Y-Z_X;Corner_2D_-X-Y-Z_Y;
J0:19:18:34:946;Hatchback_Car_AI_C_3;211;39279.175781;-72593.617188;-54432.082031;1563;684;652.951355;0.112863;-0.988848;-0.097172;39281.214844;-72615.132812;-54354.816406;204.0;92.0;76.0;39396.089844;-72813.859375;-54298.519531;39395.207031;-72799.09375;-54449.800781;39213.269531;-72834.625;-54299.480469;39212.386719;-72819.859375;-54450.761719;39350.042969;-72410.40625;-54258.871094;39349.160156;-72395.640625;-54410.152344;39167.222656;-72431.171875;-54259.832031;39166.339844;-72416.40625;-54411.113281;1560;672;1516;660;1516;678;1580;660;1580;678;1538;665;1538;684;1605;665;1605;684
J0:19:18:34:946;Hatchback_Car_AI_C_7;211;38987.605469;-69348.765625;-53734.878906;-1;-1;697.792114;0.032382;-0.970673;-0.238213;38988.808594;-69381.15625;-53661.488281;204.0;92.0;76.0;39088.085938;-69594.164062;-53636.410156;39086.640625;-69557.976562;-53784.035156;38904.1875;-69600.367188;-53636.128906;38902.742188;-69564.179688;-53783.753906;39074.875;-69198.132812;-53539.222656;39073.429688;-69161.945312;-53686.847656;38890.976562;-69204.335938;-53538.941406;38889.53125;-69168.148438;-53686.566406;-1;-1;-1;-1;-1;-1;-1;-1;-1;-1;-1;-1;-1;-1;-1;-1;-1;-1
J0:19:18:34:946;Hatchback_Car_AI_C_11;211;39214.957031;-66442.851562;-53315.664062;-1;-1;642.364746;-0.181812;-0.982128;-0.048677;39211.679688;-66460.375;-53237.4375;204.0;92.0;76.0;39264.347656;-66681.109375;-53171.417969;39265.753906;-66673.84375;-53323.238281;39083.425781;-66647.609375;-53171.496094;39084.832031;-66640.34375;-53323.316406;39338.527344;-66280.40625;-53151.558594;39339.933594;-66273.140625;-53303.378906;39157.605469;-66246.90625;-53151.636719;39159.011719;-66239.640625;-53303.457031;-1;-1;-1;-1;-1;-1;-1;-1;-1;-1;-1;-1;-1;-1;-1;-1;-1;-1
