Time;ID;Cat;XPos;YPos;ZPos;2D_XPos;2D_YPos;Vel;XDir;YDir;ZDir;BBox_XPos;BBox_YPos;BBox_ZPos;BBox_Ext_X;BBox_Ext_Y;BBox_Ext_Z;Corner_XYZ_X;Corner_XYZ_Y;Corner_XYZ_Z;Corner_XY-Z_X;Corner_XY-Z_Y;Corner_XY-Z_Z;Corner_X-YZ_X;Corner_X-YZ_Y;Corner_X-YZ_Z;Corner_X-Y-Z_X;Corner_X-Y-Z_Y;Corner_X-Y-Z_Z;Corner_-XYZ_X;Corner_-XYZ_Y;Corner_-XYZ_Z;Corner_-XY-Z_X;Corner_-XY-Z_Y;Corner_-XY-Z_Z;Corner_-X-YZ_X;Corner_-X-YZ_Y;Corner_-X-YZ_Z;Corner_-X-Y-Z_X;Corner_-X-Y-Z_Y;Corner_-X-Y-Z_Z;BBox_2D_XPos;BBox_2D_YPos;Corner_2D_XYZ_X;Corner_2D_XYZ_Y;Corner_2D_XY-Z_X;Corner_2D_XY-Z_Y;Corner_2D_X-YZ_X;Corner_2D_X-YZ_Y;Corner_2D_X-Y-Z_X;Corner_2D_X-Y-Z_Y;Corner_2D_-XYZ_X;Corner_2D_-XYZ_Y;Corner_-2D_XY-Z_X;Corner_2D_-XY-Z_Y;Corner_2D_-X-YZ_X;Corner_2D_-X-YZ_Y;Corner_2D_-X-Y-Z_X;Corner_2D_-X-Y-Z_Y;
J0:19:19:28:148;Hatchback_Car_AI_C_7;211;39242.449219;-72280.796875;-54397.917969;1618;680;710.450195;0.110409;-0.985986;-0.125067;39244.675781;-72304.46875;-54321.289062;204.0;92.0;76.0;39359.289062;-72504.921875;-54270.914062;39357.976562;-72485.9375;-54421.71875;39176.421875;-72525.28125;-54271.890625;39175.109375;-72506.296875;-54422.695312;39314.242188;-72102.640625;-54219.882812;39312.929688;-72083.65625;-54370.6875;39131.375;-72123.0;-54220.859375;39130.0625;-72104.015625;-54371.664062;1614;667;1569;656;1569;673;1634;656;1634;673;1594;661;1594;678;1661;661;1661;678
J0:19:19:28:148;Hatchback_Car_AI_C_11;211;38988.25;-69397.390625;-53746.855469;-1;-1;668.362488;0.037494;-0.969688;-0.241454;38989.589844;-69430.023438;-53673.574219;204.0;92.0;76.0;39089.953125;-69642.59375;-53649.171875;39088.382812;-69605.921875;-53796.671875;38906.09375;-69649.75;-53648.992188;38904.523438;-69613.078125;-53796.492188;39074.65625;-69246.96875;-53550.65625;39073.085938;-69210.296875;-53698.15625;38890.796875;-69254.125;-53550.476562;38889.226562;-69217.453125;-53697.976562;-1;-1;-1;-1;-1;-1;-1;-1;-1;-1;-1;-1;-1;-1;-1;-1;-1;-1
