Time;ID;Cat;XPos;YPos;ZPos;2D_XPos;2D_YPos;Vel;XDir;YDir;ZDir;BBox_XPos;BBox_YPos;BBox_ZPos;BBox_Ext_X;BBox_Ext_Y;BBox_Ext_Z;Corner_XYZ_X;Corner_XYZ_Y;Corner_XYZ_Z;Corner_XY-Z_X;Corner_XY-Z_Y;Corner_XY-Z_Z;Corner_X-YZ_X;Corner_X-YZ_Y;Corner_X-YZ_Z;Corner_X-Y-Z_X;Corner_X-Y-Z_Y;Corner_X-Y-Z_Z;Corner_-XYZ_X;Corner_-XYZ_Y;Corner_-XYZ_Z;Corner_-XY-Z_X;Corner_-XY-Z_Y;Corner_-XY-Z_Z;Corner_-X-YZ_X;Corner_-X-YZ_Y;Corner_-X-YZ_Z;Corner_-X-Y-Z_X;Corner_-X-Y-Z_Y;Corner_-X-Y-Z_Z;BBox_2D_XPos;BBox_2D_YPos;Corner_2D_XYZ_X;Corner_2D_XYZ_Y;Corner_2D_XY-Z_X;Corner_2D_XY-Z_Y;Corner_2D_X-YZ_X;Corner_2D_X-YZ_Y;Corner_2D_X-Y-Z_X;Corner_2D_X-Y-Z_Y;Corner_2D_-XYZ_X;Corner_2D_-XYZ_Y;Corner_-2D_XY-Z_X;Corner_2D_-XY-Z_Y;Corner_2D_-X-YZ_X;Corner_2D_-X-YZ_Y;Corner_2D_-X-Y-Z_X;Corner_2D_-X-Y-Z_Y;
J0:19:17:37:634;Hatchback_Car_AI_C_3;211;38985.351562;-69332.023438;-53730.71875;-1;-1;689.274536;0.030902;-0.970686;-0.238356;38986.53125;-69364.429688;-53657.332031;204.0;92.0;76.0;39085.507812;-69577.585938;-53632.3125;39084.070312;-69541.382812;-53779.929688;38901.601562;-69583.523438;-53631.984375;38900.164062;-69547.320312;-53779.601562;39072.898438;-69181.539062;-53535.0625;39071.460938;-69145.335938;-53682.679688;38888.992188;-69187.476562;-53534.734375;38887.554688;-69151.273438;-53682.351562;-1;-1;-1;-1;-1;-1;-1;-1;-1;-1;-1;-1;-1;-1;-1;-1;-1;-1
J0:19:17:37:634;Hatchback_Car_AI_C_7;211;39280.144531;-66101.585938;-53301.042969;-1;-1;676.282227;-0.200316;-0.979135;-0.034189;39276.78125;-66117.9375;-53222.566406;204.0;92.0;76.0;39325.511719;-66338.65625;-53153.558594;39326.589844;-66333.578125;-53305.472656;39145.246094;-66301.78125;-53153.605469;39146.324219;-66296.703125;-53305.519531;39407.238281;-65939.171875;-53139.613281;39408.316406;-65934.09375;-53291.527344;39226.972656;-65902.296875;-53139.660156;39228.050781;-65897.21875;-53291.574219;-1;-1;-1;-1;-1;-1;-1;-1;-1;-1;-1;-1;-1;-1;-1;-1;-1;-1
