Time;ID;Cat;XPos;YPos;ZPos;2D_XPos;2D_YPos;Vel;XDir;YDir;ZDir;BBox_XPos;BBox_YPos;BBox_ZPos;BBox_Ext_X;BBox_Ext_Y;BBox_Ext_Z;Corner_XYZ_X;Corner_XYZ_Y;Corner_XYZ_Z;Corner_XY-Z_X;Corner_XY-Z_Y;Corner_XY-Z_Z;Corner_X-YZ_X;Corner_X-YZ_Y;Corner_X-YZ_Z;Corner_X-Y-Z_X;Corner_X-Y-Z_Y;Corner_X-Y-Z_Z;Corner_-XYZ_X;Corner_-XYZ_Y;Corner_-XYZ_Z;Corner_-XY-Z_X;Corner_-XY-Z_Y;Corner_-XY-Z_Z;Corner_-X-YZ_X;Corner_-X-YZ_Y;Corner_-X-YZ_Z;Corner_-X-Y-Z_X;Corner_-X-Y-Z_Y;Corner_-X-Y-Z_Z;BBox_2D_XPos;BBox_2D_YPos;Corner_2D_XYZ_X;Corner_2D_XYZ_Y;Corner_2D_XY-Z_X;Corner_2D_XY-Z_Y;Corner_2D_X-YZ_X;Corner_2D_X-YZ_Y;Corner_2D_X-Y-Z_X;Corner_2D_X-Y-Z_Y;Corner_2D_-XYZ_X;Corner_2D_-XYZ_Y;Corner_-2D_XY-Z_X;Corner_2D_-XY-Z_Y;Corner_2D_-X-YZ_X;Corner_2D_-X-YZ_Y;Corner_2D_-X-Y-Z_X;Corner_2D_-X-Y-Z_Y;
J0:19:18:12:945;Hatchback_Car_AI_C_3;211;39148.230469;-71381.164062;-54244.707031;1780;656;686.035095;0.09581;-0.971679;-0.21601;39151.375;-71411.734375;-54170.597656;204.0;92.0;76.0;39264.210938;-71617.21875;-54140.601562;39260.742188;-71584.5625;-54289.015625;39081.101562;-71635.34375;-54140.3125;39077.632812;-71602.6875;-54288.726562;39225.117188;-71220.78125;-54052.46875;39221.648438;-71188.125;-54200.882812;39042.007812;-71238.90625;-54052.179688;39038.539062;-71206.25;-54200.59375;1774;644;1725;637;1725;647;1792;637;1792;647;1755;641;1755;651;1825;641;1825;651
J0:19:18:12:945;Hatchback_Car_AI_C_7;211;39000.765625;-68122.96875;-53481.609375;-1;-1;669.340515;-0.067455;-0.985537;-0.155458;38998.988281;-68149.015625;-53405.746094;204.0;92.0;76.0;39076.207031;-68368.132812;-53362.390625;39077.816406;-68344.554688;-53512.539062;38892.636719;-68355.570312;-53362.382812;38894.246094;-68331.992188;-53512.53125;39103.730469;-67966.039062;-53298.960938;39105.339844;-67942.460938;-53449.109375;38920.160156;-67953.476562;-53298.953125;38921.769531;-67929.898438;-53449.101562;-1;-1;-1;-1;-1;-1;-1;-1;-1;-1;-1;-1;-1;-1;-1;-1;-1;-1
