Time;ID;Cat;XPos;YPos;ZPos;2D_XPos;2D_YPos;Vel;XDir;YDir;ZDir;BBox_XPos;BBox_YPos;BBox_ZPos;BBox_Ext_X;BBox_Ext_Y;BBox_Ext_Z;Corner_XYZ_X;Corner_XYZ_Y;Corner_XYZ_Z;Corner_XY-Z_X;Corner_XY-Z_Y;Corner_XY-Z_Z;Corner_X-YZ_X;Corner_X-YZ_Y;Corner_X-YZ_Z;Corner_X-Y-Z_X;Corner_X-Y-Z_Y;Corner_X-Y-Z_Z;Corner_-XYZ_X;Corner_-XYZ_Y;Corner_-XYZ_Z;Corner_-XY-Z_X;Corner_-XY-Z_Y;Corner_-XY-Z_Z;Corner_-X-YZ_X;Corner_-X-YZ_Y;Corner_-X-YZ_Z;Corner_-X-Y-Z_X;Corner_-X-Y-Z_Y;Corner_-X-Y-Z_Z;BBox_2D_XPos;BBox_2D_YPos;Corner_2D_XYZ_X;Corner_2D_XYZ_Y;Corner_2D_XY-Z_X;Corner_2D_XY-Z_Y;Corner_2D_X-YZ_X;Corner_2D_X-YZ_Y;Corner_2D_X-Y-Z_X;Corner_2D_X-Y-Z_Y;Corner_2D_-XYZ_X;Corner_2D_-XYZ_Y;Corner_-2D_XY-Z_X;Corner_2D_-XY-Z_Y;Corner_2D_-X-YZ_X;Corner_2D_-X-YZ_Y;Corner_2D_-X-Y-Z_X;Corner_2D_-X-Y-Z_Y;
J0:19:20:07:345;Hatchback_Car_AI_C_7;211;39420.792969;-74445.5625;-54458.246094;1254;685;640.93219;0.025726;-0.998912;0.038881;39421.21875;-74456.476562;-54378.761719;204.0;92.0;76.0;39518.5;-74654.9375;-54295.054688;39518.375;-74660.859375;-54446.9375;39334.5625;-74659.65625;-54294.71875;39334.4375;-74665.578125;-54446.601562;39508.0;-74247.375;-54310.921875;39507.875;-74253.296875;-54462.804688;39324.0625;-74252.09375;-54310.585938;39323.9375;-74258.015625;-54462.46875;1252;672;1216;657;1216;683;1278;657;1278;683;1225;661;1225;688;1289;661;1289;688
J0:19:20:07:345;Hatchback_Car_AI_C_11;211;39166.523438;-71562.390625;-54282.378906;1747;662;681.123901;0.098627;-0.975197;-0.198151;39169.472656;-71591.617188;-54207.71875;204.0;92.0;76.0;39282.632812;-71796.28125;-54173.640625;39279.617188;-71766.3125;-54322.625;39099.570312;-71814.796875;-54173.65625;39096.554688;-71784.828125;-54322.640625;39242.390625;-71398.40625;-54092.796875;39239.375;-71368.4375;-54241.78125;39059.328125;-71416.921875;-54092.8125;39056.3125;-71386.953125;-54241.796875;1742;650;1693;642;1693;653;1760;642;1760;653;1722;646;1722;658;1792;646;1792;658
J0:19:20:07:345;Hatchback_Car_AI_C_15;211;39011.378906;-67954.867188;-53455.953125;-1;-1;687.368713;-0.081748;-0.986411;-0.142517;39009.277344;-67979.898438;-53379.753906;204.0;92.0;76.0;39083.367188;-68199.515625;-53333.574219;39085.203125;-68177.9375;-53484.019531;38900.0;-68184.3125;-53333.636719;38901.835938;-68162.734375;-53484.082031;39116.71875;-67797.0625;-53275.425781;39118.554688;-67775.484375;-53425.871094;38933.351562;-67781.859375;-53275.488281;38935.1875;-67760.28125;-53425.933594;-1;-1;-1;-1;-1;-1;-1;-1;-1;-1;-1;-1;-1;-1;-1;-1;-1;-1
