Time;ID;Cat;XPos;YPos;ZPos;2D_XPos;2D_YPos;Vel;XDir;YDir;ZDir;BBox_XPos;BBox_YPos;BBox_ZPos;BBox_Ext_X;BBox_Ext_Y;BBox_Ext_Z;Corner_XYZ_X;Corner_XYZ_Y;Corner_XYZ_Z;Corner_XY-Z_X;Corner_XY-Z_Y;Corner_XY-Z_Z;Corner_X-YZ_X;Corner_X-YZ_Y;Corner_X-YZ_Z;Corner_X-Y-Z_X;Corner_X-Y-Z_Y;Corner_X-Y-Z_Z;Corner_-XYZ_X;Corner_-XYZ_Y;Corner_-XYZ_Z;Corner_-XY-Z_X;Corner_-XY-Z_Y;Corner_-XY-Z_Z;Corner_-X-YZ_X;Corner_-X-YZ_Y;Corner_-X-YZ_Z;Corner_-X-Y-Z_X;Corner_-X-Y-Z_Y;Corner_-X-Y-Z_Z;BBox_2D_XPos;BBox_2D_YPos;Corner_2D_XYZ_X;Corner_2D_XYZ_Y;Corner_2D_XY-Z_X;Corner_2D_XY-Z_Y;Corner_2D_X-YZ_X;Corner_2D_X-YZ_Y;Corner_2D_X-Y-Z_X;Corner_2D_X-Y-Z_Y;Corner_2D_-XYZ_X;Corner_2D_-XYZ_Y;Corner_-2D_XY-Z_X;Corner_2D_-XY-Z_Y;Corner_2D_-X-YZ_X;Corner_2D_-X-YZ_Y;Corner_2D_-X-Y-Z_X;Corner_2D_-X-Y-Z_Y;
J0:19:19:49:748;Hatchback_Car_AI_C_7;211;39366.988281;-73460.609375;-54477.851562;1415;689;684.232727;0.089461;-0.995899;-0.013483;39368.261719;-73475.617188;-54399.046875;204.0;92.0;76.0;39478.164062;-73671.578125;-54325.71875;39478.125;-73669.53125;-54477.703125;39294.898438;-73688.03125;-54325.890625;39294.859375;-73685.984375;-54477.875;39441.664062;-73265.25;-54320.21875;39441.625;-73263.203125;-54472.203125;39258.398438;-73281.703125;-54320.390625;39258.359375;-73279.65625;-54472.375;1412;677;1373;663;1373;686;1435;663;1435;686;1389;667;1389;691;1453;667;1453;691
J0:19:19:49:748;Hatchback_Car_AI_C_11;211;39072.488281;-70592.789062;-54053.050781;-1;-1;715.837646;0.086153;-0.96466;-0.249014;39075.605469;-70625.875;-53980.027344;204.0;92.0;76.0;39186.648438;-70833.273438;-53957.40625;39182.976562;-70795.601562;-54104.617188;39003.382812;-70849.726562;-53957.039062;38999.710938;-70812.054688;-54104.25;39151.5;-70439.695312;-53855.804688;39147.828125;-70402.023438;-54003.015625;38968.234375;-70456.148438;-53855.4375;38964.5625;-70418.476562;-54002.648438;1918;613;1865;608;1865;615;-1;-1;-1;-1;1901;611;1901;618;-1;-1;-1;-1
J0:19:19:49:748;Hatchback_Car_AI_C_15;211;39123.25;-66995.828125;-53349.582031;-1;-1;633.655457;-0.151518;-0.985345;-0.078347;39120.152344;-67015.734375;-53271.921875;204.0;92.0;76.0;39179.234375;-67236.609375;-53212.097656;39181.109375;-67224.84375;-53363.628906;38997.375;-67208.640625;-53212.183594;38999.25;-67196.875;-53363.714844;39241.054688;-66834.59375;-53180.128906;39242.929688;-66822.828125;-53331.660156;39059.195312;-66806.625;-53180.214844;39061.070312;-66794.859375;-53331.746094;-1;-1;-1;-1;-1;-1;-1;-1;-1;-1;-1;-1;-1;-1;-1;-1;-1;-1
