Time;ID;Cat;XPos;YPos;ZPos;2D_XPos;2D_YPos;Vel;XDir;YDir;ZDir;BBox_XPos;BBox_YPos;BBox_ZPos;BBox_Ext_X;BBox_Ext_Y;BBox_Ext_Z;Corner_XYZ_X;Corner_XYZ_Y;Corner_XYZ_Z;Corner_XY-Z_X;Corner_XY-Z_Y;Corner_XY-Z_Z;Corner_X-YZ_X;Corner_X-YZ_Y;Corner_X-YZ_Z;Corner_X-Y-Z_X;Corner_X-Y-Z_Y;Corner_X-Y-Z_Z;Corner_-XYZ_X;Corner_-XYZ_Y;Corner_-XYZ_Z;Corner_-XY-Z_X;Corner_-XY-Z_Y;Corner_-XY-Z_Z;Corner_-X-YZ_X;Corner_-X-YZ_Y;Corner_-X-YZ_Z;Corner_-X-Y-Z_X;Corner_-X-Y-Z_Y;Corner_-X-Y-Z_Z;BBox_2D_XPos;BBox_2D_YPos;Corner_2D_XYZ_X;Corner_2D_XYZ_Y;Corner_2D_XY-Z_X;Corner_2D_XY-Z_Y;Corner_2D_X-YZ_X;Corner_2D_X-YZ_Y;Corner_2D_X-Y-Z_X;Corner_2D_X-Y-Z_Y;Corner_2D_-XYZ_X;Corner_2D_-XYZ_Y;Corner_-2D_XY-Z_X;Corner_2D_-XY-Z_Y;Corner_2D_-X-YZ_X;Corner_2D_-X-YZ_Y;Corner_2D_-X-Y-Z_X;Corner_2D_-X-Y-Z_Y;
J0:19:19:23:344;Hatchback_Car_AI_C_7;211;39213.03125;-72014.4375;-54361.230469;1666;674;648.620056;0.105938;-0.982437;-0.153608;39215.5;-72040.289062;-54285.320312;204.0;92.0;76.0;39329.53125;-72242.539062;-54241.191406;39327.640625;-72219.257812;-54391.386719;39146.578125;-72262.148438;-54241.925781;39144.6875;-72238.867188;-54392.121094;39286.3125;-71841.710938;-54178.519531;39284.421875;-71818.429688;-54328.714844;39103.359375;-71861.320312;-54179.253906;39101.46875;-71838.039062;-54329.449219;1661;662;1615;652;1615;666;1681;652;1681;666;1641;657;1641;671;1709;657;1709;671
J0:19:19:23:344;Hatchback_Car_AI_C_11;211;38979.820312;-69131.132812;-53682.707031;-1;-1;677.50708;0.018695;-0.972842;-0.230714;38980.535156;-69162.976562;-53609.070312;204.0;92.0;76.0;39076.761719;-69377.171875;-53582.300781;39075.894531;-69342.109375;-53730.199219;38892.800781;-69380.765625;-53582.074219;38891.933594;-69345.703125;-53729.972656;39069.136719;-68980.25;-53488.167969;39068.269531;-68945.1875;-53636.066406;38885.175781;-68983.84375;-53487.941406;38884.308594;-68948.78125;-53635.839844;-1;-1;-1;-1;-1;-1;-1;-1;-1;-1;-1;-1;-1;-1;-1;-1;-1;-1
