Time;ID;Cat;XPos;YPos;ZPos;2D_XPos;2D_YPos;Vel;XDir;YDir;ZDir;BBox_XPos;BBox_YPos;BBox_ZPos;BBox_Ext_X;BBox_Ext_Y;BBox_Ext_Z;Corner_XYZ_X;Corner_XYZ_Y;Corner_XYZ_Z;Corner_XY-Z_X;Corner_XY-Z_Y;Corner_XY-Z_Z;Corner_X-YZ_X;Corner_X-YZ_Y;Corner_X-YZ_Z;Corner_X-Y-Z_X;Corner_X-Y-Z_Y;Corner_X-Y-Z_Z;Corner_-XYZ_X;Corner_-XYZ_Y;Corner_-XYZ_Z;Corner_-XY-Z_X;Corner_-XY-Z_Y;Corner_-XY-Z_Z;Corner_-X-YZ_X;Corner_-X-YZ_Y;Corner_-X-YZ_Z;Corner_-X-Y-Z_X;Corner_-X-Y-Z_Y;Corner_-X-Y-Z_Z;BBox_2D_XPos;BBox_2D_YPos;Corner_2D_XYZ_X;Corner_2D_XYZ_Y;Corner_2D_XY-Z_X;Corner_2D_XY-Z_Y;Corner_2D_X-YZ_X;Corner_2D_X-YZ_Y;Corner_2D_X-Y-Z_X;Corner_2D_X-Y-Z_Y;Corner_2D_-XYZ_X;Corner_2D_-XYZ_Y;Corner_-2D_XY-Z_X;Corner_2D_-XY-Z_Y;Corner_2D_-X-YZ_X;Corner_2D_-X-YZ_Y;Corner_2D_-X-Y-Z_X;Corner_2D_-X-Y-Z_Y;
J0:19:17:46:030;Hatchback_Car_AI_C_3;211;39009.59375;-69804.851562;-53849.324219;-1;-1;716.176147;0.059537;-0.966518;-0.249596;39011.742188;-69838.054688;-53776.320312;204.0;92.0;76.0;39116.976562;-70048.46875;-53753.761719;39114.445312;-70010.609375;-53900.949219;38933.328125;-70059.84375;-53753.527344;38930.796875;-70021.984375;-53900.714844;39092.6875;-69654.125;-53651.925781;39090.15625;-69616.265625;-53799.113281;38909.039062;-69665.5;-53651.691406;38906.507812;-69627.640625;-53798.878906;-1;-1;-1;-1;-1;-1;-1;-1;-1;-1;-1;-1;-1;-1;-1;-1;-1;-1
J0:19:17:46:030;Hatchback_Car_AI_C_7;211;39192.742188;-66564.460938;-53321.621094;-1;-1;661.605713;-0.177088;-0.982849;-0.051457;39189.535156;-66582.21875;-53243.445312;204.0;92.0;76.0;39243.253906;-66802.875;-53178.035156;39244.652344;-66795.1875;-53329.832031;39062.167969;-66770.25;-53178.050781;39063.566406;-66762.5625;-53329.847656;39315.503906;-66401.875;-53157.042969;39316.902344;-66394.1875;-53308.839844;39134.417969;-66369.25;-53157.058594;39135.816406;-66361.5625;-53308.855469;-1;-1;-1;-1;-1;-1;-1;-1;-1;-1;-1;-1;-1;-1;-1;-1;-1;-1
