Time;ID;Cat;XPos;YPos;ZPos;2D_XPos;2D_YPos;Vel;XDir;YDir;ZDir;BBox_XPos;BBox_YPos;BBox_ZPos;BBox_Ext_X;BBox_Ext_Y;BBox_Ext_Z;Corner_XYZ_X;Corner_XYZ_Y;Corner_XYZ_Z;Corner_XY-Z_X;Corner_XY-Z_Y;Corner_XY-Z_Z;Corner_X-YZ_X;Corner_X-YZ_Y;Corner_X-YZ_Z;Corner_X-Y-Z_X;Corner_X-Y-Z_Y;Corner_X-Y-Z_Z;Corner_-XYZ_X;Corner_-XYZ_Y;Corner_-XYZ_Z;Corner_-XY-Z_X;Corner_-XY-Z_Y;Corner_-XY-Z_Z;Corner_-X-YZ_X;Corner_-X-YZ_Y;Corner_-X-YZ_Z;Corner_-X-Y-Z_X;Corner_-X-Y-Z_Y;Corner_-X-Y-Z_Z;BBox_2D_XPos;BBox_2D_YPos;Corner_2D_XYZ_X;Corner_2D_XYZ_Y;Corner_2D_XY-Z_X;Corner_2D_XY-Z_Y;Corner_2D_X-YZ_X;Corner_2D_X-YZ_Y;Corner_2D_X-Y-Z_X;Corner_2D_X-Y-Z_Y;Corner_2D_-XYZ_X;Corner_2D_-XYZ_Y;Corner_-2D_XY-Z_X;Corner_2D_-XY-Z_Y;Corner_2D_-X-YZ_X;Corner_2D_-X-YZ_Y;Corner_2D_-X-Y-Z_X;Corner_2D_-X-Y-Z_Y;
J0:19:18:49:750;Hatchback_Car_AI_C_3;211;39361.816406;-73399.648438;-54476.910156;1425;689;663.236755;0.089381;-0.995794;-0.020117;39363.113281;-73415.179688;-54398.207031;204.0;92.0;76.0;39473.027344;-73611.632812;-54326.21875;39472.933594;-73608.570312;-54478.1875;39289.761719;-73628.070312;-54326.4375;39289.667969;-73625.007812;-54478.40625;39436.558594;-73205.351562;-54318.007812;39436.464844;-73202.289062;-54469.976562;39253.292969;-73221.789062;-54318.226562;39253.199219;-73218.726562;-54470.195312;1422;677;1383;663;1383;686;1445;663;1445;686;1399;668;1399;691;1463;668;1463;691
J0:19:18:49:750;Hatchback_Car_AI_C_7;211;39035.378906;-70162.828125;-53941.933594;-1;-1;683.471985;0.071293;-0.96477;-0.25325;39038.035156;-70196.273438;-53869.054688;204.0;92.0;76.0;39145.917969;-70405.429688;-53847.402344;39142.730469;-70367.070312;-53994.449219;38962.425781;-70419.101562;-53846.988281;38959.238281;-70380.742188;-53994.035156;39116.832031;-70011.804688;-53744.074219;39113.644531;-69973.445312;-53891.121094;38933.339844;-70025.476562;-53743.660156;38930.152344;-69987.117188;-53890.707031;-1;-1;-1;-1;-1;-1;-1;-1;-1;-1;-1;-1;-1;-1;-1;-1;-1;-1
J0:19:18:49:750;Hatchback_Car_AI_C_11;211;39084.898438;-67263.296875;-53372.652344;-1;-1;700.664856;-0.13568;-0.986422;-0.092535;39081.980469;-67284.34375;-53295.285156;204.0;92.0;76.0;39144.460938;-67505.070312;-53238.460938;39146.421875;-67491.148438;-53389.8125;38962.179688;-67479.992188;-53238.515625;38964.140625;-67466.070312;-53389.867188;39199.820312;-67102.617188;-53200.703125;39201.78125;-67088.695312;-53352.054688;39017.539062;-67077.539062;-53200.757812;39019.5;-67063.617188;-53352.109375;-1;-1;-1;-1;-1;-1;-1;-1;-1;-1;-1;-1;-1;-1;-1;-1;-1;-1
