Time;ID;Cat;XPos;YPos;ZPos;2D_XPos;2D_YPos;Vel;XDir;YDir;ZDir;BBox_XPos;BBox_YPos;BBox_ZPos;BBox_Ext_X;BBox_Ext_Y;BBox_Ext_Z;Corner_XYZ_X;Corner_XYZ_Y;Corner_XYZ_Z;Corner_XY-Z_X;Corner_XY-Z_Y;Corner_XY-Z_Z;Corner_X-YZ_X;Corner_X-YZ_Y;Corner_X-YZ_Z;Corner_X-Y-Z_X;Corner_X-Y-Z_Y;Corner_X-Y-Z_Z;Corner_-XYZ_X;Corner_-XYZ_Y;Corner_-XYZ_Z;Corner_-XY-Z_X;Corner_-XY-Z_Y;Corner_-XY-Z_Z;Corner_-X-YZ_X;Corner_-X-YZ_Y;Corner_-X-YZ_Z;Corner_-X-Y-Z_X;Corner_-X-Y-Z_Y;Corner_-X-Y-Z_Z;BBox_2D_XPos;BBox_2D_YPos;Corner_2D_XYZ_X;Corner_2D_XYZ_Y;Corner_2D_XY-Z_X;Corner_2D_XY-Z_Y;Corner_2D_X-YZ_X;Corner_2D_X-YZ_Y;Corner_2D_X-Y-Z_X;Corner_2D_X-Y-Z_Y;Corner_2D_-XYZ_X;Corner_2D_-XYZ_Y;Corner_-2D_XY-Z_X;Corner_2D_-XY-Z_Y;Corner_2D_-X-YZ_X;Corner_2D_-X-YZ_Y;Corner_2D_-X-Y-Z_X;Corner_2D_-X-Y-Z_Y;
J0:19:19:37:342;Hatchback_Car_AI_C_7;211;39299.96875;-72789.867188;-54448.644531;1529;686;677.775085;0.11298;-0.99061;-0.076989;39301.863281;-72809.820312;-54370.957031;204.0;92.0;76.0;39416.621094;-73007.367188;-54310.453125;39416.019531;-72995.664062;-54462.0;39233.800781;-73028.148438;-54311.328125;39233.199219;-73016.445312;-54462.875;39370.527344;-72603.195312;-54279.039062;39369.925781;-72591.492188;-54430.585938;39187.707031;-72623.976562;-54279.914062;39187.105469;-72612.273438;-54431.460938;1526;674;1483;662;1483;681;1547;662;1547;681;1504;666;1504;686;1570;666;1570;686
J0:19:19:37:342;Hatchback_Car_AI_C_11;211;39017.203125;-69913.046875;-53877.285156;-1;-1;668.12207;0.0638;-0.965396;-0.252865;39019.539062;-69946.484375;-53804.394531;204.0;92.0;76.0;39125.742188;-70156.484375;-53782.59375;39122.960938;-70118.15625;-53929.65625;38942.148438;-70168.6875;-53782.304688;38939.367188;-70130.359375;-53929.367188;39099.710938;-69762.609375;-53679.421875;39096.929688;-69724.28125;-53826.484375;38916.117188;-69774.8125;-53679.132812;38913.335938;-69736.484375;-53826.195312;-1;-1;-1;-1;-1;-1;-1;-1;-1;-1;-1;-1;-1;-1;-1;-1;-1;-1
J0:19:19:37:342;Hatchback_Car_AI_C_15;211;39238.855469;-66314.09375;-53309.515625;-1;-1;690.757202;-0.189546;-0.980982;-0.041794;39235.5625;-66331.070312;-53231.167969;204.0;92.0;76.0;39286.609375;-66551.757812;-53163.75;39287.835938;-66545.523438;-53315.617188;39105.953125;-66516.851562;-53163.773438;39107.179688;-66510.617188;-53315.640625;39363.945312;-66151.523438;-53146.695312;39365.171875;-66145.289062;-53298.5625;39183.289062;-66116.617188;-53146.71875;39184.515625;-66110.382812;-53298.585938;-1;-1;-1;-1;-1;-1;-1;-1;-1;-1;-1;-1;-1;-1;-1;-1;-1;-1
