Time;ID;Cat;XPos;YPos;ZPos;2D_XPos;2D_YPos;Vel;XDir;YDir;ZDir;BBox_XPos;BBox_YPos;BBox_ZPos;BBox_Ext_X;BBox_Ext_Y;BBox_Ext_Z;Corner_XYZ_X;Corner_XYZ_Y;Corner_XYZ_Z;Corner_XY-Z_X;Corner_XY-Z_Y;Corner_XY-Z_Z;Corner_X-YZ_X;Corner_X-YZ_Y;Corner_X-YZ_Z;Corner_X-Y-Z_X;Corner_X-Y-Z_Y;Corner_X-Y-Z_Z;Corner_-XYZ_X;Corner_-XYZ_Y;Corner_-XYZ_Z;Corner_-XY-Z_X;Corner_-XY-Z_Y;Corner_-XY-Z_Z;Corner_-X-YZ_X;Corner_-X-YZ_Y;Corner_-X-YZ_Z;Corner_-X-Y-Z_X;Corner_-X-Y-Z_Y;Corner_-X-Y-Z_Z;BBox_2D_XPos;BBox_2D_YPos;Corner_2D_XYZ_X;Corner_2D_XYZ_Y;Corner_2D_XY-Z_X;Corner_2D_XY-Z_Y;Corner_2D_X-YZ_X;Corner_2D_X-YZ_Y;Corner_2D_X-Y-Z_X;Corner_2D_X-Y-Z_Y;Corner_2D_-XYZ_X;Corner_2D_-XYZ_Y;Corner_-2D_XY-Z_X;Corner_2D_-XY-Z_Y;Corner_2D_-X-YZ_X;Corner_2D_-X-YZ_Y;Corner_2D_-X-Y-Z_X;Corner_2D_-X-Y-Z_Y;
J0:19:17:55:349;Hatchback_Car_AI_C_3;211;39054.203125;-70391.046875;-54001.105469;-1;-1;743.955566;0.08209;-0.964658;-0.250392;39057.15625;-70424.25;-53928.128906;204.0;92.0;76.0;39167.300781;-70632.15625;-53905.773438;39163.832031;-70594.25;-54052.929688;38983.972656;-70647.828125;-53905.484375;38980.503906;-70609.921875;-54052.640625;39133.808594;-70238.578125;-53803.617188;39130.339844;-70200.671875;-53950.773438;38950.480469;-70254.25;-53803.328125;38947.011719;-70216.34375;-53950.484375;-1;-1;1902;599;1902;607;-1;-1;-1;-1;-1;-1;-1;-1;-1;-1;-1;-1
J0:19:17:55:349;Hatchback_Car_AI_C_7;211;39099.1875;-67154.515625;-53362.660156;-1;-1;683.572571;-0.141423;-0.986104;-0.087166;39096.207031;-67175.132812;-53285.179688;204.0;92.0;76.0;39157.460938;-67395.914062;-53227.222656;39159.382812;-67382.804688;-53378.644531;38975.328125;-67369.789062;-53227.277344;38977.25;-67356.679688;-53378.699219;39215.164062;-66993.585938;-53191.660156;39217.085938;-66980.476562;-53343.082031;39033.03125;-66967.460938;-53191.714844;39034.953125;-66954.351562;-53343.136719;-1;-1;-1;-1;-1;-1;-1;-1;-1;-1;-1;-1;-1;-1;-1;-1;-1;-1
