Time;ID;Cat;XPos;YPos;ZPos;2D_XPos;2D_YPos;Vel;XDir;YDir;ZDir;BBox_XPos;BBox_YPos;BBox_ZPos;BBox_Ext_X;BBox_Ext_Y;BBox_Ext_Z;Corner_XYZ_X;Corner_XYZ_Y;Corner_XYZ_Z;Corner_XY-Z_X;Corner_XY-Z_Y;Corner_XY-Z_Z;Corner_X-YZ_X;Corner_X-YZ_Y;Corner_X-YZ_Z;Corner_X-Y-Z_X;Corner_X-Y-Z_Y;Corner_X-Y-Z_Z;Corner_-XYZ_X;Corner_-XYZ_Y;Corner_-XYZ_Z;Corner_-XY-Z_X;Corner_-XY-Z_Y;Corner_-XY-Z_Z;Corner_-X-YZ_X;Corner_-X-YZ_Y;Corner_-X-YZ_Z;Corner_-X-Y-Z_X;Corner_-X-Y-Z_Y;Corner_-X-Y-Z_Z;BBox_2D_XPos;BBox_2D_YPos;Corner_2D_XYZ_X;Corner_2D_XYZ_Y;Corner_2D_XY-Z_X;Corner_2D_XY-Z_Y;Corner_2D_X-YZ_X;Corner_2D_X-YZ_Y;Corner_2D_X-Y-Z_X;Corner_2D_X-Y-Z_Y;Corner_2D_-XYZ_X;Corner_2D_-XYZ_Y;Corner_-2D_XY-Z_X;Corner_2D_-XY-Z_Y;Corner_2D_-X-YZ_X;Corner_2D_-X-YZ_Y;Corner_2D_-X-Y-Z_X;Corner_2D_-X-Y-Z_Y;
J0:19:19:48:149;Hatchback_Car_AI_C_7;211;39359.148438;-73370.96875;-54476.324219;1430;689;671.692932;0.093576;-0.995373;-0.021804;39360.488281;-73386.632812;-54397.648438;204.0;92.0;76.0;39471.203125;-73582.742188;-54325.960938;39471.148438;-73579.414062;-54477.921875;39288.007812;-73599.960938;-54326.273438;39287.953125;-73596.632812;-54478.234375;39433.023438;-73176.632812;-54317.0625;39432.96875;-73173.304688;-54469.023438;39249.828125;-73193.851562;-54317.375;39249.773438;-73190.523438;-54469.335938;1427;677;1388;663;1388;686;1450;663;1450;686;1404;668;1404;691;1468;668;1468;691
J0:19:19:48:149;Hatchback_Car_AI_C_11;211;39064.390625;-70501.460938;-54029.636719;-1;-1;679.621216;0.084276;-0.964232;-0.251304;39067.445312;-70534.726562;-53956.691406;204.0;92.0;76.0;39178.089844;-70742.390625;-53934.558594;39174.480469;-70704.359375;-54081.683594;38994.792969;-70758.5;-53934.230469;38991.183594;-70720.46875;-54081.355469;39143.707031;-70348.984375;-53832.027344;39140.097656;-70310.953125;-53979.152344;38960.410156;-70365.09375;-53831.699219;38956.800781;-70327.0625;-53978.824219;-1;-1;1882;604;1882;611;-1;-1;-1;-1;1918;607;1918;614;-1;-1;-1;-1
J0:19:19:48:149;Hatchback_Car_AI_C_15;211;39136.382812;-66910.15625;-53342.914062;-1;-1;689.569641;-0.156648;-0.985153;-0.070255;39133.273438;-66929.421875;-53265.09375;204.0;92.0;76.0;39191.296875;-67150.109375;-53203.5625;39193.054688;-67139.578125;-53355.1875;39009.578125;-67121.203125;-53203.664062;39011.335938;-67110.671875;-53355.289062;39255.210938;-66748.171875;-53174.898438;39256.96875;-66737.640625;-53326.523438;39073.492188;-66719.265625;-53175.0;39075.25;-66708.734375;-53326.625;-1;-1;-1;-1;-1;-1;-1;-1;-1;-1;-1;-1;-1;-1;-1;-1;-1;-1
