Time;ID;Cat;XPos;YPos;ZPos;2D_XPos;2D_YPos;Vel;XDir;YDir;ZDir;BBox_XPos;BBox_YPos;BBox_ZPos;BBox_Ext_X;BBox_Ext_Y;BBox_Ext_Z;Corner_XYZ_X;Corner_XYZ_Y;Corner_XYZ_Z;Corner_XY-Z_X;Corner_XY-Z_Y;Corner_XY-Z_Z;Corner_X-YZ_X;Corner_X-YZ_Y;Corner_X-YZ_Z;Corner_X-Y-Z_X;Corner_X-Y-Z_Y;Corner_X-Y-Z_Z;Corner_-XYZ_X;Corner_-XYZ_Y;Corner_-XYZ_Z;Corner_-XY-Z_X;Corner_-XY-Z_Y;Corner_-XY-Z_Z;Corner_-X-YZ_X;Corner_-X-YZ_Y;Corner_-X-YZ_Z;Corner_-X-Y-Z_X;Corner_-X-Y-Z_Y;Corner_-X-Y-Z_Z;BBox_2D_XPos;BBox_2D_YPos;Corner_2D_XYZ_X;Corner_2D_XYZ_Y;Corner_2D_XY-Z_X;Corner_2D_XY-Z_Y;Corner_2D_X-YZ_X;Corner_2D_X-YZ_Y;Corner_2D_X-Y-Z_X;Corner_2D_X-Y-Z_Y;Corner_2D_-XYZ_X;Corner_2D_-XYZ_Y;Corner_-2D_XY-Z_X;Corner_2D_-XY-Z_Y;Corner_2D_-X-YZ_X;Corner_2D_-X-YZ_Y;Corner_2D_-X-Y-Z_X;Corner_2D_-X-Y-Z_Y;
J0:19:17:37:235;Hatchback_Car_AI_C_3;211;38984.605469;-69309.78125;-53725.273438;-1;-1;699.020447;0.030806;-0.971028;-0.236973;38985.738281;-69342.085938;-53651.839844;204.0;92.0;76.0;39084.652344;-69555.226562;-53626.46875;39083.300781;-69519.226562;-53774.140625;38900.746094;-69561.117188;-53626.226562;38899.394531;-69525.117188;-53773.898438;39072.082031;-69159.054688;-53529.78125;39070.730469;-69123.054688;-53677.453125;38888.175781;-69164.945312;-53529.539062;38886.824219;-69128.945312;-53677.210938;-1;-1;-1;-1;-1;-1;-1;-1;-1;-1;-1;-1;-1;-1;-1;-1;-1;-1
J0:19:17:37:235;Hatchback_Car_AI_C_7;211;39284.59375;-66079.570312;-53300.292969;-1;-1;689.092468;-0.202985;-0.978638;-0.032632;39281.21875;-66095.796875;-53221.792969;204.0;92.0;76.0;39329.378906;-66316.554688;-53152.476562;39330.402344;-66311.695312;-53304.398438;39149.214844;-66279.179688;-53152.5;39150.238281;-66274.320312;-53304.421875;39412.199219;-65917.273438;-53139.164062;39413.222656;-65912.414062;-53291.085938;39232.035156;-65879.898438;-53139.1875;39233.058594;-65875.039062;-53291.109375;-1;-1;-1;-1;-1;-1;-1;-1;-1;-1;-1;-1;-1;-1;-1;-1;-1;-1
