Time;ID;Cat;XPos;YPos;ZPos;2D_XPos;2D_YPos;Vel;XDir;YDir;ZDir;BBox_XPos;BBox_YPos;BBox_ZPos;BBox_Ext_X;BBox_Ext_Y;BBox_Ext_Z;Corner_XYZ_X;Corner_XYZ_Y;Corner_XYZ_Z;Corner_XY-Z_X;Corner_XY-Z_Y;Corner_XY-Z_Z;Corner_X-YZ_X;Corner_X-YZ_Y;Corner_X-YZ_Z;Corner_X-Y-Z_X;Corner_X-Y-Z_Y;Corner_X-Y-Z_Z;Corner_-XYZ_X;Corner_-XYZ_Y;Corner_-XYZ_Z;Corner_-XY-Z_X;Corner_-XY-Z_Y;Corner_-XY-Z_Z;Corner_-X-YZ_X;Corner_-X-YZ_Y;Corner_-X-YZ_Z;Corner_-X-Y-Z_X;Corner_-X-Y-Z_Y;Corner_-X-Y-Z_Z;BBox_2D_XPos;BBox_2D_YPos;Corner_2D_XYZ_X;Corner_2D_XYZ_Y;Corner_2D_XY-Z_X;Corner_2D_XY-Z_Y;Corner_2D_X-YZ_X;Corner_2D_X-YZ_Y;Corner_2D_X-Y-Z_X;Corner_2D_X-Y-Z_Y;Corner_2D_-XYZ_X;Corner_2D_-XYZ_Y;Corner_-2D_XY-Z_X;Corner_2D_-XY-Z_Y;Corner_2D_-X-YZ_X;Corner_2D_-X-YZ_Y;Corner_2D_-X-Y-Z_X;Corner_2D_-X-Y-Z_Y;
J0:19:19:41:340;Hatchback_Car_AI_C_7;211;39324.179688;-73011.851562;-54463.074219;1491;688;631.926819;0.108182;-0.992419;-0.058326;39325.902344;-73030.359375;-54385.027344;204.0;92.0;76.0;39439.632812;-73227.296875;-54320.714844;39439.234375;-73218.421875;-54472.457031;39256.710938;-73247.203125;-54321.394531;39256.3125;-73238.328125;-54473.136719;39395.492188;-72822.390625;-54296.917969;39395.09375;-72813.515625;-54448.660156;39212.570312;-72842.296875;-54297.597656;39212.171875;-72833.421875;-54449.339844;1488;675;1446;663;1446;683;1509;663;1509;683;1466;668;1466;689;1531;668;1531;689
J0:19:19:41:340;Hatchback_Car_AI_C_11;211;39033.183594;-70130.59375;-53933.675781;-1;-1;651.062927;0.073043;-0.96428;-0.254617;39035.855469;-70164.140625;-53860.84375;204.0;92.0;76.0;39144.078125;-70373.15625;-53839.433594;39140.90625;-70334.578125;-53986.425781;38960.609375;-70387.125;-53839.144531;38957.4375;-70348.546875;-53986.136719;39114.273438;-69979.734375;-53735.550781;39111.101562;-69941.15625;-53882.542969;38930.804688;-69993.703125;-53735.261719;38927.632812;-69955.125;-53882.253906;-1;-1;-1;-1;-1;-1;-1;-1;-1;-1;-1;-1;-1;-1;-1;-1;-1;-1
J0:19:19:41:340;Hatchback_Car_AI_C_15;211;39199.714844;-66528.46875;-53319.789062;-1;-1;661.541992;-0.17747;-0.982842;-0.050266;39196.488281;-66546.132812;-53241.59375;204.0;92.0;76.0;39250.105469;-66766.734375;-53175.902344;39251.535156;-66759.234375;-53327.707031;39069.035156;-66734.03125;-53175.988281;39070.464844;-66726.53125;-53327.792969;39322.511719;-66365.734375;-53155.394531;39323.941406;-66358.234375;-53307.199219;39141.441406;-66333.03125;-53155.480469;39142.871094;-66325.53125;-53307.285156;-1;-1;-1;-1;-1;-1;-1;-1;-1;-1;-1;-1;-1;-1;-1;-1;-1;-1
