Time;ID;Cat;XPos;YPos;ZPos;2D_XPos;2D_YPos;Vel;XDir;YDir;ZDir;BBox_XPos;BBox_YPos;BBox_ZPos;BBox_Ext_X;BBox_Ext_Y;BBox_Ext_Z;Corner_XYZ_X;Corner_XYZ_Y;Corner_XYZ_Z;Corner_XY-Z_X;Corner_XY-Z_Y;Corner_XY-Z_Z;Corner_X-YZ_X;Corner_X-YZ_Y;Corner_X-YZ_Z;Corner_X-Y-Z_X;Corner_X-Y-Z_Y;Corner_X-Y-Z_Z;Corner_-XYZ_X;Corner_-XYZ_Y;Corner_-XYZ_Z;Corner_-XY-Z_X;Corner_-XY-Z_Y;Corner_-XY-Z_Z;Corner_-X-YZ_X;Corner_-X-YZ_Y;Corner_-X-YZ_Z;Corner_-X-Y-Z_X;Corner_-X-Y-Z_Y;Corner_-X-Y-Z_Z;BBox_2D_XPos;BBox_2D_YPos;Corner_2D_XYZ_X;Corner_2D_XYZ_Y;Corner_2D_XY-Z_X;Corner_2D_XY-Z_Y;Corner_2D_X-YZ_X;Corner_2D_X-YZ_Y;Corner_2D_X-Y-Z_X;Corner_2D_X-Y-Z_Y;Corner_2D_-XYZ_X;Corner_2D_-XYZ_Y;Corner_-2D_XY-Z_X;Corner_2D_-XY-Z_Y;Corner_2D_-X-YZ_X;Corner_2D_-X-YZ_Y;Corner_2D_-X-Y-Z_X;Corner_2D_-X-Y-Z_Y;
J0:19:17:57:931;Hatchback_Car_AI_C_0;211;39064.273438;-70513.8125;-54032.863281;-1;-1;704.880371;0.08401;-0.9644;-0.25075;39067.324219;-70547.03125;-53959.898438;204.0;92.0;76.0;39177.914062;-70754.703125;-53937.65625;39174.304688;-70716.765625;-54084.796875;38994.617188;-70770.765625;-53937.304688;38991.007812;-70732.828125;-54084.445312;39143.640625;-70361.234375;-53835.351562;39140.03125;-70323.296875;-53982.492188;38960.34375;-70377.296875;-53835.0;38956.734375;-70339.359375;-53982.140625;-1;-1;-1;-1;-1;-1;-1;-1;-1;-1;-1;-1;-1;-1;-1;-1;-1;-1
J0:19:17:57:931;Hatchback_Car_AI_C_7;211;39063.351562;-67427.367188;-53389.207031;-1;-1;700.961548;-0.127433;-0.986373;-0.104058;39060.535156;-67449.328125;-53312.09375;204.0;92.0;76.0;39124.785156;-67670.179688;-53257.757812;39126.777344;-67654.492188;-53408.929688;38942.300781;-67646.601562;-53257.710938;38944.292969;-67630.914062;-53408.882812;39176.777344;-67267.742188;-53215.304688;39178.769531;-67252.054688;-53366.476562;38994.292969;-67244.164062;-53215.257812;38996.285156;-67228.476562;-53366.429688;-1;-1;-1;-1;-1;-1;-1;-1;-1;-1;-1;-1;-1;-1;-1;-1;-1;-1
