Time;ID;Cat;XPos;YPos;ZPos;2D_XPos;2D_YPos;Vel;XDir;YDir;ZDir;BBox_XPos;BBox_YPos;BBox_ZPos;BBox_Ext_X;BBox_Ext_Y;BBox_Ext_Z;Corner_XYZ_X;Corner_XYZ_Y;Corner_XYZ_Z;Corner_XY-Z_X;Corner_XY-Z_Y;Corner_XY-Z_Z;Corner_X-YZ_X;Corner_X-YZ_Y;Corner_X-YZ_Z;Corner_X-Y-Z_X;Corner_X-Y-Z_Y;Corner_X-Y-Z_Z;Corner_-XYZ_X;Corner_-XYZ_Y;Corner_-XYZ_Z;Corner_-XY-Z_X;Corner_-XY-Z_Y;Corner_-XY-Z_Z;Corner_-X-YZ_X;Corner_-X-YZ_Y;Corner_-X-YZ_Z;Corner_-X-Y-Z_X;Corner_-X-Y-Z_Y;Corner_-X-Y-Z_Z;BBox_2D_XPos;BBox_2D_YPos;Corner_2D_XYZ_X;Corner_2D_XYZ_Y;Corner_2D_XY-Z_X;Corner_2D_XY-Z_Y;Corner_2D_X-YZ_X;Corner_2D_X-YZ_Y;Corner_2D_X-Y-Z_X;Corner_2D_X-Y-Z_Y;Corner_2D_-XYZ_X;Corner_2D_-XYZ_Y;Corner_-2D_XY-Z_X;Corner_2D_-XY-Z_Y;Corner_2D_-X-YZ_X;Corner_2D_-X-YZ_Y;Corner_2D_-X-Y-Z_X;Corner_2D_-X-Y-Z_Y;
J0:19:18:36:335;Hatchback_Car_AI_C_0;211;39281.773438;-72636.460938;-54436.132812;-1;-1;641.646362;0.114649;-0.988916;-0.094346;39283.816406;-72657.757812;-54358.808594;204.0;92.0;76.0;39399.015625;-72856.125;-54301.902344;39398.171875;-72841.78125;-54453.222656;39216.234375;-72877.21875;-54302.886719;39215.390625;-72862.875;-54454.207031;39352.242188;-72452.640625;-54263.410156;39351.398438;-72438.296875;-54414.730469;39169.460938;-72473.734375;-54264.394531;39168.617188;-72459.390625;-54415.714844;-1;-1;-1;-1;-1;-1;-1;-1;-1;-1;-1;-1;-1;-1;-1;-1;-1;-1
J0:19:18:36:335;Hatchback_Car_AI_C_7;211;38993.808594;-69572.132812;-53790.269531;-1;-1;694.051941;0.045751;-0.968347;-0.245379;38995.496094;-69605.046875;-53717.121094;204.0;92.0;76.0;39097.730469;-69816.828125;-53693.65625;39095.714844;-69779.578125;-53841.007812;38913.941406;-69825.59375;-53693.351562;38911.925781;-69788.34375;-53840.703125;39079.066406;-69421.75;-53593.539062;39077.050781;-69384.5;-53740.890625;38895.277344;-69430.515625;-53593.234375;38893.261719;-69393.265625;-53740.585938;-1;-1;-1;-1;-1;-1;-1;-1;-1;-1;-1;-1;-1;-1;-1;-1;-1;-1
J0:19:18:36:335;Hatchback_Car_AI_C_11;211;39261.222656;-66195.960938;-53304.734375;-1;-1;670.075562;-0.196732;-0.979753;-0.037164;39257.882812;-66212.554688;-53226.308594;204.0;92.0;76.0;39307.386719;-66433.296875;-53157.933594;39308.511719;-66427.765625;-53309.832031;39126.988281;-66397.078125;-53157.949219;39128.113281;-66391.546875;-53309.847656;39387.652344;-66033.5625;-53142.769531;39388.777344;-66028.03125;-53294.667969;39207.253906;-65997.34375;-53142.785156;39208.378906;-65991.8125;-53294.683594;-1;-1;-1;-1;-1;-1;-1;-1;-1;-1;-1;-1;-1;-1;-1;-1;-1;-1
