Time;ID;Cat;XPos;YPos;ZPos;2D_XPos;2D_YPos;Vel;XDir;YDir;ZDir;BBox_XPos;BBox_YPos;BBox_ZPos;BBox_Ext_X;BBox_Ext_Y;BBox_Ext_Z;Corner_XYZ_X;Corner_XYZ_Y;Corner_XYZ_Z;Corner_XY-Z_X;Corner_XY-Z_Y;Corner_XY-Z_Z;Corner_X-YZ_X;Corner_X-YZ_Y;Corner_X-YZ_Z;Corner_X-Y-Z_X;Corner_X-Y-Z_Y;Corner_X-Y-Z_Z;Corner_-XYZ_X;Corner_-XYZ_Y;Corner_-XYZ_Z;Corner_-XY-Z_X;Corner_-XY-Z_Y;Corner_-XY-Z_Z;Corner_-X-YZ_X;Corner_-X-YZ_Y;Corner_-X-YZ_Z;Corner_-X-Y-Z_X;Corner_-X-Y-Z_Y;Corner_-X-Y-Z_Z;BBox_2D_XPos;BBox_2D_YPos;Corner_2D_XYZ_X;Corner_2D_XYZ_Y;Corner_2D_XY-Z_X;Corner_2D_XY-Z_Y;Corner_2D_X-YZ_X;Corner_2D_X-YZ_Y;Corner_2D_X-Y-Z_X;Corner_2D_X-Y-Z_Y;Corner_2D_-XYZ_X;Corner_2D_-XYZ_Y;Corner_-2D_XY-Z_X;Corner_2D_-XY-Z_Y;Corner_2D_-X-YZ_X;Corner_2D_-X-YZ_Y;Corner_2D_-X-Y-Z_X;Corner_2D_-X-Y-Z_Y;
J0:19:18:15:927;Hatchback_Car_AI_C_0;211;39158.179688;-71505.695312;-54271.058594;-1;-1;651.660217;0.097592;-0.973927;-0.204796;39161.148438;-71535.429688;-54196.601562;204.0;92.0;76.0;39274.144531;-71740.421875;-54163.976562;39271.058594;-71709.453125;-54312.757812;39091.058594;-71758.765625;-54164.0;39087.972656;-71727.796875;-54312.78125;39234.324219;-71343.0625;-54080.421875;39231.238281;-71312.09375;-54229.203125;39051.238281;-71361.40625;-54080.445312;39048.152344;-71330.4375;-54229.226562;-1;-1;-1;-1;-1;-1;-1;-1;-1;-1;-1;-1;-1;-1;-1;-1;-1;-1
J0:19:18:15:927;Hatchback_Car_AI_C_7;211;38981.753906;-68432.46875;-53534.519531;-1;-1;694.970581;-0.041736;-0.982745;-0.180197;38980.570312;-68460.453125;-53459.335938;204.0;92.0;76.0;39063.394531;-68678.515625;-53421.34375;39064.550781;-68651.15625;-53570.859375;38879.558594;-68670.703125;-53421.335938;38880.714844;-68643.34375;-53570.851562;39080.425781;-68277.5625;-53347.820312;39081.582031;-68250.203125;-53497.335938;38896.589844;-68269.75;-53347.8125;38897.746094;-68242.390625;-53497.328125;-1;-1;-1;-1;-1;-1;-1;-1;-1;-1;-1;-1;-1;-1;-1;-1;-1;-1
