Time;ID;Cat;XPos;YPos;ZPos;2D_XPos;2D_YPos;Vel;XDir;YDir;ZDir;BBox_XPos;BBox_YPos;BBox_ZPos;BBox_Ext_X;BBox_Ext_Y;BBox_Ext_Z;Corner_XYZ_X;Corner_XYZ_Y;Corner_XYZ_Z;Corner_XY-Z_X;Corner_XY-Z_Y;Corner_XY-Z_Z;Corner_X-YZ_X;Corner_X-YZ_Y;Corner_X-YZ_Z;Corner_X-Y-Z_X;Corner_X-Y-Z_Y;Corner_X-Y-Z_Z;Corner_-XYZ_X;Corner_-XYZ_Y;Corner_-XYZ_Z;Corner_-XY-Z_X;Corner_-XY-Z_Y;Corner_-XY-Z_Z;Corner_-X-YZ_X;Corner_-X-YZ_Y;Corner_-X-YZ_Z;Corner_-X-Y-Z_X;Corner_-X-Y-Z_Y;Corner_-X-Y-Z_Z;BBox_2D_XPos;BBox_2D_YPos;Corner_2D_XYZ_X;Corner_2D_XYZ_Y;Corner_2D_XY-Z_X;Corner_2D_XY-Z_Y;Corner_2D_X-YZ_X;Corner_2D_X-YZ_Y;Corner_2D_X-Y-Z_X;Corner_2D_X-Y-Z_Y;Corner_2D_-XYZ_X;Corner_2D_-XYZ_Y;Corner_-2D_XY-Z_X;Corner_2D_-XY-Z_Y;Corner_2D_-X-YZ_X;Corner_2D_-X-YZ_Y;Corner_2D_-X-Y-Z_X;Corner_2D_-X-Y-Z_Y;
J0:19:18:04:734;Hatchback_Car_AI_C_0;211;39098.546875;-70889.398438;-54128.054688;-1;-1;674.192444;0.087963;-0.96576;-0.24407;39101.773438;-70922.101562;-54054.859375;204.0;92.0;76.0;39213.25;-71129.15625;-54031.222656;39209.414062;-71092.25;-54178.628906;39030.023438;-71145.984375;-54030.667969;39026.1875;-71109.078125;-54178.074219;39177.359375;-70735.125;-53931.644531;39173.523438;-70698.21875;-54079.050781;38994.132812;-70751.953125;-53931.089844;38990.296875;-70715.046875;-54078.496094;-1;-1;-1;-1;-1;-1;-1;-1;-1;-1;-1;-1;-1;-1;-1;-1;-1;-1
J0:19:18:04:734;Hatchback_Car_AI_C_7;211;39022.21875;-67806.8125;-53435.214844;-1;-1;698.639587;-0.09618;-0.986657;-0.131368;39019.847656;-67830.953125;-53358.738281;204.0;92.0;76.0;39090.808594;-68051.101562;-53310.179688;39092.777344;-68031.226562;-53460.859375;38907.675781;-68033.242188;-53310.21875;38909.644531;-68013.367188;-53460.898438;39130.050781;-67648.539062;-53256.578125;39132.019531;-67628.664062;-53407.257812;38946.917969;-67630.679688;-53256.617188;38948.886719;-67610.804688;-53407.296875;-1;-1;-1;-1;-1;-1;-1;-1;-1;-1;-1;-1;-1;-1;-1;-1;-1;-1
