Time;ID;Cat;XPos;YPos;ZPos;2D_XPos;2D_YPos;Vel;XDir;YDir;ZDir;BBox_XPos;BBox_YPos;BBox_ZPos;BBox_Ext_X;BBox_Ext_Y;BBox_Ext_Z;Corner_XYZ_X;Corner_XYZ_Y;Corner_XYZ_Z;Corner_XY-Z_X;Corner_XY-Z_Y;Corner_XY-Z_Z;Corner_X-YZ_X;Corner_X-YZ_Y;Corner_X-YZ_Z;Corner_X-Y-Z_X;Corner_X-Y-Z_Y;Corner_X-Y-Z_Z;Corner_-XYZ_X;Corner_-XYZ_Y;Corner_-XYZ_Z;Corner_-XY-Z_X;Corner_-XY-Z_Y;Corner_-XY-Z_Z;Corner_-X-YZ_X;Corner_-X-YZ_Y;Corner_-X-YZ_Z;Corner_-X-Y-Z_X;Corner_-X-Y-Z_Y;Corner_-X-Y-Z_Z;BBox_2D_XPos;BBox_2D_YPos;Corner_2D_XYZ_X;Corner_2D_XYZ_Y;Corner_2D_XY-Z_X;Corner_2D_XY-Z_Y;Corner_2D_X-YZ_X;Corner_2D_X-YZ_Y;Corner_2D_X-Y-Z_X;Corner_2D_X-Y-Z_Y;Corner_2D_-XYZ_X;Corner_2D_-XYZ_Y;Corner_-2D_XY-Z_X;Corner_2D_-XY-Z_Y;Corner_2D_-X-YZ_X;Corner_2D_-X-YZ_Y;Corner_2D_-X-Y-Z_X;Corner_2D_-X-Y-Z_Y;
J0:19:18:12:336;Hatchback_Car_AI_C_0;211;39138.890625;-71310.195312;-54228.847656;-1;-1;681.867981;0.09429;-0.970082;-0.223719;39142.085938;-71341.351562;-54154.980469;204.0;92.0;76.0;39254.683594;-71547.210938;-54126.734375;39251.082031;-71513.398438;-54274.882812;39071.558594;-71565.101562;-54126.359375;39067.957031;-71531.289062;-54274.507812;39216.214844;-71151.414062;-54035.453125;39212.613281;-71117.601562;-54183.601562;39033.089844;-71169.304688;-54035.078125;39029.488281;-71135.492188;-54183.226562;-1;-1;-1;-1;-1;-1;-1;-1;-1;-1;-1;-1;-1;-1;-1;-1;-1;-1
J0:19:18:12:336;Hatchback_Car_AI_C_7;211;38990.976562;-68228.632812;-53498.734375;-1;-1;691.658264;-0.060401;-0.984666;-0.163663;38989.355469;-68255.320312;-53423.089844;204.0;92.0;76.0;39068.117188;-68474.242188;-53381.519531;39069.609375;-68449.414062;-53531.472656;38884.460938;-68462.976562;-53381.480469;38885.953125;-68438.148438;-53531.433594;39092.757812;-68072.492188;-53314.746094;39094.25;-68047.664062;-53464.699219;38909.101562;-68061.226562;-53314.707031;38910.59375;-68036.398438;-53464.660156;-1;-1;-1;-1;-1;-1;-1;-1;-1;-1;-1;-1;-1;-1;-1;-1;-1;-1
