Time;ID;Cat;XPos;YPos;ZPos;2D_XPos;2D_YPos;Vel;XDir;YDir;ZDir;BBox_XPos;BBox_YPos;BBox_ZPos;BBox_Ext_X;BBox_Ext_Y;BBox_Ext_Z;Corner_XYZ_X;Corner_XYZ_Y;Corner_XYZ_Z;Corner_XY-Z_X;Corner_XY-Z_Y;Corner_XY-Z_Z;Corner_X-YZ_X;Corner_X-YZ_Y;Corner_X-YZ_Z;Corner_X-Y-Z_X;Corner_X-Y-Z_Y;Corner_X-Y-Z_Z;Corner_-XYZ_X;Corner_-XYZ_Y;Corner_-XYZ_Z;Corner_-XY-Z_X;Corner_-XY-Z_Y;Corner_-XY-Z_Z;Corner_-X-YZ_X;Corner_-X-YZ_Y;Corner_-X-YZ_Z;Corner_-X-Y-Z_X;Corner_-X-Y-Z_Y;Corner_-X-Y-Z_Z;BBox_2D_XPos;BBox_2D_YPos;Corner_2D_XYZ_X;Corner_2D_XYZ_Y;Corner_2D_XY-Z_X;Corner_2D_XY-Z_Y;Corner_2D_X-YZ_X;Corner_2D_X-YZ_Y;Corner_2D_X-Y-Z_X;Corner_2D_X-Y-Z_Y;Corner_2D_-XYZ_X;Corner_2D_-XYZ_Y;Corner_-2D_XY-Z_X;Corner_2D_-XY-Z_Y;Corner_2D_-X-YZ_X;Corner_2D_-X-YZ_Y;Corner_2D_-X-Y-Z_X;Corner_2D_-X-Y-Z_Y;
J0:19:18:01:129;Hatchback_Car_AI_C_0;211;39080.304688;-70691.929688;-54078.492188;-1;-1;660.960693;0.086726;-0.964392;-0.249852;39083.472656;-70725.070312;-54005.496094;204.0;92.0;76.0;39194.667969;-70932.40625;-53983.085938;39190.910156;-70894.609375;-54130.265625;39011.417969;-70949.0;-53982.664062;39007.660156;-70911.203125;-54129.84375;39159.285156;-70538.9375;-53881.148438;39155.527344;-70501.140625;-54028.328125;38976.035156;-70555.53125;-53880.726562;38972.277344;-70517.734375;-54027.90625;-1;-1;-1;-1;-1;-1;-1;-1;-1;-1;-1;-1;-1;-1;-1;-1;-1;-1
J0:19:18:01:129;Hatchback_Car_AI_C_7;211;39042.5625;-67606.398438;-53409.851562;-1;-1;667.410095;-0.114636;-0.986298;-0.118633;39039.917969;-67629.523438;-53333.070312;204.0;92.0;76.0;39106.917969;-67850.304688;-53281.851562;39108.917969;-67832.382812;-53432.78125;38924.144531;-67829.070312;-53281.757812;38926.144531;-67811.148438;-53432.6875;39153.691406;-67447.898438;-53233.453125;39155.691406;-67429.976562;-53384.382812;38970.917969;-67426.664062;-53233.359375;38972.917969;-67408.742188;-53384.289062;-1;-1;-1;-1;-1;-1;-1;-1;-1;-1;-1;-1;-1;-1;-1;-1;-1;-1
