Time;ID;Cat;XPos;YPos;ZPos;2D_XPos;2D_YPos;Vel;XDir;YDir;ZDir;BBox_XPos;BBox_YPos;BBox_ZPos;BBox_Ext_X;BBox_Ext_Y;BBox_Ext_Z;Corner_XYZ_X;Corner_XYZ_Y;Corner_XYZ_Z;Corner_XY-Z_X;Corner_XY-Z_Y;Corner_XY-Z_Z;Corner_X-YZ_X;Corner_X-YZ_Y;Corner_X-YZ_Z;Corner_X-Y-Z_X;Corner_X-Y-Z_Y;Corner_X-Y-Z_Z;Corner_-XYZ_X;Corner_-XYZ_Y;Corner_-XYZ_Z;Corner_-XY-Z_X;Corner_-XY-Z_Y;Corner_-XY-Z_Z;Corner_-X-YZ_X;Corner_-X-YZ_Y;Corner_-X-YZ_Z;Corner_-X-Y-Z_X;Corner_-X-Y-Z_Y;Corner_-X-Y-Z_Z;BBox_2D_XPos;BBox_2D_YPos;Corner_2D_XYZ_X;Corner_2D_XYZ_Y;Corner_2D_XY-Z_X;Corner_2D_XY-Z_Y;Corner_2D_X-YZ_X;Corner_2D_X-YZ_Y;Corner_2D_X-Y-Z_X;Corner_2D_X-Y-Z_Y;Corner_2D_-XYZ_X;Corner_2D_-XYZ_Y;Corner_-2D_XY-Z_X;Corner_2D_-XY-Z_Y;Corner_2D_-X-YZ_X;Corner_2D_-X-YZ_Y;Corner_2D_-X-Y-Z_X;Corner_2D_-X-Y-Z_Y;
J0:19:18:21:530;Hatchback_Car_AI_C_0;211;39190.46875;-71814.34375;-54328.878906;-1;-1;667.283691;0.102971;-0.979518;-0.173038;39193.128906;-71841.671875;-54253.492188;204.0;92.0;76.0;39306.808594;-72045.015625;-54213.699219;39304.464844;-72018.8125;-54363.402344;39123.808594;-72064.171875;-54214.183594;39121.464844;-72037.96875;-54363.886719;39264.792969;-71645.375;-54143.097656;39262.449219;-71619.171875;-54292.800781;39081.792969;-71664.53125;-54143.582031;39079.449219;-71638.328125;-54293.285156;-1;-1;-1;-1;-1;-1;-1;-1;-1;-1;-1;-1;-1;-1;-1;-1;-1;-1
J0:19:18:21:530;Hatchback_Car_AI_C_7;211;38974.429688;-68746.28125;-53596.515625;-1;-1;649.186768;-0.012383;-0.978137;-0.207594;38974.066406;-68776.375;-53522.144531;204.0;92.0;76.0;39063.347656;-68992.851562;-53490.167969;39063.714844;-68961.304688;-53638.855469;38879.363281;-68990.523438;-53490.128906;38879.730469;-68958.976562;-53638.816406;39068.402344;-68593.773438;-53405.472656;39068.769531;-68562.226562;-53554.160156;38884.417969;-68591.445312;-53405.433594;38884.785156;-68559.898438;-53554.121094;-1;-1;-1;-1;-1;-1;-1;-1;-1;-1;-1;-1;-1;-1;-1;-1;-1;-1
