Time;ID;Cat;XPos;YPos;ZPos;2D_XPos;2D_YPos;Vel;XDir;YDir;ZDir;BBox_XPos;BBox_YPos;BBox_ZPos;BBox_Ext_X;BBox_Ext_Y;BBox_Ext_Z;Corner_XYZ_X;Corner_XYZ_Y;Corner_XYZ_Z;Corner_XY-Z_X;Corner_XY-Z_Y;Corner_XY-Z_Z;Corner_X-YZ_X;Corner_X-YZ_Y;Corner_X-YZ_Z;Corner_X-Y-Z_X;Corner_X-Y-Z_Y;Corner_X-Y-Z_Z;Corner_-XYZ_X;Corner_-XYZ_Y;Corner_-XYZ_Z;Corner_-XY-Z_X;Corner_-XY-Z_Y;Corner_-XY-Z_Z;Corner_-X-YZ_X;Corner_-X-YZ_Y;Corner_-X-YZ_Z;Corner_-X-Y-Z_X;Corner_-X-Y-Z_Y;Corner_-X-Y-Z_Z;BBox_2D_XPos;BBox_2D_YPos;Corner_2D_XYZ_X;Corner_2D_XYZ_Y;Corner_2D_XY-Z_X;Corner_2D_XY-Z_Y;Corner_2D_X-YZ_X;Corner_2D_X-YZ_Y;Corner_2D_X-Y-Z_X;Corner_2D_X-Y-Z_Y;Corner_2D_-XYZ_X;Corner_2D_-XYZ_Y;Corner_-2D_XY-Z_X;Corner_2D_-XY-Z_Y;Corner_2D_-X-YZ_X;Corner_2D_-X-YZ_Y;Corner_2D_-X-Y-Z_X;Corner_2D_-X-Y-Z_Y;
J0:19:18:21:131;Hatchback_Car_AI_C_0;211;39188.125;-71792.484375;-54325.058594;-1;-1;680.668823;0.104518;-0.979057;-0.17471;39190.828125;-71819.9375;-54249.71875;204.0;92.0;76.0;39304.824219;-72023.171875;-54210.269531;39302.441406;-71996.71875;-54359.933594;39121.855469;-72042.609375;-54210.785156;39119.472656;-72016.15625;-54360.449219;39262.183594;-71623.71875;-54138.988281;39259.800781;-71597.265625;-54288.652344;39079.214844;-71643.15625;-54139.503906;39076.832031;-71616.703125;-54289.167969;-1;-1;-1;-1;-1;-1;-1;-1;-1;-1;-1;-1;-1;-1;-1;-1;-1;-1
J0:19:18:21:131;Hatchback_Car_AI_C_7;211;38974.605469;-68725.203125;-53592.027344;-1;-1;658.514343;-0.016188;-0.978467;-0.205765;38974.175781;-68755.15625;-53517.597656;204.0;92.0;76.0;39062.667969;-68971.914062;-53485.273438;39063.058594;-68940.632812;-53634.023438;38878.691406;-68968.898438;-53485.125;38879.082031;-68937.617188;-53633.875;39069.269531;-68572.695312;-53401.320312;39069.660156;-68541.414062;-53550.070312;38885.292969;-68569.679688;-53401.171875;38885.683594;-68538.398438;-53549.921875;-1;-1;-1;-1;-1;-1;-1;-1;-1;-1;-1;-1;-1;-1;-1;-1;-1;-1
