Time;ID;Cat;XPos;YPos;ZPos;2D_XPos;2D_YPos;Vel;XDir;YDir;ZDir;BBox_XPos;BBox_YPos;BBox_ZPos;BBox_Ext_X;BBox_Ext_Y;BBox_Ext_Z;Corner_XYZ_X;Corner_XYZ_Y;Corner_XYZ_Z;Corner_XY-Z_X;Corner_XY-Z_Y;Corner_XY-Z_Z;Corner_X-YZ_X;Corner_X-YZ_Y;Corner_X-YZ_Z;Corner_X-Y-Z_X;Corner_X-Y-Z_Y;Corner_X-Y-Z_Z;Corner_-XYZ_X;Corner_-XYZ_Y;Corner_-XYZ_Z;Corner_-XY-Z_X;Corner_-XY-Z_Y;Corner_-XY-Z_Z;Corner_-X-YZ_X;Corner_-X-YZ_Y;Corner_-X-YZ_Z;Corner_-X-Y-Z_X;Corner_-X-Y-Z_Y;Corner_-X-Y-Z_Z;BBox_2D_XPos;BBox_2D_YPos;Corner_2D_XYZ_X;Corner_2D_XYZ_Y;Corner_2D_XY-Z_X;Corner_2D_XY-Z_Y;Corner_2D_X-YZ_X;Corner_2D_X-YZ_Y;Corner_2D_X-Y-Z_X;Corner_2D_X-Y-Z_Y;Corner_2D_-XYZ_X;Corner_2D_-XYZ_Y;Corner_-2D_XY-Z_X;Corner_2D_-XY-Z_Y;Corner_2D_-X-YZ_X;Corner_2D_-X-YZ_Y;Corner_2D_-X-Y-Z_X;Corner_2D_-X-Y-Z_Y;
J0:19:19:13:133;Hatchback_Car_AI_C_0;211;39421.144531;-74656.960938;-54449.53125;63;687;670.26947;0.012696;-0.99904;0.041928;39421.390625;-74667.632812;-54370.015625;204.0;92.0;76.0;39516.039062;-74867.085938;-54285.65625;39515.90625;-74873.460938;-54437.523438;39332.054688;-74869.414062;-54285.398438;39331.921875;-74875.789062;-54437.265625;39510.859375;-74459.476562;-54302.765625;39510.726562;-74465.851562;-54454.632812;39326.875;-74461.804688;-54302.507812;39326.742188;-74468.179688;-54454.375;65;673;85;660;85;691;13;660;13;691;115;656;115;685;45;656;45;685
J0:19:19:13:133;Hatchback_Car_AI_C_7;211;39168.632812;-71609.953125;-54291.671875;-1;-1;664.146667;0.097749;-0.976011;-0.194544;39171.484375;-71638.914062;-54216.90625;204.0;92.0;76.0;39284.394531;-71843.585938;-54181.992188;39281.542969;-71814.148438;-54331.085938;39101.308594;-71861.898438;-54182.101562;39098.457031;-71832.460938;-54331.195312;39244.511719;-71445.367188;-54102.617188;39241.660156;-71415.929688;-54251.710938;39061.425781;-71463.679688;-54102.726562;39058.574219;-71434.242188;-54251.820312;-1;-1;-1;-1;-1;-1;-1;-1;-1;-1;-1;-1;-1;-1;-1;-1;-1;-1
J0:19:19:13:133;Hatchback_Car_AI_C_11;211;38991.636719;-68235.59375;-53499.941406;-1;-1;697.793457;-0.058681;-0.984594;-0.164716;38990.035156;-68262.367188;-53424.328125;204.0;92.0;76.0;39069.148438;-68481.195312;-53382.960938;39070.648438;-68456.210938;-53532.882812;38885.476562;-68470.242188;-53382.976562;38886.976562;-68445.257812;-53532.898438;39093.09375;-68079.476562;-53315.757812;39094.59375;-68054.492188;-53465.679688;38909.421875;-68068.523438;-53315.773438;38910.921875;-68043.539062;-53465.695312;-1;-1;-1;-1;-1;-1;-1;-1;-1;-1;-1;-1;-1;-1;-1;-1;-1;-1
