Time;ID;Cat;XPos;YPos;ZPos;2D_XPos;2D_YPos;Vel;XDir;YDir;ZDir;BBox_XPos;BBox_YPos;BBox_ZPos;BBox_Ext_X;BBox_Ext_Y;BBox_Ext_Z;Corner_XYZ_X;Corner_XYZ_Y;Corner_XYZ_Z;Corner_XY-Z_X;Corner_XY-Z_Y;Corner_XY-Z_Z;Corner_X-YZ_X;Corner_X-YZ_Y;Corner_X-YZ_Z;Corner_X-Y-Z_X;Corner_X-Y-Z_Y;Corner_X-Y-Z_Z;Corner_-XYZ_X;Corner_-XYZ_Y;Corner_-XYZ_Z;Corner_-XY-Z_X;Corner_-XY-Z_Y;Corner_-XY-Z_Z;Corner_-X-YZ_X;Corner_-X-YZ_Y;Corner_-X-YZ_Z;Corner_-X-Y-Z_X;Corner_-X-Y-Z_Y;Corner_-X-Y-Z_Z;BBox_2D_XPos;BBox_2D_YPos;Corner_2D_XYZ_X;Corner_2D_XYZ_Y;Corner_2D_XY-Z_X;Corner_2D_XY-Z_Y;Corner_2D_X-YZ_X;Corner_2D_X-YZ_Y;Corner_2D_X-Y-Z_X;Corner_2D_X-Y-Z_Y;Corner_2D_-XYZ_X;Corner_2D_-XYZ_Y;Corner_-2D_XY-Z_X;Corner_2D_-XY-Z_Y;Corner_2D_-X-YZ_X;Corner_2D_-X-YZ_Y;Corner_2D_-X-Y-Z_X;Corner_2D_-X-Y-Z_Y;
J0:19:19:03:532;Hatchback_Car_AI_C_0;211;39408.703125;-74125.8125;-54469.6875;-1;-1;656.477661;0.047379;-0.998404;0.030751;39409.410156;-74137.359375;-54390.292969;204.0;92.0;76.0;39511.015625;-74334.335938;-54308.238281;39510.929688;-74339.023438;-54460.167969;39327.21875;-74343.039062;-54307.871094;39327.132812;-74347.726562;-54459.800781;39491.6875;-73926.992188;-54320.785156;39491.601562;-73931.679688;-54472.714844;39307.890625;-73935.695312;-54320.417969;39307.804688;-73940.382812;-54472.347656;-1;-1;-1;-1;-1;-1;-1;-1;-1;-1;25;659;25;688;-1;-1;-1;-1
J0:19:19:03:532;Hatchback_Car_AI_C_7;211;39115.386719;-71074.0;-54173.519531;-1;-1;657.534668;0.089869;-0.966641;-0.239854;39118.648438;-71106.375;-54100.183594;204.0;92.0;76.0;39230.507812;-71313.109375;-54075.617188;39226.648438;-71276.859375;-54223.179688;39047.3125;-71330.28125;-54075.046875;39043.453125;-71294.03125;-54222.609375;39193.84375;-70918.71875;-53977.757812;39189.984375;-70882.46875;-54125.320312;39010.648438;-70935.890625;-53977.1875;39006.789062;-70899.640625;-54124.75;-1;-1;-1;-1;-1;-1;-1;-1;-1;-1;-1;-1;-1;-1;-1;-1;-1;-1
J0:19:19:03:532;Hatchback_Car_AI_C_11;211;39033.460938;-67694.484375;-53420.402344;-1;-1;704.911377;-0.105637;-0.986723;-0.123361;39030.96875;-67717.992188;-53343.734375;204.0;92.0;76.0;39099.921875;-67938.398438;-53293.507812;39101.867188;-67919.742188;-53444.34375;38916.96875;-67918.820312;-53293.453125;38918.914062;-67900.164062;-53444.289062;39143.023438;-67535.820312;-53243.179688;39144.96875;-67517.164062;-53394.015625;38960.070312;-67516.242188;-53243.125;38962.015625;-67497.585938;-53393.960938;-1;-1;-1;-1;-1;-1;-1;-1;-1;-1;-1;-1;-1;-1;-1;-1;-1;-1
