Time;ID;Cat;XPos;YPos;ZPos;2D_XPos;2D_YPos;Vel;XDir;YDir;ZDir;BBox_XPos;BBox_YPos;BBox_ZPos;BBox_Ext_X;BBox_Ext_Y;BBox_Ext_Z;Corner_XYZ_X;Corner_XYZ_Y;Corner_XYZ_Z;Corner_XY-Z_X;Corner_XY-Z_Y;Corner_XY-Z_Z;Corner_X-YZ_X;Corner_X-YZ_Y;Corner_X-YZ_Z;Corner_X-Y-Z_X;Corner_X-Y-Z_Y;Corner_X-Y-Z_Z;Corner_-XYZ_X;Corner_-XYZ_Y;Corner_-XYZ_Z;Corner_-XY-Z_X;Corner_-XY-Z_Y;Corner_-XY-Z_Z;Corner_-X-YZ_X;Corner_-X-YZ_Y;Corner_-X-YZ_Z;Corner_-X-Y-Z_X;Corner_-X-Y-Z_Y;Corner_-X-Y-Z_Z;BBox_2D_XPos;BBox_2D_YPos;Corner_2D_XYZ_X;Corner_2D_XYZ_Y;Corner_2D_XY-Z_X;Corner_2D_XY-Z_Y;Corner_2D_X-YZ_X;Corner_2D_X-YZ_Y;Corner_2D_X-Y-Z_X;Corner_2D_X-Y-Z_Y;Corner_2D_-XYZ_X;Corner_2D_-XYZ_Y;Corner_-2D_XY-Z_X;Corner_2D_-XY-Z_Y;Corner_2D_-X-YZ_X;Corner_2D_-X-YZ_Y;Corner_2D_-X-Y-Z_X;Corner_2D_-X-Y-Z_Y;
J0:19:18:02:335;Hatchback_Car_AI_C_0;211;39086.140625;-70756.015625;-54094.734375;-1;-1;664.014954;0.08621;-0.964852;-0.248252;39089.320312;-70789.039062;-54021.683594;204.0;92.0;76.0;39200.433594;-70996.390625;-53998.964844;39196.636719;-70958.84375;-54146.207031;39017.175781;-71012.890625;-53998.449219;39013.378906;-70975.34375;-54145.691406;39165.261719;-70602.734375;-53897.675781;39161.464844;-70565.1875;-54044.917969;38982.003906;-70619.234375;-53897.160156;38978.207031;-70581.6875;-54044.402344;-1;-1;-1;-1;-1;-1;-1;-1;-1;-1;-1;-1;-1;-1;-1;-1;-1;-1
J0:19:18:02:335;Hatchback_Car_AI_C_7;211;39035.539062;-67672.085938;-53417.820312;-1;-1;670.177856;-0.107692;-0.986523;-0.123187;39032.988281;-67695.570312;-53341.148438;204.0;92.0;76.0;39101.472656;-67916.109375;-53290.871094;39103.480469;-67897.5;-53441.714844;38918.558594;-67896.140625;-53290.839844;38920.566406;-67877.53125;-53441.683594;39145.410156;-67513.609375;-53240.613281;39147.417969;-67495.0;-53391.457031;38962.496094;-67493.640625;-53240.582031;38964.503906;-67475.03125;-53391.425781;-1;-1;-1;-1;-1;-1;-1;-1;-1;-1;-1;-1;-1;-1;-1;-1;-1;-1
