Time;ID;Cat;XPos;YPos;ZPos;2D_XPos;2D_YPos;Vel;XDir;YDir;ZDir;BBox_XPos;BBox_YPos;BBox_ZPos;BBox_Ext_X;BBox_Ext_Y;BBox_Ext_Z;Corner_XYZ_X;Corner_XYZ_Y;Corner_XYZ_Z;Corner_XY-Z_X;Corner_XY-Z_Y;Corner_XY-Z_Z;Corner_X-YZ_X;Corner_X-YZ_Y;Corner_X-YZ_Z;Corner_X-Y-Z_X;Corner_X-Y-Z_Y;Corner_X-Y-Z_Z;Corner_-XYZ_X;Corner_-XYZ_Y;Corner_-XYZ_Z;Corner_-XY-Z_X;Corner_-XY-Z_Y;Corner_-XY-Z_Z;Corner_-X-YZ_X;Corner_-X-YZ_Y;Corner_-X-YZ_Z;Corner_-X-Y-Z_X;Corner_-X-Y-Z_Y;Corner_-X-Y-Z_Z;BBox_2D_XPos;BBox_2D_YPos;Corner_2D_XYZ_X;Corner_2D_XYZ_Y;Corner_2D_XY-Z_X;Corner_2D_XY-Z_Y;Corner_2D_X-YZ_X;Corner_2D_X-YZ_Y;Corner_2D_X-Y-Z_X;Corner_2D_X-Y-Z_Y;Corner_2D_-XYZ_X;Corner_2D_-XYZ_Y;Corner_-2D_XY-Z_X;Corner_2D_-XY-Z_Y;Corner_2D_-X-YZ_X;Corner_2D_-X-YZ_Y;Corner_2D_-X-Y-Z_X;Corner_2D_-X-Y-Z_Y;
J0:19:19:15:532;Hatchback_Car_AI_C_0;211;39421.507812;-74791.195312;-54444.105469;87;686;643.414185;0.00553;-0.999187;0.039934;39421.652344;-74802.03125;-54364.609375;204.0;92.0;76.0;39514.847656;-75002.320312;-54280.621094;39514.714844;-75008.398438;-54432.496094;39330.847656;-75003.335938;-54280.425781;39330.714844;-75009.414062;-54432.300781;39512.589844;-74594.648438;-54296.917969;39512.457031;-74600.726562;-54448.792969;39328.589844;-74595.664062;-54296.722656;39328.457031;-74601.742188;-54448.597656;89;672;110;659;110;690;37;659;37;690;139;655;139;684;68;655;68;684
J0:19:19:15:532;Hatchback_Car_AI_C_7;211;39181.800781;-71736.414062;-54315.308594;-1;-1;660.026001;0.099135;-0.978496;-0.18088;39184.511719;-71764.34375;-54240.144531;204.0;92.0;76.0;39297.542969;-71968.390625;-54202.160156;39294.996094;-71941.015625;-54351.652344;39114.472656;-71986.890625;-54202.433594;39111.925781;-71959.515625;-54351.925781;39257.097656;-71569.171875;-54128.363281;39254.550781;-71541.796875;-54277.855469;39074.027344;-71587.671875;-54128.636719;39071.480469;-71560.296875;-54278.128906;-1;-1;-1;-1;-1;-1;-1;-1;-1;-1;-1;-1;-1;-1;-1;-1;-1;-1
J0:19:19:15:532;Hatchback_Car_AI_C_11;211;38985.199219;-68372.460938;-53523.710938;-1;-1;696.59137;-0.047397;-0.983316;-0.175622;38983.890625;-68400.085938;-53448.398438;204.0;92.0;76.0;39065.496094;-68618.4375;-53409.433594;39066.738281;-68591.765625;-53559.074219;38881.707031;-68609.59375;-53409.378906;38882.949219;-68582.921875;-53559.019531;39084.832031;-68217.25;-53337.777344;39086.074219;-68190.578125;-53487.417969;38901.042969;-68208.40625;-53337.722656;38902.285156;-68181.734375;-53487.363281;-1;-1;-1;-1;-1;-1;-1;-1;-1;-1;-1;-1;-1;-1;-1;-1;-1;-1
