Time;ID;Cat;XPos;YPos;ZPos;2D_XPos;2D_YPos;Vel;XDir;YDir;ZDir;BBox_XPos;BBox_YPos;BBox_ZPos;BBox_Ext_X;BBox_Ext_Y;BBox_Ext_Z;Corner_XYZ_X;Corner_XYZ_Y;Corner_XYZ_Z;Corner_XY-Z_X;Corner_XY-Z_Y;Corner_XY-Z_Z;Corner_X-YZ_X;Corner_X-YZ_Y;Corner_X-YZ_Z;Corner_X-Y-Z_X;Corner_X-Y-Z_Y;Corner_X-Y-Z_Z;Corner_-XYZ_X;Corner_-XYZ_Y;Corner_-XYZ_Z;Corner_-XY-Z_X;Corner_-XY-Z_Y;Corner_-XY-Z_Z;Corner_-X-YZ_X;Corner_-X-YZ_Y;Corner_-X-YZ_Z;Corner_-X-Y-Z_X;Corner_-X-Y-Z_Y;Corner_-X-Y-Z_Z;BBox_2D_XPos;BBox_2D_YPos;Corner_2D_XYZ_X;Corner_2D_XYZ_Y;Corner_2D_XY-Z_X;Corner_2D_XY-Z_Y;Corner_2D_X-YZ_X;Corner_2D_X-YZ_Y;Corner_2D_X-Y-Z_X;Corner_2D_X-Y-Z_Y;Corner_2D_-XYZ_X;Corner_2D_-XYZ_Y;Corner_-2D_XY-Z_X;Corner_2D_-XY-Z_Y;Corner_2D_-X-YZ_X;Corner_2D_-X-YZ_Y;Corner_2D_-X-Y-Z_X;Corner_2D_-X-Y-Z_Y;
J0:19:19:07:130;Hatchback_Car_AI_C_0;211;39415.53125;-74324.148438;-54462.878906;5;689;656.956848;0.032739;-0.998777;0.037063;39416.042969;-74335.203125;-54383.414062;204.0;92.0;76.0;39514.722656;-74533.125;-54300.074219;39514.621094;-74538.765625;-54451.972656;39330.824219;-74539.140625;-54299.730469;39330.722656;-74544.78125;-54451.628906;39501.363281;-74125.625;-54315.199219;39501.261719;-74131.265625;-54467.097656;39317.464844;-74131.640625;-54314.855469;39317.363281;-74137.28125;-54466.753906;6;675;25;663;25;693;-1;-1;-1;-1;58;658;58;687;-1;-1;-1;-1
J0:19:19:07:130;Hatchback_Car_AI_C_7;211;39134.460938;-71272.078125;-54220.203125;-1;-1;702.556519;0.095409;-0.969446;-0.225989;39137.695312;-71303.40625;-54146.410156;204.0;92.0;76.0;39250.542969;-71509.203125;-54118.648438;39246.886719;-71475.046875;-54266.71875;39067.433594;-71527.296875;-54118.304688;39063.777344;-71493.140625;-54266.375;39211.613281;-71113.671875;-54026.445312;39207.957031;-71079.515625;-54174.515625;39028.503906;-71131.765625;-54026.101562;39024.847656;-71097.609375;-54174.171875;-1;-1;-1;-1;-1;-1;-1;-1;-1;-1;-1;-1;-1;-1;-1;-1;-1;-1
J0:19:19:07:130;Hatchback_Car_AI_C_11;211;39015.042969;-67894.085938;-53447.292969;-1;-1;699.511353;-0.086377;-0.986607;-0.138372;39012.84375;-67918.78125;-53370.988281;204.0;92.0;76.0;39085.917969;-68138.554688;-53323.902344;39087.824219;-68117.601562;-53474.441406;38902.621094;-68122.492188;-53323.988281;38904.527344;-68101.539062;-53474.527344;39121.160156;-67736.023438;-53267.449219;39123.066406;-67715.070312;-53417.988281;38937.863281;-67719.960938;-53267.535156;38939.769531;-67699.007812;-53418.074219;-1;-1;-1;-1;-1;-1;-1;-1;-1;-1;-1;-1;-1;-1;-1;-1;-1;-1
