Time;ID;Cat;XPos;YPos;ZPos;2D_XPos;2D_YPos;Vel;XDir;YDir;ZDir;BBox_XPos;BBox_YPos;BBox_ZPos;BBox_Ext_X;BBox_Ext_Y;BBox_Ext_Z;Corner_XYZ_X;Corner_XYZ_Y;Corner_XYZ_Z;Corner_XY-Z_X;Corner_XY-Z_Y;Corner_XY-Z_Z;Corner_X-YZ_X;Corner_X-YZ_Y;Corner_X-YZ_Z;Corner_X-Y-Z_X;Corner_X-Y-Z_Y;Corner_X-Y-Z_Z;Corner_-XYZ_X;Corner_-XYZ_Y;Corner_-XYZ_Z;Corner_-XY-Z_X;Corner_-XY-Z_Y;Corner_-XY-Z_Z;Corner_-X-YZ_X;Corner_-X-YZ_Y;Corner_-X-YZ_Z;Corner_-X-Y-Z_X;Corner_-X-Y-Z_Y;Corner_-X-Y-Z_Z;BBox_2D_XPos;BBox_2D_YPos;Corner_2D_XYZ_X;Corner_2D_XYZ_Y;Corner_2D_XY-Z_X;Corner_2D_XY-Z_Y;Corner_2D_X-YZ_X;Corner_2D_X-YZ_Y;Corner_2D_X-Y-Z_X;Corner_2D_X-Y-Z_Y;Corner_2D_-XYZ_X;Corner_2D_-XYZ_Y;Corner_-2D_XY-Z_X;Corner_2D_-XY-Z_Y;Corner_2D_-X-YZ_X;Corner_2D_-X-YZ_Y;Corner_2D_-X-Y-Z_X;Corner_2D_-X-Y-Z_Y;
J0:19:17:47:530;Hatchback_Car_AI_C_0;211;39018.085938;-69935.640625;-53883.054688;-1;-1;709.000305;0.066784;-0.965621;-0.251229;39020.46875;-69968.953125;-53810.105469;204.0;92.0;76.0;39127.265625;-70178.609375;-53787.882812;39124.476562;-70140.53125;-53935.007812;38943.710938;-70191.34375;-53787.703125;38940.921875;-70153.265625;-53934.828125;39100.015625;-69784.640625;-53685.382812;39097.226562;-69746.5625;-53832.507812;38916.460938;-69797.375;-53685.203125;38913.671875;-69759.296875;-53832.328125;-1;-1;-1;-1;-1;-1;-1;-1;-1;-1;-1;-1;-1;-1;-1;-1;-1;-1
J0:19:17:47:530;Hatchback_Car_AI_C_7;211;39144.109375;-66856.773438;-53339.140625;-1;-1;672.204468;-0.161539;-0.984641;-0.066235;39140.984375;-66875.71875;-53261.242188;204.0;92.0;76.0;39197.988281;-67096.453125;-53198.90625;39199.644531;-67086.515625;-53350.570312;39016.417969;-67066.65625;-53198.9375;39018.074219;-67056.71875;-53350.601562;39263.894531;-66694.71875;-53171.882812;39265.550781;-66684.78125;-53323.546875;39082.324219;-66664.921875;-53171.914062;39083.980469;-66654.984375;-53323.578125;-1;-1;-1;-1;-1;-1;-1;-1;-1;-1;-1;-1;-1;-1;-1;-1;-1;-1
