Time;ID;Cat;XPos;YPos;ZPos;2D_XPos;2D_YPos;Vel;XDir;YDir;ZDir;BBox_XPos;BBox_YPos;BBox_ZPos;BBox_Ext_X;BBox_Ext_Y;BBox_Ext_Z;Corner_XYZ_X;Corner_XYZ_Y;Corner_XYZ_Z;Corner_XY-Z_X;Corner_XY-Z_Y;Corner_XY-Z_Z;Corner_X-YZ_X;Corner_X-YZ_Y;Corner_X-YZ_Z;Corner_X-Y-Z_X;Corner_X-Y-Z_Y;Corner_X-Y-Z_Z;Corner_-XYZ_X;Corner_-XYZ_Y;Corner_-XYZ_Z;Corner_-XY-Z_X;Corner_-XY-Z_Y;Corner_-XY-Z_Z;Corner_-X-YZ_X;Corner_-X-YZ_Y;Corner_-X-YZ_Z;Corner_-X-Y-Z_X;Corner_-X-Y-Z_Y;Corner_-X-Y-Z_Z;BBox_2D_XPos;BBox_2D_YPos;Corner_2D_XYZ_X;Corner_2D_XYZ_Y;Corner_2D_XY-Z_X;Corner_2D_XY-Z_Y;Corner_2D_X-YZ_X;Corner_2D_X-YZ_Y;Corner_2D_X-Y-Z_X;Corner_2D_X-Y-Z_Y;Corner_2D_-XYZ_X;Corner_2D_-XYZ_Y;Corner_-2D_XY-Z_X;Corner_2D_-XY-Z_Y;Corner_2D_-X-YZ_X;Corner_2D_-X-YZ_Y;Corner_2D_-X-Y-Z_X;Corner_2D_-X-Y-Z_Y;
J0:19:19:21:928;Hatchback_Car_AI_C_0;211;39418.367188;-75085.96875;-54433.28125;140;684;506.46109;-0.015646;-0.99936;0.032177;39418.210938;-75097.421875;-54353.871094;204.0;92.0;76.0;39507.070312;-75300.28125;-54271.375;39506.945312;-75305.171875;-54423.296875;39323.09375;-75297.40625;-54271.320312;39322.96875;-75302.296875;-54423.242188;39513.453125;-74892.546875;-54284.5;39513.328125;-74897.4375;-54436.421875;39329.476562;-74889.671875;-54284.445312;39329.351562;-74894.5625;-54436.367188;142;670;165;657;165;687;91;657;91;687;191;653;191;682;119;653;119;682
J0:19:19:21:928;Hatchback_Car_AI_C_7;211;39218.945312;-72084.148438;-54371.648438;-1;-1;639.761597;0.105085;-0.983549;-0.14693;39221.335938;-72109.492188;-54295.5625;204.0;92.0;76.0;39335.140625;-72311.546875;-54249.992188;39333.375;-72289.28125;-54400.34375;39152.171875;-72330.984375;-54250.726562;39150.40625;-72308.71875;-54401.078125;39292.265625;-71910.265625;-54190.046875;39290.5;-71888.0;-54340.398438;39109.296875;-71929.703125;-54190.78125;39107.53125;-71907.4375;-54341.132812;-1;-1;-1;-1;-1;-1;-1;-1;-1;-1;-1;-1;-1;-1;-1;-1;-1;-1
J0:19:19:21:928;Hatchback_Car_AI_C_11;211;38976.105469;-68722.007812;-53591.277344;-1;-1;667.48999;-0.014887;-0.978828;-0.204141;38975.691406;-68751.835938;-53516.800781;204.0;92.0;76.0;39064.445312;-68968.421875;-53484.089844;39064.84375;-68937.390625;-53632.886719;38880.46875;-68965.640625;-53484.003906;38880.867188;-68934.609375;-53632.800781;39070.515625;-68569.0625;-53400.800781;39070.914062;-68538.03125;-53549.597656;38886.539062;-68566.28125;-53400.714844;38886.9375;-68535.25;-53549.511719;-1;-1;-1;-1;-1;-1;-1;-1;-1;-1;-1;-1;-1;-1;-1;-1;-1;-1
