Time;ID;Cat;XPos;YPos;ZPos;2D_XPos;2D_YPos;Vel;XDir;YDir;ZDir;BBox_XPos;BBox_YPos;BBox_ZPos;BBox_Ext_X;BBox_Ext_Y;BBox_Ext_Z;Corner_XYZ_X;Corner_XYZ_Y;Corner_XYZ_Z;Corner_XY-Z_X;Corner_XY-Z_Y;Corner_XY-Z_Z;Corner_X-YZ_X;Corner_X-YZ_Y;Corner_X-YZ_Z;Corner_X-Y-Z_X;Corner_X-Y-Z_Y;Corner_X-Y-Z_Z;Corner_-XYZ_X;Corner_-XYZ_Y;Corner_-XYZ_Z;Corner_-XY-Z_X;Corner_-XY-Z_Y;Corner_-XY-Z_Z;Corner_-X-YZ_X;Corner_-X-YZ_Y;Corner_-X-YZ_Z;Corner_-X-Y-Z_X;Corner_-X-Y-Z_Y;Corner_-X-Y-Z_Z;BBox_2D_XPos;BBox_2D_YPos;Corner_2D_XYZ_X;Corner_2D_XYZ_Y;Corner_2D_XY-Z_X;Corner_2D_XY-Z_Y;Corner_2D_X-YZ_X;Corner_2D_X-YZ_Y;Corner_2D_X-Y-Z_X;Corner_2D_X-Y-Z_Y;Corner_2D_-XYZ_X;Corner_2D_-XYZ_Y;Corner_-2D_XY-Z_X;Corner_2D_-XY-Z_Y;Corner_2D_-X-YZ_X;Corner_2D_-X-YZ_Y;Corner_2D_-X-Y-Z_X;Corner_2D_-X-Y-Z_Y;
J0:19:17:46:731;Hatchback_Car_AI_C_0;211;39014.976562;-69890.765625;-53871.417969;-1;-1;696.042847;0.064761;-0.965788;-0.251117;39017.285156;-69924.078125;-53798.464844;204.0;92.0;76.0;39123.636719;-70133.960938;-53776.207031;39120.941406;-70095.882812;-53923.339844;38940.050781;-70146.320312;-53776.042969;38937.355469;-70108.242188;-53923.175781;39097.214844;-69739.914062;-53673.753906;39094.519531;-69701.835938;-53820.886719;38913.628906;-69752.273438;-53673.589844;38910.933594;-69714.195312;-53820.722656;-1;-1;-1;-1;-1;-1;-1;-1;-1;-1;-1;-1;-1;-1;-1;-1;-1;-1
J0:19:17:46:731;Hatchback_Car_AI_C_7;211;39151.167969;-66812.414062;-53336.199219;-1;-1;659.432983;-0.163604;-0.984467;-0.063701;39148.03125;-66831.15625;-53258.25;204.0;92.0;76.0;39204.597656;-67051.84375;-53195.378906;39206.222656;-67042.296875;-53347.066406;39023.089844;-67021.671875;-53195.425781;39024.714844;-67012.125;-53347.113281;39271.347656;-66650.1875;-53169.386719;39272.972656;-66640.640625;-53321.074219;39089.839844;-66620.015625;-53169.433594;39091.464844;-66610.46875;-53321.121094;-1;-1;-1;-1;-1;-1;-1;-1;-1;-1;-1;-1;-1;-1;-1;-1;-1;-1
