Time;ID;Cat;XPos;YPos;ZPos;2D_XPos;2D_YPos;Vel;XDir;YDir;ZDir;BBox_XPos;BBox_YPos;BBox_ZPos;BBox_Ext_X;BBox_Ext_Y;BBox_Ext_Z;Corner_XYZ_X;Corner_XYZ_Y;Corner_XYZ_Z;Corner_XY-Z_X;Corner_XY-Z_Y;Corner_XY-Z_Z;Corner_X-YZ_X;Corner_X-YZ_Y;Corner_X-YZ_Z;Corner_X-Y-Z_X;Corner_X-Y-Z_Y;Corner_X-Y-Z_Z;Corner_-XYZ_X;Corner_-XYZ_Y;Corner_-XYZ_Z;Corner_-XY-Z_X;Corner_-XY-Z_Y;Corner_-XY-Z_Z;Corner_-X-YZ_X;Corner_-X-YZ_Y;Corner_-X-YZ_Z;Corner_-X-Y-Z_X;Corner_-X-Y-Z_Y;Corner_-X-Y-Z_Z;BBox_2D_XPos;BBox_2D_YPos;Corner_2D_XYZ_X;Corner_2D_XYZ_Y;Corner_2D_XY-Z_X;Corner_2D_XY-Z_Y;Corner_2D_X-YZ_X;Corner_2D_X-YZ_Y;Corner_2D_X-Y-Z_X;Corner_2D_X-Y-Z_Y;Corner_2D_-XYZ_X;Corner_2D_-XYZ_Y;Corner_-2D_XY-Z_X;Corner_2D_-XY-Z_Y;Corner_2D_-X-YZ_X;Corner_2D_-X-YZ_Y;Corner_2D_-X-Y-Z_X;Corner_2D_-X-Y-Z_Y;
J0:19:19:22:735;Hatchback_Car_AI_C_0;211;39417.621094;-75119.023438;-54432.441406;146;684;494.239105;-0.017934;-0.999318;0.032272;39417.429688;-75130.46875;-54353.03125;204.0;92.0;76.0;39505.808594;-75333.523438;-54270.503906;39505.699219;-75338.429688;-54422.425781;39321.839844;-75330.226562;-54270.472656;39321.730469;-75335.132812;-54422.394531;39513.128906;-74925.804688;-54283.667969;39513.019531;-74930.710938;-54435.589844;39329.160156;-74922.507812;-54283.636719;39329.050781;-74927.414062;-54435.558594;148;670;171;657;171;687;98;657;98;687;196;653;196;682;125;653;125;682
J0:19:19:22:735;Hatchback_Car_AI_C_7;211;39223.53125;-72126.101562;-54377.582031;-1;-1;647.616882;0.105728;-0.984192;-0.142081;39225.875;-72151.078125;-54301.375;204.0;92.0;76.0;39339.757812;-72352.851562;-54254.742188;39338.09375;-72331.304688;-54405.195312;39156.796875;-72372.398438;-54255.523438;39155.132812;-72350.851562;-54405.976562;39296.617188;-71951.304688;-54196.773438;39294.953125;-71929.757812;-54347.226562;39113.65625;-71970.851562;-54197.554688;39111.992188;-71949.304688;-54348.007812;-1;-1;-1;-1;-1;-1;-1;-1;-1;-1;-1;-1;-1;-1;-1;-1;-1;-1
J0:19:19:22:735;Hatchback_Car_AI_C_11;211;38975.777344;-68766.554688;-53600.617188;-1;-1;679.404968;-0.011068;-0.978197;-0.207384;38975.46875;-68796.632812;-53526.238281;204.0;92.0;76.0;39065.058594;-69012.976562;-53494.234375;39065.355469;-68981.460938;-53642.929688;38881.066406;-69010.914062;-53494.15625;38881.363281;-68979.398438;-53642.851562;39069.574219;-68613.867188;-53409.625;39069.871094;-68582.351562;-53558.320312;38885.582031;-68611.804688;-53409.546875;38885.878906;-68580.289062;-53558.242188;-1;-1;-1;-1;-1;-1;-1;-1;-1;-1;-1;-1;-1;-1;-1;-1;-1;-1
