Time;ID;Cat;XPos;YPos;ZPos;2D_XPos;2D_YPos;Vel;XDir;YDir;ZDir;BBox_XPos;BBox_YPos;BBox_ZPos;BBox_Ext_X;BBox_Ext_Y;BBox_Ext_Z;Corner_XYZ_X;Corner_XYZ_Y;Corner_XYZ_Z;Corner_XY-Z_X;Corner_XY-Z_Y;Corner_XY-Z_Z;Corner_X-YZ_X;Corner_X-YZ_Y;Corner_X-YZ_Z;Corner_X-Y-Z_X;Corner_X-Y-Z_Y;Corner_X-Y-Z_Z;Corner_-XYZ_X;Corner_-XYZ_Y;Corner_-XYZ_Z;Corner_-XY-Z_X;Corner_-XY-Z_Y;Corner_-XY-Z_Z;Corner_-X-YZ_X;Corner_-X-YZ_Y;Corner_-X-YZ_Z;Corner_-X-Y-Z_X;Corner_-X-Y-Z_Y;Corner_-X-Y-Z_Z;BBox_2D_XPos;BBox_2D_YPos;Corner_2D_XYZ_X;Corner_2D_XYZ_Y;Corner_2D_XY-Z_X;Corner_2D_XY-Z_Y;Corner_2D_X-YZ_X;Corner_2D_X-YZ_Y;Corner_2D_X-Y-Z_X;Corner_2D_X-Y-Z_Y;Corner_2D_-XYZ_X;Corner_2D_-XYZ_Y;Corner_-2D_XY-Z_X;Corner_2D_-XY-Z_Y;Corner_2D_-X-YZ_X;Corner_2D_-X-YZ_Y;Corner_2D_-X-Y-Z_X;Corner_2D_-X-Y-Z_Y;
J0:19:17:30:334;Hatchback_Car_AI_C_0;211;38976.597656;-68974.515625;-53646.4375;-1;-1;677.241394;0.006031;-0.974762;-0.223163;38976.867188;-69005.789062;-53572.554688;204.0;92.0;76.0;39070.273438;-69221.015625;-53544.082031;39069.921875;-69187.09375;-53692.246094;38886.273438;-69222.1875;-53543.910156;38885.921875;-69188.265625;-53692.074219;39067.8125;-68823.3125;-53453.035156;39067.460938;-68789.390625;-53601.199219;38883.8125;-68824.484375;-53452.863281;38883.460938;-68790.5625;-53601.027344;-1;-1;-1;-1;-1;-1;-1;-1;-1;-1;-1;-1;-1;-1;-1;-1;-1;-1
J0:19:17:30:334;Hatchback_Car_AI_C_7;211;39314.894531;-65932.484375;-53295.550781;-1;-1;639.649231;-0.209989;-0.977235;-0.030272;39311.4375;-65948.5;-53217.011719;204.0;92.0;76.0;39358.050781;-66169.4375;-53147.203125;39359.042969;-66164.9375;-53299.132812;39178.160156;-66130.78125;-53147.242188;39179.152344;-66126.28125;-53299.171875;39443.722656;-65770.71875;-53134.851562;39444.714844;-65766.21875;-53286.78125;39263.832031;-65732.0625;-53134.890625;39264.824219;-65727.5625;-53286.820312;-1;-1;-1;-1;-1;-1;-1;-1;-1;-1;-1;-1;-1;-1;-1;-1;-1;-1
