Time;ID;Cat;XPos;YPos;ZPos;2D_XPos;2D_YPos;Vel;XDir;YDir;ZDir;BBox_XPos;BBox_YPos;BBox_ZPos;BBox_Ext_X;BBox_Ext_Y;BBox_Ext_Z;Corner_XYZ_X;Corner_XYZ_Y;Corner_XYZ_Z;Corner_XY-Z_X;Corner_XY-Z_Y;Corner_XY-Z_Z;Corner_X-YZ_X;Corner_X-YZ_Y;Corner_X-YZ_Z;Corner_X-Y-Z_X;Corner_X-Y-Z_Y;Corner_X-Y-Z_Z;Corner_-XYZ_X;Corner_-XYZ_Y;Corner_-XYZ_Z;Corner_-XY-Z_X;Corner_-XY-Z_Y;Corner_-XY-Z_Z;Corner_-X-YZ_X;Corner_-X-YZ_Y;Corner_-X-YZ_Z;Corner_-X-Y-Z_X;Corner_-X-Y-Z_Y;Corner_-X-Y-Z_Z;BBox_2D_XPos;BBox_2D_YPos;Corner_2D_XYZ_X;Corner_2D_XYZ_Y;Corner_2D_XY-Z_X;Corner_2D_XY-Z_Y;Corner_2D_X-YZ_X;Corner_2D_X-YZ_Y;Corner_2D_X-Y-Z_X;Corner_2D_X-Y-Z_Y;Corner_2D_-XYZ_X;Corner_2D_-XYZ_Y;Corner_-2D_XY-Z_X;Corner_2D_-XY-Z_Y;Corner_2D_-X-YZ_X;Corner_2D_-X-YZ_Y;Corner_2D_-X-Y-Z_X;Corner_2D_-X-Y-Z_Y;
J0:19:17:47:131;Hatchback_Car_AI_C_0;211;39016.476562;-69912.789062;-53877.117188;-1;-1;685.142029;0.064067;-0.965618;-0.251948;39018.8125;-69946.15625;-53804.191406;204.0;92.0;76.0;39125.066406;-70156.117188;-53782.179688;39122.292969;-70117.914062;-53929.273438;38941.472656;-70168.367188;-53781.90625;38938.699219;-70130.164062;-53929.0;39098.925781;-69762.148438;-53679.382812;39096.152344;-69723.945312;-53826.476562;38915.332031;-69774.398438;-53679.109375;38912.558594;-69736.195312;-53826.203125;-1;-1;-1;-1;-1;-1;-1;-1;-1;-1;-1;-1;-1;-1;-1;-1;-1;-1
J0:19:17:47:131;Hatchback_Car_AI_C_7;211;39147.601562;-66834.78125;-53337.699219;-1;-1;681.437561;-0.161128;-0.98485;-0.064095;39144.5;-66853.5625;-53259.757812;204.0;92.0;76.0;39201.605469;-67074.132812;-53196.953125;39203.238281;-67064.523438;-53348.640625;39020.019531;-67044.414062;-53197.023438;39021.652344;-67034.804688;-53348.710938;39267.347656;-66672.320312;-53170.804688;39268.980469;-66662.710938;-53322.492188;39085.761719;-66642.601562;-53170.875;39087.394531;-66632.992188;-53322.5625;-1;-1;-1;-1;-1;-1;-1;-1;-1;-1;-1;-1;-1;-1;-1;-1;-1;-1
