Time;ID;Cat;XPos;YPos;ZPos;2D_XPos;2D_YPos;Vel;XDir;YDir;ZDir;BBox_XPos;BBox_YPos;BBox_ZPos;BBox_Ext_X;BBox_Ext_Y;BBox_Ext_Z;Corner_XYZ_X;Corner_XYZ_Y;Corner_XYZ_Z;Corner_XY-Z_X;Corner_XY-Z_Y;Corner_XY-Z_Z;Corner_X-YZ_X;Corner_X-YZ_Y;Corner_X-YZ_Z;Corner_X-Y-Z_X;Corner_X-Y-Z_Y;Corner_X-Y-Z_Z;Corner_-XYZ_X;Corner_-XYZ_Y;Corner_-XYZ_Z;Corner_-XY-Z_X;Corner_-XY-Z_Y;Corner_-XY-Z_Z;Corner_-X-YZ_X;Corner_-X-YZ_Y;Corner_-X-YZ_Z;Corner_-X-Y-Z_X;Corner_-X-Y-Z_Y;Corner_-X-Y-Z_Z;BBox_2D_XPos;BBox_2D_YPos;Corner_2D_XYZ_X;Corner_2D_XYZ_Y;Corner_2D_XY-Z_X;Corner_2D_XY-Z_Y;Corner_2D_X-YZ_X;Corner_2D_X-YZ_Y;Corner_2D_X-Y-Z_X;Corner_2D_X-Y-Z_Y;Corner_2D_-XYZ_X;Corner_2D_-XYZ_Y;Corner_-2D_XY-Z_X;Corner_2D_-XY-Z_Y;Corner_2D_-X-YZ_X;Corner_2D_-X-YZ_Y;Corner_2D_-X-Y-Z_X;Corner_2D_-X-Y-Z_Y;
J0:19:19:17:531;Hatchback_Car_AI_C_0;211;39421.109375;-74892.125;-54440.296875;105;685;594.000366;-0.002402;-0.999315;0.036927;39421.15625;-74903.195312;-54360.832031;204.0;92.0;76.0;39512.742188;-75104.476562;-54277.433594;39512.59375;-75110.085938;-54429.332031;39328.742188;-75104.023438;-54277.269531;39328.59375;-75109.632812;-54429.167969;39513.71875;-74696.757812;-54292.496094;39513.570312;-74702.367188;-54444.394531;39329.71875;-74696.304688;-54292.332031;39329.570312;-74701.914062;-54444.230469;107;671;128;658;128;689;56;658;56;689;156;654;156;684;86;654;86;684
J0:19:19:17:531;Hatchback_Car_AI_C_7;211;39193.101562;-71845.390625;-54334.183594;-1;-1;673.623962;0.103997;-0.980108;-0.169036;39195.75;-71872.414062;-54258.6875;204.0;92.0;76.0;39309.601562;-72075.492188;-54218.011719;39307.3125;-72049.898438;-54367.824219;39126.617188;-72094.820312;-54218.519531;39124.328125;-72069.226562;-54368.332031;39267.171875;-71675.601562;-54149.042969;39264.882812;-71650.007812;-54298.855469;39084.1875;-71694.929688;-54149.550781;39081.898438;-71669.335938;-54299.363281;-1;-1;-1;-1;-1;-1;-1;-1;-1;-1;-1;-1;-1;-1;-1;-1;-1;-1
J0:19:19:17:531;Hatchback_Car_AI_C_11;211;38981.046875;-68485.40625;-53544.410156;-1;-1;677.826721;-0.035596;-0.982036;-0.185306;38980.007812;-68513.78125;-53469.371094;204.0;92.0;76.0;39064.167969;-68731.523438;-53432.476562;39065.207031;-68703.382812;-53581.84375;38880.285156;-68724.851562;-53432.5;38881.324219;-68696.710938;-53581.867188;39078.691406;-68330.851562;-53356.875;39079.730469;-68302.710938;-53506.242188;38894.808594;-68324.179688;-53356.898438;38895.847656;-68296.039062;-53506.265625;-1;-1;-1;-1;-1;-1;-1;-1;-1;-1;-1;-1;-1;-1;-1;-1;-1;-1
