Time;ID;Cat;XPos;YPos;ZPos;2D_XPos;2D_YPos;Vel;XDir;YDir;ZDir;BBox_XPos;BBox_YPos;BBox_ZPos;BBox_Ext_X;BBox_Ext_Y;BBox_Ext_Z;Corner_XYZ_X;Corner_XYZ_Y;Corner_XYZ_Z;Corner_XY-Z_X;Corner_XY-Z_Y;Corner_XY-Z_Z;Corner_X-YZ_X;Corner_X-YZ_Y;Corner_X-YZ_Z;Corner_X-Y-Z_X;Corner_X-Y-Z_Y;Corner_X-Y-Z_Z;Corner_-XYZ_X;Corner_-XYZ_Y;Corner_-XYZ_Z;Corner_-XY-Z_X;Corner_-XY-Z_Y;Corner_-XY-Z_Z;Corner_-X-YZ_X;Corner_-X-YZ_Y;Corner_-X-YZ_Z;Corner_-X-Y-Z_X;Corner_-X-Y-Z_Y;Corner_-X-Y-Z_Z;BBox_2D_XPos;BBox_2D_YPos;Corner_2D_XYZ_X;Corner_2D_XYZ_Y;Corner_2D_XY-Z_X;Corner_2D_XY-Z_Y;Corner_2D_X-YZ_X;Corner_2D_X-YZ_Y;Corner_2D_X-Y-Z_X;Corner_2D_X-Y-Z_Y;Corner_2D_-XYZ_X;Corner_2D_-XYZ_Y;Corner_-2D_XY-Z_X;Corner_2D_-XY-Z_Y;Corner_2D_-X-YZ_X;Corner_2D_-X-YZ_Y;Corner_2D_-X-Y-Z_X;Corner_2D_-X-Y-Z_Y;
J0:19:17:50:335;Hatchback_Car_AI_C_0;211;39029.835938;-70093.703125;-53924.039062;-1;-1;677.957764;0.069742;-0.964655;-0.254119;39032.429688;-70127.21875;-53851.191406;204.0;92.0;76.0;39139.96875;-70336.570312;-53829.71875;39136.859375;-70298.070312;-53976.726562;38956.453125;-70349.945312;-53829.335938;38953.34375;-70311.445312;-53976.34375;39111.515625;-69942.992188;-53726.039062;39108.40625;-69904.492188;-53873.046875;38928.0;-69956.367188;-53725.65625;38924.890625;-69917.867188;-53872.664062;-1;-1;-1;-1;-1;-1;-1;-1;-1;-1;-1;-1;-1;-1;-1;-1;-1;-1
J0:19:17:50:335;Hatchback_Car_AI_C_7;211;39120.632812;-67009.109375;-53350.519531;-1;-1;648.085754;-0.152528;-0.985227;-0.077867;39117.542969;-67028.976562;-53272.847656;204.0;92.0;76.0;39176.425781;-67249.882812;-53212.949219;39178.261719;-67238.195312;-53364.488281;38994.589844;-67221.726562;-53212.980469;38996.425781;-67210.039062;-53364.519531;39238.660156;-66847.914062;-53181.175781;39240.496094;-66836.226562;-53332.714844;39056.824219;-66819.757812;-53181.207031;39058.660156;-66808.070312;-53332.746094;-1;-1;-1;-1;-1;-1;-1;-1;-1;-1;-1;-1;-1;-1;-1;-1;-1;-1
