Time;ID;Cat;XPos;YPos;ZPos;2D_XPos;2D_YPos;Vel;XDir;YDir;ZDir;BBox_XPos;BBox_YPos;BBox_ZPos;BBox_Ext_X;BBox_Ext_Y;BBox_Ext_Z;Corner_XYZ_X;Corner_XYZ_Y;Corner_XYZ_Z;Corner_XY-Z_X;Corner_XY-Z_Y;Corner_XY-Z_Z;Corner_X-YZ_X;Corner_X-YZ_Y;Corner_X-YZ_Z;Corner_X-Y-Z_X;Corner_X-Y-Z_Y;Corner_X-Y-Z_Z;Corner_-XYZ_X;Corner_-XYZ_Y;Corner_-XYZ_Z;Corner_-XY-Z_X;Corner_-XY-Z_Y;Corner_-XY-Z_Z;Corner_-X-YZ_X;Corner_-X-YZ_Y;Corner_-X-YZ_Z;Corner_-X-Y-Z_X;Corner_-X-Y-Z_Y;Corner_-X-Y-Z_Z;BBox_2D_XPos;BBox_2D_YPos;Corner_2D_XYZ_X;Corner_2D_XYZ_Y;Corner_2D_XY-Z_X;Corner_2D_XY-Z_Y;Corner_2D_X-YZ_X;Corner_2D_X-YZ_Y;Corner_2D_X-Y-Z_X;Corner_2D_X-Y-Z_Y;Corner_2D_-XYZ_X;Corner_2D_-XYZ_Y;Corner_-2D_XY-Z_X;Corner_2D_-XY-Z_Y;Corner_2D_-X-YZ_X;Corner_2D_-X-YZ_Y;Corner_2D_-X-Y-Z_X;Corner_2D_-X-Y-Z_Y;
J0:19:18:23:529;Hatchback_Car_AI_C_0;211;39202.324219;-71924.515625;-54347.226562;-1;-1;678.414246;0.106703;-0.981035;-0.161817;39204.9375;-71950.984375;-54271.535156;204.0;92.0;76.0;39319.246094;-72153.46875;-54229.246094;39317.089844;-72128.96875;-54379.238281;39136.316406;-72173.265625;-54229.855469;39134.160156;-72148.765625;-54379.847656;39275.714844;-71753.203125;-54163.222656;39273.558594;-71728.703125;-54313.214844;39092.785156;-71773.0;-54163.832031;39090.628906;-71748.5;-54313.824219;-1;-1;-1;-1;-1;-1;-1;-1;-1;-1;-1;-1;-1;-1;-1;-1;-1;-1
J0:19:18:23:529;Hatchback_Car_AI_C_7;211;38974.074219;-68853.414062;-53619.496094;-1;-1;670.167419;-0.004915;-0.976582;-0.21509;38974.007812;-68884.078125;-53545.355469;204.0;92.0;76.0;39065.003906;-69100.085938;-53515.109375;39065.003906;-69067.398438;-53663.554688;38881.003906;-69099.210938;-53514.914062;38881.003906;-69066.523438;-53663.359375;39067.011719;-68701.632812;-53427.351562;39067.011719;-68668.945312;-53575.796875;38883.011719;-68700.757812;-53427.15625;38883.011719;-68668.070312;-53575.601562;-1;-1;-1;-1;-1;-1;-1;-1;-1;-1;-1;-1;-1;-1;-1;-1;-1;-1
