Time;ID;Cat;XPos;YPos;ZPos;2D_XPos;2D_YPos;Vel;XDir;YDir;ZDir;BBox_XPos;BBox_YPos;BBox_ZPos;BBox_Ext_X;BBox_Ext_Y;BBox_Ext_Z;Corner_XYZ_X;Corner_XYZ_Y;Corner_XYZ_Z;Corner_XY-Z_X;Corner_XY-Z_Y;Corner_XY-Z_Z;Corner_X-YZ_X;Corner_X-YZ_Y;Corner_X-YZ_Z;Corner_X-Y-Z_X;Corner_X-Y-Z_Y;Corner_X-Y-Z_Z;Corner_-XYZ_X;Corner_-XYZ_Y;Corner_-XYZ_Z;Corner_-XY-Z_X;Corner_-XY-Z_Y;Corner_-XY-Z_Z;Corner_-X-YZ_X;Corner_-X-YZ_Y;Corner_-X-YZ_Z;Corner_-X-Y-Z_X;Corner_-X-Y-Z_Y;Corner_-X-Y-Z_Z;BBox_2D_XPos;BBox_2D_YPos;Corner_2D_XYZ_X;Corner_2D_XYZ_Y;Corner_2D_XY-Z_X;Corner_2D_XY-Z_Y;Corner_2D_X-YZ_X;Corner_2D_X-YZ_Y;Corner_2D_X-Y-Z_X;Corner_2D_X-Y-Z_Y;Corner_2D_-XYZ_X;Corner_2D_-XYZ_Y;Corner_-2D_XY-Z_X;Corner_2D_-XY-Z_Y;Corner_2D_-X-YZ_X;Corner_2D_-X-YZ_Y;Corner_2D_-X-Y-Z_X;Corner_2D_-X-Y-Z_Y;
J0:19:17:29:134;Hatchback_Car_AI_C_0;211;38976.113281;-68908.726562;-53631.648438;-1;-1;674.873779;0.001917;-0.975686;-0.219164;38976.207031;-68939.703125;-53557.636719;204.0;92.0;76.0;39068.664062;-69155.210938;-53528.234375;39068.53125;-69121.898438;-53676.539062;38884.664062;-69155.585938;-53528.15625;38884.53125;-69122.273438;-53676.460938;39067.882812;-68757.132812;-53438.8125;39067.75;-68723.820312;-53587.117188;38883.882812;-68757.507812;-53438.734375;38883.75;-68724.195312;-53587.039062;-1;-1;-1;-1;-1;-1;-1;-1;-1;-1;-1;-1;-1;-1;-1;-1;-1;-1
J0:19:17:29:134;Hatchback_Car_AI_C_7;211;39328.28125;-65869.734375;-53293.816406;-1;-1;642.021057;-0.215141;-0.976166;-0.028539;39324.789062;-65885.601562;-53215.25;204.0;92.0;76.0;39370.277344;-66106.664062;-53145.105469;39371.207031;-66102.429688;-53297.042969;39190.589844;-66067.054688;-53145.097656;39191.519531;-66062.820312;-53297.035156;39458.058594;-65708.382812;-53133.464844;39458.988281;-65704.148438;-53285.402344;39278.371094;-65668.773438;-53133.457031;39279.300781;-65664.539062;-53285.394531;-1;-1;-1;-1;-1;-1;-1;-1;-1;-1;-1;-1;-1;-1;-1;-1;-1;-1
