Time;ID;Cat;XPos;YPos;ZPos;2D_XPos;2D_YPos;Vel;XDir;YDir;ZDir;BBox_XPos;BBox_YPos;BBox_ZPos;BBox_Ext_X;BBox_Ext_Y;BBox_Ext_Z;Corner_XYZ_X;Corner_XYZ_Y;Corner_XYZ_Z;Corner_XY-Z_X;Corner_XY-Z_Y;Corner_XY-Z_Z;Corner_X-YZ_X;Corner_X-YZ_Y;Corner_X-YZ_Z;Corner_X-Y-Z_X;Corner_X-Y-Z_Y;Corner_X-Y-Z_Z;Corner_-XYZ_X;Corner_-XYZ_Y;Corner_-XYZ_Z;Corner_-XY-Z_X;Corner_-XY-Z_Y;Corner_-XY-Z_Z;Corner_-X-YZ_X;Corner_-X-YZ_Y;Corner_-X-YZ_Z;Corner_-X-Y-Z_X;Corner_-X-Y-Z_Y;Corner_-X-Y-Z_Z;BBox_2D_XPos;BBox_2D_YPos;Corner_2D_XYZ_X;Corner_2D_XYZ_Y;Corner_2D_XY-Z_X;Corner_2D_XY-Z_Y;Corner_2D_X-YZ_X;Corner_2D_X-YZ_Y;Corner_2D_X-Y-Z_X;Corner_2D_X-Y-Z_Y;Corner_2D_-XYZ_X;Corner_2D_-XYZ_Y;Corner_-2D_XY-Z_X;Corner_2D_-XY-Z_Y;Corner_2D_-X-YZ_X;Corner_2D_-X-YZ_Y;Corner_2D_-X-Y-Z_X;Corner_2D_-X-Y-Z_Y;
J0:19:19:15:132;Hatchback_Car_AI_C_0;211;39421.484375;-74769.8125;-54444.925781;83;686;660.857483;0.005267;-0.999148;0.040921;39421.644531;-74780.570312;-54365.417969;204.0;92.0;76.0;39514.800781;-74980.8125;-54281.253906;39514.636719;-74987.03125;-54433.128906;39330.800781;-74981.765625;-54281.011719;39330.636719;-74987.984375;-54432.886719;39512.652344;-74573.15625;-54297.949219;39512.488281;-74579.375;-54449.824219;39328.652344;-74574.109375;-54297.707031;39328.488281;-74580.328125;-54449.582031;85;672;106;659;106;690;33;659;33;690;135;655;135;685;65;655;65;685
J0:19:19:15:132;Hatchback_Car_AI_C_7;211;39179.554688;-71714.71875;-54311.371094;-1;-1;636.134949;0.100465;-0.977697;-0.184434;39182.34375;-71742.914062;-54236.308594;204.0;92.0;76.0;39295.691406;-71946.9375;-54199.117188;39293.027344;-71919.03125;-54348.507812;39112.652344;-71965.703125;-54199.359375;39109.988281;-71937.796875;-54348.75;39254.699219;-71548.03125;-54123.867188;39252.035156;-71520.125;-54273.257812;39071.660156;-71566.796875;-54124.109375;39068.996094;-71538.890625;-54273.5;-1;-1;-1;-1;-1;-1;-1;-1;-1;-1;-1;-1;-1;-1;-1;-1;-1;-1
J0:19:19:15:132;Hatchback_Car_AI_C_11;211;38986.179688;-68349.671875;-53519.628906;-1;-1;674.507385;-0.047565;-0.983478;-0.17467;38984.820312;-68377.21875;-53444.289062;204.0;92.0;76.0;39066.34375;-68595.5625;-53405.0625;39067.671875;-68569.046875;-53554.726562;38882.5625;-68586.65625;-53405.117188;38883.890625;-68560.140625;-53554.78125;39085.75;-68194.296875;-53333.796875;39087.078125;-68167.78125;-53483.460938;38901.96875;-68185.390625;-53333.851562;38903.296875;-68158.875;-53483.515625;-1;-1;-1;-1;-1;-1;-1;-1;-1;-1;-1;-1;-1;-1;-1;-1;-1;-1
