Time;ID;Cat;XPos;YPos;ZPos;2D_XPos;2D_YPos;Vel;XDir;YDir;ZDir;BBox_XPos;BBox_YPos;BBox_ZPos;BBox_Ext_X;BBox_Ext_Y;BBox_Ext_Z;Corner_XYZ_X;Corner_XYZ_Y;Corner_XYZ_Z;Corner_XY-Z_X;Corner_XY-Z_Y;Corner_XY-Z_Z;Corner_X-YZ_X;Corner_X-YZ_Y;Corner_X-YZ_Z;Corner_X-Y-Z_X;Corner_X-Y-Z_Y;Corner_X-Y-Z_Z;Corner_-XYZ_X;Corner_-XYZ_Y;Corner_-XYZ_Z;Corner_-XY-Z_X;Corner_-XY-Z_Y;Corner_-XY-Z_Z;Corner_-X-YZ_X;Corner_-X-YZ_Y;Corner_-X-YZ_Z;Corner_-X-Y-Z_X;Corner_-X-Y-Z_Y;Corner_-X-Y-Z_Z;BBox_2D_XPos;BBox_2D_YPos;Corner_2D_XYZ_X;Corner_2D_XYZ_Y;Corner_2D_XY-Z_X;Corner_2D_XY-Z_Y;Corner_2D_X-YZ_X;Corner_2D_X-YZ_Y;Corner_2D_X-Y-Z_X;Corner_2D_X-Y-Z_Y;Corner_2D_-XYZ_X;Corner_2D_-XYZ_Y;Corner_-2D_XY-Z_X;Corner_2D_-XY-Z_Y;Corner_2D_-X-YZ_X;Corner_2D_-X-YZ_Y;Corner_2D_-X-Y-Z_X;Corner_2D_-X-Y-Z_Y;
J0:19:18:18:332;Hatchback_Car_AI_C_0;211;39171.425781;-71635.304688;-54296.453125;-1;-1;658.495483;0.100623;-0.976485;-0.190664;39174.28125;-71663.96875;-54221.570312;204.0;92.0;76.0;39287.71875;-71868.1875;-54185.75;39284.929688;-71839.34375;-54334.960938;39104.6875;-71887.0;-54185.96875;39101.898438;-71858.15625;-54335.179688;39246.664062;-71469.78125;-54107.960938;39243.875;-71440.9375;-54257.171875;39063.632812;-71488.59375;-54108.179688;39060.84375;-71459.75;-54257.390625;-1;-1;-1;-1;-1;-1;-1;-1;-1;-1;-1;-1;-1;-1;-1;-1;-1;-1
J0:19:18:18:332;Hatchback_Car_AI_C_7;211;38977.355469;-68569.023438;-53560.453125;-1;-1;698.10321;-0.028377;-0.981121;-0.191303;38976.523438;-68597.867188;-53485.589844;204.0;92.0;76.0;39062.277344;-68815.203125;-53450.019531;39063.113281;-68786.140625;-53599.214844;38878.355469;-68809.890625;-53450.019531;38879.191406;-68780.828125;-53599.214844;39073.855469;-68414.90625;-53371.964844;39074.691406;-68385.84375;-53521.160156;38889.933594;-68409.59375;-53371.964844;38890.769531;-68380.53125;-53521.160156;-1;-1;-1;-1;-1;-1;-1;-1;-1;-1;-1;-1;-1;-1;-1;-1;-1;-1
