Time;ID;Cat;XPos;YPos;ZPos;2D_XPos;2D_YPos;Vel;XDir;YDir;ZDir;BBox_XPos;BBox_YPos;BBox_ZPos;BBox_Ext_X;BBox_Ext_Y;BBox_Ext_Z;Corner_XYZ_X;Corner_XYZ_Y;Corner_XYZ_Z;Corner_XY-Z_X;Corner_XY-Z_Y;Corner_XY-Z_Z;Corner_X-YZ_X;Corner_X-YZ_Y;Corner_X-YZ_Z;Corner_X-Y-Z_X;Corner_X-Y-Z_Y;Corner_X-Y-Z_Z;Corner_-XYZ_X;Corner_-XYZ_Y;Corner_-XYZ_Z;Corner_-XY-Z_X;Corner_-XY-Z_Y;Corner_-XY-Z_Z;Corner_-X-YZ_X;Corner_-X-YZ_Y;Corner_-X-YZ_Z;Corner_-X-Y-Z_X;Corner_-X-Y-Z_Y;Corner_-X-Y-Z_Z;BBox_2D_XPos;BBox_2D_YPos;Corner_2D_XYZ_X;Corner_2D_XYZ_Y;Corner_2D_XY-Z_X;Corner_2D_XY-Z_Y;Corner_2D_X-YZ_X;Corner_2D_X-YZ_Y;Corner_2D_X-Y-Z_X;Corner_2D_X-Y-Z_Y;Corner_2D_-XYZ_X;Corner_2D_-XYZ_Y;Corner_-2D_XY-Z_X;Corner_2D_-XY-Z_Y;Corner_2D_-X-YZ_X;Corner_2D_-X-YZ_Y;Corner_2D_-X-Y-Z_X;Corner_2D_-X-Y-Z_Y;
J0:19:18:32:737;Hatchback_Car_AI_C_0;211;39258.878906;-72432.398438;-54415.675781;-1;-1;699.794312;0.111267;-0.987607;-0.110687;39260.988281;-72454.960938;-54338.710938;204.0;92.0;76.0;39375.644531;-72654.59375;-54285.261719;39374.582031;-72637.78125;-54436.324219;39192.792969;-72675.078125;-54286.261719;39191.730469;-72658.265625;-54437.324219;39330.246094;-72251.65625;-54240.097656;39329.183594;-72234.84375;-54391.160156;39147.394531;-72272.140625;-54241.097656;39146.332031;-72255.328125;-54392.160156;-1;-1;-1;-1;-1;-1;-1;-1;-1;-1;-1;-1;-1;-1;-1;-1;-1;-1
J0:19:18:32:737;Hatchback_Car_AI_C_7;211;38984.695312;-69369.507812;-53739.925781;-1;-1;681.228088;0.0347;-0.970218;-0.239735;38985.960938;-69402.015625;-53666.585938;204.0;92.0;76.0;39085.730469;-69614.820312;-53641.820312;39084.230469;-69578.414062;-53789.390625;38901.847656;-69621.460938;-53641.59375;38900.347656;-69585.054688;-53789.164062;39071.574219;-69218.976562;-53544.007812;39070.074219;-69182.570312;-53691.578125;38887.691406;-69225.617188;-53543.78125;38886.191406;-69189.210938;-53691.351562;-1;-1;-1;-1;-1;-1;-1;-1;-1;-1;-1;-1;-1;-1;-1;-1;-1;-1
J0:19:18:32:737;Hatchback_Car_AI_C_11;211;39299.363281;-66006.914062;-53298.046875;-1;-1;613.710815;-0.205481;-0.978039;-0.034885;39295.894531;-66023.296875;-53219.582031;204.0;92.0;76.0;39343.441406;-66244.320312;-53150.714844;39344.582031;-66239.148438;-53302.621094;39163.371094;-66206.492188;-53150.777344;39164.511719;-66201.320312;-53302.683594;39427.277344;-65845.273438;-53136.480469;39428.417969;-65840.101562;-53288.386719;39247.207031;-65807.445312;-53136.542969;39248.347656;-65802.273438;-53288.449219;-1;-1;-1;-1;-1;-1;-1;-1;-1;-1;-1;-1;-1;-1;-1;-1;-1;-1
