Time;ID;Cat;XPos;YPos;ZPos;2D_XPos;2D_YPos;Vel;XDir;YDir;ZDir;BBox_XPos;BBox_YPos;BBox_ZPos;BBox_Ext_X;BBox_Ext_Y;BBox_Ext_Z;Corner_XYZ_X;Corner_XYZ_Y;Corner_XYZ_Z;Corner_XY-Z_X;Corner_XY-Z_Y;Corner_XY-Z_Z;Corner_X-YZ_X;Corner_X-YZ_Y;Corner_X-YZ_Z;Corner_X-Y-Z_X;Corner_X-Y-Z_Y;Corner_X-Y-Z_Z;Corner_-XYZ_X;Corner_-XYZ_Y;Corner_-XYZ_Z;Corner_-XY-Z_X;Corner_-XY-Z_Y;Corner_-XY-Z_Z;Corner_-X-YZ_X;Corner_-X-YZ_Y;Corner_-X-YZ_Z;Corner_-X-Y-Z_X;Corner_-X-Y-Z_Y;Corner_-X-Y-Z_Z;BBox_2D_XPos;BBox_2D_YPos;Corner_2D_XYZ_X;Corner_2D_XYZ_Y;Corner_2D_XY-Z_X;Corner_2D_XY-Z_Y;Corner_2D_X-YZ_X;Corner_2D_X-YZ_Y;Corner_2D_X-Y-Z_X;Corner_2D_X-Y-Z_Y;Corner_2D_-XYZ_X;Corner_2D_-XYZ_Y;Corner_-2D_XY-Z_X;Corner_2D_-XY-Z_Y;Corner_2D_-X-YZ_X;Corner_2D_-X-YZ_Y;Corner_2D_-X-Y-Z_X;Corner_2D_-X-Y-Z_Y;
J0:19:19:05:531;Hatchback_Car_AI_C_0;211;39412.738281;-74235.734375;-54466.097656;-1;-1;647.104675;0.039087;-0.998652;0.034142;39413.332031;-74247.015625;-54386.664062;204.0;92.0;76.0;39513.277344;-74444.546875;-54303.917969;39513.191406;-74449.75;-54455.832031;39329.417969;-74451.734375;-54303.566406;39329.332031;-74456.9375;-54455.480469;39497.332031;-74037.09375;-54317.847656;39497.246094;-74042.296875;-54469.761719;39313.472656;-74044.28125;-54317.496094;39313.386719;-74049.484375;-54469.410156;-1;-1;9;663;9;693;-1;-1;-1;-1;43;659;43;688;-1;-1;-1;-1
J0:19:19:05:531;Hatchback_Car_AI_C_7;211;39125.785156;-71181.984375;-54199.351562;-1;-1;678.536072;0.093152;-0.967784;-0.233917;39129.0625;-71213.90625;-54125.820312;204.0;92.0;76.0;39241.535156;-71420.148438;-54099.882812;39237.738281;-71384.789062;-54247.664062;39058.394531;-71437.882812;-54099.414062;39054.597656;-71402.523438;-54247.195312;39203.527344;-71025.289062;-54004.445312;39199.730469;-70989.929688;-54152.226562;39020.386719;-71043.023438;-54003.976562;39016.589844;-71007.664062;-54151.757812;-1;-1;-1;-1;-1;-1;-1;-1;-1;-1;-1;-1;-1;-1;-1;-1;-1;-1
J0:19:19:05:531;Hatchback_Car_AI_C_11;211;39022.757812;-67804.6875;-53435.066406;-1;-1;674.654358;-0.093442;-0.986699;-0.133018;39020.410156;-67828.960938;-53358.628906;204.0;92.0;76.0;39091.9375;-68048.992188;-53310.386719;39093.9375;-68028.867188;-53461.035156;38908.757812;-68031.632812;-53310.496094;38910.757812;-68011.507812;-53461.144531;39130.0625;-67646.414062;-53256.113281;39132.0625;-67626.289062;-53406.761719;38946.882812;-67629.054688;-53256.222656;38948.882812;-67608.929688;-53406.871094;-1;-1;-1;-1;-1;-1;-1;-1;-1;-1;-1;-1;-1;-1;-1;-1;-1;-1
