Time;ID;Cat;XPos;YPos;ZPos;2D_XPos;2D_YPos;Vel;XDir;YDir;ZDir;BBox_XPos;BBox_YPos;BBox_ZPos;BBox_Ext_X;BBox_Ext_Y;BBox_Ext_Z;Corner_XYZ_X;Corner_XYZ_Y;Corner_XYZ_Z;Corner_XY-Z_X;Corner_XY-Z_Y;Corner_XY-Z_Z;Corner_X-YZ_X;Corner_X-YZ_Y;Corner_X-YZ_Z;Corner_X-Y-Z_X;Corner_X-Y-Z_Y;Corner_X-Y-Z_Z;Corner_-XYZ_X;Corner_-XYZ_Y;Corner_-XYZ_Z;Corner_-XY-Z_X;Corner_-XY-Z_Y;Corner_-XY-Z_Z;Corner_-X-YZ_X;Corner_-X-YZ_Y;Corner_-X-YZ_Z;Corner_-X-Y-Z_X;Corner_-X-Y-Z_Y;Corner_-X-Y-Z_Z;BBox_2D_XPos;BBox_2D_YPos;Corner_2D_XYZ_X;Corner_2D_XYZ_Y;Corner_2D_XY-Z_X;Corner_2D_XY-Z_Y;Corner_2D_X-YZ_X;Corner_2D_X-YZ_Y;Corner_2D_X-Y-Z_X;Corner_2D_X-Y-Z_Y;Corner_2D_-XYZ_X;Corner_2D_-XYZ_Y;Corner_-2D_XY-Z_X;Corner_2D_-XY-Z_Y;Corner_2D_-X-YZ_X;Corner_2D_-X-YZ_Y;Corner_2D_-X-Y-Z_X;Corner_2D_-X-Y-Z_Y;
J0:19:18:16:733;Hatchback_Car_AI_C_0;211;39162.539062;-71548.257812;-54279.613281;-1;-1;663.165894;0.09816;-0.974968;-0.199503;39165.460938;-71577.59375;-54204.996094;204.0;92.0;76.0;39278.511719;-71782.359375;-54171.1875;39275.535156;-71752.1875;-54320.132812;39095.433594;-71800.78125;-54171.257812;39092.457031;-71770.609375;-54320.203125;39238.464844;-71384.578125;-54089.789062;39235.488281;-71354.40625;-54238.734375;39055.386719;-71403.0;-54089.859375;39052.410156;-71372.828125;-54238.804688;-1;-1;-1;-1;-1;-1;-1;-1;-1;-1;-1;-1;-1;-1;-1;-1;-1;-1
J0:19:18:16:733;Hatchback_Car_AI_C_7;211;38980.101562;-68479.085938;-53543.113281;-1;-1;709.250977;-0.037707;-0.982314;-0.183403;38979.023438;-68507.320312;-53468.019531;204.0;92.0;76.0;39062.738281;-68725.171875;-53430.730469;39063.792969;-68697.3125;-53580.152344;38878.871094;-68718.109375;-53430.714844;38879.925781;-68690.25;-53580.136719;39078.121094;-68324.390625;-53355.902344;39079.175781;-68296.53125;-53505.324219;38894.253906;-68317.328125;-53355.886719;38895.308594;-68289.46875;-53505.308594;-1;-1;-1;-1;-1;-1;-1;-1;-1;-1;-1;-1;-1;-1;-1;-1;-1;-1
