Time;ID;Cat;XPos;YPos;ZPos;2D_XPos;2D_YPos;Vel;XDir;YDir;ZDir;BBox_XPos;BBox_YPos;BBox_ZPos;BBox_Ext_X;BBox_Ext_Y;BBox_Ext_Z;Corner_XYZ_X;Corner_XYZ_Y;Corner_XYZ_Z;Corner_XY-Z_X;Corner_XY-Z_Y;Corner_XY-Z_Z;Corner_X-YZ_X;Corner_X-YZ_Y;Corner_X-YZ_Z;Corner_X-Y-Z_X;Corner_X-Y-Z_Y;Corner_X-Y-Z_Z;Corner_-XYZ_X;Corner_-XYZ_Y;Corner_-XYZ_Z;Corner_-XY-Z_X;Corner_-XY-Z_Y;Corner_-XY-Z_Z;Corner_-X-YZ_X;Corner_-X-YZ_Y;Corner_-X-YZ_Z;Corner_-X-Y-Z_X;Corner_-X-Y-Z_Y;Corner_-X-Y-Z_Z;BBox_2D_XPos;BBox_2D_YPos;Corner_2D_XYZ_X;Corner_2D_XYZ_Y;Corner_2D_XY-Z_X;Corner_2D_XY-Z_Y;Corner_2D_X-YZ_X;Corner_2D_X-YZ_Y;Corner_2D_X-Y-Z_X;Corner_2D_X-Y-Z_Y;Corner_2D_-XYZ_X;Corner_2D_-XYZ_Y;Corner_-2D_XY-Z_X;Corner_2D_-XY-Z_Y;Corner_2D_-X-YZ_X;Corner_2D_-X-YZ_Y;Corner_2D_-X-Y-Z_X;Corner_2D_-X-Y-Z_Y;
J0:19:18:03:528;Hatchback_Car_AI_C_0;211;39092.394531;-70823.226562;-54111.5625;-1;-1;708.3125;0.08872;-0.965596;-0.244444;39095.605469;-70855.953125;-54038.382812;204.0;92.0;76.0;39207.207031;-71062.945312;-54014.785156;39203.417969;-71025.976562;-54162.175781;39023.988281;-71079.898438;-54014.324219;39020.199219;-71042.929688;-54161.714844;39171.011719;-70668.976562;-53915.050781;39167.222656;-70632.007812;-54062.441406;38987.792969;-70685.929688;-53914.589844;38984.003906;-70648.960938;-54061.980469;-1;-1;-1;-1;-1;-1;-1;-1;-1;-1;-1;-1;-1;-1;-1;-1;-1;-1
J0:19:18:03:528;Hatchback_Car_AI_C_7;211;39028.671875;-67739.039062;-53426.265625;-1;-1;668.302856;-0.103586;-0.986364;-0.127893;39026.210938;-67762.898438;-53349.703125;204.0;92.0;76.0;39095.601562;-67983.390625;-53300.46875;39097.546875;-67964.046875;-53451.21875;38912.609375;-67964.1875;-53300.367188;38914.554688;-67944.84375;-53451.117188;39137.867188;-67580.953125;-53248.289062;39139.8125;-67561.609375;-53399.039062;38954.875;-67561.75;-53248.1875;38956.820312;-67542.40625;-53398.9375;-1;-1;-1;-1;-1;-1;-1;-1;-1;-1;-1;-1;-1;-1;-1;-1;-1;-1
