Time;ID;Cat;XPos;YPos;ZPos;2D_XPos;2D_YPos;Vel;XDir;YDir;ZDir;BBox_XPos;BBox_YPos;BBox_ZPos;BBox_Ext_X;BBox_Ext_Y;BBox_Ext_Z;Corner_XYZ_X;Corner_XYZ_Y;Corner_XYZ_Z;Corner_XY-Z_X;Corner_XY-Z_Y;Corner_XY-Z_Z;Corner_X-YZ_X;Corner_X-YZ_Y;Corner_X-YZ_Z;Corner_X-Y-Z_X;Corner_X-Y-Z_Y;Corner_X-Y-Z_Z;Corner_-XYZ_X;Corner_-XYZ_Y;Corner_-XYZ_Z;Corner_-XY-Z_X;Corner_-XY-Z_Y;Corner_-XY-Z_Z;Corner_-X-YZ_X;Corner_-X-YZ_Y;Corner_-X-YZ_Z;Corner_-X-Y-Z_X;Corner_-X-Y-Z_Y;Corner_-X-Y-Z_Z;BBox_2D_XPos;BBox_2D_YPos;Corner_2D_XYZ_X;Corner_2D_XYZ_Y;Corner_2D_XY-Z_X;Corner_2D_XY-Z_Y;Corner_2D_X-YZ_X;Corner_2D_X-YZ_Y;Corner_2D_X-Y-Z_X;Corner_2D_X-Y-Z_Y;Corner_2D_-XYZ_X;Corner_2D_-XYZ_Y;Corner_-2D_XY-Z_X;Corner_2D_-XY-Z_Y;Corner_2D_-X-YZ_X;Corner_2D_-X-YZ_Y;Corner_2D_-X-Y-Z_X;Corner_2D_-X-Y-Z_Y;
J0:19:18:17:533;Hatchback_Car_AI_C_0;211;39167.003906;-71591.914062;-54288.171875;-1;-1;678.747559;0.099356;-0.975942;-0.194079;39169.882812;-71620.835938;-54213.390625;204.0;92.0;76.0;39283.109375;-71825.304688;-54178.351562;39280.25;-71795.945312;-54327.460938;39100.054688;-71843.914062;-54178.507812;39097.195312;-71814.554688;-54327.617188;39242.570312;-71427.117188;-54099.164062;39239.710938;-71397.757812;-54248.273438;39059.515625;-71445.726562;-54099.320312;39056.65625;-71416.367188;-54248.429688;-1;-1;-1;-1;-1;-1;-1;-1;-1;-1;-1;-1;-1;-1;-1;-1;-1;-1
J0:19:18:17:533;Hatchback_Car_AI_C_7;211;38978.640625;-68524.21875;-53551.707031;-1;-1;686.616333;-0.033072;-0.981598;-0.188075;38977.683594;-68552.8125;-53476.75;204.0;92.0;76.0;39062.410156;-68770.4375;-53440.480469;39063.363281;-68741.859375;-53589.769531;38878.511719;-68764.25;-53440.464844;38879.464844;-68735.671875;-53589.753906;39075.902344;-68369.953125;-53363.746094;39076.855469;-68341.375;-53513.035156;38892.003906;-68363.765625;-53363.730469;38892.957031;-68335.1875;-53513.019531;-1;-1;-1;-1;-1;-1;-1;-1;-1;-1;-1;-1;-1;-1;-1;-1;-1;-1
