Time;ID;Cat;XPos;YPos;ZPos;2D_XPos;2D_YPos;Vel;XDir;YDir;ZDir;BBox_XPos;BBox_YPos;BBox_ZPos;BBox_Ext_X;BBox_Ext_Y;BBox_Ext_Z;Corner_XYZ_X;Corner_XYZ_Y;Corner_XYZ_Z;Corner_XY-Z_X;Corner_XY-Z_Y;Corner_XY-Z_Z;Corner_X-YZ_X;Corner_X-YZ_Y;Corner_X-YZ_Z;Corner_X-Y-Z_X;Corner_X-Y-Z_Y;Corner_X-Y-Z_Z;Corner_-XYZ_X;Corner_-XYZ_Y;Corner_-XYZ_Z;Corner_-XY-Z_X;Corner_-XY-Z_Y;Corner_-XY-Z_Z;Corner_-X-YZ_X;Corner_-X-YZ_Y;Corner_-X-YZ_Z;Corner_-X-Y-Z_X;Corner_-X-Y-Z_Y;Corner_-X-Y-Z_Z;BBox_2D_XPos;BBox_2D_YPos;Corner_2D_XYZ_X;Corner_2D_XYZ_Y;Corner_2D_XY-Z_X;Corner_2D_XY-Z_Y;Corner_2D_X-YZ_X;Corner_2D_X-YZ_Y;Corner_2D_X-Y-Z_X;Corner_2D_X-Y-Z_Y;Corner_2D_-XYZ_X;Corner_2D_-XYZ_Y;Corner_-2D_XY-Z_X;Corner_2D_-XY-Z_Y;Corner_2D_-X-YZ_X;Corner_2D_-X-YZ_Y;Corner_2D_-X-Y-Z_X;Corner_2D_-X-Y-Z_Y;
J0:19:18:14:734;Hatchback_Car_AI_C_0;211;39151.878906;-71443.125;-54257.984375;-1;-1;650.871643;0.09815;-0.972454;-0.211422;39154.96875;-71473.351562;-54183.730469;204.0;92.0;76.0;39268.179688;-71678.46875;-54152.625;39264.875;-71646.5;-54301.1875;39085.109375;-71696.96875;-54152.53125;39081.804688;-71665.0;-54301.09375;39228.132812;-71281.703125;-54066.367188;39224.828125;-71249.734375;-54214.929688;39045.0625;-71300.203125;-54066.273438;39041.757812;-71268.234375;-54214.835938;-1;-1;-1;-1;-1;-1;-1;-1;-1;-1;-1;-1;-1;-1;-1;-1;-1;-1
J0:19:18:14:734;Hatchback_Car_AI_C_7;211;38984.417969;-68364.53125;-53522.269531;-1;-1;692.508545;-0.049071;-0.983362;-0.174903;38983.070312;-68392.101562;-53446.9375;204.0;92.0;76.0;39064.308594;-68610.570312;-53407.820312;39065.582031;-68584.007812;-53557.476562;38880.535156;-68601.414062;-53407.757812;38881.808594;-68574.851562;-53557.414062;39084.332031;-68209.351562;-53336.460938;39085.605469;-68182.789062;-53486.117188;38900.558594;-68200.195312;-53336.398438;38901.832031;-68173.632812;-53486.054688;-1;-1;-1;-1;-1;-1;-1;-1;-1;-1;-1;-1;-1;-1;-1;-1;-1;-1
