Time;ID;Cat;XPos;YPos;ZPos;2D_XPos;2D_YPos;Vel;XDir;YDir;ZDir;BBox_XPos;BBox_YPos;BBox_ZPos;BBox_Ext_X;BBox_Ext_Y;BBox_Ext_Z;Corner_XYZ_X;Corner_XYZ_Y;Corner_XYZ_Z;Corner_XY-Z_X;Corner_XY-Z_Y;Corner_XY-Z_Z;Corner_X-YZ_X;Corner_X-YZ_Y;Corner_X-YZ_Z;Corner_X-Y-Z_X;Corner_X-Y-Z_Y;Corner_X-Y-Z_Z;Corner_-XYZ_X;Corner_-XYZ_Y;Corner_-XYZ_Z;Corner_-XY-Z_X;Corner_-XY-Z_Y;Corner_-XY-Z_Z;Corner_-X-YZ_X;Corner_-X-YZ_Y;Corner_-X-YZ_Z;Corner_-X-Y-Z_X;Corner_-X-Y-Z_Y;Corner_-X-Y-Z_Z;BBox_2D_XPos;BBox_2D_YPos;Corner_2D_XYZ_X;Corner_2D_XYZ_Y;Corner_2D_XY-Z_X;Corner_2D_XY-Z_Y;Corner_2D_X-YZ_X;Corner_2D_X-YZ_Y;Corner_2D_X-Y-Z_X;Corner_2D_X-Y-Z_Y;Corner_2D_-XYZ_X;Corner_2D_-XYZ_Y;Corner_-2D_XY-Z_X;Corner_2D_-XY-Z_Y;Corner_2D_-X-YZ_X;Corner_2D_-X-YZ_Y;Corner_2D_-X-Y-Z_X;Corner_2D_-X-Y-Z_Y;
J0:19:18:51:133;Hatchback_Car_AI_C_0;211;39365.171875;-73449.828125;-54477.859375;-1;-1;631.954956;0.090135;-0.995773;-0.017637;39366.460938;-73465.164062;-54399.117188;204.0;92.0;76.0;39476.5;-73661.359375;-54326.613281;39476.445312;-73658.671875;-54478.589844;39293.25;-73677.9375;-54326.839844;39293.195312;-73675.25;-54478.816406;39439.726562;-73255.078125;-54319.417969;39439.671875;-73252.390625;-54471.394531;39256.476562;-73271.65625;-54319.644531;39256.421875;-73268.96875;-54471.621094;-1;-1;-1;-1;-1;-1;-1;-1;-1;-1;-1;-1;-1;-1;-1;-1;-1;-1
J0:19:18:51:133;Hatchback_Car_AI_C_7;211;39051.652344;-70383.039062;-53999.144531;-1;-1;693.171143;0.081944;-0.964168;-0.252318;39054.609375;-70416.390625;-53926.234375;204.0;92.0;76.0;39164.730469;-70624.34375;-53904.304688;39161.253906;-70586.15625;-54051.382812;38981.394531;-70640.0;-53904.03125;38977.917969;-70601.8125;-54051.109375;39131.300781;-70230.96875;-53801.359375;39127.824219;-70192.78125;-53948.4375;38947.964844;-70246.625;-53801.085938;38944.488281;-70208.4375;-53948.164062;-1;-1;-1;-1;-1;-1;-1;-1;-1;-1;-1;-1;-1;-1;-1;-1;-1;-1
J0:19:18:51:133;Hatchback_Car_AI_C_11;211;39121.695312;-67002.390625;-53349.921875;-1;-1;669.79718;-0.152299;-0.985368;-0.076522;39118.613281;-67022.15625;-53272.226562;204.0;92.0;76.0;39177.550781;-67242.96875;-53212.027344;39179.378906;-67231.484375;-53363.582031;38995.707031;-67214.859375;-53212.089844;38997.535156;-67203.375;-53363.644531;39239.691406;-66840.9375;-53180.808594;39241.519531;-66829.453125;-53332.363281;39057.847656;-66812.828125;-53180.871094;39059.675781;-66801.34375;-53332.425781;-1;-1;-1;-1;-1;-1;-1;-1;-1;-1;-1;-1;-1;-1;-1;-1;-1;-1
