Time;ID;Cat;XPos;YPos;ZPos;2D_XPos;2D_YPos;Vel;XDir;YDir;ZDir;BBox_XPos;BBox_YPos;BBox_ZPos;BBox_Ext_X;BBox_Ext_Y;BBox_Ext_Z;Corner_XYZ_X;Corner_XYZ_Y;Corner_XYZ_Z;Corner_XY-Z_X;Corner_XY-Z_Y;Corner_XY-Z_Z;Corner_X-YZ_X;Corner_X-YZ_Y;Corner_X-YZ_Z;Corner_X-Y-Z_X;Corner_X-Y-Z_Y;Corner_X-Y-Z_Z;Corner_-XYZ_X;Corner_-XYZ_Y;Corner_-XYZ_Z;Corner_-XY-Z_X;Corner_-XY-Z_Y;Corner_-XY-Z_Z;Corner_-X-YZ_X;Corner_-X-YZ_Y;Corner_-X-YZ_Z;Corner_-X-Y-Z_X;Corner_-X-Y-Z_Y;Corner_-X-Y-Z_Z;BBox_2D_XPos;BBox_2D_YPos;Corner_2D_XYZ_X;Corner_2D_XYZ_Y;Corner_2D_XY-Z_X;Corner_2D_XY-Z_Y;Corner_2D_X-YZ_X;Corner_2D_X-YZ_Y;Corner_2D_X-Y-Z_X;Corner_2D_X-Y-Z_Y;Corner_2D_-XYZ_X;Corner_2D_-XYZ_Y;Corner_-2D_XY-Z_X;Corner_2D_-XY-Z_Y;Corner_2D_-X-YZ_X;Corner_2D_-X-YZ_Y;Corner_2D_-X-Y-Z_X;Corner_2D_-X-Y-Z_Y;
J0:19:19:12:327;Hatchback_Car_AI_C_0;211;39420.804688;-74611.882812;-54451.394531;55;687;664.471008;0.015168;-0.999016;0.041684;39421.085938;-74622.578125;-54371.878906;204.0;92.0;76.0;39516.234375;-74821.8125;-54287.578125;39516.101562;-74828.15625;-54439.445312;39332.257812;-74824.59375;-54287.304688;39332.125;-74830.9375;-54439.171875;39510.046875;-74414.21875;-54304.585938;39509.914062;-74420.5625;-54456.453125;39326.070312;-74417.0;-54304.3125;39325.9375;-74423.34375;-54456.179688;57;673;77;660;77;691;4;660;4;691;107;656;107;686;38;656;38;686
J0:19:19:12:327;Hatchback_Car_AI_C_7;211;39164.058594;-71566.109375;-54283.101562;-1;-1;689.301331;0.098089;-0.975234;-0.198234;39166.945312;-71595.351562;-54208.445312;204.0;92.0;76.0;39279.953125;-71800.09375;-54174.332031;39277.039062;-71770.109375;-54323.316406;39096.875;-71818.484375;-54174.457031;39093.960938;-71788.5;-54323.441406;39239.929688;-71402.203125;-54093.449219;39237.015625;-71372.21875;-54242.433594;39056.851562;-71420.59375;-54093.574219;39053.9375;-71390.609375;-54242.558594;-1;-1;-1;-1;-1;-1;-1;-1;-1;-1;-1;-1;-1;-1;-1;-1;-1;-1
J0:19:19:12:327;Hatchback_Car_AI_C_11;211;38994.152344;-68189.609375;-53492.351562;-1;-1;683.106995;-0.062551;-0.984844;-0.161774;38992.46875;-68216.148438;-53416.65625;204.0;92.0;76.0;39070.746094;-68435.15625;-53374.660156;39072.300781;-68410.609375;-53524.660156;38887.113281;-68423.5;-53374.652344;38888.667969;-68398.953125;-53524.652344;39096.269531;-68033.34375;-53308.660156;39097.824219;-68008.796875;-53458.660156;38912.636719;-68021.6875;-53308.652344;38914.191406;-67997.140625;-53458.652344;-1;-1;-1;-1;-1;-1;-1;-1;-1;-1;-1;-1;-1;-1;-1;-1;-1;-1
