Time;ID;Cat;XPos;YPos;ZPos;2D_XPos;2D_YPos;Vel;XDir;YDir;ZDir;BBox_XPos;BBox_YPos;BBox_ZPos;BBox_Ext_X;BBox_Ext_Y;BBox_Ext_Z;Corner_XYZ_X;Corner_XYZ_Y;Corner_XYZ_Z;Corner_XY-Z_X;Corner_XY-Z_Y;Corner_XY-Z_Z;Corner_X-YZ_X;Corner_X-YZ_Y;Corner_X-YZ_Z;Corner_X-Y-Z_X;Corner_X-Y-Z_Y;Corner_X-Y-Z_Z;Corner_-XYZ_X;Corner_-XYZ_Y;Corner_-XYZ_Z;Corner_-XY-Z_X;Corner_-XY-Z_Y;Corner_-XY-Z_Z;Corner_-X-YZ_X;Corner_-X-YZ_Y;Corner_-X-YZ_Z;Corner_-X-Y-Z_X;Corner_-X-Y-Z_Y;Corner_-X-Y-Z_Z;BBox_2D_XPos;BBox_2D_YPos;Corner_2D_XYZ_X;Corner_2D_XYZ_Y;Corner_2D_XY-Z_X;Corner_2D_XY-Z_Y;Corner_2D_X-YZ_X;Corner_2D_X-YZ_Y;Corner_2D_X-Y-Z_X;Corner_2D_X-Y-Z_Y;Corner_2D_-XYZ_X;Corner_2D_-XYZ_Y;Corner_-2D_XY-Z_X;Corner_2D_-XY-Z_Y;Corner_2D_-X-YZ_X;Corner_2D_-X-YZ_Y;Corner_2D_-X-Y-Z_X;Corner_2D_-X-Y-Z_Y;
J0:19:18:31:131;Hatchback_Car_AI_C_0;211;39248.777344;-72342.070312;-54405.445312;-1;-1;679.513428;0.10994;-0.986671;-0.119977;39250.957031;-72365.351562;-54328.695312;204.0;92.0;76.0;39365.441406;-72565.609375;-54277.25;39364.207031;-72547.390625;-54428.148438;39182.566406;-72585.875;-54278.195312;39181.332031;-72567.65625;-54429.09375;39320.582031;-72163.046875;-54228.296875;39319.347656;-72144.828125;-54379.195312;39137.707031;-72183.3125;-54229.242188;39136.472656;-72165.09375;-54380.140625;-1;-1;-1;-1;-1;-1;-1;-1;-1;-1;-1;-1;-1;-1;-1;-1;-1;-1
J0:19:18:31:131;Hatchback_Car_AI_C_7;211;38981.457031;-69281.640625;-53718.515625;-1;-1;688.758911;0.029106;-0.97124;-0.236318;38982.511719;-69313.898438;-53645.0625;204.0;92.0;76.0;39081.03125;-69527.203125;-53619.523438;39079.78125;-69491.296875;-53767.21875;38897.117188;-69532.765625;-53619.320312;38895.867188;-69496.859375;-53767.015625;39069.15625;-69130.9375;-53523.109375;39067.90625;-69095.03125;-53670.804688;38885.242188;-69136.5;-53522.90625;38883.992188;-69100.59375;-53670.601562;-1;-1;-1;-1;-1;-1;-1;-1;-1;-1;-1;-1;-1;-1;-1;-1;-1;-1
J0:19:18:31:131;Hatchback_Car_AI_C_11;211;39316.652344;-65924.03125;-53295.203125;-1;-1;677.115723;-0.209992;-0.977256;-0.029576;39313.191406;-65939.992188;-53216.652344;204.0;92.0;76.0;39359.796875;-66160.867188;-53146.6875;39360.796875;-66156.492188;-53298.617188;39179.90625;-66122.210938;-53146.757812;39180.90625;-66117.835938;-53298.6875;39445.476562;-65762.148438;-53134.617188;39446.476562;-65757.773438;-53286.546875;39265.585938;-65723.492188;-53134.6875;39266.585938;-65719.117188;-53286.617188;-1;-1;-1;-1;-1;-1;-1;-1;-1;-1;-1;-1;-1;-1;-1;-1;-1;-1
