Time;ID;Cat;XPos;YPos;ZPos;2D_XPos;2D_YPos;Vel;XDir;YDir;ZDir;BBox_XPos;BBox_YPos;BBox_ZPos;BBox_Ext_X;BBox_Ext_Y;BBox_Ext_Z;Corner_XYZ_X;Corner_XYZ_Y;Corner_XYZ_Z;Corner_XY-Z_X;Corner_XY-Z_Y;Corner_XY-Z_Z;Corner_X-YZ_X;Corner_X-YZ_Y;Corner_X-YZ_Z;Corner_X-Y-Z_X;Corner_X-Y-Z_Y;Corner_X-Y-Z_Z;Corner_-XYZ_X;Corner_-XYZ_Y;Corner_-XYZ_Z;Corner_-XY-Z_X;Corner_-XY-Z_Y;Corner_-XY-Z_Z;Corner_-X-YZ_X;Corner_-X-YZ_Y;Corner_-X-YZ_Z;Corner_-X-Y-Z_X;Corner_-X-Y-Z_Y;Corner_-X-Y-Z_Z;BBox_2D_XPos;BBox_2D_YPos;Corner_2D_XYZ_X;Corner_2D_XYZ_Y;Corner_2D_XY-Z_X;Corner_2D_XY-Z_Y;Corner_2D_X-YZ_X;Corner_2D_X-YZ_Y;Corner_2D_X-Y-Z_X;Corner_2D_X-Y-Z_Y;Corner_2D_-XYZ_X;Corner_2D_-XYZ_Y;Corner_-2D_XY-Z_X;Corner_2D_-XY-Z_Y;Corner_2D_-X-YZ_X;Corner_2D_-X-YZ_Y;Corner_2D_-X-Y-Z_X;Corner_2D_-X-Y-Z_Y;
J0:19:18:13:135;Hatchback_Car_AI_C_0;211;39143.332031;-71355.953125;-54239.054688;-1;-1;699.695374;0.095312;-0.971201;-0.218368;39146.515625;-71386.703125;-54165.019531;204.0;92.0;76.0;39259.292969;-71592.304688;-54135.589844;39255.738281;-71559.304688;-54283.917969;39076.183594;-71610.351562;-54135.214844;39072.628906;-71577.351562;-54283.542969;39220.402344;-71196.054688;-54046.496094;39216.847656;-71163.054688;-54194.824219;39037.292969;-71214.101562;-54046.121094;39033.738281;-71181.101562;-54194.449219;-1;-1;-1;-1;-1;-1;-1;-1;-1;-1;-1;-1;-1;-1;-1;-1;-1;-1
J0:19:18:13:135;Hatchback_Car_AI_C_7;211;38988.546875;-68275.078125;-53506.527344;-1;-1;704.604492;-0.056686;-0.984338;-0.166927;38987.015625;-68302.023438;-53430.972656;204.0;92.0;76.0;39066.589844;-68520.78125;-53390.117188;39068.011719;-68495.453125;-53539.984375;38882.894531;-68510.203125;-53390.070312;38884.316406;-68484.875;-53539.9375;39089.714844;-68119.171875;-53322.007812;39091.136719;-68093.84375;-53471.875;38906.019531;-68108.59375;-53321.960938;38907.441406;-68083.265625;-53471.828125;-1;-1;-1;-1;-1;-1;-1;-1;-1;-1;-1;-1;-1;-1;-1;-1;-1;-1
