Time;ID;Cat;XPos;YPos;ZPos;2D_XPos;2D_YPos;Vel;XDir;YDir;ZDir;BBox_XPos;BBox_YPos;BBox_ZPos;BBox_Ext_X;BBox_Ext_Y;BBox_Ext_Z;Corner_XYZ_X;Corner_XYZ_Y;Corner_XYZ_Z;Corner_XY-Z_X;Corner_XY-Z_Y;Corner_XY-Z_Z;Corner_X-YZ_X;Corner_X-YZ_Y;Corner_X-YZ_Z;Corner_X-Y-Z_X;Corner_X-Y-Z_Y;Corner_X-Y-Z_Z;Corner_-XYZ_X;Corner_-XYZ_Y;Corner_-XYZ_Z;Corner_-XY-Z_X;Corner_-XY-Z_Y;Corner_-XY-Z_Z;Corner_-X-YZ_X;Corner_-X-YZ_Y;Corner_-X-YZ_Z;Corner_-X-Y-Z_X;Corner_-X-Y-Z_Y;Corner_-X-Y-Z_Z;BBox_2D_XPos;BBox_2D_YPos;Corner_2D_XYZ_X;Corner_2D_XYZ_Y;Corner_2D_XY-Z_X;Corner_2D_XY-Z_Y;Corner_2D_X-YZ_X;Corner_2D_X-YZ_Y;Corner_2D_X-Y-Z_X;Corner_2D_X-Y-Z_Y;Corner_2D_-XYZ_X;Corner_2D_-XYZ_Y;Corner_-2D_XY-Z_X;Corner_2D_-XY-Z_Y;Corner_2D_-X-YZ_X;Corner_2D_-X-YZ_Y;Corner_2D_-X-Y-Z_X;Corner_2D_-X-Y-Z_Y;
J0:19:19:09:929;Hatchback_Car_AI_C_0;211;39419.144531;-74478.171875;-54456.90625;31;688;654.518799;0.022914;-0.998937;0.040006;39419.546875;-74488.992188;-54377.410156;204.0;92.0;76.0;39516.277344;-74687.625;-54293.492188;39516.121094;-74693.71875;-54445.367188;39332.324219;-74691.828125;-54293.132812;39332.167969;-74697.921875;-54445.007812;39506.925781;-74280.0625;-54309.8125;39506.769531;-74286.15625;-54461.6875;39322.972656;-74284.265625;-54309.453125;39322.816406;-74290.359375;-54461.328125;33;674;52;661;52;692;-1;-1;-1;-1;84;657;84;686;15;657;15;686
J0:19:19:09:929;Hatchback_Car_AI_C_7;211;39150.511719;-71432.953125;-54255.769531;-1;-1;689.250488;0.095833;-0.972738;-0.211178;39153.578125;-71463.164062;-54181.507812;204.0;92.0;76.0;39266.34375;-71668.523438;-54150.40625;39263.023438;-71636.601562;-54298.976562;39083.234375;-71686.601562;-54150.203125;39079.914062;-71654.679688;-54298.773438;39227.242188;-71271.648438;-54064.242188;39223.921875;-71239.726562;-54212.8125;39044.132812;-71289.726562;-54064.039062;39040.8125;-71257.804688;-54212.609375;-1;-1;-1;-1;-1;-1;-1;-1;-1;-1;-1;-1;-1;-1;-1;-1;-1;-1
J0:19:19:09:929;Hatchback_Car_AI_C_11;211;39002.917969;-68053.945312;-53470.714844;-1;-1;721.297668;-0.075404;-0.985894;-0.149422;39000.980469;-68079.515625;-53394.695312;204.0;92.0;76.0;39076.480469;-68298.984375;-53350.050781;39078.175781;-68276.328125;-53500.347656;38893.019531;-68284.953125;-53350.003906;38894.714844;-68262.296875;-53500.300781;39107.246094;-67896.734375;-53289.089844;39108.941406;-67874.078125;-53439.386719;38923.785156;-67882.703125;-53289.042969;38925.480469;-67860.046875;-53439.339844;-1;-1;-1;-1;-1;-1;-1;-1;-1;-1;-1;-1;-1;-1;-1;-1;-1;-1
