Time;ID;Cat;XPos;YPos;ZPos;2D_XPos;2D_YPos;Vel;XDir;YDir;ZDir;BBox_XPos;BBox_YPos;BBox_ZPos;BBox_Ext_X;BBox_Ext_Y;BBox_Ext_Z;Corner_XYZ_X;Corner_XYZ_Y;Corner_XYZ_Z;Corner_XY-Z_X;Corner_XY-Z_Y;Corner_XY-Z_Z;Corner_X-YZ_X;Corner_X-YZ_Y;Corner_X-YZ_Z;Corner_X-Y-Z_X;Corner_X-Y-Z_Y;Corner_X-Y-Z_Z;Corner_-XYZ_X;Corner_-XYZ_Y;Corner_-XYZ_Z;Corner_-XY-Z_X;Corner_-XY-Z_Y;Corner_-XY-Z_Z;Corner_-X-YZ_X;Corner_-X-YZ_Y;Corner_-X-YZ_Z;Corner_-X-Y-Z_X;Corner_-X-Y-Z_Y;Corner_-X-Y-Z_Z;BBox_2D_XPos;BBox_2D_YPos;Corner_2D_XYZ_X;Corner_2D_XYZ_Y;Corner_2D_XY-Z_X;Corner_2D_XY-Z_Y;Corner_2D_X-YZ_X;Corner_2D_X-YZ_Y;Corner_2D_X-Y-Z_X;Corner_2D_X-Y-Z_Y;Corner_2D_-XYZ_X;Corner_2D_-XYZ_Y;Corner_-2D_XY-Z_X;Corner_2D_-XY-Z_Y;Corner_2D_-X-YZ_X;Corner_2D_-X-YZ_Y;Corner_2D_-X-Y-Z_X;Corner_2D_-X-Y-Z_Y;
J0:19:18:44:337;Hatchback_Car_AI_C_0;211;39329.824219;-73074.429688;-54466.257812;-1;-1;639.377625;0.1047;-0.993137;-0.052123;39331.492188;-73092.453125;-54388.09375;204.0;92.0;76.0;39444.539062;-73289.382812;-54322.5625;39444.148438;-73281.460938;-54474.351562;39261.554688;-73308.648438;-54323.101562;39261.164062;-73300.726562;-54474.890625;39401.820312;-72884.179688;-54301.296875;39401.429688;-72876.257812;-54453.085938;39218.835938;-72903.445312;-54301.835938;39218.445312;-72895.523438;-54453.625;-1;-1;-1;-1;-1;-1;-1;-1;-1;-1;-1;-1;-1;-1;-1;-1;-1;-1
J0:19:18:44:337;Hatchback_Car_AI_C_7;211;39021.464844;-70006.507812;-53901.441406;-1;-1;680.552368;0.067315;-0.96532;-0.252241;39023.933594;-70039.890625;-53828.527344;204.0;92.0;76.0;39130.90625;-70249.492188;-53806.601562;39127.96875;-70211.257812;-53953.6875;38947.359375;-70262.367188;-53806.28125;38944.421875;-70224.132812;-53953.367188;39103.445312;-69855.648438;-53703.6875;39100.507812;-69817.414062;-53850.773438;38919.898438;-69868.523438;-53703.367188;38916.960938;-69830.289062;-53850.453125;-1;-1;-1;-1;-1;-1;-1;-1;-1;-1;-1;-1;-1;-1;-1;-1;-1;-1
J0:19:18:44:337;Hatchback_Car_AI_C_11;211;39181.621094;-66630.234375;-53325.1875;-1;-1;683.32428;-0.173847;-0.983343;-0.053038;39178.449219;-66648.125;-53247.042969;204.0;92.0;76.0;39232.867188;-66868.710938;-53181.957031;39234.289062;-66860.773438;-53333.746094;39051.679688;-66836.679688;-53181.980469;39053.101562;-66828.742188;-53333.769531;39303.796875;-66467.507812;-53160.316406;39305.21875;-66459.570312;-53312.105469;39122.609375;-66435.476562;-53160.339844;39124.03125;-66427.539062;-53312.128906;-1;-1;-1;-1;-1;-1;-1;-1;-1;-1;-1;-1;-1;-1;-1;-1;-1;-1
