Time;ID;Cat;XPos;YPos;ZPos;2D_XPos;2D_YPos;Vel;XDir;YDir;ZDir;BBox_XPos;BBox_YPos;BBox_ZPos;BBox_Ext_X;BBox_Ext_Y;BBox_Ext_Z;Corner_XYZ_X;Corner_XYZ_Y;Corner_XYZ_Z;Corner_XY-Z_X;Corner_XY-Z_Y;Corner_XY-Z_Z;Corner_X-YZ_X;Corner_X-YZ_Y;Corner_X-YZ_Z;Corner_X-Y-Z_X;Corner_X-Y-Z_Y;Corner_X-Y-Z_Z;Corner_-XYZ_X;Corner_-XYZ_Y;Corner_-XYZ_Z;Corner_-XY-Z_X;Corner_-XY-Z_Y;Corner_-XY-Z_Z;Corner_-X-YZ_X;Corner_-X-YZ_Y;Corner_-X-YZ_Z;Corner_-X-Y-Z_X;Corner_-X-Y-Z_Y;Corner_-X-Y-Z_Z;BBox_2D_XPos;BBox_2D_YPos;Corner_2D_XYZ_X;Corner_2D_XYZ_Y;Corner_2D_XY-Z_X;Corner_2D_XY-Z_Y;Corner_2D_X-YZ_X;Corner_2D_X-YZ_Y;Corner_2D_X-Y-Z_X;Corner_2D_X-Y-Z_Y;Corner_2D_-XYZ_X;Corner_2D_-XYZ_Y;Corner_-2D_XY-Z_X;Corner_2D_-XY-Z_Y;Corner_2D_-X-YZ_X;Corner_2D_-X-YZ_Y;Corner_2D_-X-Y-Z_X;Corner_2D_-X-Y-Z_Y;
J0:19:19:07:930;Hatchback_Car_AI_C_0;211;39416.757812;-74368.828125;-54461.171875;12;689;663.725403;0.029448;-0.99883;0.038363;39417.226562;-74379.78125;-54381.691406;204.0;92.0;76.0;39515.25;-74577.914062;-54298.09375;39515.140625;-74583.757812;-54449.984375;39331.328125;-74583.320312;-54297.75;39331.21875;-74589.164062;-54449.640625;39503.234375;-74170.398438;-54313.742188;39503.125;-74176.242188;-54465.632812;39319.3125;-74175.804688;-54313.398438;39319.203125;-74181.648438;-54465.289062;14;675;33;662;33;693;-1;-1;-1;-1;66;658;66;687;-1;-1;-1;-1
J0:19:19:07:930;Hatchback_Car_AI_C_7;211;39138.949219;-71317.71875;-54230.527344;-1;-1;713.69165;0.096295;-0.970401;-0.221471;39142.148438;-71348.703125;-54156.589844;204.0;92.0;76.0;39255.121094;-71554.28125;-54127.800781;39251.558594;-71520.8125;-54276.027344;39072.027344;-71572.515625;-54127.511719;39068.464844;-71539.046875;-54275.738281;39215.832031;-71158.359375;-54037.441406;39212.269531;-71124.890625;-54185.667969;39032.738281;-71176.59375;-54037.152344;39029.175781;-71143.125;-54185.378906;-1;-1;-1;-1;-1;-1;-1;-1;-1;-1;-1;-1;-1;-1;-1;-1;-1;-1
J0:19:19:07:930;Hatchback_Car_AI_C_11;211;39011.46875;-67938.8125;-53453.640625;-1;-1;676.416443;-0.083066;-0.986307;-0.142475;39009.335938;-67963.835938;-53377.441406;204.0;92.0;76.0;39083.132812;-68183.554688;-53331.25;39085.0;-68161.976562;-53481.703125;38899.78125;-68168.101562;-53331.3125;38901.648438;-68146.523438;-53481.765625;39117.023438;-67781.148438;-53273.117188;39118.890625;-67759.570312;-53423.570312;38933.671875;-67765.695312;-53273.179688;38935.539062;-67744.117188;-53423.632812;-1;-1;-1;-1;-1;-1;-1;-1;-1;-1;-1;-1;-1;-1;-1;-1;-1;-1
