Time;ID;Cat;XPos;YPos;ZPos;2D_XPos;2D_YPos;Vel;XDir;YDir;ZDir;BBox_XPos;BBox_YPos;BBox_ZPos;BBox_Ext_X;BBox_Ext_Y;BBox_Ext_Z;Corner_XYZ_X;Corner_XYZ_Y;Corner_XYZ_Z;Corner_XY-Z_X;Corner_XY-Z_Y;Corner_XY-Z_Z;Corner_X-YZ_X;Corner_X-YZ_Y;Corner_X-YZ_Z;Corner_X-Y-Z_X;Corner_X-Y-Z_Y;Corner_X-Y-Z_Z;Corner_-XYZ_X;Corner_-XYZ_Y;Corner_-XYZ_Z;Corner_-XY-Z_X;Corner_-XY-Z_Y;Corner_-XY-Z_Z;Corner_-X-YZ_X;Corner_-X-YZ_Y;Corner_-X-YZ_Z;Corner_-X-Y-Z_X;Corner_-X-Y-Z_Y;Corner_-X-Y-Z_Z;BBox_2D_XPos;BBox_2D_YPos;Corner_2D_XYZ_X;Corner_2D_XYZ_Y;Corner_2D_XY-Z_X;Corner_2D_XY-Z_Y;Corner_2D_X-YZ_X;Corner_2D_X-YZ_Y;Corner_2D_X-Y-Z_X;Corner_2D_X-Y-Z_Y;Corner_2D_-XYZ_X;Corner_2D_-XYZ_Y;Corner_-2D_XY-Z_X;Corner_2D_-XY-Z_Y;Corner_2D_-X-YZ_X;Corner_2D_-X-YZ_Y;Corner_2D_-X-Y-Z_X;Corner_2D_-X-Y-Z_Y;
J0:19:18:59:135;Hatchback_Car_AI_C_0;211;39397.296875;-73886.828125;-54476.027344;-1;-1;641.15448;0.060263;-0.998025;0.01772;39398.175781;-73899.398438;-54396.792969;204.0;92.0;76.0;39502.335938;-74096.101562;-54317.332031;39502.265625;-74098.804688;-54469.308594;39318.671875;-74107.179688;-54317.050781;39318.601562;-74109.882812;-54469.027344;39477.75;-73688.914062;-54324.558594;39477.679688;-73691.617188;-54476.535156;39294.085938;-73699.992188;-54324.277344;39294.015625;-73702.695312;-54476.253906;-1;-1;-1;-1;-1;-1;-1;-1;-1;-1;-1;-1;-1;-1;-1;-1;-1;-1
J0:19:18:59:135;Hatchback_Car_AI_C_7;211;39091.78125;-70825.992188;-54112.238281;-1;-1;706.57019;0.089466;-0.96556;-0.244316;39095.003906;-70858.710938;-54039.054688;204.0;92.0;76.0;39206.75;-71065.617188;-54015.414062;39202.960938;-71028.679688;-54162.804688;39023.546875;-71082.695312;-54014.984375;39019.757812;-71045.757812;-54162.375;39170.25;-70671.664062;-53915.734375;39166.460938;-70634.726562;-54063.125;38987.046875;-70688.742188;-53915.304688;38983.257812;-70651.804688;-54062.695312;-1;-1;-1;-1;-1;-1;-1;-1;-1;-1;-1;-1;-1;-1;-1;-1;-1;-1
J0:19:18:59:135;Hatchback_Car_AI_C_11;211;39061.789062;-67441.523438;-53390.933594;-1;-1;660.772766;-0.123703;-0.986582;-0.106548;39058.996094;-67463.6875;-53313.875;204.0;92.0;76.0;39124.027344;-67684.429688;-53260.027344;39126.066406;-67668.367188;-53411.160156;38941.457031;-67661.539062;-53260.058594;38943.496094;-67645.476562;-53411.191406;39174.496094;-67281.898438;-53216.558594;39176.535156;-67265.835938;-53367.691406;38991.925781;-67259.007812;-53216.589844;38993.964844;-67242.945312;-53367.722656;-1;-1;-1;-1;-1;-1;-1;-1;-1;-1;-1;-1;-1;-1;-1;-1;-1;-1
