Time;ID;Cat;XPos;YPos;ZPos;2D_XPos;2D_YPos;Vel;XDir;YDir;ZDir;BBox_XPos;BBox_YPos;BBox_ZPos;BBox_Ext_X;BBox_Ext_Y;BBox_Ext_Z;Corner_XYZ_X;Corner_XYZ_Y;Corner_XYZ_Z;Corner_XY-Z_X;Corner_XY-Z_Y;Corner_XY-Z_Z;Corner_X-YZ_X;Corner_X-YZ_Y;Corner_X-YZ_Z;Corner_X-Y-Z_X;Corner_X-Y-Z_Y;Corner_X-Y-Z_Z;Corner_-XYZ_X;Corner_-XYZ_Y;Corner_-XYZ_Z;Corner_-XY-Z_X;Corner_-XY-Z_Y;Corner_-XY-Z_Z;Corner_-X-YZ_X;Corner_-X-YZ_Y;Corner_-X-YZ_Z;Corner_-X-Y-Z_X;Corner_-X-Y-Z_Y;Corner_-X-Y-Z_Z;BBox_2D_XPos;BBox_2D_YPos;Corner_2D_XYZ_X;Corner_2D_XYZ_Y;Corner_2D_XY-Z_X;Corner_2D_XY-Z_Y;Corner_2D_X-YZ_X;Corner_2D_X-YZ_Y;Corner_2D_X-Y-Z_X;Corner_2D_X-Y-Z_Y;Corner_2D_-XYZ_X;Corner_2D_-XYZ_Y;Corner_-2D_XY-Z_X;Corner_2D_-XY-Z_Y;Corner_2D_-X-YZ_X;Corner_2D_-X-YZ_Y;Corner_2D_-X-Y-Z_X;Corner_2D_-X-Y-Z_Y;
J0:19:19:05:931;Hatchback_Car_AI_C_0;211;39413.5;-74258.0;-54465.34375;-1;-1;666.589661;0.039032;-0.998597;0.035792;39414.082031;-74269.148438;-54385.894531;204.0;92.0;76.0;39514.007812;-74466.546875;-54302.8125;39513.9375;-74472.0;-54454.71875;39330.148438;-74473.71875;-54302.46875;39330.078125;-74479.171875;-54454.375;39498.085938;-74059.125;-54317.414062;39498.015625;-74064.578125;-54469.320312;39314.226562;-74066.296875;-54317.070312;39314.15625;-74071.75;-54468.976562;-1;-1;13;663;13;693;-1;-1;-1;-1;47;659;47;688;-1;-1;-1;-1
J0:19:19:05:931;Hatchback_Car_AI_C_7;211;39127.980469;-71204.78125;-54204.6875;-1;-1;701.772705;0.09186;-0.96854;-0.231284;39131.207031;-71236.507812;-54131.066406;204.0;92.0;76.0;39243.394531;-71442.828125;-54104.554688;39239.660156;-71407.875;-54252.429688;39060.230469;-71460.3125;-54104.070312;39056.496094;-71425.359375;-54251.945312;39205.917969;-71047.65625;-54010.1875;39202.183594;-71012.703125;-54158.0625;39022.753906;-71065.140625;-54009.703125;39019.019531;-71030.1875;-54157.578125;-1;-1;-1;-1;-1;-1;-1;-1;-1;-1;-1;-1;-1;-1;-1;-1;-1;-1
J0:19:19:05:931;Hatchback_Car_AI_C_11;211;39020.789062;-67826.375;-53437.980469;-1;-1;662.041138;-0.093141;-0.986429;-0.135212;39018.46875;-67850.820312;-53361.597656;204.0;92.0;76.0;39090.082031;-68070.929688;-53313.863281;39092.042969;-68050.476562;-53464.464844;38906.894531;-68053.632812;-53313.894531;38908.855469;-68033.179688;-53464.496094;39128.082031;-67668.460938;-53258.699219;39130.042969;-67648.007812;-53409.300781;38944.894531;-67651.164062;-53258.730469;38946.855469;-67630.710938;-53409.332031;-1;-1;-1;-1;-1;-1;-1;-1;-1;-1;-1;-1;-1;-1;-1;-1;-1;-1
