Time;ID;Cat;XPos;YPos;ZPos;2D_XPos;2D_YPos;Vel;XDir;YDir;ZDir;BBox_XPos;BBox_YPos;BBox_ZPos;BBox_Ext_X;BBox_Ext_Y;BBox_Ext_Z;Corner_XYZ_X;Corner_XYZ_Y;Corner_XYZ_Z;Corner_XY-Z_X;Corner_XY-Z_Y;Corner_XY-Z_Z;Corner_X-YZ_X;Corner_X-YZ_Y;Corner_X-YZ_Z;Corner_X-Y-Z_X;Corner_X-Y-Z_Y;Corner_X-Y-Z_Z;Corner_-XYZ_X;Corner_-XYZ_Y;Corner_-XYZ_Z;Corner_-XY-Z_X;Corner_-XY-Z_Y;Corner_-XY-Z_Z;Corner_-X-YZ_X;Corner_-X-YZ_Y;Corner_-X-YZ_Z;Corner_-X-Y-Z_X;Corner_-X-Y-Z_Y;Corner_-X-Y-Z_Z;BBox_2D_XPos;BBox_2D_YPos;Corner_2D_XYZ_X;Corner_2D_XYZ_Y;Corner_2D_XY-Z_X;Corner_2D_XY-Z_Y;Corner_2D_X-YZ_X;Corner_2D_X-YZ_Y;Corner_2D_X-Y-Z_X;Corner_2D_X-Y-Z_Y;Corner_2D_-XYZ_X;Corner_2D_-XYZ_Y;Corner_-2D_XY-Z_X;Corner_2D_-XY-Z_Y;Corner_2D_-X-YZ_X;Corner_2D_-X-YZ_Y;Corner_2D_-X-Y-Z_X;Corner_2D_-X-Y-Z_Y;
J0:19:18:52:732;Hatchback_Car_AI_C_0;211;39372.496094;-73536.429688;-54478.628906;-1;-1;644.466858;0.085073;-0.996334;-0.008965;39373.695312;-73551.085938;-54399.757812;204.0;92.0;76.0;39482.726562;-73747.1875;-54325.53125;39482.710938;-73745.828125;-54477.523438;39299.390625;-73762.84375;-54325.648438;39299.375;-73761.484375;-54477.640625;39448.015625;-73340.6875;-54321.875;39448.0;-73339.328125;-54473.867188;39264.679688;-73356.34375;-54321.992188;39264.664062;-73354.984375;-54473.984375;-1;-1;-1;-1;-1;-1;-1;-1;-1;-1;-1;-1;-1;-1;-1;-1;-1;-1
J0:19:18:52:732;Hatchback_Car_AI_C_7;211;39059.523438;-70472.8125;-54022.210938;-1;-1;690.059143;0.083747;-0.964223;-0.251516;39062.550781;-70506.09375;-53949.273438;204.0;92.0;76.0;39173.074219;-70713.828125;-53927.179688;39169.503906;-70675.765625;-54074.296875;38989.769531;-70729.828125;-53926.867188;38986.199219;-70691.765625;-54073.984375;39138.902344;-70320.421875;-53824.5625;39135.332031;-70282.359375;-53971.679688;38955.597656;-70336.421875;-53824.25;38952.027344;-70298.359375;-53971.367188;-1;-1;-1;-1;-1;-1;-1;-1;-1;-1;-1;-1;-1;-1;-1;-1;-1;-1
J0:19:18:52:732;Hatchback_Car_AI_C_11;211;39108.199219;-67093.117188;-53357.261719;-1;-1;689.830322;-0.14702;-0.985751;-0.081732;39105.171875;-67113.304688;-53279.671875;204.0;92.0;76.0;39165.238281;-67334.109375;-53220.578125;39167.105469;-67321.828125;-53372.070312;38983.253906;-67306.96875;-53220.617188;38985.121094;-67294.6875;-53372.109375;39225.222656;-66931.921875;-53187.234375;39227.089844;-66919.640625;-53338.726562;39043.238281;-66904.78125;-53187.273438;39045.105469;-66892.5;-53338.765625;-1;-1;-1;-1;-1;-1;-1;-1;-1;-1;-1;-1;-1;-1;-1;-1;-1;-1
