Time;ID;Cat;XPos;YPos;ZPos;2D_XPos;2D_YPos;Vel;XDir;YDir;ZDir;BBox_XPos;BBox_YPos;BBox_ZPos;BBox_Ext_X;BBox_Ext_Y;BBox_Ext_Z;Corner_XYZ_X;Corner_XYZ_Y;Corner_XYZ_Z;Corner_XY-Z_X;Corner_XY-Z_Y;Corner_XY-Z_Z;Corner_X-YZ_X;Corner_X-YZ_Y;Corner_X-YZ_Z;Corner_X-Y-Z_X;Corner_X-Y-Z_Y;Corner_X-Y-Z_Z;Corner_-XYZ_X;Corner_-XYZ_Y;Corner_-XYZ_Z;Corner_-XY-Z_X;Corner_-XY-Z_Y;Corner_-XY-Z_Z;Corner_-X-YZ_X;Corner_-X-YZ_Y;Corner_-X-YZ_Z;Corner_-X-Y-Z_X;Corner_-X-Y-Z_Y;Corner_-X-Y-Z_Z;BBox_2D_XPos;BBox_2D_YPos;Corner_2D_XYZ_X;Corner_2D_XYZ_Y;Corner_2D_XY-Z_X;Corner_2D_XY-Z_Y;Corner_2D_X-YZ_X;Corner_2D_X-YZ_Y;Corner_2D_X-Y-Z_X;Corner_2D_X-Y-Z_Y;Corner_2D_-XYZ_X;Corner_2D_-XYZ_Y;Corner_-2D_XY-Z_X;Corner_2D_-XY-Z_Y;Corner_2D_-X-YZ_X;Corner_2D_-X-YZ_Y;Corner_2D_-X-Y-Z_X;Corner_2D_-X-Y-Z_Y;
J0:19:17:47:930;Hatchback_Car_AI_C_0;211;39019.683594;-69958.117188;-53888.828125;-1;-1;699.043152;0.065944;-0.965445;-0.252125;39022.078125;-69991.5;-53815.910156;204.0;92.0;76.0;39128.734375;-70201.257812;-53793.929688;39125.898438;-70163.039062;-53941.015625;38945.164062;-70213.867188;-53793.671875;38942.328125;-70175.648438;-53940.757812;39101.828125;-69807.351562;-53691.0625;39098.992188;-69769.132812;-53838.148438;38918.257812;-69819.960938;-53690.804688;38915.421875;-69781.742188;-53837.890625;-1;-1;-1;-1;-1;-1;-1;-1;-1;-1;-1;-1;-1;-1;-1;-1;-1;-1
J0:19:17:47:930;Hatchback_Car_AI_C_7;211;39140.53125;-66879.53125;-53340.742188;-1;-1;693.24176;-0.15907;-0.98502;-0.066576;39137.4375;-66898.507812;-53262.847656;204.0;92.0;76.0;39194.980469;-67119.117188;-53200.566406;39196.644531;-67109.132812;-53352.230469;39013.332031;-67089.773438;-53200.628906;39014.996094;-67079.789062;-53352.292969;39259.878906;-66717.226562;-53173.402344;39261.542969;-66707.242188;-53325.066406;39078.230469;-66687.882812;-53173.464844;39079.894531;-66677.898438;-53325.128906;-1;-1;-1;-1;-1;-1;-1;-1;-1;-1;-1;-1;-1;-1;-1;-1;-1;-1
