Time;ID;Cat;XPos;YPos;ZPos;2D_XPos;2D_YPos;Vel;XDir;YDir;ZDir;BBox_XPos;BBox_YPos;BBox_ZPos;BBox_Ext_X;BBox_Ext_Y;BBox_Ext_Z;Corner_XYZ_X;Corner_XYZ_Y;Corner_XYZ_Z;Corner_XY-Z_X;Corner_XY-Z_Y;Corner_XY-Z_Z;Corner_X-YZ_X;Corner_X-YZ_Y;Corner_X-YZ_Z;Corner_X-Y-Z_X;Corner_X-Y-Z_Y;Corner_X-Y-Z_Z;Corner_-XYZ_X;Corner_-XYZ_Y;Corner_-XYZ_Z;Corner_-XY-Z_X;Corner_-XY-Z_Y;Corner_-XY-Z_Z;Corner_-X-YZ_X;Corner_-X-YZ_Y;Corner_-X-YZ_Z;Corner_-X-Y-Z_X;Corner_-X-Y-Z_Y;Corner_-X-Y-Z_Z;BBox_2D_XPos;BBox_2D_YPos;Corner_2D_XYZ_X;Corner_2D_XYZ_Y;Corner_2D_XY-Z_X;Corner_2D_XY-Z_Y;Corner_2D_X-YZ_X;Corner_2D_X-YZ_Y;Corner_2D_X-Y-Z_X;Corner_2D_X-Y-Z_Y;Corner_2D_-XYZ_X;Corner_2D_-XYZ_Y;Corner_-2D_XY-Z_X;Corner_2D_-XY-Z_Y;Corner_2D_-X-YZ_X;Corner_2D_-X-YZ_Y;Corner_2D_-X-Y-Z_X;Corner_2D_-X-Y-Z_Y;
J0:19:18:38:734;Hatchback_Car_AI_C_0;211;39296.246094;-72764.84375;-54446.855469;-1;-1;666.219788;0.113483;-0.990312;-0.080023;39298.160156;-72785.03125;-54369.230469;204.0;92.0;76.0;39413.03125;-72982.703125;-54309.335938;39412.40625;-72970.53125;-54460.84375;39230.21875;-73003.578125;-54310.265625;39229.59375;-72991.40625;-54461.773438;39366.726562;-72578.65625;-54276.6875;39366.101562;-72566.484375;-54428.195312;39183.914062;-72599.53125;-54277.617188;39183.289062;-72587.359375;-54429.125;-1;-1;-1;-1;-1;-1;-1;-1;-1;-1;-1;-1;-1;-1;-1;-1;-1;-1
J0:19:18:38:734;Hatchback_Car_AI_C_7;211;39001.109375;-69705.773438;-53824.035156;-1;-1;673.627625;0.05389;-0.966935;-0.249265;39003.082031;-69738.96875;-53751.019531;204.0;92.0;76.0;39107.101562;-69949.976562;-53728.410156;39104.757812;-69912.164062;-53875.613281;38923.390625;-69960.289062;-53728.128906;38921.046875;-69922.476562;-53875.332031;39085.117188;-69555.460938;-53626.707031;39082.773438;-69517.648438;-53773.910156;38901.40625;-69565.773438;-53626.425781;38899.0625;-69527.960938;-53773.628906;-1;-1;-1;-1;-1;-1;-1;-1;-1;-1;-1;-1;-1;-1;-1;-1;-1;-1
