Time;ID;Cat;XPos;YPos;ZPos;2D_XPos;2D_YPos;Vel;XDir;YDir;ZDir;BBox_XPos;BBox_YPos;BBox_ZPos;BBox_Ext_X;BBox_Ext_Y;BBox_Ext_Z;Corner_XYZ_X;Corner_XYZ_Y;Corner_XYZ_Z;Corner_XY-Z_X;Corner_XY-Z_Y;Corner_XY-Z_Z;Corner_X-YZ_X;Corner_X-YZ_Y;Corner_X-YZ_Z;Corner_X-Y-Z_X;Corner_X-Y-Z_Y;Corner_X-Y-Z_Z;Corner_-XYZ_X;Corner_-XYZ_Y;Corner_-XYZ_Z;Corner_-XY-Z_X;Corner_-XY-Z_Y;Corner_-XY-Z_Z;Corner_-X-YZ_X;Corner_-X-YZ_Y;Corner_-X-YZ_Z;Corner_-X-Y-Z_X;Corner_-X-Y-Z_Y;Corner_-X-Y-Z_Z;BBox_2D_XPos;BBox_2D_YPos;Corner_2D_XYZ_X;Corner_2D_XYZ_Y;Corner_2D_XY-Z_X;Corner_2D_XY-Z_Y;Corner_2D_X-YZ_X;Corner_2D_X-YZ_Y;Corner_2D_X-Y-Z_X;Corner_2D_X-Y-Z_Y;Corner_2D_-XYZ_X;Corner_2D_-XYZ_Y;Corner_-2D_XY-Z_X;Corner_2D_-XY-Z_Y;Corner_2D_-X-YZ_X;Corner_2D_-X-YZ_Y;Corner_2D_-X-Y-Z_X;Corner_2D_-X-Y-Z_Y;
J0:19:18:39:926;Hatchback_Car_AI_C_0;211;39303.625;-72830.65625;-54451.636719;-1;-1;660.743713;0.110536;-0.991129;-0.073785;39305.433594;-72850.367188;-54373.886719;204.0;92.0;76.0;39419.671875;-73048.007812;-54312.695312;39419.171875;-73036.773438;-54464.28125;39236.796875;-73068.335938;-54313.59375;39236.296875;-73057.101562;-54465.179688;39374.570312;-72643.632812;-54282.59375;39374.070312;-72632.398438;-54434.179688;39191.695312;-72663.960938;-54283.492188;39191.195312;-72652.726562;-54435.078125;-1;-1;-1;-1;-1;-1;-1;-1;-1;-1;-1;-1;-1;-1;-1;-1;-1;-1
J0:19:18:39:926;Hatchback_Car_AI_C_7;211;39004.996094;-69770.03125;-53840.546875;-1;-1;677.90918;0.059761;-0.966381;-0.250074;39007.109375;-69803.273438;-53767.558594;204.0;92.0;76.0;39112.351562;-70013.6875;-53745.050781;39109.898438;-69975.75;-53892.222656;38928.703125;-70025.078125;-53744.925781;38926.25;-69987.140625;-53892.097656;39087.96875;-69619.40625;-53643.019531;39085.515625;-69581.46875;-53790.191406;38904.320312;-69630.796875;-53642.894531;38901.867188;-69592.859375;-53790.066406;-1;-1;-1;-1;-1;-1;-1;-1;-1;-1;-1;-1;-1;-1;-1;-1;-1;-1
J0:19:18:39:926;Hatchback_Car_AI_C_11;211;39224.007812;-66390.671875;-53313.140625;-1;-1;653.945984;-0.1834;-0.982001;-0.045144;39220.742188;-66407.914062;-53234.851562;204.0;92.0;76.0;39273.097656;-66628.5;-53168.089844;39274.433594;-66621.765625;-53319.933594;39092.222656;-66594.71875;-53168.191406;39093.558594;-66587.984375;-53320.035156;39347.925781;-66227.84375;-53149.667969;39349.261719;-66221.109375;-53301.511719;39167.050781;-66194.0625;-53149.769531;39168.386719;-66187.328125;-53301.613281;-1;-1;-1;-1;-1;-1;-1;-1;-1;-1;-1;-1;-1;-1;-1;-1;-1;-1
