Time;ID;Cat;XPos;YPos;ZPos;2D_XPos;2D_YPos;Vel;XDir;YDir;ZDir;BBox_XPos;BBox_YPos;BBox_ZPos;BBox_Ext_X;BBox_Ext_Y;BBox_Ext_Z;Corner_XYZ_X;Corner_XYZ_Y;Corner_XYZ_Z;Corner_XY-Z_X;Corner_XY-Z_Y;Corner_XY-Z_Z;Corner_X-YZ_X;Corner_X-YZ_Y;Corner_X-YZ_Z;Corner_X-Y-Z_X;Corner_X-Y-Z_Y;Corner_X-Y-Z_Z;Corner_-XYZ_X;Corner_-XYZ_Y;Corner_-XYZ_Z;Corner_-XY-Z_X;Corner_-XY-Z_Y;Corner_-XY-Z_Z;Corner_-X-YZ_X;Corner_-X-YZ_Y;Corner_-X-YZ_Z;Corner_-X-Y-Z_X;Corner_-X-Y-Z_Y;Corner_-X-Y-Z_Z;BBox_2D_XPos;BBox_2D_YPos;Corner_2D_XYZ_X;Corner_2D_XYZ_Y;Corner_2D_XY-Z_X;Corner_2D_XY-Z_Y;Corner_2D_X-YZ_X;Corner_2D_X-YZ_Y;Corner_2D_X-Y-Z_X;Corner_2D_X-Y-Z_Y;Corner_2D_-XYZ_X;Corner_2D_-XYZ_Y;Corner_-2D_XY-Z_X;Corner_2D_-XY-Z_Y;Corner_2D_-X-YZ_X;Corner_2D_-X-YZ_Y;Corner_2D_-X-Y-Z_X;Corner_2D_-X-Y-Z_Y;
J0:19:18:25:928;Hatchback_Car_AI_C_0;211;39216.773438;-72057.3125;-54367.707031;-1;-1;668.752197;0.109698;-0.98271;-0.149157;39219.257812;-72082.820312;-54291.679688;204.0;92.0;76.0;39333.988281;-72284.460938;-54246.546875;39332.160156;-72261.851562;-54396.84375;39151.113281;-72304.742188;-54247.375;39149.285156;-72282.132812;-54397.671875;39289.230469;-71883.507812;-54185.6875;39287.402344;-71860.898438;-54335.984375;39106.355469;-71903.789062;-54186.515625;39104.527344;-71881.179688;-54336.8125;-1;-1;-1;-1;-1;-1;-1;-1;-1;-1;-1;-1;-1;-1;-1;-1;-1;-1
J0:19:18:25:928;Hatchback_Car_AI_C_7;211;38975.042969;-68988.3125;-53649.480469;-1;-1;712.0224;0.004711;-0.975071;-0.221844;38975.339844;-69019.484375;-53575.554688;204.0;92.0;76.0;39068.523438;-69234.773438;-53546.875;39068.078125;-69201.054688;-53695.085938;38884.523438;-69235.742188;-53546.539062;38884.078125;-69202.023438;-53694.75;39066.601562;-68836.945312;-53456.359375;39066.15625;-68803.226562;-53604.570312;38882.601562;-68837.914062;-53456.023438;38882.15625;-68804.195312;-53604.234375;-1;-1;-1;-1;-1;-1;-1;-1;-1;-1;-1;-1;-1;-1;-1;-1;-1;-1
