Time;ID;Cat;XPos;YPos;ZPos;2D_XPos;2D_YPos;Vel;XDir;YDir;ZDir;BBox_XPos;BBox_YPos;BBox_ZPos;BBox_Ext_X;BBox_Ext_Y;BBox_Ext_Z;Corner_XYZ_X;Corner_XYZ_Y;Corner_XYZ_Z;Corner_XY-Z_X;Corner_XY-Z_Y;Corner_XY-Z_Z;Corner_X-YZ_X;Corner_X-YZ_Y;Corner_X-YZ_Z;Corner_X-Y-Z_X;Corner_X-Y-Z_Y;Corner_X-Y-Z_Z;Corner_-XYZ_X;Corner_-XYZ_Y;Corner_-XYZ_Z;Corner_-XY-Z_X;Corner_-XY-Z_Y;Corner_-XY-Z_Z;Corner_-X-YZ_X;Corner_-X-YZ_Y;Corner_-X-YZ_Z;Corner_-X-Y-Z_X;Corner_-X-Y-Z_Y;Corner_-X-Y-Z_Z;BBox_2D_XPos;BBox_2D_YPos;Corner_2D_XYZ_X;Corner_2D_XYZ_Y;Corner_2D_XY-Z_X;Corner_2D_XY-Z_Y;Corner_2D_X-YZ_X;Corner_2D_X-YZ_Y;Corner_2D_X-Y-Z_X;Corner_2D_X-Y-Z_Y;Corner_2D_-XYZ_X;Corner_2D_-XYZ_Y;Corner_-2D_XY-Z_X;Corner_2D_-XY-Z_Y;Corner_2D_-X-YZ_X;Corner_2D_-X-YZ_Y;Corner_2D_-X-Y-Z_X;Corner_2D_-X-Y-Z_Y;
J0:19:18:26:334;Hatchback_Car_AI_C_0;211;39219.160156;-72078.875;-54370.828125;-1;-1;655.156067;0.108225;-0.983126;-0.147479;39221.585938;-72104.257812;-54294.757812;204.0;92.0;76.0;39335.992188;-72305.984375;-54249.253906;39334.242188;-72283.625;-54399.589844;39153.085938;-72326.0;-54250.097656;39151.335938;-72303.640625;-54400.433594;39291.835938;-71904.875;-54189.082031;39290.085938;-71882.515625;-54339.417969;39108.929688;-71924.890625;-54189.925781;39107.179688;-71902.53125;-54340.261719;-1;-1;-1;-1;-1;-1;-1;-1;-1;-1;-1;-1;-1;-1;-1;-1;-1;-1
J0:19:18:26:334;Hatchback_Car_AI_C_7;211;38975.332031;-69011.203125;-53654.664062;-1;-1;705.986816;0.008034;-0.974709;-0.223331;38975.695312;-69042.492188;-53580.785156;204.0;92.0;76.0;39069.574219;-69257.515625;-53552.382812;39069.089844;-69223.578125;-53700.546875;38885.582031;-69259.09375;-53552.140625;38885.097656;-69225.15625;-53700.304688;39066.292969;-68859.828125;-53461.265625;39065.808594;-68825.890625;-53609.429688;38882.300781;-68861.40625;-53461.023438;38881.816406;-68827.46875;-53609.1875;-1;-1;-1;-1;-1;-1;-1;-1;-1;-1;-1;-1;-1;-1;-1;-1;-1;-1
