Time;ID;Cat;XPos;YPos;ZPos;2D_XPos;2D_YPos;Vel;XDir;YDir;ZDir;BBox_XPos;BBox_YPos;BBox_ZPos;BBox_Ext_X;BBox_Ext_Y;BBox_Ext_Z;Corner_XYZ_X;Corner_XYZ_Y;Corner_XYZ_Z;Corner_XY-Z_X;Corner_XY-Z_Y;Corner_XY-Z_Z;Corner_X-YZ_X;Corner_X-YZ_Y;Corner_X-YZ_Z;Corner_X-Y-Z_X;Corner_X-Y-Z_Y;Corner_X-Y-Z_Z;Corner_-XYZ_X;Corner_-XYZ_Y;Corner_-XYZ_Z;Corner_-XY-Z_X;Corner_-XY-Z_Y;Corner_-XY-Z_Z;Corner_-X-YZ_X;Corner_-X-YZ_Y;Corner_-X-YZ_Z;Corner_-X-Y-Z_X;Corner_-X-Y-Z_Y;Corner_-X-Y-Z_Z;BBox_2D_XPos;BBox_2D_YPos;Corner_2D_XYZ_X;Corner_2D_XYZ_Y;Corner_2D_XY-Z_X;Corner_2D_XY-Z_Y;Corner_2D_X-YZ_X;Corner_2D_X-YZ_Y;Corner_2D_X-Y-Z_X;Corner_2D_X-Y-Z_Y;Corner_2D_-XYZ_X;Corner_2D_-XYZ_Y;Corner_-2D_XY-Z_X;Corner_2D_-XY-Z_Y;Corner_2D_-X-YZ_X;Corner_2D_-X-YZ_Y;Corner_2D_-X-Y-Z_X;Corner_2D_-X-Y-Z_Y;
J0:19:17:40:734;Hatchback_Car_AI_C_0;211;38994.964844;-69556.085938;-53786.203125;-1;-1;701.223022;0.045071;-0.968647;-0.244318;38996.613281;-69588.921875;-53713.019531;204.0;92.0;76.0;39098.683594;-69800.75;-53689.296875;39096.730469;-69763.671875;-53836.6875;38914.886719;-69809.375;-53689.03125;38912.933594;-69772.296875;-53836.421875;39080.292969;-69405.546875;-53589.617188;39078.339844;-69368.46875;-53737.007812;38896.496094;-69414.171875;-53589.351562;38894.542969;-69377.09375;-53736.742188;-1;-1;-1;-1;-1;-1;-1;-1;-1;-1;-1;-1;-1;-1;-1;-1;-1;-1
J0:19:17:40:734;Hatchback_Car_AI_C_7;211;39204.652344;-66497.726562;-53318.136719;-1;-1;678.670593;-0.179646;-0.982546;-0.048284;39201.425781;-66515.226562;-53239.90625;204.0;92.0;76.0;39254.589844;-66735.8125;-53173.816406;39255.964844;-66728.609375;-53325.636719;39073.589844;-66702.71875;-53173.878906;39074.964844;-66695.515625;-53325.699219;39327.886719;-66334.9375;-53154.113281;39329.261719;-66327.734375;-53305.933594;39146.886719;-66301.84375;-53154.175781;39148.261719;-66294.640625;-53305.996094;-1;-1;-1;-1;-1;-1;-1;-1;-1;-1;-1;-1;-1;-1;-1;-1;-1;-1
