Time;ID;Cat;XPos;YPos;ZPos;2D_XPos;2D_YPos;Vel;XDir;YDir;ZDir;BBox_XPos;BBox_YPos;BBox_ZPos;BBox_Ext_X;BBox_Ext_Y;BBox_Ext_Z;Corner_XYZ_X;Corner_XYZ_Y;Corner_XYZ_Z;Corner_XY-Z_X;Corner_XY-Z_Y;Corner_XY-Z_Z;Corner_X-YZ_X;Corner_X-YZ_Y;Corner_X-YZ_Z;Corner_X-Y-Z_X;Corner_X-Y-Z_Y;Corner_X-Y-Z_Z;Corner_-XYZ_X;Corner_-XYZ_Y;Corner_-XYZ_Z;Corner_-XY-Z_X;Corner_-XY-Z_Y;Corner_-XY-Z_Z;Corner_-X-YZ_X;Corner_-X-YZ_Y;Corner_-X-YZ_Z;Corner_-X-Y-Z_X;Corner_-X-Y-Z_Y;Corner_-X-Y-Z_Z;BBox_2D_XPos;BBox_2D_YPos;Corner_2D_XYZ_X;Corner_2D_XYZ_Y;Corner_2D_XY-Z_X;Corner_2D_XY-Z_Y;Corner_2D_X-YZ_X;Corner_2D_X-YZ_Y;Corner_2D_X-Y-Z_X;Corner_2D_X-Y-Z_Y;Corner_2D_-XYZ_X;Corner_2D_-XYZ_Y;Corner_-2D_XY-Z_X;Corner_2D_-XY-Z_Y;Corner_2D_-X-YZ_X;Corner_2D_-X-YZ_Y;Corner_2D_-X-Y-Z_X;Corner_2D_-X-Y-Z_Y;
J0:19:18:06:732;Hatchback_Car_AI_C_0;211;39109.257812;-71002.28125;-54155.902344;-1;-1;695.806946;0.090714;-0.966498;-0.240109;39112.507812;-71034.679688;-54082.574219;204.0;92.0;76.0;39224.503906;-71241.335938;-54058.011719;39220.699219;-71205.039062;-54205.566406;39041.324219;-71258.648438;-54057.542969;39037.519531;-71222.351562;-54205.097656;39187.496094;-70847.007812;-53960.050781;39183.691406;-70810.710938;-54107.605469;39004.316406;-70864.320312;-53959.582031;39000.511719;-70828.023438;-54107.136719;-1;-1;-1;-1;-1;-1;-1;-1;-1;-1;-1;-1;-1;-1;-1;-1;-1;-1
J0:19:18:06:732;Hatchback_Car_AI_C_7;211;39012.253906;-67920.640625;-53451.0;-1;-1;677.436768;-0.088921;-0.986021;-0.140907;39010.058594;-67945.539062;-53374.761719;204.0;92.0;76.0;39082.632812;-68165.617188;-53328.324219;39084.460938;-68144.273438;-53478.808594;38899.375;-68149.101562;-53328.207031;38901.203125;-68127.757812;-53478.691406;39118.914062;-67763.320312;-53270.832031;39120.742188;-67741.976562;-53421.316406;38935.65625;-67746.804688;-53270.714844;38937.484375;-67725.460938;-53421.199219;-1;-1;-1;-1;-1;-1;-1;-1;-1;-1;-1;-1;-1;-1;-1;-1;-1;-1
