Time;ID;Cat;XPos;YPos;ZPos;2D_XPos;2D_YPos;Vel;XDir;YDir;ZDir;BBox_XPos;BBox_YPos;BBox_ZPos;BBox_Ext_X;BBox_Ext_Y;BBox_Ext_Z;Corner_XYZ_X;Corner_XYZ_Y;Corner_XYZ_Z;Corner_XY-Z_X;Corner_XY-Z_Y;Corner_XY-Z_Z;Corner_X-YZ_X;Corner_X-YZ_Y;Corner_X-YZ_Z;Corner_X-Y-Z_X;Corner_X-Y-Z_Y;Corner_X-Y-Z_Z;Corner_-XYZ_X;Corner_-XYZ_Y;Corner_-XYZ_Z;Corner_-XY-Z_X;Corner_-XY-Z_Y;Corner_-XY-Z_Z;Corner_-X-YZ_X;Corner_-X-YZ_Y;Corner_-X-YZ_Z;Corner_-X-Y-Z_X;Corner_-X-Y-Z_Y;Corner_-X-Y-Z_Z;BBox_2D_XPos;BBox_2D_YPos;Corner_2D_XYZ_X;Corner_2D_XYZ_Y;Corner_2D_XY-Z_X;Corner_2D_XY-Z_Y;Corner_2D_X-YZ_X;Corner_2D_X-YZ_Y;Corner_2D_X-Y-Z_X;Corner_2D_X-Y-Z_Y;Corner_2D_-XYZ_X;Corner_2D_-XYZ_Y;Corner_-2D_XY-Z_X;Corner_2D_-XY-Z_Y;Corner_2D_-X-YZ_X;Corner_2D_-X-YZ_Y;Corner_2D_-X-Y-Z_X;Corner_2D_-X-Y-Z_Y;
J0:19:19:22:328;Hatchback_Car_AI_C_0;211;39418.0;-75102.523438;-54432.726562;143;684;497.978638;-0.016769;-0.999361;0.031554;39417.824219;-75114.023438;-54353.324219;204.0;92.0;76.0;39506.445312;-75317.039062;-54270.945312;39506.335938;-75321.835938;-54422.867188;39322.46875;-75313.945312;-54270.90625;39322.359375;-75318.742188;-54422.828125;39513.289062;-74909.304688;-54283.820312;39513.179688;-74914.101562;-54435.742188;39329.3125;-74906.210938;-54283.78125;39329.203125;-74911.007812;-54435.703125;145;670;168;657;168;687;94;657;94;687;194;653;194;682;122;653;122;682
J0:19:19:22:328;Hatchback_Car_AI_C_7;211;39221.191406;-72104.695312;-54374.53125;-1;-1;624.479065;0.107159;-0.983499;-0.145763;39223.613281;-72129.945312;-54298.417969;204.0;92.0;76.0;39337.824219;-72331.71875;-54252.585938;39336.050781;-72309.625;-54402.960938;39154.894531;-72351.53125;-54253.34375;39153.121094;-72329.4375;-54403.71875;39294.105469;-71930.453125;-54193.117188;39292.332031;-71908.359375;-54343.492188;39111.175781;-71950.265625;-54193.875;39109.402344;-71928.171875;-54344.25;-1;-1;-1;-1;-1;-1;-1;-1;-1;-1;-1;-1;-1;-1;-1;-1;-1;-1
J0:19:19:22:328;Hatchback_Car_AI_C_11;211;38975.921875;-68744.5;-53596.011719;-1;-1;690.504028;-0.01127;-0.978746;-0.204768;38975.578125;-68774.375;-53521.550781;204.0;92.0;76.0;39065.089844;-68990.664062;-53488.933594;39065.449219;-68959.539062;-53637.714844;38881.105469;-68988.539062;-53488.933594;38881.464844;-68957.414062;-53637.714844;39069.691406;-68591.335938;-53405.386719;39070.050781;-68560.210938;-53554.167969;38885.707031;-68589.210938;-53405.386719;38886.066406;-68558.085938;-53554.167969;-1;-1;-1;-1;-1;-1;-1;-1;-1;-1;-1;-1;-1;-1;-1;-1;-1;-1
