Time;ID;Cat;XPos;YPos;ZPos;2D_XPos;2D_YPos;Vel;XDir;YDir;ZDir;BBox_XPos;BBox_YPos;BBox_ZPos;BBox_Ext_X;BBox_Ext_Y;BBox_Ext_Z;Corner_XYZ_X;Corner_XYZ_Y;Corner_XYZ_Z;Corner_XY-Z_X;Corner_XY-Z_Y;Corner_XY-Z_Z;Corner_X-YZ_X;Corner_X-YZ_Y;Corner_X-YZ_Z;Corner_X-Y-Z_X;Corner_X-Y-Z_Y;Corner_X-Y-Z_Z;Corner_-XYZ_X;Corner_-XYZ_Y;Corner_-XYZ_Z;Corner_-XY-Z_X;Corner_-XY-Z_Y;Corner_-XY-Z_Z;Corner_-X-YZ_X;Corner_-X-YZ_Y;Corner_-X-YZ_Z;Corner_-X-Y-Z_X;Corner_-X-Y-Z_Y;Corner_-X-Y-Z_Z;BBox_2D_XPos;BBox_2D_YPos;Corner_2D_XYZ_X;Corner_2D_XYZ_Y;Corner_2D_XY-Z_X;Corner_2D_XY-Z_Y;Corner_2D_X-YZ_X;Corner_2D_X-YZ_Y;Corner_2D_X-Y-Z_X;Corner_2D_X-Y-Z_Y;Corner_2D_-XYZ_X;Corner_2D_-XYZ_Y;Corner_-2D_XY-Z_X;Corner_2D_-XY-Z_Y;Corner_2D_-X-YZ_X;Corner_2D_-X-YZ_Y;Corner_2D_-X-Y-Z_X;Corner_2D_-X-Y-Z_Y;
J0:19:17:38:336;Hatchback_Car_AI_C_0;211;38988.71875;-69421.8125;-53752.882812;-1;-1;689.990784;0.036905;-0.969852;-0.240883;38990.089844;-69454.398438;-53679.582031;204.0;92.0;76.0;39090.371094;-69667.007812;-53655.109375;39088.730469;-69630.429688;-53802.632812;38906.503906;-69674.070312;-53654.8125;38904.863281;-69637.492188;-53802.335938;39075.316406;-69271.304688;-53556.828125;39073.675781;-69234.726562;-53704.351562;38891.449219;-69278.367188;-53556.53125;38889.808594;-69241.789062;-53704.054688;-1;-1;-1;-1;-1;-1;-1;-1;-1;-1;-1;-1;-1;-1;-1;-1;-1;-1
J0:19:17:38:336;Hatchback_Car_AI_C_7;211;39228.960938;-66364.84375;-53311.84375;-1;-1;656.465271;-0.186507;-0.981462;-0.044126;39225.667969;-66382.0;-53233.539062;204.0;92.0;76.0;39277.347656;-66602.6875;-53166.574219;39278.660156;-66596.109375;-53318.425781;39096.582031;-66568.328125;-53166.652344;39097.894531;-66561.75;-53318.503906;39353.441406;-66202.25;-53148.574219;39354.753906;-66195.671875;-53300.425781;39172.675781;-66167.890625;-53148.652344;39173.988281;-66161.3125;-53300.503906;-1;-1;-1;-1;-1;-1;-1;-1;-1;-1;-1;-1;-1;-1;-1;-1;-1;-1
