Time;ID;Cat;XPos;YPos;ZPos;2D_XPos;2D_YPos;Vel;XDir;YDir;ZDir;BBox_XPos;BBox_YPos;BBox_ZPos;BBox_Ext_X;BBox_Ext_Y;BBox_Ext_Z;Corner_XYZ_X;Corner_XYZ_Y;Corner_XYZ_Z;Corner_XY-Z_X;Corner_XY-Z_Y;Corner_XY-Z_Z;Corner_X-YZ_X;Corner_X-YZ_Y;Corner_X-YZ_Z;Corner_X-Y-Z_X;Corner_X-Y-Z_Y;Corner_X-Y-Z_Z;Corner_-XYZ_X;Corner_-XYZ_Y;Corner_-XYZ_Z;Corner_-XY-Z_X;Corner_-XY-Z_Y;Corner_-XY-Z_Z;Corner_-X-YZ_X;Corner_-X-YZ_Y;Corner_-X-YZ_Z;Corner_-X-Y-Z_X;Corner_-X-Y-Z_Y;Corner_-X-Y-Z_Z;BBox_2D_XPos;BBox_2D_YPos;Corner_2D_XYZ_X;Corner_2D_XYZ_Y;Corner_2D_XY-Z_X;Corner_2D_XY-Z_Y;Corner_2D_X-YZ_X;Corner_2D_X-YZ_Y;Corner_2D_X-Y-Z_X;Corner_2D_X-Y-Z_Y;Corner_2D_-XYZ_X;Corner_2D_-XYZ_Y;Corner_-2D_XY-Z_X;Corner_2D_-XY-Z_Y;Corner_2D_-X-YZ_X;Corner_2D_-X-YZ_Y;Corner_2D_-X-Y-Z_X;Corner_2D_-X-Y-Z_Y;
J0:19:18:09:131;Hatchback_Car_AI_C_0;211;39121.699219;-71131.773438;-54187.449219;-1;-1;663.923157;0.091446;-0.967193;-0.237013;39124.972656;-71163.929688;-54114.019531;204.0;92.0;76.0;39237.128906;-71370.421875;-54088.796875;39233.300781;-71334.59375;-54236.46875;39053.957031;-71387.875;-54088.273438;39050.128906;-71352.046875;-54235.945312;39199.816406;-70975.8125;-53992.09375;39195.988281;-70939.984375;-54139.765625;39016.644531;-70993.265625;-53991.570312;39012.816406;-70957.4375;-54139.242188;-1;-1;-1;-1;-1;-1;-1;-1;-1;-1;-1;-1;-1;-1;-1;-1;-1;-1
J0:19:18:09:131;Hatchback_Car_AI_C_7;211;39002.296875;-68049.78125;-53470.300781;-1;-1;673.871277;-0.076801;-0.985559;-0.150912;39000.324219;-68075.46875;-53394.316406;204.0;92.0;76.0;39075.515625;-68295.101562;-53350.007812;39077.242188;-68272.226562;-53500.265625;38892.070312;-68280.820312;-53349.9375;38893.796875;-68257.945312;-53500.195312;39106.851562;-67892.992188;-53288.4375;39108.578125;-67870.117188;-53438.695312;38923.40625;-67878.710938;-53288.367188;38925.132812;-67855.835938;-53438.625;-1;-1;-1;-1;-1;-1;-1;-1;-1;-1;-1;-1;-1;-1;-1;-1;-1;-1
