Time;ID;Cat;XPos;YPos;ZPos;2D_XPos;2D_YPos;Vel;XDir;YDir;ZDir;BBox_XPos;BBox_YPos;BBox_ZPos;BBox_Ext_X;BBox_Ext_Y;BBox_Ext_Z;Corner_XYZ_X;Corner_XYZ_Y;Corner_XYZ_Z;Corner_XY-Z_X;Corner_XY-Z_Y;Corner_XY-Z_Z;Corner_X-YZ_X;Corner_X-YZ_Y;Corner_X-YZ_Z;Corner_X-Y-Z_X;Corner_X-Y-Z_Y;Corner_X-Y-Z_Z;Corner_-XYZ_X;Corner_-XYZ_Y;Corner_-XYZ_Z;Corner_-XY-Z_X;Corner_-XY-Z_Y;Corner_-XY-Z_Z;Corner_-X-YZ_X;Corner_-X-YZ_Y;Corner_-X-YZ_Z;Corner_-X-Y-Z_X;Corner_-X-Y-Z_Y;Corner_-X-Y-Z_Z;BBox_2D_XPos;BBox_2D_YPos;Corner_2D_XYZ_X;Corner_2D_XYZ_Y;Corner_2D_XY-Z_X;Corner_2D_XY-Z_Y;Corner_2D_X-YZ_X;Corner_2D_X-YZ_Y;Corner_2D_X-Y-Z_X;Corner_2D_X-Y-Z_Y;Corner_2D_-XYZ_X;Corner_2D_-XYZ_Y;Corner_-2D_XY-Z_X;Corner_2D_-XY-Z_Y;Corner_2D_-X-YZ_X;Corner_2D_-X-YZ_Y;Corner_2D_-X-Y-Z_X;Corner_2D_-X-Y-Z_Y;
J0:19:18:02:735;Hatchback_Car_AI_C_0;211;39088.203125;-70778.28125;-54100.351562;-1;-1;689.260925;0.088311;-0.965129;-0.246427;39091.414062;-70811.164062;-54027.238281;204.0;92.0;76.0;39202.941406;-71018.242188;-54004.078125;39199.144531;-70980.976562;-54151.390625;39019.714844;-71035.117188;-54003.625;39015.917969;-70997.851562;-54150.9375;39166.910156;-70624.476562;-53903.539062;39163.113281;-70587.210938;-54050.851562;38983.683594;-70641.351562;-53903.085938;38979.886719;-70604.085938;-54050.398438;-1;-1;-1;-1;-1;-1;-1;-1;-1;-1;-1;-1;-1;-1;-1;-1;-1;-1
J0:19:18:02:735;Hatchback_Car_AI_C_7;211;39033.164062;-67694.84375;-53420.660156;-1;-1;692.274902;-0.107439;-0.986485;-0.123708;39030.640625;-67718.375;-53344.0;204.0;92.0;76.0;39099.203125;-67938.921875;-53293.863281;39101.164062;-67920.21875;-53444.699219;38916.28125;-67919.015625;-53293.777344;38918.242188;-67900.3125;-53444.613281;39143.039062;-67536.4375;-53243.386719;39145.0;-67517.734375;-53394.222656;38960.117188;-67516.53125;-53243.300781;38962.078125;-67497.828125;-53394.136719;-1;-1;-1;-1;-1;-1;-1;-1;-1;-1;-1;-1;-1;-1;-1;-1;-1;-1
