Time;ID;Cat;XPos;YPos;ZPos;2D_XPos;2D_YPos;Vel;XDir;YDir;ZDir;BBox_XPos;BBox_YPos;BBox_ZPos;BBox_Ext_X;BBox_Ext_Y;BBox_Ext_Z;Corner_XYZ_X;Corner_XYZ_Y;Corner_XYZ_Z;Corner_XY-Z_X;Corner_XY-Z_Y;Corner_XY-Z_Z;Corner_X-YZ_X;Corner_X-YZ_Y;Corner_X-YZ_Z;Corner_X-Y-Z_X;Corner_X-Y-Z_Y;Corner_X-Y-Z_Z;Corner_-XYZ_X;Corner_-XYZ_Y;Corner_-XYZ_Z;Corner_-XY-Z_X;Corner_-XY-Z_Y;Corner_-XY-Z_Z;Corner_-X-YZ_X;Corner_-X-YZ_Y;Corner_-X-YZ_Z;Corner_-X-Y-Z_X;Corner_-X-Y-Z_Y;Corner_-X-Y-Z_Z;BBox_2D_XPos;BBox_2D_YPos;Corner_2D_XYZ_X;Corner_2D_XYZ_Y;Corner_2D_XY-Z_X;Corner_2D_XY-Z_Y;Corner_2D_X-YZ_X;Corner_2D_X-YZ_Y;Corner_2D_X-Y-Z_X;Corner_2D_X-Y-Z_Y;Corner_2D_-XYZ_X;Corner_2D_-XYZ_Y;Corner_-2D_XY-Z_X;Corner_2D_-XY-Z_Y;Corner_2D_-X-YZ_X;Corner_2D_-X-YZ_Y;Corner_2D_-X-Y-Z_X;Corner_2D_-X-Y-Z_Y;
J0:19:17:43:533;Hatchback_Car_AI_C_0;211;39003.5;-69712.625;-53825.820312;-1;-1;669.815552;0.056152;-0.966714;-0.249621;39005.496094;-69745.84375;-53752.816406;204.0;92.0;76.0;39109.957031;-69956.640625;-53730.21875;39107.628906;-69918.765625;-53877.40625;38926.269531;-69967.34375;-53730.070312;38923.941406;-69929.46875;-53877.257812;39087.050781;-69562.21875;-53628.375;39084.722656;-69524.34375;-53775.5625;38903.363281;-69572.921875;-53628.226562;38901.035156;-69535.046875;-53775.414062;-1;-1;-1;-1;-1;-1;-1;-1;-1;-1;-1;-1;-1;-1;-1;-1;-1;-1
J0:19:17:43:533;Hatchback_Car_AI_C_7;211;39179.1875;-66642.210938;-53326.050781;-1;-1;613.179688;-0.171725;-0.983508;-0.05677;39175.988281;-66660.390625;-53247.972656;204.0;92.0;76.0;39230.820312;-66881.101562;-53183.648438;39232.351562;-66872.601562;-53335.40625;39049.5625;-66849.445312;-53183.703125;39051.09375;-66840.945312;-53335.460938;39300.882812;-66479.835938;-53160.484375;39302.414062;-66471.335938;-53312.242188;39119.625;-66448.179688;-53160.539062;39121.15625;-66439.679688;-53312.296875;-1;-1;-1;-1;-1;-1;-1;-1;-1;-1;-1;-1;-1;-1;-1;-1;-1;-1
