Time;ID;Cat;XPos;YPos;ZPos;2D_XPos;2D_YPos;Vel;XDir;YDir;ZDir;BBox_XPos;BBox_YPos;BBox_ZPos;BBox_Ext_X;BBox_Ext_Y;BBox_Ext_Z;Corner_XYZ_X;Corner_XYZ_Y;Corner_XYZ_Z;Corner_XY-Z_X;Corner_XY-Z_Y;Corner_XY-Z_Z;Corner_X-YZ_X;Corner_X-YZ_Y;Corner_X-YZ_Z;Corner_X-Y-Z_X;Corner_X-Y-Z_Y;Corner_X-Y-Z_Z;Corner_-XYZ_X;Corner_-XYZ_Y;Corner_-XYZ_Z;Corner_-XY-Z_X;Corner_-XY-Z_Y;Corner_-XY-Z_Z;Corner_-X-YZ_X;Corner_-X-YZ_Y;Corner_-X-YZ_Z;Corner_-X-Y-Z_X;Corner_-X-Y-Z_Y;Corner_-X-Y-Z_Z;BBox_2D_XPos;BBox_2D_YPos;Corner_2D_XYZ_X;Corner_2D_XYZ_Y;Corner_2D_XY-Z_X;Corner_2D_XY-Z_Y;Corner_2D_X-YZ_X;Corner_2D_X-YZ_Y;Corner_2D_X-Y-Z_X;Corner_2D_X-Y-Z_Y;Corner_2D_-XYZ_X;Corner_2D_-XYZ_Y;Corner_-2D_XY-Z_X;Corner_2D_-XY-Z_Y;Corner_2D_-X-YZ_X;Corner_2D_-X-YZ_Y;Corner_2D_-X-Y-Z_X;Corner_2D_-X-Y-Z_Y;
J0:19:18:15:134;Hatchback_Car_AI_C_0;211;39153.925781;-71463.9375;-54262.378906;-1;-1;638.917603;0.096895;-0.972928;-0.209813;39156.972656;-71494.046875;-54188.074219;204.0;92.0;76.0;39269.910156;-71699.257812;-54156.621094;39266.660156;-71667.539062;-54305.238281;39086.816406;-71717.507812;-54156.511719;39083.566406;-71685.789062;-54305.128906;39230.378906;-71302.304688;-54071.019531;39227.128906;-71270.585938;-54219.636719;39047.285156;-71320.554688;-54070.910156;39044.035156;-71288.835938;-54219.527344;-1;-1;-1;-1;-1;-1;-1;-1;-1;-1;-1;-1;-1;-1;-1;-1;-1;-1
J0:19:18:15:134;Hatchback_Car_AI_C_7;211;38983.523438;-68386.75;-53526.253906;-1;-1;680.563171;-0.045579;-0.983158;-0.176984;38982.238281;-68414.484375;-53450.980469;204.0;92.0;76.0;39064.21875;-68632.742188;-53412.285156;39065.46875;-68605.867188;-53561.886719;38880.414062;-68624.226562;-53412.285156;38881.664062;-68597.351562;-53561.886719;39082.8125;-68231.617188;-53340.074219;39084.0625;-68204.742188;-53489.675781;38899.007812;-68223.101562;-53340.074219;38900.257812;-68196.226562;-53489.675781;-1;-1;-1;-1;-1;-1;-1;-1;-1;-1;-1;-1;-1;-1;-1;-1;-1;-1
