Time;ID;Cat;XPos;YPos;ZPos;2D_XPos;2D_YPos;Vel;XDir;YDir;ZDir;BBox_XPos;BBox_YPos;BBox_ZPos;BBox_Ext_X;BBox_Ext_Y;BBox_Ext_Z;Corner_XYZ_X;Corner_XYZ_Y;Corner_XYZ_Z;Corner_XY-Z_X;Corner_XY-Z_Y;Corner_XY-Z_Z;Corner_X-YZ_X;Corner_X-YZ_Y;Corner_X-YZ_Z;Corner_X-Y-Z_X;Corner_X-Y-Z_Y;Corner_X-Y-Z_Z;Corner_-XYZ_X;Corner_-XYZ_Y;Corner_-XYZ_Z;Corner_-XY-Z_X;Corner_-XY-Z_Y;Corner_-XY-Z_Z;Corner_-X-YZ_X;Corner_-X-YZ_Y;Corner_-X-YZ_Z;Corner_-X-Y-Z_X;Corner_-X-Y-Z_Y;Corner_-X-Y-Z_Z;BBox_2D_XPos;BBox_2D_YPos;Corner_2D_XYZ_X;Corner_2D_XYZ_Y;Corner_2D_XY-Z_X;Corner_2D_XY-Z_Y;Corner_2D_X-YZ_X;Corner_2D_X-YZ_Y;Corner_2D_X-Y-Z_X;Corner_2D_X-Y-Z_Y;Corner_2D_-XYZ_X;Corner_2D_-XYZ_Y;Corner_-2D_XY-Z_X;Corner_2D_-XY-Z_Y;Corner_2D_-X-YZ_X;Corner_2D_-X-YZ_Y;Corner_2D_-X-Y-Z_X;Corner_2D_-X-Y-Z_Y;
J0:19:17:41:534;Hatchback_Car_AI_C_0;211;38997.316406;-69601.5;-53797.59375;-1;-1;716.060791;0.04744;-0.968354;-0.245032;38999.0625;-69634.382812;-53724.433594;204.0;92.0;76.0;39101.667969;-69845.984375;-53700.890625;39099.589844;-69808.796875;-53848.257812;38917.894531;-69855.0625;-53700.585938;38915.816406;-69817.875;-53847.953125;39082.308594;-69450.890625;-53600.914062;39080.230469;-69413.703125;-53748.28125;38898.535156;-69459.96875;-53600.609375;38896.457031;-69422.78125;-53747.976562;-1;-1;-1;-1;-1;-1;-1;-1;-1;-1;-1;-1;-1;-1;-1;-1;-1;-1
J0:19:17:41:534;Hatchback_Car_AI_C_7;211;39196.941406;-66540.6875;-53320.390625;-1;-1;649.930664;-0.17683;-0.982914;-0.051094;39193.71875;-66558.414062;-53242.210938;204.0;92.0;76.0;39247.472656;-66779.03125;-53176.691406;39248.910156;-66771.40625;-53328.496094;39066.378906;-66746.453125;-53176.769531;39067.816406;-66738.828125;-53328.574219;39319.621094;-66378.0;-53155.847656;39321.058594;-66370.375;-53307.652344;39138.527344;-66345.421875;-53155.925781;39139.964844;-66337.796875;-53307.730469;-1;-1;-1;-1;-1;-1;-1;-1;-1;-1;-1;-1;-1;-1;-1;-1;-1;-1
