Time;ID;Cat;XPos;YPos;ZPos;2D_XPos;2D_YPos;Vel;XDir;YDir;ZDir;BBox_XPos;BBox_YPos;BBox_ZPos;BBox_Ext_X;BBox_Ext_Y;BBox_Ext_Z;Corner_XYZ_X;Corner_XYZ_Y;Corner_XYZ_Z;Corner_XY-Z_X;Corner_XY-Z_Y;Corner_XY-Z_Z;Corner_X-YZ_X;Corner_X-YZ_Y;Corner_X-YZ_Z;Corner_X-Y-Z_X;Corner_X-Y-Z_Y;Corner_X-Y-Z_Z;Corner_-XYZ_X;Corner_-XYZ_Y;Corner_-XYZ_Z;Corner_-XY-Z_X;Corner_-XY-Z_Y;Corner_-XY-Z_Z;Corner_-X-YZ_X;Corner_-X-YZ_Y;Corner_-X-YZ_Z;Corner_-X-Y-Z_X;Corner_-X-Y-Z_Y;Corner_-X-Y-Z_Z;BBox_2D_XPos;BBox_2D_YPos;Corner_2D_XYZ_X;Corner_2D_XYZ_Y;Corner_2D_XY-Z_X;Corner_2D_XY-Z_Y;Corner_2D_X-YZ_X;Corner_2D_X-YZ_Y;Corner_2D_X-Y-Z_X;Corner_2D_X-Y-Z_Y;Corner_2D_-XYZ_X;Corner_2D_-XYZ_Y;Corner_-2D_XY-Z_X;Corner_2D_-XY-Z_Y;Corner_2D_-X-YZ_X;Corner_2D_-X-YZ_Y;Corner_2D_-X-Y-Z_X;Corner_2D_-X-Y-Z_Y;
J0:19:19:10:329;Hatchback_Car_AI_C_0;211;39419.496094;-74500.632812;-54456.023438;35;688;672.707214;0.020044;-0.998943;0.041371;39419.851562;-74511.34375;-54376.511719;204.0;92.0;76.0;39515.996094;-74710.140625;-54292.300781;39515.847656;-74716.4375;-54444.167969;39332.035156;-74713.8125;-54291.972656;39331.886719;-74720.109375;-54443.839844;39507.816406;-74302.578125;-54309.183594;39507.667969;-74308.875;-54461.050781;39323.855469;-74306.25;-54308.855469;39323.707031;-74312.546875;-54460.722656;37;674;56;661;56;692;-1;-1;-1;-1;88;657;88;686;19;657;19;686
J0:19:19:10:329;Hatchback_Car_AI_C_7;211;39152.742188;-71454.898438;-54260.421875;-1;-1;674.896729;0.097921;-0.972782;-0.210016;39155.816406;-71485.023438;-54186.125;204.0;92.0;76.0;39268.96875;-71690.117188;-54154.714844;39265.6875;-71658.367188;-54303.324219;39085.898438;-71708.570312;-54154.613281;39082.617188;-71676.820312;-54303.222656;39229.015625;-71293.226562;-54069.027344;39225.734375;-71261.476562;-54217.636719;39045.945312;-71311.679688;-54068.925781;39042.664062;-71279.929688;-54217.535156;-1;-1;-1;-1;-1;-1;-1;-1;-1;-1;-1;-1;-1;-1;-1;-1;-1;-1
J0:19:19:10:329;Hatchback_Car_AI_C_11;211;39001.328125;-68077.203125;-53474.273438;-1;-1;710.402222;-0.071893;-0.98582;-0.151625;38999.433594;-68102.953125;-53398.308594;204.0;92.0;76.0;39075.667969;-68322.25;-53354.097656;39077.378906;-68299.265625;-53504.339844;38892.152344;-68308.859375;-53354.136719;38893.863281;-68285.875;-53504.378906;39105.003906;-67920.03125;-53292.238281;39106.714844;-67897.046875;-53442.480469;38921.488281;-67906.640625;-53292.277344;38923.199219;-67883.65625;-53442.519531;-1;-1;-1;-1;-1;-1;-1;-1;-1;-1;-1;-1;-1;-1;-1;-1;-1;-1
