Time;ID;Cat;XPos;YPos;ZPos;2D_XPos;2D_YPos;Vel;XDir;YDir;ZDir;BBox_XPos;BBox_YPos;BBox_ZPos;BBox_Ext_X;BBox_Ext_Y;BBox_Ext_Z;Corner_XYZ_X;Corner_XYZ_Y;Corner_XYZ_Z;Corner_XY-Z_X;Corner_XY-Z_Y;Corner_XY-Z_Z;Corner_X-YZ_X;Corner_X-YZ_Y;Corner_X-YZ_Z;Corner_X-Y-Z_X;Corner_X-Y-Z_Y;Corner_X-Y-Z_Z;Corner_-XYZ_X;Corner_-XYZ_Y;Corner_-XYZ_Z;Corner_-XY-Z_X;Corner_-XY-Z_Y;Corner_-XY-Z_Z;Corner_-X-YZ_X;Corner_-X-YZ_Y;Corner_-X-YZ_Z;Corner_-X-Y-Z_X;Corner_-X-Y-Z_Y;Corner_-X-Y-Z_Z;BBox_2D_XPos;BBox_2D_YPos;Corner_2D_XYZ_X;Corner_2D_XYZ_Y;Corner_2D_XY-Z_X;Corner_2D_XY-Z_Y;Corner_2D_X-YZ_X;Corner_2D_X-YZ_Y;Corner_2D_X-Y-Z_X;Corner_2D_X-Y-Z_Y;Corner_2D_-XYZ_X;Corner_2D_-XYZ_Y;Corner_-2D_XY-Z_X;Corner_2D_-XY-Z_Y;Corner_2D_-X-YZ_X;Corner_2D_-X-YZ_Y;Corner_2D_-X-Y-Z_X;Corner_2D_-X-Y-Z_Y;
J0:19:19:19:530;Hatchback_Car_AI_C_0;211;39420.296875;-74982.960938;-54437.011719;121;685;514.342957;-0.007524;-0.999416;0.033321;39420.246094;-74994.320312;-54357.589844;204.0;92.0;76.0;39510.761719;-75196.367188;-54274.878906;39510.652344;-75201.429688;-54426.792969;39326.769531;-75194.976562;-54274.792969;39326.660156;-75200.039062;-54426.707031;39513.832031;-74788.601562;-54288.472656;39513.722656;-74793.664062;-54440.386719;39329.839844;-74787.210938;-54288.386719;39329.730469;-74792.273438;-54440.300781;123;671;145;658;145;688;72;658;72;688;172;654;172;683;102;654;102;683
J0:19:19:19:530;Hatchback_Car_AI_C_7;211;39205.070312;-71957.132812;-54352.292969;-1;-1;685.063843;0.103991;-0.981957;-0.157942;39207.554688;-71983.320312;-54276.496094;204.0;92.0;76.0;39321.25;-72185.976562;-54233.339844;39319.273438;-72162.039062;-54383.433594;39138.265625;-72205.242188;-54233.996094;39136.289062;-72181.304688;-54384.089844;39278.820312;-71785.335938;-54168.902344;39276.84375;-71761.398438;-54318.996094;39095.835938;-71804.601562;-54169.558594;39093.859375;-71780.664062;-54319.652344;-1;-1;-1;-1;-1;-1;-1;-1;-1;-1;-1;-1;-1;-1;-1;-1;-1;-1
J0:19:19:19:530;Hatchback_Car_AI_C_11;211;38978.113281;-68591.375;-53565.035156;-1;-1;655.573608;-0.026321;-0.980561;-0.194443;38977.347656;-68620.460938;-53490.265625;204.0;92.0;76.0;39063.5625;-68837.734375;-53455.402344;39064.328125;-68808.1875;-53604.503906;38879.625;-68832.796875;-53455.363281;38880.390625;-68803.25;-53604.464844;39074.304688;-68437.671875;-53376.066406;39075.070312;-68408.125;-53525.167969;38890.367188;-68432.734375;-53376.027344;38891.132812;-68403.1875;-53525.128906;-1;-1;-1;-1;-1;-1;-1;-1;-1;-1;-1;-1;-1;-1;-1;-1;-1;-1
