Time;ID;Cat;XPos;YPos;ZPos;2D_XPos;2D_YPos;Vel;XDir;YDir;ZDir;BBox_XPos;BBox_YPos;BBox_ZPos;BBox_Ext_X;BBox_Ext_Y;BBox_Ext_Z;Corner_XYZ_X;Corner_XYZ_Y;Corner_XYZ_Z;Corner_XY-Z_X;Corner_XY-Z_Y;Corner_XY-Z_Z;Corner_X-YZ_X;Corner_X-YZ_Y;Corner_X-YZ_Z;Corner_X-Y-Z_X;Corner_X-Y-Z_Y;Corner_X-Y-Z_Z;Corner_-XYZ_X;Corner_-XYZ_Y;Corner_-XYZ_Z;Corner_-XY-Z_X;Corner_-XY-Z_Y;Corner_-XY-Z_Z;Corner_-X-YZ_X;Corner_-X-YZ_Y;Corner_-X-YZ_Z;Corner_-X-Y-Z_X;Corner_-X-Y-Z_Y;Corner_-X-Y-Z_Z;BBox_2D_XPos;BBox_2D_YPos;Corner_2D_XYZ_X;Corner_2D_XYZ_Y;Corner_2D_XY-Z_X;Corner_2D_XY-Z_Y;Corner_2D_X-YZ_X;Corner_2D_X-YZ_Y;Corner_2D_X-Y-Z_X;Corner_2D_X-Y-Z_Y;Corner_2D_-XYZ_X;Corner_2D_-XYZ_Y;Corner_-2D_XY-Z_X;Corner_2D_-XY-Z_Y;Corner_2D_-X-YZ_X;Corner_2D_-X-YZ_Y;Corner_2D_-X-Y-Z_X;Corner_2D_-X-Y-Z_Y;
J0:19:18:25:135;Hatchback_Car_AI_C_0;211;39212.046875;-72014.023438;-54361.175781;-1;-1;660.698669;0.108619;-0.982122;-0.153747;39214.5625;-72039.882812;-54285.269531;204.0;92.0;76.0;39329.128906;-72241.828125;-54241.144531;39327.214844;-72218.53125;-54391.332031;39146.230469;-72261.9375;-54241.933594;39144.316406;-72238.640625;-54392.121094;39284.808594;-71841.125;-54178.417969;39282.894531;-71817.828125;-54328.605469;39101.910156;-71861.234375;-54179.207031;39099.996094;-71837.9375;-54329.394531;-1;-1;-1;-1;-1;-1;-1;-1;-1;-1;-1;-1;-1;-1;-1;-1;-1;-1
J0:19:18:25:135;Hatchback_Car_AI_C_7;211;38974.589844;-68942.890625;-53639.242188;-1;-1;698.701904;0.001441;-0.975553;-0.219758;38974.753906;-68973.90625;-53565.25;204.0;92.0;76.0;39067.183594;-69189.460938;-53536.074219;39066.910156;-69156.054688;-53684.355469;38883.183594;-69189.789062;-53535.808594;38882.910156;-69156.382812;-53684.089844;39066.597656;-68791.429688;-53446.410156;39066.324219;-68758.023438;-53594.691406;38882.597656;-68791.757812;-53446.144531;38882.324219;-68758.351562;-53594.425781;-1;-1;-1;-1;-1;-1;-1;-1;-1;-1;-1;-1;-1;-1;-1;-1;-1;-1
