Time;ID;Cat;XPos;YPos;ZPos;2D_XPos;2D_YPos;Vel;XDir;YDir;ZDir;BBox_XPos;BBox_YPos;BBox_ZPos;BBox_Ext_X;BBox_Ext_Y;BBox_Ext_Z;Corner_XYZ_X;Corner_XYZ_Y;Corner_XYZ_Z;Corner_XY-Z_X;Corner_XY-Z_Y;Corner_XY-Z_Z;Corner_X-YZ_X;Corner_X-YZ_Y;Corner_X-YZ_Z;Corner_X-Y-Z_X;Corner_X-Y-Z_Y;Corner_X-Y-Z_Z;Corner_-XYZ_X;Corner_-XYZ_Y;Corner_-XYZ_Z;Corner_-XY-Z_X;Corner_-XY-Z_Y;Corner_-XY-Z_Z;Corner_-X-YZ_X;Corner_-X-YZ_Y;Corner_-X-YZ_Z;Corner_-X-Y-Z_X;Corner_-X-Y-Z_Y;Corner_-X-Y-Z_Z;BBox_2D_XPos;BBox_2D_YPos;Corner_2D_XYZ_X;Corner_2D_XYZ_Y;Corner_2D_XY-Z_X;Corner_2D_XY-Z_Y;Corner_2D_X-YZ_X;Corner_2D_X-YZ_Y;Corner_2D_X-Y-Z_X;Corner_2D_X-Y-Z_Y;Corner_2D_-XYZ_X;Corner_2D_-XYZ_Y;Corner_-2D_XY-Z_X;Corner_2D_-XY-Z_Y;Corner_2D_-X-YZ_X;Corner_2D_-X-YZ_Y;Corner_2D_-X-Y-Z_X;Corner_2D_-X-Y-Z_Y;
J0:19:17:37:929;Hatchback_Car_AI_C_0;211;38987.800781;-69399.46875;-53747.363281;-1;-1;665.055969;0.037191;-0.969664;-0.241594;38989.136719;-69432.109375;-53674.085938;204.0;92.0;76.0;39089.4375;-69644.71875;-53649.714844;39087.867188;-69608.03125;-53797.214844;38905.578125;-69651.8125;-53649.527344;38904.007812;-69615.125;-53797.027344;39074.265625;-69249.09375;-53551.144531;39072.695312;-69212.40625;-53698.644531;38890.40625;-69256.1875;-53550.957031;38888.835938;-69219.5;-53698.457031;-1;-1;-1;-1;-1;-1;-1;-1;-1;-1;-1;-1;-1;-1;-1;-1;-1;-1
J0:19:17:37:929;Hatchback_Car_AI_C_7;211;39232.917969;-66343.40625;-53310.871094;-1;-1;670.577393;-0.188804;-0.981081;-0.042808;39229.613281;-66360.460938;-53232.542969;204.0;92.0;76.0;39280.804688;-66581.179688;-53165.324219;39282.078125;-66574.804688;-53317.183594;39100.117188;-66546.398438;-53165.371094;39101.390625;-66540.023438;-53317.230469;39357.835938;-66180.898438;-53147.855469;39359.109375;-66174.523438;-53299.714844;39177.148438;-66146.117188;-53147.902344;39178.421875;-66139.742188;-53299.761719;-1;-1;-1;-1;-1;-1;-1;-1;-1;-1;-1;-1;-1;-1;-1;-1;-1;-1
