Time;ID;Cat;XPos;YPos;ZPos;2D_XPos;2D_YPos;Vel;XDir;YDir;ZDir;BBox_XPos;BBox_YPos;BBox_ZPos;BBox_Ext_X;BBox_Ext_Y;BBox_Ext_Z;Corner_XYZ_X;Corner_XYZ_Y;Corner_XYZ_Z;Corner_XY-Z_X;Corner_XY-Z_Y;Corner_XY-Z_Z;Corner_X-YZ_X;Corner_X-YZ_Y;Corner_X-YZ_Z;Corner_X-Y-Z_X;Corner_X-Y-Z_Y;Corner_X-Y-Z_Z;Corner_-XYZ_X;Corner_-XYZ_Y;Corner_-XYZ_Z;Corner_-XY-Z_X;Corner_-XY-Z_Y;Corner_-XY-Z_Z;Corner_-X-YZ_X;Corner_-X-YZ_Y;Corner_-X-YZ_Z;Corner_-X-Y-Z_X;Corner_-X-Y-Z_Y;Corner_-X-Y-Z_Z;BBox_2D_XPos;BBox_2D_YPos;Corner_2D_XYZ_X;Corner_2D_XYZ_Y;Corner_2D_XY-Z_X;Corner_2D_XY-Z_Y;Corner_2D_X-YZ_X;Corner_2D_X-YZ_Y;Corner_2D_X-Y-Z_X;Corner_2D_X-Y-Z_Y;Corner_2D_-XYZ_X;Corner_2D_-XYZ_Y;Corner_-2D_XY-Z_X;Corner_2D_-XY-Z_Y;Corner_2D_-X-YZ_X;Corner_2D_-X-YZ_Y;Corner_2D_-X-Y-Z_X;Corner_2D_-X-Y-Z_Y;
J0:19:18:57:529;Hatchback_Car_AI_C_0;211;39392.148438;-73802.59375;-54477.351562;-1;-1;637.484619;0.066928;-0.997689;0.011695;39393.117188;-73815.632812;-54398.191406;204.0;92.0;76.0;39498.589844;-74012.117188;-54319.914062;39498.535156;-74013.898438;-54471.90625;39315.003906;-74024.429688;-54319.703125;39314.949219;-74026.210938;-54471.695312;39471.285156;-73605.054688;-54324.6875;39471.230469;-73606.835938;-54476.679688;39287.699219;-73617.367188;-54324.476562;39287.644531;-73619.148438;-54476.46875;-1;-1;-1;-1;-1;-1;-1;-1;-1;-1;-1;-1;-1;-1;-1;-1;-1;-1
J0:19:18:57:529;Hatchback_Car_AI_C_7;211;39083.527344;-70737.632812;-54090.109375;-1;-1;673.071106;0.088334;-0.964699;-0.2481;39086.734375;-70770.640625;-54017.054688;204.0;92.0;76.0;39198.261719;-70977.75;-53994.25;39194.472656;-70940.234375;-54141.5;39015.035156;-70994.640625;-53993.835938;39011.246094;-70957.125;-54141.085938;39162.222656;-70584.15625;-53893.023438;39158.433594;-70546.640625;-54040.273438;38978.996094;-70601.046875;-53892.609375;38975.207031;-70563.53125;-54039.859375;-1;-1;-1;-1;-1;-1;-1;-1;-1;-1;-1;-1;-1;-1;-1;-1;-1;-1
J0:19:18:57:529;Hatchback_Car_AI_C_11;211;39072.496094;-67354.882812;-53381.851562;-1;-1;639.10968;-0.129652;-0.986346;-0.101546;39069.617188;-67376.640625;-53304.679688;204.0;92.0;76.0;39133.359375;-67597.492188;-53249.769531;39135.40625;-67582.195312;-53400.980469;38950.929688;-67573.507812;-53249.808594;38952.976562;-67558.210938;-53401.019531;39186.257812;-67195.070312;-53208.339844;39188.304688;-67179.773438;-53359.550781;39003.828125;-67171.085938;-53208.378906;39005.875;-67155.789062;-53359.589844;-1;-1;-1;-1;-1;-1;-1;-1;-1;-1;-1;-1;-1;-1;-1;-1;-1;-1
