Time;ID;Cat;XPos;YPos;ZPos;2D_XPos;2D_YPos;Vel;XDir;YDir;ZDir;BBox_XPos;BBox_YPos;BBox_ZPos;BBox_Ext_X;BBox_Ext_Y;BBox_Ext_Z;Corner_XYZ_X;Corner_XYZ_Y;Corner_XYZ_Z;Corner_XY-Z_X;Corner_XY-Z_Y;Corner_XY-Z_Z;Corner_X-YZ_X;Corner_X-YZ_Y;Corner_X-YZ_Z;Corner_X-Y-Z_X;Corner_X-Y-Z_Y;Corner_X-Y-Z_Z;Corner_-XYZ_X;Corner_-XYZ_Y;Corner_-XYZ_Z;Corner_-XY-Z_X;Corner_-XY-Z_Y;Corner_-XY-Z_Z;Corner_-X-YZ_X;Corner_-X-YZ_Y;Corner_-X-YZ_Z;Corner_-X-Y-Z_X;Corner_-X-Y-Z_Y;Corner_-X-Y-Z_Z;BBox_2D_XPos;BBox_2D_YPos;Corner_2D_XYZ_X;Corner_2D_XYZ_Y;Corner_2D_XY-Z_X;Corner_2D_XY-Z_Y;Corner_2D_X-YZ_X;Corner_2D_X-YZ_Y;Corner_2D_X-Y-Z_X;Corner_2D_X-Y-Z_Y;Corner_2D_-XYZ_X;Corner_2D_-XYZ_Y;Corner_-2D_XY-Z_X;Corner_2D_-XY-Z_Y;Corner_2D_-X-YZ_X;Corner_2D_-X-YZ_Y;Corner_2D_-X-Y-Z_X;Corner_2D_-X-Y-Z_Y;
J0:19:18:39:133;Hatchback_Car_AI_C_0;211;39298.683594;-72786.40625;-54448.449219;-1;-1;650.550781;0.111545;-0.990662;-0.078401;39300.53125;-72806.476562;-54370.792969;204.0;92.0;76.0;39414.988281;-73004.28125;-54310.546875;39414.433594;-72992.34375;-54462.078125;39232.136719;-73024.796875;-54311.492188;39231.582031;-73012.859375;-54463.023438;39369.480469;-72600.09375;-54278.5625;39368.925781;-72588.15625;-54430.09375;39186.628906;-72620.609375;-54279.507812;39186.074219;-72608.671875;-54431.039062;-1;-1;-1;-1;-1;-1;-1;-1;-1;-1;-1;-1;-1;-1;-1;-1;-1;-1
J0:19:18:39:133;Hatchback_Car_AI_C_7;211;39002.398438;-69727.125;-53829.511719;-1;-1;663.501465;0.057017;-0.966546;-0.250074;39004.421875;-69760.375;-53756.523438;204.0;92.0;76.0;39109.074219;-69971.078125;-53734.023438;39106.714844;-69933.140625;-53881.195312;38925.394531;-69981.953125;-53733.882812;38923.035156;-69944.015625;-53881.054688;39085.808594;-69576.734375;-53631.992188;39083.449219;-69538.796875;-53779.164062;38902.128906;-69587.609375;-53631.851562;38899.769531;-69549.671875;-53779.023438;-1;-1;-1;-1;-1;-1;-1;-1;-1;-1;-1;-1;-1;-1;-1;-1;-1;-1
J0:19:18:39:133;Hatchback_Car_AI_C_11;211;39231.863281;-66348.617188;-53311.121094;-1;-1;647.811279;-0.186157;-0.981542;-0.043816;39228.574219;-66365.75;-53232.808594;204.0;92.0;76.0;39280.328125;-66586.398438;-53165.777344;39281.640625;-66579.867188;-53317.628906;39099.554688;-66552.101562;-53165.863281;39100.867188;-66545.570312;-53317.714844;39356.28125;-66185.929688;-53147.902344;39357.59375;-66179.398438;-53299.753906;39175.507812;-66151.632812;-53147.988281;39176.820312;-66145.101562;-53299.839844;-1;-1;-1;-1;-1;-1;-1;-1;-1;-1;-1;-1;-1;-1;-1;-1;-1;-1
