Time;ID;Cat;XPos;YPos;ZPos;2D_XPos;2D_YPos;Vel;XDir;YDir;ZDir;BBox_XPos;BBox_YPos;BBox_ZPos;BBox_Ext_X;BBox_Ext_Y;BBox_Ext_Z;Corner_XYZ_X;Corner_XYZ_Y;Corner_XYZ_Z;Corner_XY-Z_X;Corner_XY-Z_Y;Corner_XY-Z_Z;Corner_X-YZ_X;Corner_X-YZ_Y;Corner_X-YZ_Z;Corner_X-Y-Z_X;Corner_X-Y-Z_Y;Corner_X-Y-Z_Z;Corner_-XYZ_X;Corner_-XYZ_Y;Corner_-XYZ_Z;Corner_-XY-Z_X;Corner_-XY-Z_Y;Corner_-XY-Z_Z;Corner_-X-YZ_X;Corner_-X-YZ_Y;Corner_-X-YZ_Z;Corner_-X-Y-Z_X;Corner_-X-Y-Z_Y;Corner_-X-Y-Z_Z;BBox_2D_XPos;BBox_2D_YPos;Corner_2D_XYZ_X;Corner_2D_XYZ_Y;Corner_2D_XY-Z_X;Corner_2D_XY-Z_Y;Corner_2D_X-YZ_X;Corner_2D_X-YZ_Y;Corner_2D_X-Y-Z_X;Corner_2D_X-Y-Z_Y;Corner_2D_-XYZ_X;Corner_2D_-XYZ_Y;Corner_-2D_XY-Z_X;Corner_2D_-XY-Z_Y;Corner_2D_-X-YZ_X;Corner_2D_-X-YZ_Y;Corner_2D_-X-Y-Z_X;Corner_2D_-X-Y-Z_Y;
J0:19:19:06:731;Hatchback_Car_AI_C_0;211;39414.898438;-74302.289062;-54463.722656;1;689;673.434814;0.035828;-0.998661;0.03732;39415.445312;-74313.320312;-54384.253906;204.0;92.0;76.0;39514.738281;-74510.921875;-54300.871094;39514.652344;-74516.59375;-54452.761719;39330.855469;-74517.5;-54300.519531;39330.769531;-74523.171875;-54452.410156;39500.121094;-74103.46875;-54316.097656;39500.035156;-74109.140625;-54467.988281;39316.238281;-74110.046875;-54315.746094;39316.152344;-74115.71875;-54467.636719;3;675;21;663;21;693;-1;-1;-1;-1;54;658;54;687;-1;-1;-1;-1
J0:19:19:06:731;Hatchback_Car_AI_C_7;211;39132.253906;-71249.234375;-54214.933594;-1;-1;680.349609;0.092937;-0.968991;-0.228951;39135.464844;-71280.789062;-54141.238281;204.0;92.0;76.0;39247.835938;-71486.9375;-54114.171875;39244.164062;-71452.328125;-54262.132812;39064.6875;-71504.59375;-54113.757812;39061.015625;-71469.984375;-54261.71875;39209.914062;-71091.59375;-54020.757812;39206.242188;-71056.984375;-54168.71875;39026.765625;-71109.25;-54020.34375;39023.09375;-71074.640625;-54168.304688;-1;-1;-1;-1;-1;-1;-1;-1;-1;-1;-1;-1;-1;-1;-1;-1;-1;-1
J0:19:19:06:731;Hatchback_Car_AI_C_11;211;39016.941406;-67871.101562;-53444.09375;-1;-1;676.939209;-0.089625;-0.986415;-0.137667;39014.6875;-67895.742188;-53367.773438;204.0;92.0;76.0;39087.0625;-68115.71875;-53320.5625;39088.984375;-68094.875;-53471.117188;38903.820312;-68099.0625;-53320.59375;38905.742188;-68078.21875;-53471.148438;39123.632812;-67713.265625;-53264.398438;39125.554688;-67692.421875;-53414.953125;38940.390625;-67696.609375;-53264.429688;38942.3125;-67675.765625;-53414.984375;-1;-1;-1;-1;-1;-1;-1;-1;-1;-1;-1;-1;-1;-1;-1;-1;-1;-1
