Time;ID;Cat;XPos;YPos;ZPos;2D_XPos;2D_YPos;Vel;XDir;YDir;ZDir;BBox_XPos;BBox_YPos;BBox_ZPos;BBox_Ext_X;BBox_Ext_Y;BBox_Ext_Z;Corner_XYZ_X;Corner_XYZ_Y;Corner_XYZ_Z;Corner_XY-Z_X;Corner_XY-Z_Y;Corner_XY-Z_Z;Corner_X-YZ_X;Corner_X-YZ_Y;Corner_X-YZ_Z;Corner_X-Y-Z_X;Corner_X-Y-Z_Y;Corner_X-Y-Z_Z;Corner_-XYZ_X;Corner_-XYZ_Y;Corner_-XYZ_Z;Corner_-XY-Z_X;Corner_-XY-Z_Y;Corner_-XY-Z_Z;Corner_-X-YZ_X;Corner_-X-YZ_Y;Corner_-X-YZ_Z;Corner_-X-Y-Z_X;Corner_-X-Y-Z_Y;Corner_-X-Y-Z_Z;BBox_2D_XPos;BBox_2D_YPos;Corner_2D_XYZ_X;Corner_2D_XYZ_Y;Corner_2D_XY-Z_X;Corner_2D_XY-Z_Y;Corner_2D_X-YZ_X;Corner_2D_X-YZ_Y;Corner_2D_X-Y-Z_X;Corner_2D_X-Y-Z_Y;Corner_2D_-XYZ_X;Corner_2D_-XYZ_Y;Corner_-2D_XY-Z_X;Corner_2D_-XY-Z_Y;Corner_2D_-X-YZ_X;Corner_2D_-X-YZ_Y;Corner_2D_-X-Y-Z_X;Corner_2D_-X-Y-Z_Y;
J0:19:18:36:735;Hatchback_Car_AI_C_0;211;39284.074219;-72657.195312;-54438.011719;-1;-1;626.435791;0.112997;-0.989237;-0.092961;39286.070312;-72678.390625;-54360.65625;204.0;92.0;76.0;39400.929688;-72876.859375;-54303.464844;39400.132812;-72862.734375;-54454.800781;39218.109375;-72897.65625;-54304.441406;39217.3125;-72883.53125;-54455.777344;39354.828125;-72473.25;-54265.535156;39354.03125;-72459.125;-54416.871094;39172.007812;-72494.046875;-54266.511719;39171.210938;-72479.921875;-54417.847656;-1;-1;-1;-1;-1;-1;-1;-1;-1;-1;-1;-1;-1;-1;-1;-1;-1;-1
J0:19:18:36:735;Hatchback_Car_AI_C_7;211;38994.972656;-69594.15625;-53795.777344;-1;-1;683.418518;0.048594;-0.967912;-0.246547;38996.71875;-69627.15625;-53722.667969;204.0;92.0;76.0;39099.542969;-69838.679688;-53699.414062;39097.488281;-69801.257812;-53846.71875;38915.777344;-69847.960938;-53699.210938;38913.722656;-69810.539062;-53846.515625;39079.714844;-69443.773438;-53598.820312;39077.660156;-69406.351562;-53746.125;38895.949219;-69453.054688;-53598.617188;38893.894531;-69415.632812;-53745.921875;-1;-1;-1;-1;-1;-1;-1;-1;-1;-1;-1;-1;-1;-1;-1;-1;-1;-1
J0:19:18:36:735;Hatchback_Car_AI_C_11;211;39257.042969;-66217.367188;-53305.527344;-1;-1;656.824829;-0.193984;-0.980242;-0.038667;39253.710938;-66234.085938;-53227.128906;204.0;92.0;76.0;39303.792969;-66454.789062;-53159.046875;39304.980469;-66449.039062;-53310.929688;39123.292969;-66419.070312;-53159.101562;39124.480469;-66413.320312;-53310.984375;39382.941406;-66054.851562;-53143.273438;39384.128906;-66049.101562;-53295.15625;39202.441406;-66019.132812;-53143.328125;39203.628906;-66013.382812;-53295.210938;-1;-1;-1;-1;-1;-1;-1;-1;-1;-1;-1;-1;-1;-1;-1;-1;-1;-1
