Time;ID;Cat;XPos;YPos;ZPos;2D_XPos;2D_YPos;Vel;XDir;YDir;ZDir;BBox_XPos;BBox_YPos;BBox_ZPos;BBox_Ext_X;BBox_Ext_Y;BBox_Ext_Z;Corner_XYZ_X;Corner_XYZ_Y;Corner_XYZ_Z;Corner_XY-Z_X;Corner_XY-Z_Y;Corner_XY-Z_Z;Corner_X-YZ_X;Corner_X-YZ_Y;Corner_X-YZ_Z;Corner_X-Y-Z_X;Corner_X-Y-Z_Y;Corner_X-Y-Z_Z;Corner_-XYZ_X;Corner_-XYZ_Y;Corner_-XYZ_Z;Corner_-XY-Z_X;Corner_-XY-Z_Y;Corner_-XY-Z_Z;Corner_-X-YZ_X;Corner_-X-YZ_Y;Corner_-X-YZ_Z;Corner_-X-Y-Z_X;Corner_-X-Y-Z_Y;Corner_-X-Y-Z_Z;BBox_2D_XPos;BBox_2D_YPos;Corner_2D_XYZ_X;Corner_2D_XYZ_Y;Corner_2D_XY-Z_X;Corner_2D_XY-Z_Y;Corner_2D_X-YZ_X;Corner_2D_X-YZ_Y;Corner_2D_X-Y-Z_X;Corner_2D_X-Y-Z_Y;Corner_2D_-XYZ_X;Corner_2D_-XYZ_Y;Corner_-2D_XY-Z_X;Corner_2D_-XY-Z_Y;Corner_2D_-X-YZ_X;Corner_2D_-X-YZ_Y;Corner_2D_-X-Y-Z_X;Corner_2D_-X-Y-Z_Y;
J0:19:18:17:926;Hatchback_Car_AI_C_0;211;39169.234375;-71613.765625;-54292.316406;-1;-1;668.590393;0.101559;-0.975979;-0.192747;39172.140625;-71642.585938;-54217.496094;204.0;92.0;76.0;39285.796875;-71846.765625;-54182.136719;39282.9375;-71817.609375;-54331.285156;39102.78125;-71865.765625;-54182.347656;39099.921875;-71836.609375;-54331.496094;39244.359375;-71448.5625;-54103.496094;39241.5;-71419.40625;-54252.644531;39061.34375;-71467.5625;-54103.707031;39058.484375;-71438.40625;-54252.855469;-1;-1;-1;-1;-1;-1;-1;-1;-1;-1;-1;-1;-1;-1;-1;-1;-1;-1
J0:19:18:17:926;Hatchback_Car_AI_C_7;211;38977.945312;-68546.242188;-53556.003906;-1;-1;676.170593;-0.032299;-0.981212;-0.19021;38977.054688;-68575.0;-53481.109375;204.0;92.0;76.0;39061.992188;-68792.632812;-53445.367188;39062.835938;-68763.726562;-53594.59375;38878.09375;-68786.601562;-53445.234375;38878.9375;-68757.695312;-53594.460938;39075.171875;-68392.304688;-53367.757812;39076.015625;-68363.398438;-53516.984375;38891.273438;-68386.273438;-53367.625;38892.117188;-68357.367188;-53516.851562;-1;-1;-1;-1;-1;-1;-1;-1;-1;-1;-1;-1;-1;-1;-1;-1;-1;-1
