Time;ID;Cat;XPos;YPos;ZPos;2D_XPos;2D_YPos;Vel;XDir;YDir;ZDir;BBox_XPos;BBox_YPos;BBox_ZPos;BBox_Ext_X;BBox_Ext_Y;BBox_Ext_Z;Corner_XYZ_X;Corner_XYZ_Y;Corner_XYZ_Z;Corner_XY-Z_X;Corner_XY-Z_Y;Corner_XY-Z_Z;Corner_X-YZ_X;Corner_X-YZ_Y;Corner_X-YZ_Z;Corner_X-Y-Z_X;Corner_X-Y-Z_Y;Corner_X-Y-Z_Z;Corner_-XYZ_X;Corner_-XYZ_Y;Corner_-XYZ_Z;Corner_-XY-Z_X;Corner_-XY-Z_Y;Corner_-XY-Z_Z;Corner_-X-YZ_X;Corner_-X-YZ_Y;Corner_-X-YZ_Z;Corner_-X-Y-Z_X;Corner_-X-Y-Z_Y;Corner_-X-Y-Z_Z;BBox_2D_XPos;BBox_2D_YPos;Corner_2D_XYZ_X;Corner_2D_XYZ_Y;Corner_2D_XY-Z_X;Corner_2D_XY-Z_Y;Corner_2D_X-YZ_X;Corner_2D_X-YZ_Y;Corner_2D_X-Y-Z_X;Corner_2D_X-Y-Z_Y;Corner_2D_-XYZ_X;Corner_2D_-XYZ_Y;Corner_-2D_XY-Z_X;Corner_2D_-XY-Z_Y;Corner_2D_-X-YZ_X;Corner_2D_-X-YZ_Y;Corner_2D_-X-Y-Z_X;Corner_2D_-X-Y-Z_Y;
J0:19:19:13:533;Hatchback_Car_AI_C_0;211;39421.265625;-74679.921875;-54448.609375;67;687;688.255615;0.009962;-0.999033;0.042818;39421.480469;-74690.523438;-54369.082031;204.0;92.0;76.0;39515.578125;-74890.15625;-54284.542969;39515.4375;-74896.671875;-54436.402344;39331.585938;-74891.984375;-54284.292969;39331.445312;-74898.5;-54436.152344;39511.515625;-74482.546875;-54302.011719;39511.375;-74489.0625;-54453.871094;39327.523438;-74484.375;-54301.761719;39327.382812;-74490.890625;-54453.621094;69;673;89;660;89;690;17;660;17;690;119;656;119;685;49;656;49;685
J0:19:19:13:533;Hatchback_Car_AI_C_7;211;39170.882812;-71631.257812;-54295.792969;-1;-1;652.093689;0.09957;-0.976198;-0.192675;39173.742188;-71660.078125;-54220.972656;204.0;92.0;76.0;39286.988281;-71864.476562;-54185.609375;39284.175781;-71835.320312;-54334.757812;39103.933594;-71883.117188;-54185.796875;39101.121094;-71853.960938;-54334.945312;39246.363281;-71466.195312;-54107.0;39243.550781;-71437.039062;-54256.148438;39063.308594;-71484.835938;-54107.1875;39060.496094;-71455.679688;-54256.335938;-1;-1;-1;-1;-1;-1;-1;-1;-1;-1;-1;-1;-1;-1;-1;-1;-1;-1
J0:19:19:13:533;Hatchback_Car_AI_C_11;211;38990.425781;-68259.203125;-53503.902344;-1;-1;720.243591;-0.055237;-0.984643;-0.165612;38988.882812;-68286.046875;-53428.3125;204.0;92.0;76.0;39068.730469;-68504.632812;-53387.105469;39070.207031;-68479.507812;-53537.003906;38885.019531;-68494.320312;-53387.191406;38886.496094;-68469.195312;-53537.089844;39091.269531;-68102.898438;-53319.535156;39092.746094;-68077.773438;-53469.433594;38907.558594;-68092.585938;-53319.621094;38909.035156;-68067.460938;-53469.519531;-1;-1;-1;-1;-1;-1;-1;-1;-1;-1;-1;-1;-1;-1;-1;-1;-1;-1
