Time;ID;Cat;XPos;YPos;ZPos;2D_XPos;2D_YPos;Vel;XDir;YDir;ZDir;BBox_XPos;BBox_YPos;BBox_ZPos;BBox_Ext_X;BBox_Ext_Y;BBox_Ext_Z;Corner_XYZ_X;Corner_XYZ_Y;Corner_XYZ_Z;Corner_XY-Z_X;Corner_XY-Z_Y;Corner_XY-Z_Z;Corner_X-YZ_X;Corner_X-YZ_Y;Corner_X-YZ_Z;Corner_X-Y-Z_X;Corner_X-Y-Z_Y;Corner_X-Y-Z_Z;Corner_-XYZ_X;Corner_-XYZ_Y;Corner_-XYZ_Z;Corner_-XY-Z_X;Corner_-XY-Z_Y;Corner_-XY-Z_Z;Corner_-X-YZ_X;Corner_-X-YZ_Y;Corner_-X-YZ_Z;Corner_-X-Y-Z_X;Corner_-X-Y-Z_Y;Corner_-X-Y-Z_Z;BBox_2D_XPos;BBox_2D_YPos;Corner_2D_XYZ_X;Corner_2D_XYZ_Y;Corner_2D_XY-Z_X;Corner_2D_XY-Z_Y;Corner_2D_X-YZ_X;Corner_2D_X-YZ_Y;Corner_2D_X-Y-Z_X;Corner_2D_X-Y-Z_Y;Corner_2D_-XYZ_X;Corner_2D_-XYZ_Y;Corner_-2D_XY-Z_X;Corner_2D_-XY-Z_Y;Corner_2D_-X-YZ_X;Corner_2D_-X-YZ_Y;Corner_2D_-X-Y-Z_X;Corner_2D_-X-Y-Z_Y;
J0:19:17:27:529;Hatchback_Car_AI_C_0;211;38976.03125;-68819.335938;-53612.03125;-1;-1;675.849731;-0.006071;-0.977071;-0.212829;38975.871094;-68849.828125;-53537.820312;204.0;92.0;76.0;39066.5625;-69065.882812;-53507.015625;39066.703125;-69033.539062;-53655.53125;38882.5625;-69064.757812;-53506.945312;38882.703125;-69032.414062;-53655.460938;39069.039062;-68667.242188;-53420.179688;39069.179688;-68634.898438;-53568.695312;38885.039062;-68666.117188;-53420.109375;38885.179688;-68633.773438;-53568.625;-1;-1;-1;-1;-1;-1;-1;-1;-1;-1;-1;-1;-1;-1;-1;-1;-1;-1
J0:19:17:27:529;Hatchback_Car_AI_C_7;211;39346.058594;-65787.875;-53291.460938;-1;-1;631.479553;-0.219753;-0.975178;-0.027124;39342.519531;-65803.617188;-53212.871094;204.0;92.0;76.0;39386.996094;-66024.796875;-53142.441406;39387.886719;-66020.765625;-53294.386719;39207.496094;-65984.34375;-53142.425781;39208.386719;-65980.3125;-53294.371094;39476.652344;-65626.921875;-53131.371094;39477.542969;-65622.890625;-53283.316406;39297.152344;-65586.46875;-53131.355469;39298.042969;-65582.4375;-53283.300781;-1;-1;-1;-1;-1;-1;-1;-1;-1;-1;-1;-1;-1;-1;-1;-1;-1;-1
