Time;ID;Cat;XPos;YPos;ZPos;2D_XPos;2D_YPos;Vel;XDir;YDir;ZDir;BBox_XPos;BBox_YPos;BBox_ZPos;BBox_Ext_X;BBox_Ext_Y;BBox_Ext_Z;Corner_XYZ_X;Corner_XYZ_Y;Corner_XYZ_Z;Corner_XY-Z_X;Corner_XY-Z_Y;Corner_XY-Z_Z;Corner_X-YZ_X;Corner_X-YZ_Y;Corner_X-YZ_Z;Corner_X-Y-Z_X;Corner_X-Y-Z_Y;Corner_X-Y-Z_Z;Corner_-XYZ_X;Corner_-XYZ_Y;Corner_-XYZ_Z;Corner_-XY-Z_X;Corner_-XY-Z_Y;Corner_-XY-Z_Z;Corner_-X-YZ_X;Corner_-X-YZ_Y;Corner_-X-YZ_Z;Corner_-X-Y-Z_X;Corner_-X-Y-Z_Y;Corner_-X-Y-Z_Z;BBox_2D_XPos;BBox_2D_YPos;Corner_2D_XYZ_X;Corner_2D_XYZ_Y;Corner_2D_XY-Z_X;Corner_2D_XY-Z_Y;Corner_2D_X-YZ_X;Corner_2D_X-YZ_Y;Corner_2D_X-Y-Z_X;Corner_2D_X-Y-Z_Y;Corner_2D_-XYZ_X;Corner_2D_-XYZ_Y;Corner_-2D_XY-Z_X;Corner_2D_-XY-Z_Y;Corner_2D_-X-YZ_X;Corner_2D_-X-YZ_Y;Corner_2D_-X-Y-Z_X;Corner_2D_-X-Y-Z_Y;
J0:19:18:10:337;Hatchback_Car_AI_C_0;211;39128.125;-71199.203125;-54203.367188;-1;-1;707.211792;0.091005;-0.968588;-0.231422;39131.335938;-71230.945312;-54129.753906;204.0;92.0;76.0;39243.355469;-71437.367188;-54103.285156;39239.628906;-71402.382812;-54251.160156;39060.175781;-71454.695312;-54102.769531;39056.449219;-71419.710938;-54250.644531;39206.222656;-71042.179688;-54008.863281;39202.496094;-71007.195312;-54156.738281;39023.042969;-71059.507812;-54008.347656;39019.316406;-71024.523438;-54156.222656;-1;-1;-1;-1;-1;-1;-1;-1;-1;-1;-1;-1;-1;-1;-1;-1;-1;-1
J0:19:18:10:337;Hatchback_Car_AI_C_7;211;38997.773438;-68116.414062;-53480.535156;-1;-1;678.655884;-0.069411;-0.985385;-0.155557;38995.925781;-68142.46875;-53404.675781;204.0;92.0;76.0;39072.699219;-68361.742188;-53361.324219;39074.378906;-68338.164062;-53511.472656;38889.152344;-68348.804688;-53361.347656;38890.832031;-68325.226562;-53511.496094;39101.019531;-67959.710938;-53297.855469;39102.699219;-67936.132812;-53448.003906;38917.472656;-67946.773438;-53297.878906;38919.152344;-67923.195312;-53448.027344;-1;-1;-1;-1;-1;-1;-1;-1;-1;-1;-1;-1;-1;-1;-1;-1;-1;-1
