Time;ID;Cat;XPos;YPos;ZPos;2D_XPos;2D_YPos;Vel;XDir;YDir;ZDir;BBox_XPos;BBox_YPos;BBox_ZPos;BBox_Ext_X;BBox_Ext_Y;BBox_Ext_Z;Corner_XYZ_X;Corner_XYZ_Y;Corner_XYZ_Z;Corner_XY-Z_X;Corner_XY-Z_Y;Corner_XY-Z_Z;Corner_X-YZ_X;Corner_X-YZ_Y;Corner_X-YZ_Z;Corner_X-Y-Z_X;Corner_X-Y-Z_Y;Corner_X-Y-Z_Z;Corner_-XYZ_X;Corner_-XYZ_Y;Corner_-XYZ_Z;Corner_-XY-Z_X;Corner_-XY-Z_Y;Corner_-XY-Z_Z;Corner_-X-YZ_X;Corner_-X-YZ_Y;Corner_-X-YZ_Z;Corner_-X-Y-Z_X;Corner_-X-Y-Z_Y;Corner_-X-Y-Z_Z;BBox_2D_XPos;BBox_2D_YPos;Corner_2D_XYZ_X;Corner_2D_XYZ_Y;Corner_2D_XY-Z_X;Corner_2D_XY-Z_Y;Corner_2D_X-YZ_X;Corner_2D_X-YZ_Y;Corner_2D_X-Y-Z_X;Corner_2D_X-Y-Z_Y;Corner_2D_-XYZ_X;Corner_2D_-XYZ_Y;Corner_-2D_XY-Z_X;Corner_2D_-XY-Z_Y;Corner_2D_-X-YZ_X;Corner_2D_-X-YZ_Y;Corner_2D_-X-Y-Z_X;Corner_2D_-X-Y-Z_Y;
J0:19:19:14:326;Hatchback_Car_AI_C_0;211;39421.445312;-74725.320312;-54446.742188;75;687;690.758301;0.007473;-0.99906;0.042691;39421.628906;-74735.9375;-54367.214844;204.0;92.0;76.0;39515.222656;-74935.820312;-54282.699219;39515.074219;-74942.304688;-54434.558594;39331.230469;-74937.179688;-54282.457031;39331.082031;-74943.664062;-54434.316406;39512.175781;-74528.210938;-54300.113281;39512.027344;-74534.695312;-54451.972656;39328.183594;-74529.570312;-54299.871094;39328.035156;-74536.054688;-54451.730469;77;672;97;659;97;690;25;659;25;690;127;655;127;685;57;655;57;685
J0:19:19:14:326;Hatchback_Car_AI_C_7;211;39175.191406;-71672.59375;-54303.628906;-1;-1;625.447144;0.099879;-0.976794;-0.189468;39178.019531;-71701.171875;-54228.710938;204.0;92.0;76.0;39291.296875;-71905.4375;-54192.632812;39288.539062;-71876.765625;-54341.882812;39108.25;-71924.109375;-54192.84375;39105.492188;-71895.4375;-54342.09375;39250.546875;-71506.90625;-54115.328125;39247.789062;-71478.234375;-54264.578125;39067.5;-71525.578125;-54115.539062;39064.742188;-71496.90625;-54264.789062;-1;-1;-1;-1;-1;-1;-1;-1;-1;-1;-1;-1;-1;-1;-1;-1;-1;-1
J0:19:19:14:326;Hatchback_Car_AI_C_11;211;38988.195312;-68305.226562;-53511.761719;-1;-1;698.385681;-0.051694;-0.984064;-0.170134;38986.738281;-68332.421875;-53436.296875;204.0;92.0;76.0;39067.355469;-68550.914062;-53396.082031;39068.769531;-68525.085938;-53545.863281;38883.613281;-68541.257812;-53396.144531;38885.027344;-68515.429688;-53545.925781;39088.449219;-68149.414062;-53326.667969;39089.863281;-68123.585938;-53476.449219;38904.707031;-68139.757812;-53326.730469;38906.121094;-68113.929688;-53476.511719;-1;-1;-1;-1;-1;-1;-1;-1;-1;-1;-1;-1;-1;-1;-1;-1;-1;-1
