Time;ID;Cat;XPos;YPos;ZPos;2D_XPos;2D_YPos;Vel;XDir;YDir;ZDir;BBox_XPos;BBox_YPos;BBox_ZPos;BBox_Ext_X;BBox_Ext_Y;BBox_Ext_Z;Corner_XYZ_X;Corner_XYZ_Y;Corner_XYZ_Z;Corner_XY-Z_X;Corner_XY-Z_Y;Corner_XY-Z_Z;Corner_X-YZ_X;Corner_X-YZ_Y;Corner_X-YZ_Z;Corner_X-Y-Z_X;Corner_X-Y-Z_Y;Corner_X-Y-Z_Z;Corner_-XYZ_X;Corner_-XYZ_Y;Corner_-XYZ_Z;Corner_-XY-Z_X;Corner_-XY-Z_Y;Corner_-XY-Z_Z;Corner_-X-YZ_X;Corner_-X-YZ_Y;Corner_-X-YZ_Z;Corner_-X-Y-Z_X;Corner_-X-Y-Z_Y;Corner_-X-Y-Z_Z;BBox_2D_XPos;BBox_2D_YPos;Corner_2D_XYZ_X;Corner_2D_XYZ_Y;Corner_2D_XY-Z_X;Corner_2D_XY-Z_Y;Corner_2D_X-YZ_X;Corner_2D_X-YZ_Y;Corner_2D_X-Y-Z_X;Corner_2D_X-Y-Z_Y;Corner_2D_-XYZ_X;Corner_2D_-XYZ_Y;Corner_-2D_XY-Z_X;Corner_2D_-XY-Z_Y;Corner_2D_-X-YZ_X;Corner_2D_-X-YZ_Y;Corner_2D_-X-Y-Z_X;Corner_2D_-X-Y-Z_Y;
J0:19:21:09:342;Hatchback_Car_AI_C_3;211;39251.882812;-79142.335938;-54424.808594;712;686;718.956848;-0.016771;-0.999859;0.000831;39251.636719;-79156.265625;-54345.796875;204.0;92.0;76.0;39340.191406;-79361.710938;-54269.617188;39340.214844;-79361.835938;-54421.617188;39156.214844;-79358.632812;-54269.640625;39156.238281;-79358.757812;-54421.640625;39347.035156;-78953.773438;-54269.953125;39347.058594;-78953.898438;-54421.953125;39163.058594;-78950.695312;-54269.976562;39163.082031;-78950.820312;-54421.976562;712;672;685;662;685;691;705;653;705;680;718;662;718;691;736;653;736;680
J0:19:21:09:342;Hatchback_Car_AI_C_7;211;39033.632812;-77520.15625;-54424.972656;801;651;521.187744;-0.689085;-0.72468;-0.000384;39024.527344;-77530.859375;-54345.980469;204.0;92.0;76.0;38951.140625;-77742.625;-54270.96875;38950.101562;-77741.546875;-54422.960938;38817.804688;-77615.84375;-54269.15625;38816.765625;-77614.765625;-54421.148438;39232.289062;-77446.953125;-54270.8125;39231.25;-77445.875;-54422.804688;39098.953125;-77320.171875;-54269.0;39097.914062;-77319.09375;-54420.992188;802;640;807;633;807;654;816;627;816;648;786;633;786;654;796;627;796;648
J0:19:21:09:342;Hatchback_Car_AI_C_1;211;49125.132812;-78837.59375;-54426.023438;-1;-1;647.680481;-0.996553;-0.082949;-0.000568;49111.136719;-78838.765625;-54347.03125;204.0;92.0;76.0;48915.429688;-78947.375;-54271.15625;48915.515625;-78947.359375;-54423.15625;48900.164062;-78764.015625;-54271.140625;48900.25;-78764.0;-54423.140625;49322.023438;-78913.53125;-54270.921875;49322.109375;-78913.515625;-54422.921875;49306.757812;-78730.171875;-54270.90625;49306.84375;-78730.15625;-54422.90625;-1;-1;-1;-1;-1;-1;-1;-1;-1;-1;-1;-1;-1;-1;-1;-1;-1;-1
