Time;ID;Cat;XPos;YPos;ZPos;2D_XPos;2D_YPos;Vel;XDir;YDir;ZDir;BBox_XPos;BBox_YPos;BBox_ZPos;BBox_Ext_X;BBox_Ext_Y;BBox_Ext_Z;Corner_XYZ_X;Corner_XYZ_Y;Corner_XYZ_Z;Corner_XY-Z_X;Corner_XY-Z_Y;Corner_XY-Z_Z;Corner_X-YZ_X;Corner_X-YZ_Y;Corner_X-YZ_Z;Corner_X-Y-Z_X;Corner_X-Y-Z_Y;Corner_X-Y-Z_Z;Corner_-XYZ_X;Corner_-XYZ_Y;Corner_-XYZ_Z;Corner_-XY-Z_X;Corner_-XY-Z_Y;Corner_-XY-Z_Z;Corner_-X-YZ_X;Corner_-X-YZ_Y;Corner_-X-YZ_Z;Corner_-X-Y-Z_X;Corner_-X-Y-Z_Y;Corner_-X-Y-Z_Z;BBox_2D_XPos;BBox_2D_YPos;Corner_2D_XYZ_X;Corner_2D_XYZ_Y;Corner_2D_XY-Z_X;Corner_2D_XY-Z_Y;Corner_2D_X-YZ_X;Corner_2D_X-YZ_Y;Corner_2D_X-Y-Z_X;Corner_2D_X-Y-Z_Y;Corner_2D_-XYZ_X;Corner_2D_-XYZ_Y;Corner_-2D_XY-Z_X;Corner_2D_-XY-Z_Y;Corner_2D_-X-YZ_X;Corner_2D_-X-YZ_Y;Corner_2D_-X-Y-Z_X;Corner_2D_-X-Y-Z_Y;
J0:19:21:02:946;Hatchback_Car_AI_C_3;211;39258.867188;-78770.875;-54425.113281;727;676;725.244446;-0.022812;-0.999736;-0.0027;39258.53125;-78785.085938;-54346.152344;204.0;92.0;76.0;39345.839844;-78991.335938;-54270.691406;39345.871094;-78990.929688;-54422.691406;39161.886719;-78987.132812;-54270.714844;39161.917969;-78986.726562;-54422.714844;39355.144531;-78583.445312;-54269.589844;39355.175781;-78583.039062;-54421.589844;39171.191406;-78579.242188;-54269.613281;39171.222656;-78578.835938;-54421.613281;727;663;703;654;703;681;721;646;721;671;733;654;733;681;749;646;749;671
J0:19:21:02:946;Hatchback_Car_AI_C_7;211;39201.117188;-77306.757812;-54425.007812;783;648;500.992462;-0.232391;-0.972621;-0.001347;39198.421875;-77320.617188;-54346.027344;204.0;92.0;76.0;39241.035156;-77540.640625;-54271.003906;39239.957031;-77540.171875;-54422.996094;39062.074219;-77497.890625;-54269.605469;39060.996094;-77497.421875;-54421.597656;39335.847656;-77143.8125;-54270.457031;39334.769531;-77143.34375;-54422.449219;39156.886719;-77101.0625;-54269.058594;39155.808594;-77100.59375;-54421.050781;783;637;771;630;771;651;783;625;783;644;783;630;783;651;794;625;794;644
