Time;ID;Cat;XPos;YPos;ZPos;2D_XPos;2D_YPos;Vel;XDir;YDir;ZDir;BBox_XPos;BBox_YPos;BBox_ZPos;BBox_Ext_X;BBox_Ext_Y;BBox_Ext_Z;Corner_XYZ_X;Corner_XYZ_Y;Corner_XYZ_Z;Corner_XY-Z_X;Corner_XY-Z_Y;Corner_XY-Z_Z;Corner_X-YZ_X;Corner_X-YZ_Y;Corner_X-YZ_Z;Corner_X-Y-Z_X;Corner_X-Y-Z_Y;Corner_X-Y-Z_Z;Corner_-XYZ_X;Corner_-XYZ_Y;Corner_-XYZ_Z;Corner_-XY-Z_X;Corner_-XY-Z_Y;Corner_-XY-Z_Z;Corner_-X-YZ_X;Corner_-X-YZ_Y;Corner_-X-YZ_Z;Corner_-X-Y-Z_X;Corner_-X-Y-Z_Y;Corner_-X-Y-Z_Z;BBox_2D_XPos;BBox_2D_YPos;Corner_2D_XYZ_X;Corner_2D_XYZ_Y;Corner_2D_XY-Z_X;Corner_2D_XY-Z_Y;Corner_2D_X-YZ_X;Corner_2D_X-YZ_Y;Corner_2D_X-Y-Z_X;Corner_2D_X-Y-Z_Y;Corner_2D_-XYZ_X;Corner_2D_-XYZ_Y;Corner_-2D_XY-Z_X;Corner_2D_-XY-Z_Y;Corner_2D_-X-YZ_X;Corner_2D_-X-YZ_Y;Corner_2D_-X-Y-Z_X;Corner_2D_-X-Y-Z_Y;
J0:19:20:16:546;Hatchback_Car_AI_C_3;211;39341.472656;-76387.5;-54425.070312;786;636;437.687012;-0.055869;-0.998434;0.00301;39340.703125;-76401.242188;-54346.027344;204.0;92.0;76.0;39421.171875;-76609.835938;-54269.410156;39421.148438;-76610.289062;-54421.410156;39237.460938;-76599.554688;-54269.417969;39237.4375;-76600.007812;-54421.417969;39443.96875;-76202.476562;-54270.636719;39443.945312;-76202.929688;-54422.636719;39260.257812;-76192.195312;-54270.644531;39260.234375;-76192.648438;-54422.644531;786;626;772;619;772;638;781;615;781;633;791;619;791;638;800;615;800;633
J0:19:20:16:546;Hatchback_Car_AI_C_7;211;39423.121094;-74957.851562;-54437.570312;804;622;686.699829;-0.007573;-0.999206;0.039117;39423.097656;-74968.75;-54358.082031;204.0;92.0;76.0;39513.628906;-75170.320312;-54274.230469;39513.464844;-75176.257812;-54426.113281;39329.636719;-75168.914062;-54274.089844;39329.472656;-75174.851562;-54425.972656;39516.722656;-74762.648438;-54290.191406;39516.558594;-74768.585938;-54442.074219;39332.730469;-74761.242188;-54290.050781;39332.566406;-74767.179688;-54441.933594;804;614;791;607;791;625;798;604;798;621;810;607;810;625;816;604;816;621
