Time;ID;Cat;XPos;YPos;ZPos;2D_XPos;2D_YPos;Vel;XDir;YDir;ZDir;BBox_XPos;BBox_YPos;BBox_ZPos;BBox_Ext_X;BBox_Ext_Y;BBox_Ext_Z;Corner_XYZ_X;Corner_XYZ_Y;Corner_XYZ_Z;Corner_XY-Z_X;Corner_XY-Z_Y;Corner_XY-Z_Z;Corner_X-YZ_X;Corner_X-YZ_Y;Corner_X-YZ_Z;Corner_X-Y-Z_X;Corner_X-Y-Z_Y;Corner_X-Y-Z_Z;Corner_-XYZ_X;Corner_-XYZ_Y;Corner_-XYZ_Z;Corner_-XY-Z_X;Corner_-XY-Z_Y;Corner_-XY-Z_Z;Corner_-X-YZ_X;Corner_-X-YZ_Y;Corner_-X-YZ_Z;Corner_-X-Y-Z_X;Corner_-X-Y-Z_Y;Corner_-X-Y-Z_Z;BBox_2D_XPos;BBox_2D_YPos;Corner_2D_XYZ_X;Corner_2D_XYZ_Y;Corner_2D_XY-Z_X;Corner_2D_XY-Z_Y;Corner_2D_X-YZ_X;Corner_2D_X-YZ_Y;Corner_2D_X-Y-Z_X;Corner_2D_X-Y-Z_Y;Corner_2D_-XYZ_X;Corner_2D_-XYZ_Y;Corner_-2D_XY-Z_X;Corner_2D_-XY-Z_Y;Corner_2D_-X-YZ_X;Corner_2D_-X-YZ_Y;Corner_2D_-X-Y-Z_X;Corner_2D_-X-Y-Z_Y;
J0:19:19:47:750;Hatchback_Car_AI_C_3;211;39380.132812;-75792.109375;-54424.054688;794;629;154.580597;-0.072664;-0.997272;-0.012995;39379.070312;-75807.09375;-54345.242188;204.0;92.0;76.0;39455.960938;-76018.210938;-54271.9375;39456.046875;-76016.242188;-54423.921875;39272.445312;-76004.835938;-54271.867188;39272.53125;-76002.867188;-54423.851562;39485.609375;-75611.320312;-54266.632812;39485.695312;-75609.351562;-54418.617188;39302.09375;-75597.945312;-54266.5625;39302.179688;-75595.976562;-54418.546875;794;620;781;614;781;631;789;610;789;626;798;614;798;631;806;610;806;626
J0:19:19:47:750;Hatchback_Car_AI_C_7;211;39357.105469;-73348.554688;-54475.804688;832;614;650.892273;0.096161;-0.995061;-0.024639;39358.519531;-73364.4375;-54397.171875;204.0;92.0;76.0;39469.777344;-73560.460938;-54326.082031;39469.644531;-73556.710938;-54478.035156;39286.628906;-73578.148438;-54326.363281;39286.496094;-73574.398438;-54478.316406;39430.542969;-73154.476562;-54316.027344;39430.410156;-73150.726562;-54467.980469;39247.394531;-73172.164062;-54316.308594;39247.261719;-73168.414062;-54468.261719;832;607;820;602;820;614;825;600;825;612;840;602;840;614;844;600;844;612
