Time;ID;Cat;XPos;YPos;ZPos;2D_XPos;2D_YPos;Vel;XDir;YDir;ZDir;BBox_XPos;BBox_YPos;BBox_ZPos;BBox_Ext_X;BBox_Ext_Y;BBox_Ext_Z;Corner_XYZ_X;Corner_XYZ_Y;Corner_XYZ_Z;Corner_XY-Z_X;Corner_XY-Z_Y;Corner_XY-Z_Z;Corner_X-YZ_X;Corner_X-YZ_Y;Corner_X-YZ_Z;Corner_X-Y-Z_X;Corner_X-Y-Z_Y;Corner_X-Y-Z_Z;Corner_-XYZ_X;Corner_-XYZ_Y;Corner_-XYZ_Z;Corner_-XY-Z_X;Corner_-XY-Z_Y;Corner_-XY-Z_Z;Corner_-X-YZ_X;Corner_-X-YZ_Y;Corner_-X-YZ_Z;Corner_-X-Y-Z_X;Corner_-X-Y-Z_Y;Corner_-X-Y-Z_Z;BBox_2D_XPos;BBox_2D_YPos;Corner_2D_XYZ_X;Corner_2D_XYZ_Y;Corner_2D_XY-Z_X;Corner_2D_XY-Z_Y;Corner_2D_X-YZ_X;Corner_2D_X-YZ_Y;Corner_2D_X-Y-Z_X;Corner_2D_X-Y-Z_Y;Corner_2D_-XYZ_X;Corner_2D_-XYZ_Y;Corner_-2D_XY-Z_X;Corner_2D_-XY-Z_Y;Corner_2D_-X-YZ_X;Corner_2D_-X-YZ_Y;Corner_2D_-X-Y-Z_X;Corner_2D_-X-Y-Z_Y;
J0:19:21:10:548;Hatchback_Car_AI_C_3;211;39250.816406;-79211.59375;-54424.9375;709;687;680.141235;-0.015688;-0.999877;-0.000923;39250.585938;-79225.664062;-54345.949219;204.0;92.0;76.0;39339.367188;-79431.15625;-54270.125;39339.382812;-79431.015625;-54422.125;39155.390625;-79428.265625;-54270.148438;39155.40625;-79428.125;-54422.148438;39345.765625;-79023.203125;-54269.75;39345.78125;-79023.0625;-54421.75;39161.789062;-79020.3125;-54269.773438;39161.804688;-79020.171875;-54421.773438;709;673;681;664;681;693;702;655;702;682;715;664;715;693;734;655;734;682
J0:19:21:10:548;Hatchback_Car_AI_C_7;211;38990.339844;-77548.664062;-54424.972656;806;652;502.605316;-0.75759;-0.652729;-0.001552;38980.171875;-77558.5;-54346.0;204.0;92.0;76.0;38886.097656;-77762.023438;-54271.269531;38885.253906;-77760.679688;-54423.261719;38765.996094;-77622.632812;-54269.371094;38765.152344;-77621.289062;-54421.363281;39195.191406;-77495.710938;-54270.636719;39194.347656;-77494.367188;-54422.628906;39075.089844;-77356.320312;-54268.738281;39074.246094;-77354.976562;-54420.730469;807;641;816;633;816;655;824;628;824;648;789;633;789;655;799;628;799;648
J0:19:21:10:548;Hatchback_Car_AI_C_1;211;49061.242188;-78842.679688;-54425.992188;-1;-1;641.000427;-0.996811;-0.0798;-0.000778;49047.226562;-78843.8125;-54347.003906;204.0;92.0;76.0;48851.160156;-78951.804688;-54271.171875;48851.277344;-78951.789062;-54423.171875;48836.480469;-78768.398438;-54271.15625;48836.597656;-78768.382812;-54423.15625;49257.855469;-78919.242188;-54270.851562;49257.972656;-78919.226562;-54422.851562;49243.175781;-78735.835938;-54270.835938;49243.292969;-78735.820312;-54422.835938;-1;-1;-1;-1;-1;-1;-1;-1;-1;-1;-1;-1;-1;-1;-1;-1;-1;-1
