Time;ID;Cat;XPos;YPos;ZPos;2D_XPos;2D_YPos;Vel;XDir;YDir;ZDir;BBox_XPos;BBox_YPos;BBox_ZPos;BBox_Ext_X;BBox_Ext_Y;BBox_Ext_Z;Corner_XYZ_X;Corner_XYZ_Y;Corner_XYZ_Z;Corner_XY-Z_X;Corner_XY-Z_Y;Corner_XY-Z_Z;Corner_X-YZ_X;Corner_X-YZ_Y;Corner_X-YZ_Z;Corner_X-Y-Z_X;Corner_X-Y-Z_Y;Corner_X-Y-Z_Z;Corner_-XYZ_X;Corner_-XYZ_Y;Corner_-XYZ_Z;Corner_-XY-Z_X;Corner_-XY-Z_Y;Corner_-XY-Z_Z;Corner_-X-YZ_X;Corner_-X-YZ_Y;Corner_-X-YZ_Z;Corner_-X-Y-Z_X;Corner_-X-Y-Z_Y;Corner_-X-Y-Z_Z;BBox_2D_XPos;BBox_2D_YPos;Corner_2D_XYZ_X;Corner_2D_XYZ_Y;Corner_2D_XY-Z_X;Corner_2D_XY-Z_Y;Corner_2D_X-YZ_X;Corner_2D_X-YZ_Y;Corner_2D_X-Y-Z_X;Corner_2D_X-Y-Z_Y;Corner_2D_-XYZ_X;Corner_2D_-XYZ_Y;Corner_-2D_XY-Z_X;Corner_2D_-XY-Z_Y;Corner_2D_-X-YZ_X;Corner_2D_-X-YZ_Y;Corner_2D_-X-Y-Z_X;Corner_2D_-X-Y-Z_Y;
J0:19:21:11:741;Hatchback_Car_AI_C_3;211;39249.851562;-79278.320312;-54425.078125;706;689;679.177429;-0.014651;-0.999892;-0.00081;39249.636719;-79292.382812;-54346.089844;204.0;92.0;76.0;39338.625;-79497.773438;-54270.242188;39338.648438;-79497.648438;-54422.242188;39154.648438;-79495.070312;-54270.265625;39154.671875;-79494.945312;-54422.265625;39344.601562;-79089.820312;-54269.914062;39344.625;-79089.695312;-54421.914062;39160.625;-79087.117188;-54269.9375;39160.648438;-79086.992188;-54421.9375;705;675;678;666;678;695;699;656;699;683;712;666;712;695;731;656;731;683
J0:19:21:11:741;Hatchback_Car_AI_C_7;211;38944.183594;-77572.882812;-54425.03125;812;652;520.898071;-0.821053;-0.570851;-0.000672;38933.121094;-77581.585938;-54346.046875;204.0;92.0;76.0;38818.554688;-77774.257812;-54271.160156;38817.726562;-77772.882812;-54423.152344;38713.523438;-77623.195312;-54269.214844;38712.695312;-77621.820312;-54421.207031;39153.546875;-77541.351562;-54270.886719;39152.71875;-77539.976562;-54422.878906;39048.515625;-77390.289062;-54268.941406;39047.6875;-77388.914062;-54420.933594;813;641;826;633;826;655;833;628;833;649;793;633;793;655;802;628;802;649
J0:19:21:11:741;Hatchback_Car_AI_C_1;211;48995.632812;-78847.851562;-54425.957031;-1;-1;666.073242;-0.996837;-0.07947;0.000696;48981.734375;-78848.96875;-54346.949219;204.0;92.0;76.0;48785.746094;-78956.890625;-54270.816406;48785.636719;-78956.890625;-54422.816406;48771.121094;-78773.46875;-54270.800781;48771.011719;-78773.46875;-54422.800781;49192.457031;-78924.46875;-54271.097656;49192.347656;-78924.46875;-54423.097656;49177.832031;-78741.046875;-54271.082031;49177.722656;-78741.046875;-54423.082031;-1;-1;-1;-1;-1;-1;-1;-1;-1;-1;-1;-1;-1;-1;-1;-1;-1;-1
