Time;ID;Cat;XPos;YPos;ZPos;2D_XPos;2D_YPos;Vel;XDir;YDir;ZDir;BBox_XPos;BBox_YPos;BBox_ZPos;BBox_Ext_X;BBox_Ext_Y;BBox_Ext_Z;Corner_XYZ_X;Corner_XYZ_Y;Corner_XYZ_Z;Corner_XY-Z_X;Corner_XY-Z_Y;Corner_XY-Z_Z;Corner_X-YZ_X;Corner_X-YZ_Y;Corner_X-YZ_Z;Corner_X-Y-Z_X;Corner_X-Y-Z_Y;Corner_X-Y-Z_Z;Corner_-XYZ_X;Corner_-XYZ_Y;Corner_-XYZ_Z;Corner_-XY-Z_X;Corner_-XY-Z_Y;Corner_-XY-Z_Z;Corner_-X-YZ_X;Corner_-X-YZ_Y;Corner_-X-YZ_Z;Corner_-X-Y-Z_X;Corner_-X-Y-Z_Y;Corner_-X-Y-Z_Z;BBox_2D_XPos;BBox_2D_YPos;Corner_2D_XYZ_X;Corner_2D_XYZ_Y;Corner_2D_XY-Z_X;Corner_2D_XY-Z_Y;Corner_2D_X-YZ_X;Corner_2D_X-YZ_Y;Corner_2D_X-Y-Z_X;Corner_2D_X-Y-Z_Y;Corner_2D_-XYZ_X;Corner_2D_-XYZ_Y;Corner_-2D_XY-Z_X;Corner_2D_-XY-Z_Y;Corner_2D_-X-YZ_X;Corner_2D_-X-YZ_Y;Corner_2D_-X-Y-Z_X;Corner_2D_-X-Y-Z_Y;
J0:19:21:13:346;Hatchback_Car_AI_C_3;211;39248.640625;-79369.921875;-54424.964844;702;692;705.771973;-0.01346;-0.999909;0.000833;39248.445312;-79383.851562;-54345.953125;204.0;92.0;76.0;39337.683594;-79589.015625;-54269.769531;39337.699219;-79589.140625;-54421.769531;39153.699219;-79586.53125;-54269.792969;39153.714844;-79586.65625;-54421.792969;39343.175781;-79181.046875;-54270.113281;39343.191406;-79181.171875;-54422.113281;39159.191406;-79178.5625;-54270.136719;39159.207031;-79178.6875;-54422.136719;701;678;672;668;672;698;695;658;695;686;708;668;708;698;728;658;728;686
J0:19:21:13:346;Hatchback_Car_AI_C_7;211;38878.738281;-77596.890625;-54425.019531;821;653;524.040833;-0.893028;-0.45;-0.000815;38866.59375;-77604.039062;-54346.035156;204.0;92.0;76.0;38726.15625;-77778.8125;-54271.28125;38725.46875;-77777.171875;-54423.273438;38643.359375;-77614.5;-54269.132812;38642.671875;-77612.859375;-54421.125;39090.515625;-77595.21875;-54270.945312;39089.828125;-77593.578125;-54422.9375;39007.71875;-77430.90625;-54268.796875;39007.03125;-77429.265625;-54420.789062;822;642;839;633;839;655;845;629;845;649;798;633;798;655;806;629;806;649
J0:19:21:13:346;Hatchback_Car_AI_C_1;211;48906.886719;-78854.65625;-54425.894531;-1;-1;679.731384;-0.997041;-0.076861;0.001256;48893.027344;-78855.742188;-54346.878906;204.0;92.0;76.0;48696.800781;-78963.15625;-54270.640625;48696.605469;-78963.140625;-54422.640625;48682.660156;-78779.703125;-54270.601562;48682.464844;-78779.6875;-54422.601562;49103.589844;-78931.796875;-54271.15625;49103.394531;-78931.78125;-54423.15625;49089.449219;-78748.34375;-54271.117188;49089.253906;-78748.328125;-54423.117188;-1;-1;-1;-1;-1;-1;-1;-1;-1;-1;-1;-1;-1;-1;-1;-1;-1;-1
