Time;ID;Cat;XPos;YPos;ZPos;2D_XPos;2D_YPos;Vel;XDir;YDir;ZDir;BBox_XPos;BBox_YPos;BBox_ZPos;BBox_Ext_X;BBox_Ext_Y;BBox_Ext_Z;Corner_XYZ_X;Corner_XYZ_Y;Corner_XYZ_Z;Corner_XY-Z_X;Corner_XY-Z_Y;Corner_XY-Z_Z;Corner_X-YZ_X;Corner_X-YZ_Y;Corner_X-YZ_Z;Corner_X-Y-Z_X;Corner_X-Y-Z_Y;Corner_X-Y-Z_Z;Corner_-XYZ_X;Corner_-XYZ_Y;Corner_-XYZ_Z;Corner_-XY-Z_X;Corner_-XY-Z_Y;Corner_-XY-Z_Z;Corner_-X-YZ_X;Corner_-X-YZ_Y;Corner_-X-YZ_Z;Corner_-X-Y-Z_X;Corner_-X-Y-Z_Y;Corner_-X-Y-Z_Z;BBox_2D_XPos;BBox_2D_YPos;Corner_2D_XYZ_X;Corner_2D_XYZ_Y;Corner_2D_XY-Z_X;Corner_2D_XY-Z_Y;Corner_2D_X-YZ_X;Corner_2D_X-YZ_Y;Corner_2D_X-Y-Z_X;Corner_2D_X-Y-Z_Y;Corner_2D_-XYZ_X;Corner_2D_-XYZ_Y;Corner_-2D_XY-Z_X;Corner_2D_-XY-Z_Y;Corner_2D_-X-YZ_X;Corner_2D_-X-YZ_Y;Corner_2D_-X-Y-Z_X;Corner_2D_-X-Y-Z_Y;
J0:19:19:18:547;Hatchback_Car_AI_C_3;211;39417.875;-74984.390625;-54436.933594;804;622;539.652588;-0.012425;-0.99935;0.033838;39417.773438;-74995.710938;-54357.503906;204.0;92.0;76.0;39507.300781;-75198.15625;-54274.691406;39507.160156;-75203.296875;-54426.605469;39323.316406;-75195.859375;-54274.597656;39323.175781;-75201.0;-54426.511719;39512.371094;-74790.421875;-54288.496094;39512.230469;-74795.5625;-54440.410156;39328.386719;-74788.125;-54288.402344;39328.246094;-74793.265625;-54440.316406;804;614;791;607;791;625;798;605;798;621;810;607;810;625;816;605;816;621
J0:19:19:18:547;Hatchback_Car_AI_C_7;211;39184.964844;-71752.898438;-54318.210938;861;592;689.52832;0.101124;-0.978843;-0.177877;39187.667969;-71780.59375;-54242.960938;204.0;92.0;76.0;39301.050781;-71984.320312;-54204.277344;39298.574219;-71957.398438;-54353.855469;39118.019531;-72003.164062;-54204.636719;39115.542969;-71976.242188;-54354.214844;39259.792969;-71584.945312;-54131.707031;39257.316406;-71558.023438;-54281.285156;39076.761719;-71603.789062;-54132.066406;39074.285156;-71576.867188;-54281.644531;861;587;851;585;851;590;854;583;854;589;868;585;868;590;871;583;871;589
