Time;ID;Cat;XPos;YPos;ZPos;2D_XPos;2D_YPos;Vel;XDir;YDir;ZDir;BBox_XPos;BBox_YPos;BBox_ZPos;BBox_Ext_X;BBox_Ext_Y;BBox_Ext_Z;Corner_XYZ_X;Corner_XYZ_Y;Corner_XYZ_Z;Corner_XY-Z_X;Corner_XY-Z_Y;Corner_XY-Z_Z;Corner_X-YZ_X;Corner_X-YZ_Y;Corner_X-YZ_Z;Corner_X-Y-Z_X;Corner_X-Y-Z_Y;Corner_X-Y-Z_Z;Corner_-XYZ_X;Corner_-XYZ_Y;Corner_-XYZ_Z;Corner_-XY-Z_X;Corner_-XY-Z_Y;Corner_-XY-Z_Z;Corner_-X-YZ_X;Corner_-X-YZ_Y;Corner_-X-YZ_Z;Corner_-X-Y-Z_X;Corner_-X-Y-Z_Y;Corner_-X-Y-Z_Z;BBox_2D_XPos;BBox_2D_YPos;Corner_2D_XYZ_X;Corner_2D_XYZ_Y;Corner_2D_XY-Z_X;Corner_2D_XY-Z_Y;Corner_2D_X-YZ_X;Corner_2D_X-YZ_Y;Corner_2D_X-Y-Z_X;Corner_2D_X-Y-Z_Y;Corner_2D_-XYZ_X;Corner_2D_-XYZ_Y;Corner_-2D_XY-Z_X;Corner_2D_-XY-Z_Y;Corner_2D_-X-YZ_X;Corner_2D_-X-YZ_Y;Corner_2D_-X-Y-Z_X;Corner_2D_-X-Y-Z_Y;
J0:19:20:58:548;Hatchback_Car_AI_C_3;211;39265.890625;-78483.445312;-54424.738281;737;669;800.523865;-0.026994;-0.999634;0.001924;39265.511719;-78497.289062;-54345.710938;204.0;92.0;76.0;39351.964844;-78703.546875;-54269.3125;39351.972656;-78703.84375;-54421.3125;39168.035156;-78698.578125;-54269.328125;39168.042969;-78698.875;-54421.328125;39362.980469;-78295.703125;-54270.09375;39362.988281;-78296.0;-54422.09375;39179.050781;-78290.734375;-54270.109375;39179.058594;-78291.03125;-54422.109375;737;657;714;648;714;674;731;641;731;665;743;648;743;674;758;641;758;665
J0:19:20:58:548;Hatchback_Car_AI_C_7;211;39242.144531;-77120.539062;-54425.0;782;645;546.054382;-0.143936;-0.989587;-0.00016;39240.148438;-77134.40625;-54346.003906;204.0;92.0;76.0;39301.847656;-77349.539062;-54270.058594;39301.808594;-77349.507812;-54422.058594;39119.761719;-77323.054688;-54270.011719;39119.722656;-77323.023438;-54422.011719;39360.574219;-76945.789062;-54269.996094;39360.535156;-76945.757812;-54421.996094;39178.488281;-76919.304688;-54269.949219;39178.449219;-76919.273438;-54421.949219;782;635;768;628;768;648;779;622;779;642;785;628;785;648;795;622;795;642
J0:19:20:58:548;Hatchback_Car_AI_C_0;211;29970.960938;-76778.6875;-53265.140625;-1;-1;679.961792;0.963399;0.024862;-0.266917;30005.535156;-76778.117188;-53192.746094;204.0;92.0;76.0;30220.082031;-76680.859375;-53173.59375;30179.507812;-76681.296875;-53320.078125;30224.628906;-76864.796875;-53174.3125;30184.054688;-76865.234375;-53320.796875;29827.015625;-76691.0;-53064.695312;29786.441406;-76691.4375;-53211.179688;29831.5625;-76874.9375;-53065.414062;29790.988281;-76875.375;-53211.898438;-1;-1;1910;484;1910;489;-1;-1;-1;-1;-1;-1;-1;-1;-1;-1;-1;-1
