Time;ID;Cat;XPos;YPos;ZPos;2D_XPos;2D_YPos;Vel;XDir;YDir;ZDir;BBox_XPos;BBox_YPos;BBox_ZPos;BBox_Ext_X;BBox_Ext_Y;BBox_Ext_Z;Corner_XYZ_X;Corner_XYZ_Y;Corner_XYZ_Z;Corner_XY-Z_X;Corner_XY-Z_Y;Corner_XY-Z_Z;Corner_X-YZ_X;Corner_X-YZ_Y;Corner_X-YZ_Z;Corner_X-Y-Z_X;Corner_X-Y-Z_Y;Corner_X-Y-Z_Z;Corner_-XYZ_X;Corner_-XYZ_Y;Corner_-XYZ_Z;Corner_-XY-Z_X;Corner_-XY-Z_Y;Corner_-XY-Z_Z;Corner_-X-YZ_X;Corner_-X-YZ_Y;Corner_-X-YZ_Z;Corner_-X-Y-Z_X;Corner_-X-Y-Z_Y;Corner_-X-Y-Z_Z;BBox_2D_XPos;BBox_2D_YPos;Corner_2D_XYZ_X;Corner_2D_XYZ_Y;Corner_2D_XY-Z_X;Corner_2D_XY-Z_Y;Corner_2D_X-YZ_X;Corner_2D_X-YZ_Y;Corner_2D_X-Y-Z_X;Corner_2D_X-Y-Z_Y;Corner_2D_-XYZ_X;Corner_2D_-XYZ_Y;Corner_-2D_XY-Z_X;Corner_2D_-XY-Z_Y;Corner_2D_-X-YZ_X;Corner_2D_-X-YZ_Y;Corner_2D_-X-Y-Z_X;Corner_2D_-X-Y-Z_Y;
J0:19:20:56:943;Hatchback_Car_AI_C_3;211;39268.71875;-78377.039062;-54424.757812;741;667;773.434814;-0.028427;-0.999594;0.001724;39268.320312;-78390.898438;-54345.734375;204.0;92.0;76.0;39354.480469;-78597.296875;-54269.375;39354.480469;-78597.5625;-54421.375;39170.558594;-78592.0625;-54269.390625;39170.558594;-78592.328125;-54421.390625;39366.082031;-78189.46875;-54270.078125;39366.082031;-78189.734375;-54422.078125;39182.160156;-78184.234375;-54270.09375;39182.160156;-78184.5;-54422.09375;740;655;719;646;719;671;734;639;734;663;747;646;747;671;761;639;761;663
J0:19:20:56:943;Hatchback_Car_AI_C_7;211;39252.820312;-77049.515625;-54425.0;782;644;553.824341;-0.140091;-0.990139;-0.000155;39250.878906;-77063.390625;-54346.003906;204.0;92.0;76.0;39313.414062;-77278.28125;-54270.0625;39313.375;-77278.25;-54422.0625;39131.226562;-77252.5;-54270.007812;39131.1875;-77252.46875;-54422.007812;39370.570312;-76874.3125;-54270.0;39370.53125;-76874.28125;-54422.0;39188.382812;-76848.53125;-54269.945312;39188.34375;-76848.5;-54421.945312;782;634;768;627;768;647;779;622;779;641;785;627;785;647;795;622;795;641
J0:19:20:56:943;Hatchback_Car_AI_C_0;211;29881.779297;-76781.015625;-53240.773438;-1;-1;712.772522;0.963861;0.022572;-0.265447;29916.246094;-76780.546875;-53168.324219;204.0;92.0;76.0;30131.0;-76683.820312;-53148.820312;30090.648438;-76684.117188;-53295.367188;30135.097656;-76867.773438;-53149.585938;30094.746094;-76868.070312;-53296.132812;29737.746094;-76693.023438;-53040.515625;29697.394531;-76693.320312;-53187.0625;29741.84375;-76876.976562;-53041.28125;29701.492188;-76877.273438;-53187.828125;-1;-1;-1;-1;-1;-1;-1;-1;-1;-1;-1;-1;-1;-1;-1;-1;-1;-1
