Time;ID;Cat;XPos;YPos;ZPos;2D_XPos;2D_YPos;Vel;XDir;YDir;ZDir;BBox_XPos;BBox_YPos;BBox_ZPos;BBox_Ext_X;BBox_Ext_Y;BBox_Ext_Z;Corner_XYZ_X;Corner_XYZ_Y;Corner_XYZ_Z;Corner_XY-Z_X;Corner_XY-Z_Y;Corner_XY-Z_Z;Corner_X-YZ_X;Corner_X-YZ_Y;Corner_X-YZ_Z;Corner_X-Y-Z_X;Corner_X-Y-Z_Y;Corner_X-Y-Z_Z;Corner_-XYZ_X;Corner_-XYZ_Y;Corner_-XYZ_Z;Corner_-XY-Z_X;Corner_-XY-Z_Y;Corner_-XY-Z_Z;Corner_-X-YZ_X;Corner_-X-YZ_Y;Corner_-X-YZ_Z;Corner_-X-Y-Z_X;Corner_-X-Y-Z_Y;Corner_-X-Y-Z_Z;BBox_2D_XPos;BBox_2D_YPos;Corner_2D_XYZ_X;Corner_2D_XYZ_Y;Corner_2D_XY-Z_X;Corner_2D_XY-Z_Y;Corner_2D_X-YZ_X;Corner_2D_X-YZ_Y;Corner_2D_X-Y-Z_X;Corner_2D_X-Y-Z_Y;Corner_2D_-XYZ_X;Corner_2D_-XYZ_Y;Corner_-2D_XY-Z_X;Corner_2D_-XY-Z_Y;Corner_2D_-X-YZ_X;Corner_2D_-X-YZ_Y;Corner_2D_-X-Y-Z_X;Corner_2D_-X-Y-Z_Y;
J0:19:20:28:946;Hatchback_Car_AI_C_3;211;39317.417969;-76911.882812;-54424.835938;777;642;538.427429;-0.043948;-0.999034;0.000105;39316.800781;-76925.859375;-54345.835938;204.0;92.0;76.0;39399.742188;-77133.703125;-54269.8125;39399.75;-77133.71875;-54421.8125;39215.921875;-77125.609375;-54269.820312;39215.929688;-77125.625;-54421.820312;39417.671875;-76726.09375;-54269.851562;39417.679688;-76726.109375;-54421.851562;39233.851562;-76718.0;-54269.859375;39233.859375;-76718.015625;-54421.859375;777;632;761;625;761;645;772;620;772;639;783;625;783;645;792;620;792;639
J0:19:20:28:946;Hatchback_Car_AI_C_11;211;39296.222656;-72763.210938;-54446.519531;844;607;700.326721;0.111014;-0.99066;-0.079178;39298.097656;-72783.335938;-54368.875;204.0;92.0;76.0;39412.484375;-72981.242188;-54308.824219;39411.867188;-72969.195312;-54460.347656;39229.625;-73001.664062;-54309.707031;39229.007812;-72989.617188;-54461.230469;39367.1875;-72577.054688;-54276.519531;39366.570312;-72565.007812;-54428.042969;39184.328125;-72597.476562;-54277.402344;39183.710938;-72585.429688;-54428.925781;843;601;832;597;832;607;836;595;836;605;851;597;851;607;855;595;855;605
J0:19:20:28:946;Hatchback_Car_AI_C_0;211;28328.154297;-76767.359375;-52823.335938;-1;-1;683.227051;0.96599;-0.044328;-0.25475;28361.759766;-76769.382812;-52750.511719;204.0;92.0;76.0;28582.5;-76687.875;-52728.449219;28543.863281;-76685.1875;-52875.433594;28573.78125;-76871.671875;-52729.527344;28535.144531;-76868.984375;-52876.511719;28188.375;-76669.78125;-52624.511719;28149.738281;-76667.09375;-52771.496094;28179.65625;-76853.578125;-52625.589844;28141.019531;-76850.890625;-52772.574219;-1;-1;-1;-1;-1;-1;-1;-1;-1;-1;-1;-1;-1;-1;-1;-1;-1;-1
