Time;ID;Cat;XPos;YPos;ZPos;2D_XPos;2D_YPos;Vel;XDir;YDir;ZDir;BBox_XPos;BBox_YPos;BBox_ZPos;BBox_Ext_X;BBox_Ext_Y;BBox_Ext_Z;Corner_XYZ_X;Corner_XYZ_Y;Corner_XYZ_Z;Corner_XY-Z_X;Corner_XY-Z_Y;Corner_XY-Z_Z;Corner_X-YZ_X;Corner_X-YZ_Y;Corner_X-YZ_Z;Corner_X-Y-Z_X;Corner_X-Y-Z_Y;Corner_X-Y-Z_Z;Corner_-XYZ_X;Corner_-XYZ_Y;Corner_-XYZ_Z;Corner_-XY-Z_X;Corner_-XY-Z_Y;Corner_-XY-Z_Z;Corner_-X-YZ_X;Corner_-X-YZ_Y;Corner_-X-YZ_Z;Corner_-X-Y-Z_X;Corner_-X-Y-Z_Y;Corner_-X-Y-Z_Z;BBox_2D_XPos;BBox_2D_YPos;Corner_2D_XYZ_X;Corner_2D_XYZ_Y;Corner_2D_XY-Z_X;Corner_2D_XY-Z_Y;Corner_2D_X-YZ_X;Corner_2D_X-YZ_Y;Corner_2D_X-Y-Z_X;Corner_2D_X-Y-Z_Y;Corner_2D_-XYZ_X;Corner_2D_-XYZ_Y;Corner_-2D_XY-Z_X;Corner_2D_-XY-Z_Y;Corner_2D_-X-YZ_X;Corner_2D_-X-YZ_Y;Corner_2D_-X-Y-Z_X;Corner_2D_-X-Y-Z_Y;
J0:19:19:48:942;Hatchback_Car_AI_C_3;211;39378.835938;-75806.46875;-54424.25;794;629;139.702316;-0.074683;-0.997105;-0.014272;39377.746094;-75821.554688;-54345.457031;204.0;92.0;76.0;39454.210938;-76032.914062;-54272.421875;39454.296875;-76030.742188;-54424.40625;39270.726562;-76019.179688;-54272.328125;39270.8125;-76017.007812;-54424.3125;39484.679688;-75626.101562;-54266.601562;39484.765625;-75623.929688;-54418.585938;39301.195312;-75612.367188;-54266.507812;39301.28125;-75610.195312;-54418.492188;794;620;781;614;781;631;789;610;789;626;798;614;798;631;806;610;806;626
J0:19:19:48:942;Hatchback_Car_AI_C_7;211;39363.097656;-73415.648438;-54477.164062;831;614;680.135498;0.0919;-0.995612;-0.017649;39364.410156;-73430.984375;-54398.421875;204.0;92.0;76.0;39474.792969;-73626.976562;-54325.917969;39474.738281;-73624.289062;-54477.894531;39291.574219;-73643.882812;-54326.152344;39291.519531;-73641.195312;-54478.128906;39437.300781;-73220.773438;-54318.714844;39437.246094;-73218.085938;-54470.691406;39254.082031;-73237.679688;-54318.949219;39254.027344;-73234.992188;-54470.925781;831;607;819;602;819;615;824;600;824;612;838;602;838;615;843;600;843;612
