Time;ID;Cat;XPos;YPos;ZPos;2D_XPos;2D_YPos;Vel;XDir;YDir;ZDir;BBox_XPos;BBox_YPos;BBox_ZPos;BBox_Ext_X;BBox_Ext_Y;BBox_Ext_Z;Corner_XYZ_X;Corner_XYZ_Y;Corner_XYZ_Z;Corner_XY-Z_X;Corner_XY-Z_Y;Corner_XY-Z_Z;Corner_X-YZ_X;Corner_X-YZ_Y;Corner_X-YZ_Z;Corner_X-Y-Z_X;Corner_X-Y-Z_Y;Corner_X-Y-Z_Z;Corner_-XYZ_X;Corner_-XYZ_Y;Corner_-XYZ_Z;Corner_-XY-Z_X;Corner_-XY-Z_Y;Corner_-XY-Z_Z;Corner_-X-YZ_X;Corner_-X-YZ_Y;Corner_-X-YZ_Z;Corner_-X-Y-Z_X;Corner_-X-Y-Z_Y;Corner_-X-Y-Z_Z;BBox_2D_XPos;BBox_2D_YPos;Corner_2D_XYZ_X;Corner_2D_XYZ_Y;Corner_2D_XY-Z_X;Corner_2D_XY-Z_Y;Corner_2D_X-YZ_X;Corner_2D_X-YZ_Y;Corner_2D_X-Y-Z_X;Corner_2D_X-Y-Z_Y;Corner_2D_-XYZ_X;Corner_2D_-XYZ_Y;Corner_-2D_XY-Z_X;Corner_2D_-XY-Z_Y;Corner_2D_-X-YZ_X;Corner_2D_-X-YZ_Y;Corner_2D_-X-Y-Z_X;Corner_2D_-X-Y-Z_Y;
J0:19:19:43:752;Hatchback_Car_AI_C_3;211;39384.992188;-75733.460938;-54423.449219;795;628;205.303665;-0.065773;-0.997807;-0.007443;39384.039062;-75748.015625;-54344.554688;204.0;92.0;76.0;39462.390625;-75958.1875;-54270.082031;39462.453125;-75957.0625;-54422.074219;39278.789062;-75946.078125;-54270.074219;39278.851562;-75944.953125;-54422.066406;39489.226562;-75551.078125;-54267.042969;39489.289062;-75549.953125;-54419.035156;39305.625;-75538.96875;-54267.035156;39305.6875;-75537.84375;-54419.027344;794;620;781;613;781;630;790;610;790;626;799;613;799;630;807;610;807;626
J0:19:19:43:752;Hatchback_Car_AI_C_7;211;39336.753906;-73134.164062;-54468.980469;837;612;616.871948;0.10375;-0.993517;-0.046473;39338.375;-73151.75;-54390.714844;204.0;92.0;76.0;39451.207031;-73348.414062;-54324.03125;39450.878906;-73341.351562;-54475.867188;39268.199219;-73367.507812;-54324.523438;39267.871094;-73360.445312;-54476.359375;39408.878906;-72943.054688;-54305.070312;39408.550781;-72935.992188;-54456.90625;39225.871094;-72962.148438;-54305.5625;39225.542969;-72955.085938;-54457.398438;836;605;824;600;824;612;829;598;829;609;844;600;844;612;848;598;848;609
