Time;ID;Cat;XPos;YPos;ZPos;2D_XPos;2D_YPos;Vel;XDir;YDir;ZDir;BBox_XPos;BBox_YPos;BBox_ZPos;BBox_Ext_X;BBox_Ext_Y;BBox_Ext_Z;Corner_XYZ_X;Corner_XYZ_Y;Corner_XYZ_Z;Corner_XY-Z_X;Corner_XY-Z_Y;Corner_XY-Z_Z;Corner_X-YZ_X;Corner_X-YZ_Y;Corner_X-YZ_Z;Corner_X-Y-Z_X;Corner_X-Y-Z_Y;Corner_X-Y-Z_Z;Corner_-XYZ_X;Corner_-XYZ_Y;Corner_-XYZ_Z;Corner_-XY-Z_X;Corner_-XY-Z_Y;Corner_-XY-Z_Z;Corner_-X-YZ_X;Corner_-X-YZ_Y;Corner_-X-YZ_Z;Corner_-X-Y-Z_X;Corner_-X-Y-Z_Y;Corner_-X-Y-Z_Z;BBox_2D_XPos;BBox_2D_YPos;Corner_2D_XYZ_X;Corner_2D_XYZ_Y;Corner_2D_XY-Z_X;Corner_2D_XY-Z_Y;Corner_2D_X-YZ_X;Corner_2D_X-YZ_Y;Corner_2D_X-Y-Z_X;Corner_2D_X-Y-Z_Y;Corner_2D_-XYZ_X;Corner_2D_-XYZ_Y;Corner_-2D_XY-Z_X;Corner_2D_-XY-Z_Y;Corner_2D_-X-YZ_X;Corner_2D_-X-YZ_Y;Corner_2D_-X-Y-Z_X;Corner_2D_-X-Y-Z_Y;
J0:19:21:08:149;Hatchback_Car_AI_C_3;211;39253.058594;-79070.03125;-54424.925781;715;684;723.213806;-0.01777;-0.999841;0.001284;39252.800781;-79083.929688;-54345.90625;204.0;92.0;76.0;39341.152344;-79289.429688;-54269.632812;39341.167969;-79289.632812;-54421.632812;39157.183594;-79286.164062;-54269.65625;39157.199219;-79286.367188;-54421.65625;39348.402344;-78881.492188;-54270.15625;39348.417969;-78881.695312;-54422.15625;39164.433594;-78878.226562;-54270.179688;39164.449219;-78878.429688;-54422.179688;715;670;689;661;689;689;709;652;709;678;722;661;722;689;739;652;739;678
J0:19:21:08:149;Hatchback_Car_AI_C_7;211;39074.089844;-77486.757812;-54424.898438;796;651;514.270081;-0.608843;-0.79329;-0.000672;39066.242188;-77498.445312;-54345.914062;204.0;92.0;76.0;39015.664062;-77716.84375;-54271.09375;39014.367188;-77715.71875;-54423.085938;38869.710938;-77604.828125;-54269.015625;38868.414062;-77603.703125;-54421.007812;39264.070312;-77393.1875;-54270.820312;39262.773438;-77392.0625;-54422.8125;39118.117188;-77281.171875;-54268.742188;39116.820312;-77280.046875;-54420.734375;797;640;799;633;799;654;808;627;808;647;784;633;784;654;795;627;795;647
J0:19:21:08:149;Hatchback_Car_AI_C_1;211;49188.882812;-78832.484375;-54425.867188;-1;-1;660.355164;-0.996601;-0.082384;0.000022;49174.933594;-78833.65625;-54346.867188;204.0;92.0;76.0;48979.210938;-78942.171875;-54270.886719;48979.203125;-78942.125;-54422.886719;48964.054688;-78758.796875;-54270.839844;48964.046875;-78758.75;-54422.839844;49385.820312;-78908.5625;-54270.894531;49385.8125;-78908.515625;-54422.894531;49370.664062;-78725.1875;-54270.847656;49370.65625;-78725.140625;-54422.847656;-1;-1;-1;-1;-1;-1;-1;-1;-1;-1;-1;-1;-1;-1;-1;-1;-1;-1
