Time;ID;Cat;XPos;YPos;ZPos;2D_XPos;2D_YPos;Vel;XDir;YDir;ZDir;BBox_XPos;BBox_YPos;BBox_ZPos;BBox_Ext_X;BBox_Ext_Y;BBox_Ext_Z;Corner_XYZ_X;Corner_XYZ_Y;Corner_XYZ_Z;Corner_XY-Z_X;Corner_XY-Z_Y;Corner_XY-Z_Z;Corner_X-YZ_X;Corner_X-YZ_Y;Corner_X-YZ_Z;Corner_X-Y-Z_X;Corner_X-Y-Z_Y;Corner_X-Y-Z_Z;Corner_-XYZ_X;Corner_-XYZ_Y;Corner_-XYZ_Z;Corner_-XY-Z_X;Corner_-XY-Z_Y;Corner_-XY-Z_Z;Corner_-X-YZ_X;Corner_-X-YZ_Y;Corner_-X-YZ_Z;Corner_-X-Y-Z_X;Corner_-X-Y-Z_Y;Corner_-X-Y-Z_Z;BBox_2D_XPos;BBox_2D_YPos;Corner_2D_XYZ_X;Corner_2D_XYZ_Y;Corner_2D_XY-Z_X;Corner_2D_XY-Z_Y;Corner_2D_X-YZ_X;Corner_2D_X-YZ_Y;Corner_2D_X-Y-Z_X;Corner_2D_X-Y-Z_Y;Corner_2D_-XYZ_X;Corner_2D_-XYZ_Y;Corner_-2D_XY-Z_X;Corner_2D_-XY-Z_Y;Corner_2D_-X-YZ_X;Corner_2D_-X-YZ_Y;Corner_2D_-X-Y-Z_X;Corner_2D_-X-Y-Z_Y;
J0:19:21:08:942;Hatchback_Car_AI_C_3;211;39252.265625;-79118.421875;-54424.863281;713;685;736.563049;-0.017123;-0.999852;0.001852;39252.019531;-79132.273438;-54345.835938;204.0;92.0;76.0;39340.507812;-79337.679688;-54269.445312;39340.523438;-79337.960938;-54421.445312;39156.53125;-79334.523438;-54269.46875;39156.546875;-79334.804688;-54421.46875;39347.492188;-78929.742188;-54270.203125;39347.507812;-78930.023438;-54422.203125;39163.515625;-78926.585938;-54270.226562;39163.53125;-78926.867188;-54422.226562;713;671;686;662;686;691;707;653;707;679;719;662;719;691;737;653;737;679
J0:19:21:08:942;Hatchback_Car_AI_C_7;211;39047.496094;-77509.34375;-54424.914062;799;651;506.608734;-0.662048;-0.74946;-0.00113;39038.773438;-77520.4375;-54345.933594;204.0;92.0;76.0;38973.191406;-77734.8125;-54271.109375;38972.136719;-77733.65625;-54423.101562;38835.292969;-77613.0;-54269.226562;38834.238281;-77611.84375;-54421.21875;39243.308594;-77429.03125;-54270.648438;39242.253906;-77427.875;-54422.640625;39105.410156;-77307.21875;-54268.765625;39104.355469;-77306.0625;-54420.757812;800;640;804;633;804;654;814;627;814;647;785;633;785;654;796;627;796;647
J0:19:21:08:942;Hatchback_Car_AI_C_1;211;49146.691406;-78835.859375;-54425.972656;-1;-1;627.876526;-0.996658;-0.081677;-0.001448;49132.625;-78837.03125;-54346.992188;204.0;92.0;76.0;48936.714844;-78945.421875;-54271.3125;48936.933594;-78945.359375;-54423.3125;48921.683594;-78762.03125;-54271.265625;48921.902344;-78761.96875;-54423.265625;49343.347656;-78912.09375;-54270.71875;49343.566406;-78912.03125;-54422.71875;49328.316406;-78728.703125;-54270.671875;49328.535156;-78728.640625;-54422.671875;-1;-1;-1;-1;-1;-1;-1;-1;-1;-1;-1;-1;-1;-1;-1;-1;-1;-1
