Time;ID;Cat;XPos;YPos;ZPos;2D_XPos;2D_YPos;Vel;XDir;YDir;ZDir;BBox_XPos;BBox_YPos;BBox_ZPos;BBox_Ext_X;BBox_Ext_Y;BBox_Ext_Z;Corner_XYZ_X;Corner_XYZ_Y;Corner_XYZ_Z;Corner_XY-Z_X;Corner_XY-Z_Y;Corner_XY-Z_Z;Corner_X-YZ_X;Corner_X-YZ_Y;Corner_X-YZ_Z;Corner_X-Y-Z_X;Corner_X-Y-Z_Y;Corner_X-Y-Z_Z;Corner_-XYZ_X;Corner_-XYZ_Y;Corner_-XYZ_Z;Corner_-XY-Z_X;Corner_-XY-Z_Y;Corner_-XY-Z_Z;Corner_-X-YZ_X;Corner_-X-YZ_Y;Corner_-X-YZ_Z;Corner_-X-Y-Z_X;Corner_-X-Y-Z_Y;Corner_-X-Y-Z_Z;BBox_2D_XPos;BBox_2D_YPos;Corner_2D_XYZ_X;Corner_2D_XYZ_Y;Corner_2D_XY-Z_X;Corner_2D_XY-Z_Y;Corner_2D_X-YZ_X;Corner_2D_X-YZ_Y;Corner_2D_X-Y-Z_X;Corner_2D_X-Y-Z_Y;Corner_2D_-XYZ_X;Corner_2D_-XYZ_Y;Corner_-2D_XY-Z_X;Corner_2D_-XY-Z_Y;Corner_2D_-X-YZ_X;Corner_2D_-X-YZ_Y;Corner_2D_-X-Y-Z_X;Corner_2D_-X-Y-Z_Y;
J0:19:20:29:739;Hatchback_Car_AI_C_3;211;39316.003906;-76948.429688;-54424.878906;777;643;542.192322;-0.043748;-0.999043;0.000049;39315.375;-76962.414062;-54345.878906;204.0;92.0;76.0;39398.34375;-77170.234375;-54269.851562;39398.375;-77170.25;-54421.851562;39214.523438;-77162.1875;-54269.882812;39214.554688;-77162.203125;-54421.882812;39416.195312;-76762.625;-54269.875;39416.226562;-76762.640625;-54421.875;39232.375;-76754.578125;-54269.90625;39232.40625;-76754.59375;-54421.90625;776;633;760;625;760;645;771;621;771;640;782;625;782;645;792;621;792;640
J0:19:20:29:739;Hatchback_Car_AI_C_11;211;39301.089844;-72808.242188;-54449.984375;843;608;671.172974;0.111113;-0.990871;-0.07635;39302.949219;-72828.148438;-54372.285156;204.0;92.0;76.0;39417.339844;-73025.875;-54311.652344;39416.753906;-73014.265625;-54463.207031;39234.480469;-73046.3125;-54312.511719;39233.894531;-73034.703125;-54464.066406;39372.003906;-72621.59375;-54280.503906;39371.417969;-72609.984375;-54432.058594;39189.144531;-72642.03125;-54281.363281;39188.558594;-72630.421875;-54432.917969;843;602;831;598;831;608;835;596;835;606;850;598;850;608;854;596;854;606
J0:19:20:29:739;Hatchback_Car_AI_C_0;211;28372.363281;-76769.257812;-52834.820312;-1;-1;698.325562;0.966154;-0.041811;-0.254555;28405.958984;-76771.195312;-52761.988281;204.0;92.0;76.0;28626.482422;-76689.125;-52739.878906;28587.869141;-76686.515625;-52886.871094;28618.240234;-76872.9375;-52740.964844;28579.626953;-76870.328125;-52887.957031;28232.291016;-76672.0625;-52636.019531;28193.677734;-76669.453125;-52783.011719;28224.048828;-76855.875;-52637.105469;28185.435547;-76853.265625;-52784.097656;-1;-1;-1;-1;-1;-1;-1;-1;-1;-1;-1;-1;-1;-1;-1;-1;-1;-1
