Time;ID;Cat;XPos;YPos;ZPos;2D_XPos;2D_YPos;Vel;XDir;YDir;ZDir;BBox_XPos;BBox_YPos;BBox_ZPos;BBox_Ext_X;BBox_Ext_Y;BBox_Ext_Z;Corner_XYZ_X;Corner_XYZ_Y;Corner_XYZ_Z;Corner_XY-Z_X;Corner_XY-Z_Y;Corner_XY-Z_Z;Corner_X-YZ_X;Corner_X-YZ_Y;Corner_X-YZ_Z;Corner_X-Y-Z_X;Corner_X-Y-Z_Y;Corner_X-Y-Z_Z;Corner_-XYZ_X;Corner_-XYZ_Y;Corner_-XYZ_Z;Corner_-XY-Z_X;Corner_-XY-Z_Y;Corner_-XY-Z_Z;Corner_-X-YZ_X;Corner_-X-YZ_Y;Corner_-X-YZ_Z;Corner_-X-Y-Z_X;Corner_-X-Y-Z_Y;Corner_-X-Y-Z_Z;BBox_2D_XPos;BBox_2D_YPos;Corner_2D_XYZ_X;Corner_2D_XYZ_Y;Corner_2D_XY-Z_X;Corner_2D_XY-Z_Y;Corner_2D_X-YZ_X;Corner_2D_X-YZ_Y;Corner_2D_X-Y-Z_X;Corner_2D_X-Y-Z_Y;Corner_2D_-XYZ_X;Corner_2D_-XYZ_Y;Corner_-2D_XY-Z_X;Corner_2D_-XY-Z_Y;Corner_2D_-X-YZ_X;Corner_2D_-X-YZ_Y;Corner_2D_-X-Y-Z_X;Corner_2D_-X-Y-Z_Y;
J0:19:19:15:748;Hatchback_Car_AI_C_3;211;39419.390625;-74850.5;-54441.824219;806;622;624.807129;-0.003168;-0.999257;0.038422;39419.417969;-74861.453125;-54362.34375;204.0;92.0;76.0;39510.84375;-75062.679688;-54278.632812;39510.703125;-75068.523438;-54430.523438;39326.84375;-75062.085938;-54278.484375;39326.703125;-75067.929688;-54430.375;39512.132812;-74654.976562;-54294.3125;39511.992188;-74660.820312;-54446.203125;39328.132812;-74654.382812;-54294.164062;39327.992188;-74660.226562;-54446.054688;806;614;793;607;793;624;800;604;800;621;812;607;812;624;818;604;818;621
J0:19:19:15:748;Hatchback_Car_AI_C_7;211;39168.980469;-71600.726562;-54289.921875;864;590;667.812561;0.101116;-0.975595;-0.194911;39171.894531;-71629.710938;-54215.164062;204.0;92.0;76.0;39285.476562;-71834.015625;-54180.28125;39282.59375;-71804.53125;-54329.367188;39102.453125;-71852.9375;-54180.484375;39099.570312;-71823.453125;-54329.570312;39244.21875;-71435.96875;-54100.757812;39241.335938;-71406.484375;-54249.84375;39061.195312;-71454.890625;-54100.960938;39058.3125;-71425.40625;-54250.046875;863;584;853;582;853;587;857;581;857;586;871;582;871;587;873;581;873;586
