Time;ID;Cat;XPos;YPos;ZPos;2D_XPos;2D_YPos;Vel;XDir;YDir;ZDir;BBox_XPos;BBox_YPos;BBox_ZPos;BBox_Ext_X;BBox_Ext_Y;BBox_Ext_Z;Corner_XYZ_X;Corner_XYZ_Y;Corner_XYZ_Z;Corner_XY-Z_X;Corner_XY-Z_Y;Corner_XY-Z_Z;Corner_X-YZ_X;Corner_X-YZ_Y;Corner_X-YZ_Z;Corner_X-Y-Z_X;Corner_X-Y-Z_Y;Corner_X-Y-Z_Z;Corner_-XYZ_X;Corner_-XYZ_Y;Corner_-XYZ_Z;Corner_-XY-Z_X;Corner_-XY-Z_Y;Corner_-XY-Z_Z;Corner_-X-YZ_X;Corner_-X-YZ_Y;Corner_-X-YZ_Z;Corner_-X-Y-Z_X;Corner_-X-Y-Z_Y;Corner_-X-Y-Z_Z;BBox_2D_XPos;BBox_2D_YPos;Corner_2D_XYZ_X;Corner_2D_XYZ_Y;Corner_2D_XY-Z_X;Corner_2D_XY-Z_Y;Corner_2D_X-YZ_X;Corner_2D_X-YZ_Y;Corner_2D_X-Y-Z_X;Corner_2D_X-Y-Z_Y;Corner_2D_-XYZ_X;Corner_2D_-XYZ_Y;Corner_-2D_XY-Z_X;Corner_2D_-XY-Z_Y;Corner_2D_-X-YZ_X;Corner_2D_-X-YZ_Y;Corner_2D_-X-Y-Z_X;Corner_2D_-X-Y-Z_Y;
J0:19:19:48:549;Hatchback_Car_AI_C_3;211;39379.257812;-75801.84375;-54424.1875;794;629;144.640991;-0.074014;-0.997161;-0.013878;39378.179688;-75816.898438;-54345.390625;204.0;92.0;76.0;39454.789062;-76028.1875;-54272.277344;39454.867188;-76026.078125;-54424.261719;39271.296875;-76014.5625;-54272.183594;39271.375;-76012.453125;-54424.167969;39484.984375;-75621.34375;-54266.613281;39485.0625;-75619.234375;-54418.597656;39301.492188;-75607.71875;-54266.519531;39301.570312;-75605.609375;-54418.503906;794;620;781;614;781;631;789;610;789;626;798;614;798;631;806;610;806;626
J0:19:19:48:549;Hatchback_Car_AI_C_7;211;39361.097656;-73392.953125;-54476.746094;832;614;660.270386;0.094612;-0.995307;-0.020336;39362.464844;-73408.5;-54398.046875;204.0;92.0;76.0;39473.394531;-73604.382812;-54326.082031;39473.308594;-73601.289062;-54478.050781;39290.222656;-73621.789062;-54326.339844;39290.136719;-73618.695312;-54478.308594;39434.792969;-73198.304688;-54317.785156;39434.707031;-73195.210938;-54469.753906;39251.621094;-73215.710938;-54318.042969;39251.535156;-73212.617188;-54470.011719;831;607;819;602;819;615;824;600;824;612;839;602;839;615;843;600;843;612
