Time;ID;Cat;XPos;YPos;ZPos;2D_XPos;2D_YPos;Vel;XDir;YDir;ZDir;BBox_XPos;BBox_YPos;BBox_ZPos;BBox_Ext_X;BBox_Ext_Y;BBox_Ext_Z;Corner_XYZ_X;Corner_XYZ_Y;Corner_XYZ_Z;Corner_XY-Z_X;Corner_XY-Z_Y;Corner_XY-Z_Z;Corner_X-YZ_X;Corner_X-YZ_Y;Corner_X-YZ_Z;Corner_X-Y-Z_X;Corner_X-Y-Z_Y;Corner_X-Y-Z_Z;Corner_-XYZ_X;Corner_-XYZ_Y;Corner_-XYZ_Z;Corner_-XY-Z_X;Corner_-XY-Z_Y;Corner_-XY-Z_Z;Corner_-X-YZ_X;Corner_-X-YZ_Y;Corner_-X-YZ_Z;Corner_-X-Y-Z_X;Corner_-X-Y-Z_Y;Corner_-X-Y-Z_Z;BBox_2D_XPos;BBox_2D_YPos;Corner_2D_XYZ_X;Corner_2D_XYZ_Y;Corner_2D_XY-Z_X;Corner_2D_XY-Z_Y;Corner_2D_X-YZ_X;Corner_2D_X-YZ_Y;Corner_2D_X-Y-Z_X;Corner_2D_X-Y-Z_Y;Corner_2D_-XYZ_X;Corner_2D_-XYZ_Y;Corner_-2D_XY-Z_X;Corner_2D_-XY-Z_Y;Corner_2D_-X-YZ_X;Corner_2D_-X-YZ_Y;Corner_2D_-X-Y-Z_X;Corner_2D_-X-Y-Z_Y;
J0:19:20:57:742;Hatchback_Car_AI_C_3;211;39267.300781;-78429.804688;-54424.746094;739;668;787.22113;-0.027699;-0.999615;0.001855;39266.910156;-78443.65625;-54345.71875;204.0;92.0;76.0;39353.21875;-78649.984375;-54269.332031;39353.226562;-78650.265625;-54421.332031;39169.289062;-78644.890625;-54269.347656;39169.296875;-78645.171875;-54421.347656;39364.523438;-78242.140625;-54270.089844;39364.53125;-78242.421875;-54422.089844;39180.59375;-78237.046875;-54270.105469;39180.601562;-78237.328125;-54422.105469;739;656;717;647;717;673;733;640;733;664;745;647;745;673;759;640;759;664
J0:19:20:57:742;Hatchback_Car_AI_C_7;211;39247.542969;-77085.015625;-54425.007812;782;645;546.064636;-0.142372;-0.989813;-0.000301;39245.566406;-77098.898438;-54346.011719;204.0;92.0;76.0;39307.601562;-77313.945312;-54270.101562;39307.570312;-77313.898438;-54422.101562;39125.476562;-77287.742188;-54270.046875;39125.445312;-77287.695312;-54422.046875;39365.6875;-76910.101562;-54269.976562;39365.65625;-76910.054688;-54421.976562;39183.5625;-76883.898438;-54269.921875;39183.53125;-76883.851562;-54421.921875;782;634;768;627;768;648;779;622;779;641;785;627;785;648;795;622;795;641
J0:19:20:57:742;Hatchback_Car_AI_C_0;211;29926.990234;-76779.851562;-53253.070312;-1;-1;699.154968;0.96366;0.023544;-0.266092;29961.503906;-76779.34375;-53180.644531;204.0;92.0;76.0;30176.169922;-76682.390625;-53161.296875;30135.720703;-76682.734375;-53307.8125;30180.458984;-76866.34375;-53162.039062;30140.009766;-76866.6875;-53308.554688;29782.998047;-76692.0;-53052.734375;29742.548828;-76692.34375;-53199.25;29787.287109;-76875.953125;-53053.476562;29746.837891;-76876.296875;-53199.992188;-1;-1;1916;483;1916;487;-1;-1;-1;-1;-1;-1;-1;-1;-1;-1;-1;-1
