Time;ID;Cat;XPos;YPos;ZPos;2D_XPos;2D_YPos;Vel;XDir;YDir;ZDir;BBox_XPos;BBox_YPos;BBox_ZPos;BBox_Ext_X;BBox_Ext_Y;BBox_Ext_Z;Corner_XYZ_X;Corner_XYZ_Y;Corner_XYZ_Z;Corner_XY-Z_X;Corner_XY-Z_Y;Corner_XY-Z_Z;Corner_X-YZ_X;Corner_X-YZ_Y;Corner_X-YZ_Z;Corner_X-Y-Z_X;Corner_X-Y-Z_Y;Corner_X-Y-Z_Z;Corner_-XYZ_X;Corner_-XYZ_Y;Corner_-XYZ_Z;Corner_-XY-Z_X;Corner_-XY-Z_Y;Corner_-XY-Z_Z;Corner_-X-YZ_X;Corner_-X-YZ_Y;Corner_-X-YZ_Z;Corner_-X-Y-Z_X;Corner_-X-Y-Z_Y;Corner_-X-Y-Z_Z;BBox_2D_XPos;BBox_2D_YPos;Corner_2D_XYZ_X;Corner_2D_XYZ_Y;Corner_2D_XY-Z_X;Corner_2D_XY-Z_Y;Corner_2D_X-YZ_X;Corner_2D_X-YZ_Y;Corner_2D_X-Y-Z_X;Corner_2D_X-Y-Z_Y;Corner_2D_-XYZ_X;Corner_2D_-XYZ_Y;Corner_-2D_XY-Z_X;Corner_2D_-XY-Z_Y;Corner_2D_-X-YZ_X;Corner_2D_-X-YZ_Y;Corner_2D_-X-Y-Z_X;Corner_2D_-X-Y-Z_Y;
J0:19:21:13:739;Hatchback_Car_AI_C_3;211;39248.359375;-79393.015625;-54424.90625;701;693;693.607971;-0.013179;-0.999913;0.000235;39248.164062;-79406.992188;-54345.902344;204.0;92.0;76.0;39337.460938;-79612.171875;-54269.84375;39337.476562;-79612.203125;-54421.84375;39153.476562;-79609.75;-54269.867188;39153.492188;-79609.78125;-54421.867188;39342.835938;-79204.203125;-54269.9375;39342.851562;-79204.234375;-54421.9375;39158.851562;-79201.78125;-54269.960938;39158.867188;-79201.8125;-54421.960938;700;678;671;669;671;699;694;659;694;687;707;669;707;699;727;659;727;687
J0:19:21:13:739;Hatchback_Car_AI_C_7;211;38861.019531;-77601.46875;-54424.984375;823;653;540.16864;-0.909231;-0.416293;-0.000111;38848.695312;-77608.203125;-54345.992188;204.0;92.0;76.0;38701.898438;-77777.640625;-54271.183594;38701.117188;-77775.890625;-54423.167969;38625.304688;-77610.359375;-54268.863281;38624.523438;-77608.609375;-54420.847656;39072.867188;-77607.796875;-54271.136719;39072.085938;-77606.046875;-54423.121094;38996.273438;-77440.515625;-54268.816406;38995.492188;-77438.765625;-54420.800781;825;642;842;633;842;655;848;629;848;649;800;633;800;655;808;629;808;649
J0:19:21:13:739;Hatchback_Car_AI_C_1;211;48884.703125;-78856.3125;-54425.859375;-1;-1;668.291992;-0.997205;-0.074712;0.000555;48870.789062;-78857.375;-54346.851562;204.0;92.0;76.0;48674.277344;-78964.375;-54270.761719;48674.191406;-78964.34375;-54422.761719;48660.527344;-78780.890625;-54270.714844;48660.441406;-78780.859375;-54422.714844;49081.136719;-78933.890625;-54270.988281;49081.050781;-78933.859375;-54422.988281;49067.386719;-78750.40625;-54270.941406;49067.300781;-78750.375;-54422.941406;-1;-1;-1;-1;-1;-1;-1;-1;-1;-1;-1;-1;-1;-1;-1;-1;-1;-1
