Time;ID;Cat;XPos;YPos;ZPos;2D_XPos;2D_YPos;Vel;XDir;YDir;ZDir;BBox_XPos;BBox_YPos;BBox_ZPos;BBox_Ext_X;BBox_Ext_Y;BBox_Ext_Z;Corner_XYZ_X;Corner_XYZ_Y;Corner_XYZ_Z;Corner_XY-Z_X;Corner_XY-Z_Y;Corner_XY-Z_Z;Corner_X-YZ_X;Corner_X-YZ_Y;Corner_X-YZ_Z;Corner_X-Y-Z_X;Corner_X-Y-Z_Y;Corner_X-Y-Z_Z;Corner_-XYZ_X;Corner_-XYZ_Y;Corner_-XYZ_Z;Corner_-XY-Z_X;Corner_-XY-Z_Y;Corner_-XY-Z_Z;Corner_-X-YZ_X;Corner_-X-YZ_Y;Corner_-X-YZ_Z;Corner_-X-Y-Z_X;Corner_-X-Y-Z_Y;Corner_-X-Y-Z_Z;BBox_2D_XPos;BBox_2D_YPos;Corner_2D_XYZ_X;Corner_2D_XYZ_Y;Corner_2D_XY-Z_X;Corner_2D_XY-Z_Y;Corner_2D_X-YZ_X;Corner_2D_X-YZ_Y;Corner_2D_X-Y-Z_X;Corner_2D_X-Y-Z_Y;Corner_2D_-XYZ_X;Corner_2D_-XYZ_Y;Corner_-2D_XY-Z_X;Corner_2D_-XY-Z_Y;Corner_2D_-X-YZ_X;Corner_2D_-X-YZ_Y;Corner_2D_-X-Y-Z_X;Corner_2D_-X-Y-Z_Y;
J0:19:19:54:945;Hatchback_Car_AI_C_3;211;39373.941406;-75860.65625;-54425.058594;793;630;125.087364;-0.079867;-0.996645;-0.017903;39372.761719;-75876.023438;-54346.320312;204.0;92.0;76.0;39448.117188;-76088.046875;-54274.042969;39448.234375;-76085.328125;-54426.019531;39264.703125;-76073.34375;-54273.925781;39264.820312;-76070.625;-54425.902344;39480.703125;-75681.421875;-54266.738281;39480.820312;-75678.703125;-54418.714844;39297.289062;-75666.71875;-54266.621094;39297.40625;-75664.0;-54418.597656;793;621;780;615;780;631;789;611;789;627;798;615;798;631;805;611;805;627
J0:19:19:54:945;Hatchback_Car_AI_C_7;211;39389.960938;-73756.078125;-54477.980469;825;617;694.959778;0.074998;-0.99713;0.010392;39391.023438;-73769.210938;-54398.839844;204.0;92.0;76.0;39498.078125;-73964.929688;-54320.8125;39498.054688;-73966.523438;-54472.804688;39314.59375;-73978.726562;-54320.632812;39314.570312;-73980.320312;-54472.625;39467.476562;-73558.101562;-54325.054688;39467.453125;-73559.695312;-54477.046875;39283.992188;-73571.898438;-54324.875;39283.96875;-73573.492188;-54476.867188;824;610;812;604;812;618;817;601;817;615;832;604;832;618;836;601;836;615
