Time;ID;Cat;XPos;YPos;ZPos;2D_XPos;2D_YPos;Vel;XDir;YDir;ZDir;BBox_XPos;BBox_YPos;BBox_ZPos;BBox_Ext_X;BBox_Ext_Y;BBox_Ext_Z;Corner_XYZ_X;Corner_XYZ_Y;Corner_XYZ_Z;Corner_XY-Z_X;Corner_XY-Z_Y;Corner_XY-Z_Z;Corner_X-YZ_X;Corner_X-YZ_Y;Corner_X-YZ_Z;Corner_X-Y-Z_X;Corner_X-Y-Z_Y;Corner_X-Y-Z_Z;Corner_-XYZ_X;Corner_-XYZ_Y;Corner_-XYZ_Z;Corner_-XY-Z_X;Corner_-XY-Z_Y;Corner_-XY-Z_Z;Corner_-X-YZ_X;Corner_-X-YZ_Y;Corner_-X-YZ_Z;Corner_-X-Y-Z_X;Corner_-X-Y-Z_Y;Corner_-X-Y-Z_Z;BBox_2D_XPos;BBox_2D_YPos;Corner_2D_XYZ_X;Corner_2D_XYZ_Y;Corner_2D_XY-Z_X;Corner_2D_XY-Z_Y;Corner_2D_X-YZ_X;Corner_2D_X-YZ_Y;Corner_2D_X-Y-Z_X;Corner_2D_X-Y-Z_Y;Corner_2D_-XYZ_X;Corner_2D_-XYZ_Y;Corner_-2D_XY-Z_X;Corner_2D_-XY-Z_Y;Corner_2D_-X-YZ_X;Corner_2D_-X-YZ_Y;Corner_2D_-X-Y-Z_X;Corner_2D_-X-Y-Z_Y;
J0:19:20:48:547;Hatchback_Car_AI_C_3;211;39283.566406;-77869.945312;-54424.820312;756;657;676.544495;-0.032941;-0.999455;0.002124;39283.105469;-77883.773438;-54345.789062;204.0;92.0;76.0;39368.335938;-78090.53125;-54269.347656;39368.335938;-78090.859375;-54421.347656;39184.4375;-78084.46875;-54269.363281;39184.4375;-78084.796875;-54421.363281;39381.773438;-77682.75;-54270.214844;39381.773438;-77683.078125;-54422.214844;39197.875;-77676.6875;-54270.230469;39197.875;-77677.015625;-54422.230469;755;646;736;638;736;661;749;632;749;653;762;638;762;661;774;632;774;653
J0:19:20:48:547;Hatchback_Car_AI_C_7;211;39306.542969;-76658.695312;-54424.976562;785;639;577.790588;-0.117669;-0.993052;-0.001008;39304.925781;-76672.679688;-54345.992188;204.0;92.0;76.0;39372.308594;-76886.171875;-54270.246094;39372.253906;-76886.015625;-54422.246094;39189.589844;-76864.515625;-54270.152344;39189.535156;-76864.359375;-54422.152344;39420.316406;-76481.0;-54269.832031;39420.261719;-76480.84375;-54421.832031;39237.597656;-76459.34375;-54269.738281;39237.542969;-76459.1875;-54421.738281;784;629;771;622;771;641;781;618;781;636;788;622;788;641;797;618;797;636
J0:19:20:48:547;Hatchback_Car_AI_C_0;211;29412.71875;-76787.148438;-53112.753906;-1;-1;696.122192;0.964366;0.001723;-0.264566;29447.121094;-76787.359375;-53040.273438;204.0;92.0;76.0;29663.878906;-76695.234375;-53020.644531;29623.664062;-76694.78125;-53167.230469;29664.039062;-76879.234375;-53021.261719;29623.824219;-76878.78125;-53167.847656;29270.417969;-76695.9375;-52912.699219;29230.203125;-76695.484375;-53059.285156;29270.578125;-76879.9375;-52913.316406;29230.363281;-76879.484375;-53059.902344;-1;-1;-1;-1;-1;-1;-1;-1;-1;-1;-1;-1;-1;-1;-1;-1;-1;-1
