Time;ID;Cat;XPos;YPos;ZPos;2D_XPos;2D_YPos;Vel;XDir;YDir;ZDir;BBox_XPos;BBox_YPos;BBox_ZPos;BBox_Ext_X;BBox_Ext_Y;BBox_Ext_Z;Corner_XYZ_X;Corner_XYZ_Y;Corner_XYZ_Z;Corner_XY-Z_X;Corner_XY-Z_Y;Corner_XY-Z_Z;Corner_X-YZ_X;Corner_X-YZ_Y;Corner_X-YZ_Z;Corner_X-Y-Z_X;Corner_X-Y-Z_Y;Corner_X-Y-Z_Z;Corner_-XYZ_X;Corner_-XYZ_Y;Corner_-XYZ_Z;Corner_-XY-Z_X;Corner_-XY-Z_Y;Corner_-XY-Z_Z;Corner_-X-YZ_X;Corner_-X-YZ_Y;Corner_-X-YZ_Z;Corner_-X-Y-Z_X;Corner_-X-Y-Z_Y;Corner_-X-Y-Z_Z;BBox_2D_XPos;BBox_2D_YPos;Corner_2D_XYZ_X;Corner_2D_XYZ_Y;Corner_2D_XY-Z_X;Corner_2D_XY-Z_Y;Corner_2D_X-YZ_X;Corner_2D_X-YZ_Y;Corner_2D_X-Y-Z_X;Corner_2D_X-Y-Z_Y;Corner_2D_-XYZ_X;Corner_2D_-XYZ_Y;Corner_-2D_XY-Z_X;Corner_2D_-XY-Z_Y;Corner_2D_-X-YZ_X;Corner_2D_-X-YZ_Y;Corner_2D_-X-Y-Z_X;Corner_2D_-X-Y-Z_Y;
J0:19:20:52:145;Hatchback_Car_AI_C_3;211;39277.210938;-78077.671875;-54424.773438;750;661;706.122314;-0.03206;-0.999485;0.001432;39276.761719;-78091.554688;-54345.753906;204.0;92.0;76.0;39362.175781;-78298.296875;-54269.457031;39362.175781;-78298.515625;-54421.457031;39178.269531;-78292.390625;-54269.464844;39178.269531;-78292.609375;-54421.464844;39375.253906;-77890.5;-54270.042969;39375.253906;-77890.71875;-54422.042969;39191.347656;-77884.59375;-54270.050781;39191.347656;-77884.8125;-54422.050781;750;649;729;641;729;665;744;635;744;657;756;641;756;665;769;635;769;657
J0:19:20:52:145;Hatchback_Car_AI_C_7;211;39284.027344;-76829.992188;-54425.003906;783;641;576.706665;-0.128552;-0.991703;-0.000158;39282.25;-76843.890625;-54346.007812;204.0;92.0;76.0;39347.285156;-77058.039062;-54270.066406;39347.246094;-77058.007812;-54422.066406;39164.808594;-77034.382812;-54270.011719;39164.769531;-77034.351562;-54422.011719;39399.730469;-76653.429688;-54270.003906;39399.691406;-76653.398438;-54422.003906;39217.253906;-76629.773438;-54269.949219;39217.214844;-76629.742188;-54421.949219;783;631;770;624;770;644;780;619;780;638;787;624;787;644;796;619;796;638
J0:19:20:52:145;Hatchback_Car_AI_C_0;211;29616.402344;-76785.570312;-53168.324219;-1;-1;683.083984;0.963729;0.011444;-0.266637;29650.960938;-76785.46875;-53095.917969;204.0;92.0;76.0;29866.832031;-76691.203125;-53076.714844;29826.300781;-76691.078125;-53223.207031;29868.824219;-76875.1875;-53077.417969;29828.292969;-76875.0625;-53223.910156;29473.628906;-76695.875;-52967.925781;29433.097656;-76695.75;-53114.417969;29475.621094;-76879.859375;-52968.628906;29435.089844;-76879.734375;-53115.121094;-1;-1;-1;-1;-1;-1;-1;-1;-1;-1;-1;-1;-1;-1;-1;-1;-1;-1
