Time;ID;Cat;XPos;YPos;ZPos;2D_XPos;2D_YPos;Vel;XDir;YDir;ZDir;BBox_XPos;BBox_YPos;BBox_ZPos;BBox_Ext_X;BBox_Ext_Y;BBox_Ext_Z;Corner_XYZ_X;Corner_XYZ_Y;Corner_XYZ_Z;Corner_XY-Z_X;Corner_XY-Z_Y;Corner_XY-Z_Z;Corner_X-YZ_X;Corner_X-YZ_Y;Corner_X-YZ_Z;Corner_X-Y-Z_X;Corner_X-Y-Z_Y;Corner_X-Y-Z_Z;Corner_-XYZ_X;Corner_-XYZ_Y;Corner_-XYZ_Z;Corner_-XY-Z_X;Corner_-XY-Z_Y;Corner_-XY-Z_Z;Corner_-X-YZ_X;Corner_-X-YZ_Y;Corner_-X-YZ_Z;Corner_-X-Y-Z_X;Corner_-X-Y-Z_Y;Corner_-X-Y-Z_Z;BBox_2D_XPos;BBox_2D_YPos;Corner_2D_XYZ_X;Corner_2D_XYZ_Y;Corner_2D_XY-Z_X;Corner_2D_XY-Z_Y;Corner_2D_X-YZ_X;Corner_2D_X-YZ_Y;Corner_2D_X-Y-Z_X;Corner_2D_X-Y-Z_Y;Corner_2D_-XYZ_X;Corner_2D_-XYZ_Y;Corner_-2D_XY-Z_X;Corner_2D_-XY-Z_Y;Corner_2D_-X-YZ_X;Corner_2D_-X-YZ_Y;Corner_2D_-X-Y-Z_X;Corner_2D_-X-Y-Z_Y;
J0:19:20:54:944;Hatchback_Car_AI_C_3;211;39272.253906;-78249.3125;-54424.792969;745;664;758.467224;-0.029261;-0.999569;0.002393;39271.839844;-78263.117188;-54345.757812;204.0;92.0;76.0;39357.828125;-78469.546875;-54269.261719;39357.835938;-78469.90625;-54421.261719;39173.90625;-78464.15625;-54269.277344;39173.914062;-78464.515625;-54421.277344;39369.765625;-78061.71875;-54270.238281;39369.773438;-78062.078125;-54422.238281;39185.84375;-78056.328125;-54270.253906;39185.851562;-78056.6875;-54422.253906;744;652;723;644;723;669;738;637;738;660;751;644;751;669;764;637;764;660
J0:19:20:54:944;Hatchback_Car_AI_C_7;211;39266.019531;-76958.84375;-54424.980469;783;643;547.362671;-0.13315;-0.991095;-0.000992;39264.183594;-76972.804688;-54345.996094;204.0;92.0;76.0;39328.226562;-77187.3125;-54270.242188;39328.171875;-77187.15625;-54422.242188;39145.867188;-77162.8125;-54270.15625;39145.8125;-77162.65625;-54422.15625;39382.554688;-76782.953125;-54269.835938;39382.5;-76782.796875;-54421.835938;39200.195312;-76758.453125;-54269.75;39200.140625;-76758.296875;-54421.75;783;633;769;626;769;646;780;621;780;640;786;626;786;646;796;621;796;640
J0:19:20:54:944;Hatchback_Car_AI_C_0;211;29770.78125;-76783.289062;-53210.433594;-1;-1;691.478027;0.96375;0.016144;-0.266317;29805.314453;-76782.984375;-53138.015625;204.0;92.0;76.0;30020.705078;-76687.625;-53118.785156;29980.220703;-76687.78125;-53265.292969;30023.619141;-76871.59375;-53119.394531;29983.134766;-76871.75;-53265.902344;29627.494141;-76694.21875;-53010.128906;29587.009766;-76694.375;-53156.636719;29630.408203;-76878.1875;-53010.738281;29589.923828;-76878.34375;-53157.246094;-1;-1;-1;-1;-1;-1;-1;-1;-1;-1;-1;-1;-1;-1;-1;-1;-1;-1
