Time;ID;Cat;XPos;YPos;ZPos;2D_XPos;2D_YPos;Vel;XDir;YDir;ZDir;BBox_XPos;BBox_YPos;BBox_ZPos;BBox_Ext_X;BBox_Ext_Y;BBox_Ext_Z;Corner_XYZ_X;Corner_XYZ_Y;Corner_XYZ_Z;Corner_XY-Z_X;Corner_XY-Z_Y;Corner_XY-Z_Z;Corner_X-YZ_X;Corner_X-YZ_Y;Corner_X-YZ_Z;Corner_X-Y-Z_X;Corner_X-Y-Z_Y;Corner_X-Y-Z_Z;Corner_-XYZ_X;Corner_-XYZ_Y;Corner_-XYZ_Z;Corner_-XY-Z_X;Corner_-XY-Z_Y;Corner_-XY-Z_Z;Corner_-X-YZ_X;Corner_-X-YZ_Y;Corner_-X-YZ_Z;Corner_-X-Y-Z_X;Corner_-X-Y-Z_Y;Corner_-X-Y-Z_Z;BBox_2D_XPos;BBox_2D_YPos;Corner_2D_XYZ_X;Corner_2D_XYZ_Y;Corner_2D_XY-Z_X;Corner_2D_XY-Z_Y;Corner_2D_X-YZ_X;Corner_2D_X-YZ_Y;Corner_2D_X-Y-Z_X;Corner_2D_X-Y-Z_Y;Corner_2D_-XYZ_X;Corner_2D_-XYZ_Y;Corner_-2D_XY-Z_X;Corner_2D_-XY-Z_Y;Corner_2D_-X-YZ_X;Corner_2D_-X-YZ_Y;Corner_2D_-X-Y-Z_X;Corner_2D_-X-Y-Z_Y;
J0:19:20:58:148;Hatchback_Car_AI_C_3;211;39266.585938;-78456.8125;-54424.769531;738;669;809.446228;-0.027275;-0.999624;0.002738;39266.203125;-78470.59375;-54345.730469;204.0;92.0;76.0;39352.605469;-78676.8125;-54269.164062;39352.605469;-78677.234375;-54421.164062;39168.675781;-78671.796875;-54269.179688;39168.675781;-78672.21875;-54421.179688;39363.730469;-78268.96875;-54270.28125;39363.730469;-78269.390625;-54422.28125;39179.800781;-78263.953125;-54270.296875;39179.800781;-78264.375;-54422.296875;738;656;715;648;715;673;732;640;732;664;744;648;744;673;759;640;759;664
J0:19:20:58:148;Hatchback_Car_AI_C_7;211;39244.871094;-77102.507812;-54424.980469;782;645;531.700806;-0.140816;-0.990035;-0.001004;39242.925781;-77116.453125;-54345.996094;204.0;92.0;76.0;39305.304688;-77331.453125;-54270.242188;39305.257812;-77331.296875;-54422.242188;39123.140625;-77305.546875;-54270.15625;39123.09375;-77305.390625;-54422.15625;39362.757812;-76927.515625;-54269.835938;39362.710938;-76927.359375;-54421.835938;39180.59375;-76901.609375;-54269.75;39180.546875;-76901.453125;-54421.75;782;635;768;627;768;648;779;622;779;642;785;627;785;648;795;622;795;642
J0:19:20:58:148;Hatchback_Car_AI_C_0;211;29949.130859;-76779.296875;-53259.140625;-1;-1;689.49707;0.963573;0.022496;-0.266499;29983.673828;-76778.757812;-53186.730469;204.0;92.0;76.0;30198.431641;-76681.984375;-53167.546875;30157.923828;-76682.40625;-53314.046875;30202.560547;-76865.9375;-53168.148438;30162.052734;-76866.359375;-53314.648438;29805.294922;-76691.15625;-53058.8125;29764.787109;-76691.578125;-53205.3125;29809.423828;-76875.109375;-53059.414062;29768.916016;-76875.53125;-53205.914062;-1;-1;1913;483;1913;488;-1;-1;-1;-1;-1;-1;-1;-1;-1;-1;-1;-1
