Time;ID;Cat;XPos;YPos;ZPos;2D_XPos;2D_YPos;Vel;XDir;YDir;ZDir;BBox_XPos;BBox_YPos;BBox_ZPos;BBox_Ext_X;BBox_Ext_Y;BBox_Ext_Z;Corner_XYZ_X;Corner_XYZ_Y;Corner_XYZ_Z;Corner_XY-Z_X;Corner_XY-Z_Y;Corner_XY-Z_Z;Corner_X-YZ_X;Corner_X-YZ_Y;Corner_X-YZ_Z;Corner_X-Y-Z_X;Corner_X-Y-Z_Y;Corner_X-Y-Z_Z;Corner_-XYZ_X;Corner_-XYZ_Y;Corner_-XYZ_Z;Corner_-XY-Z_X;Corner_-XY-Z_Y;Corner_-XY-Z_Z;Corner_-X-YZ_X;Corner_-X-YZ_Y;Corner_-X-YZ_Z;Corner_-X-Y-Z_X;Corner_-X-Y-Z_Y;Corner_-X-Y-Z_Z;BBox_2D_XPos;BBox_2D_YPos;Corner_2D_XYZ_X;Corner_2D_XYZ_Y;Corner_2D_XY-Z_X;Corner_2D_XY-Z_Y;Corner_2D_X-YZ_X;Corner_2D_X-YZ_Y;Corner_2D_X-Y-Z_X;Corner_2D_X-Y-Z_Y;Corner_2D_-XYZ_X;Corner_2D_-XYZ_Y;Corner_-2D_XY-Z_X;Corner_2D_-XY-Z_Y;Corner_2D_-X-YZ_X;Corner_2D_-X-YZ_Y;Corner_2D_-X-Y-Z_X;Corner_2D_-X-Y-Z_Y;
J0:19:20:47:341;Hatchback_Car_AI_C_3;211;39285.683594;-77803.265625;-54424.796875;757;656;647.626587;-0.034961;-0.999388;0.001212;39285.191406;-77817.164062;-54345.78125;204.0;92.0;76.0;39370.003906;-78024.164062;-54269.53125;39370.003906;-78024.351562;-54421.53125;39186.113281;-78017.726562;-54269.539062;39186.113281;-78017.914062;-54421.539062;39384.269531;-77616.414062;-54270.023438;39384.269531;-77616.601562;-54422.023438;39200.378906;-77609.976562;-54270.03125;39200.378906;-77610.164062;-54422.03125;757;645;738;637;738;660;751;631;751;652;763;637;763;660;775;631;775;652
J0:19:20:47:341;Hatchback_Car_AI_C_7;211;39313.796875;-76600.851562;-54425.0;785;638;599.606689;-0.116803;-0.993155;-0.000144;39312.191406;-76614.773438;-54346.003906;204.0;92.0;76.0;39379.761719;-76828.132812;-54270.070312;39379.707031;-76828.101562;-54422.070312;39197.019531;-76806.648438;-54270.0;39196.964844;-76806.617188;-54422.0;39427.417969;-76422.929688;-54270.007812;39427.363281;-76422.898438;-54422.007812;39244.675781;-76401.445312;-54269.9375;39244.621094;-76401.414062;-54421.9375;785;629;771;621;771;641;781;617;781;635;788;621;788;641;798;617;798;635
J0:19:20:47:341;Hatchback_Car_AI_C_0;211;29344.714844;-76787.4375;-53094.308594;-1;-1;722.511841;0.96485;0.001552;-0.262798;29378.984375;-76787.734375;-53021.765625;204.0;92.0;76.0;29595.746094;-76695.71875;-53001.652344;29555.800781;-76695.109375;-53148.308594;29595.828125;-76879.71875;-53002.441406;29555.882812;-76879.109375;-53149.097656;29202.085938;-76696.359375;-52894.433594;29162.140625;-76695.75;-53041.089844;29202.167969;-76880.359375;-52895.222656;29162.222656;-76879.75;-53041.878906;-1;-1;-1;-1;-1;-1;-1;-1;-1;-1;-1;-1;-1;-1;-1;-1;-1;-1
