Time;ID;Cat;XPos;YPos;ZPos;2D_XPos;2D_YPos;Vel;XDir;YDir;ZDir;BBox_XPos;BBox_YPos;BBox_ZPos;BBox_Ext_X;BBox_Ext_Y;BBox_Ext_Z;Corner_XYZ_X;Corner_XYZ_Y;Corner_XYZ_Z;Corner_XY-Z_X;Corner_XY-Z_Y;Corner_XY-Z_Z;Corner_X-YZ_X;Corner_X-YZ_Y;Corner_X-YZ_Z;Corner_X-Y-Z_X;Corner_X-Y-Z_Y;Corner_X-Y-Z_Z;Corner_-XYZ_X;Corner_-XYZ_Y;Corner_-XYZ_Z;Corner_-XY-Z_X;Corner_-XY-Z_Y;Corner_-XY-Z_Z;Corner_-X-YZ_X;Corner_-X-YZ_Y;Corner_-X-YZ_Z;Corner_-X-Y-Z_X;Corner_-X-Y-Z_Y;Corner_-X-Y-Z_Z;BBox_2D_XPos;BBox_2D_YPos;Corner_2D_XYZ_X;Corner_2D_XYZ_Y;Corner_2D_XY-Z_X;Corner_2D_XY-Z_Y;Corner_2D_X-YZ_X;Corner_2D_X-YZ_Y;Corner_2D_X-Y-Z_X;Corner_2D_X-Y-Z_Y;Corner_2D_-XYZ_X;Corner_2D_-XYZ_Y;Corner_-2D_XY-Z_X;Corner_2D_-XY-Z_Y;Corner_2D_-X-YZ_X;Corner_2D_-X-YZ_Y;Corner_2D_-X-Y-Z_X;Corner_2D_-X-Y-Z_Y;
J0:19:19:20:945;Hatchback_Car_AI_C_3;211;39415.875;-75085.125;-54433.835938;803;623;484.405487;-0.019282;-0.999282;0.032614;39415.664062;-75096.539062;-54354.421875;204.0;92.0;76.0;39503.773438;-75299.6875;-54271.820312;39503.65625;-75304.640625;-54423.742188;39319.804688;-75296.140625;-54271.796875;39319.6875;-75301.09375;-54423.71875;39511.640625;-74891.984375;-54285.125;39511.523438;-74896.9375;-54437.046875;39327.671875;-74888.4375;-54285.101562;39327.554688;-74893.390625;-54437.023438;803;615;790;608;790;625;797;605;797;622;808;608;808;625;815;605;815;622
J0:19:19:20:945;Hatchback_Car_AI_C_7;211;39198.585938;-71882.53125;-54340.414062;859;595;649.101318;0.104736;-0.980377;-0.167004;39201.179688;-71909.40625;-54264.863281;204.0;92.0;76.0;39315.117188;-72112.335938;-54223.683594;39312.945312;-72087.039062;-54373.550781;39132.148438;-72131.773438;-54224.316406;39129.976562;-72106.476562;-54374.183594;39272.382812;-71712.335938;-54155.542969;39270.210938;-71687.039062;-54305.410156;39089.414062;-71731.773438;-54156.175781;39087.242188;-71706.476562;-54306.042969;859;589;848;586;848;593;852;585;852;591;866;586;866;593;869;585;869;591
