Time;ID;Cat;XPos;YPos;ZPos;2D_XPos;2D_YPos;Vel;XDir;YDir;ZDir;BBox_XPos;BBox_YPos;BBox_ZPos;BBox_Ext_X;BBox_Ext_Y;BBox_Ext_Z;Corner_XYZ_X;Corner_XYZ_Y;Corner_XYZ_Z;Corner_XY-Z_X;Corner_XY-Z_Y;Corner_XY-Z_Z;Corner_X-YZ_X;Corner_X-YZ_Y;Corner_X-YZ_Z;Corner_X-Y-Z_X;Corner_X-Y-Z_Y;Corner_X-Y-Z_Z;Corner_-XYZ_X;Corner_-XYZ_Y;Corner_-XYZ_Z;Corner_-XY-Z_X;Corner_-XY-Z_Y;Corner_-XY-Z_Z;Corner_-X-YZ_X;Corner_-X-YZ_Y;Corner_-X-YZ_Z;Corner_-X-Y-Z_X;Corner_-X-Y-Z_Y;Corner_-X-Y-Z_Z;BBox_2D_XPos;BBox_2D_YPos;Corner_2D_XYZ_X;Corner_2D_XYZ_Y;Corner_2D_XY-Z_X;Corner_2D_XY-Z_Y;Corner_2D_X-YZ_X;Corner_2D_X-YZ_Y;Corner_2D_X-Y-Z_X;Corner_2D_X-Y-Z_Y;Corner_2D_-XYZ_X;Corner_2D_-XYZ_Y;Corner_-2D_XY-Z_X;Corner_2D_-XY-Z_Y;Corner_2D_-X-YZ_X;Corner_2D_-X-YZ_Y;Corner_2D_-X-Y-Z_X;Corner_2D_-X-Y-Z_Y;
J0:19:21:05:344;Hatchback_Car_AI_C_3;211;39255.980469;-78907.578125;-54425.226562;722;679;655.555969;-0.020249;-0.999788;-0.003628;39255.675781;-78921.859375;-54346.277344;204.0;92.0;76.0;39343.507812;-79127.945312;-54271.0;39343.546875;-79127.398438;-54423.0;39159.546875;-79124.226562;-54271.03125;39159.585938;-79123.679688;-54423.03125;39351.765625;-78720.039062;-54269.523438;39351.804688;-78719.492188;-54421.523438;39167.804688;-78716.320312;-54269.554688;39167.84375;-78715.773438;-54421.554688;722;666;696;657;696;685;715;649;715;674;728;657;728;685;745;649;745;674
J0:19:21:05:344;Hatchback_Car_AI_C_7;211;39155.15625;-77396.367188;-54425.519531;787;649;502.276123;-0.399057;-0.916926;0.000671;39150.363281;-77409.492188;-54346.515625;204.0;92.0;76.0;39154.074219;-77633.53125;-54271.363281;39152.542969;-77632.984375;-54423.355469;38985.371094;-77560.109375;-54269.402344;38983.839844;-77559.5625;-54421.394531;39316.886719;-77259.421875;-54271.636719;39315.355469;-77258.875;-54423.628906;39148.183594;-77186.0;-54269.675781;39146.652344;-77185.453125;-54421.667969;787;639;781;631;781;653;792;626;792;646;782;631;782;653;793;626;793;646
J0:19:21:05:344;Hatchback_Car_AI_C_1;211;49345.484375;-78819.726562;-54425.882812;-1;-1;655.471497;-0.996308;-0.085847;0.000149;49331.550781;-78820.9375;-54346.878906;204.0;92.0;76.0;49136.214844;-78930.132812;-54270.863281;49136.191406;-78930.101562;-54422.863281;49120.417969;-78746.804688;-54270.832031;49120.394531;-78746.773438;-54422.832031;49542.707031;-78895.101562;-54270.925781;49542.683594;-78895.070312;-54422.925781;49526.910156;-78711.773438;-54270.894531;49526.886719;-78711.742188;-54422.894531;-1;-1;-1;-1;-1;-1;-1;-1;-1;-1;-1;-1;-1;-1;-1;-1;-1;-1
