Time;ID;Cat;XPos;YPos;ZPos;2D_XPos;2D_YPos;Vel;XDir;YDir;ZDir;BBox_XPos;BBox_YPos;BBox_ZPos;BBox_Ext_X;BBox_Ext_Y;BBox_Ext_Z;Corner_XYZ_X;Corner_XYZ_Y;Corner_XYZ_Z;Corner_XY-Z_X;Corner_XY-Z_Y;Corner_XY-Z_Z;Corner_X-YZ_X;Corner_X-YZ_Y;Corner_X-YZ_Z;Corner_X-Y-Z_X;Corner_X-Y-Z_Y;Corner_X-Y-Z_Z;Corner_-XYZ_X;Corner_-XYZ_Y;Corner_-XYZ_Z;Corner_-XY-Z_X;Corner_-XY-Z_Y;Corner_-XY-Z_Z;Corner_-X-YZ_X;Corner_-X-YZ_Y;Corner_-X-YZ_Z;Corner_-X-Y-Z_X;Corner_-X-Y-Z_Y;Corner_-X-Y-Z_Z;BBox_2D_XPos;BBox_2D_YPos;Corner_2D_XYZ_X;Corner_2D_XYZ_Y;Corner_2D_XY-Z_X;Corner_2D_XY-Z_Y;Corner_2D_X-YZ_X;Corner_2D_X-YZ_Y;Corner_2D_X-Y-Z_X;Corner_2D_X-Y-Z_Y;Corner_2D_-XYZ_X;Corner_2D_-XYZ_Y;Corner_-2D_XY-Z_X;Corner_2D_-XY-Z_Y;Corner_2D_-X-YZ_X;Corner_2D_-X-YZ_Y;Corner_2D_-X-Y-Z_X;Corner_2D_-X-Y-Z_Y;
J0:19:21:07:743;Hatchback_Car_AI_C_3;211;39253.46875;-79045.875;-54424.933594;716;683;700.02478;-0.018117;-0.999836;0.000002;39253.199219;-79059.875;-54345.933594;204.0;92.0;76.0;39341.476562;-79265.507812;-54269.917969;39341.5;-79265.507812;-54421.917969;39157.507812;-79262.179688;-54269.949219;39157.53125;-79262.179688;-54421.949219;39348.867188;-78857.570312;-54269.917969;39348.890625;-78857.570312;-54421.917969;39164.898438;-78854.242188;-54269.949219;39164.921875;-78854.242188;-54421.949219;716;669;690;660;690;688;710;651;710;677;723;660;723;688;740;651;740;677
J0:19:21:07:743;Hatchback_Car_AI_C_7;211;39086.941406;-77475.070312;-54424.914062;794;651;524.38739;-0.582771;-0.812636;-0.000028;39079.457031;-77486.9375;-54345.917969;204.0;92.0;76.0;39035.976562;-77706.796875;-54270.894531;39034.679688;-77705.859375;-54422.886719;38886.460938;-77599.578125;-54268.957031;38885.164062;-77598.640625;-54420.949219;39273.75;-77375.234375;-54270.886719;39272.453125;-77374.296875;-54422.878906;39124.234375;-77268.015625;-54268.949219;39122.9375;-77267.078125;-54420.941406;795;640;796;632;796;654;806;627;806;647;784;632;784;654;794;627;794;647
J0:19:21:07:743;Hatchback_Car_AI_C_1;211;49210.800781;-78830.742188;-54425.839844;-1;-1;675.783081;-0.996462;-0.084046;0.000643;49196.902344;-78831.929688;-54346.832031;204.0;92.0;76.0;49001.40625;-78940.757812;-54270.714844;49001.304688;-78940.742188;-54422.714844;48985.945312;-78757.414062;-54270.683594;48985.84375;-78757.398438;-54422.683594;49407.960938;-78906.460938;-54270.980469;49407.859375;-78906.445312;-54422.980469;49392.5;-78723.117188;-54270.949219;49392.398438;-78723.101562;-54422.949219;-1;-1;-1;-1;-1;-1;-1;-1;-1;-1;-1;-1;-1;-1;-1;-1;-1;-1
