Time;ID;Cat;XPos;YPos;ZPos;2D_XPos;2D_YPos;Vel;XDir;YDir;ZDir;BBox_XPos;BBox_YPos;BBox_ZPos;BBox_Ext_X;BBox_Ext_Y;BBox_Ext_Z;Corner_XYZ_X;Corner_XYZ_Y;Corner_XYZ_Z;Corner_XY-Z_X;Corner_XY-Z_Y;Corner_XY-Z_Z;Corner_X-YZ_X;Corner_X-YZ_Y;Corner_X-YZ_Z;Corner_X-Y-Z_X;Corner_X-Y-Z_Y;Corner_X-Y-Z_Z;Corner_-XYZ_X;Corner_-XYZ_Y;Corner_-XYZ_Z;Corner_-XY-Z_X;Corner_-XY-Z_Y;Corner_-XY-Z_Z;Corner_-X-YZ_X;Corner_-X-YZ_Y;Corner_-X-YZ_Z;Corner_-X-Y-Z_X;Corner_-X-Y-Z_Y;Corner_-X-Y-Z_Z;BBox_2D_XPos;BBox_2D_YPos;Corner_2D_XYZ_X;Corner_2D_XYZ_Y;Corner_2D_XY-Z_X;Corner_2D_XY-Z_Y;Corner_2D_X-YZ_X;Corner_2D_X-YZ_Y;Corner_2D_X-Y-Z_X;Corner_2D_X-Y-Z_Y;Corner_2D_-XYZ_X;Corner_2D_-XYZ_Y;Corner_-2D_XY-Z_X;Corner_2D_-XY-Z_Y;Corner_2D_-X-YZ_X;Corner_2D_-X-YZ_Y;Corner_2D_-X-Y-Z_X;Corner_2D_-X-Y-Z_Y;
J0:19:20:49:740;Hatchback_Car_AI_C_3;211;39281.453125;-77937.5;-54424.777344;754;658;674.68988;-0.033535;-0.999437;0.001267;39280.984375;-77951.390625;-54345.757812;204.0;92.0;76.0;39366.09375;-78158.265625;-54269.496094;39366.09375;-78158.453125;-54421.496094;39182.195312;-78152.09375;-54269.503906;39182.195312;-78152.28125;-54421.503906;39379.773438;-77750.5;-54270.011719;39379.773438;-77750.6875;-54422.011719;39195.875;-77744.328125;-54270.019531;39195.875;-77744.515625;-54422.019531;753;647;734;639;734;662;748;633;748;655;760;639;760;662;772;633;772;655
J0:19:20:49:740;Hatchback_Car_AI_C_7;211;39299.136719;-76716.53125;-54425.007812;784;640;585.477234;-0.122946;-0.992413;-0.000271;39297.441406;-76730.453125;-54346.011719;204.0;92.0;76.0;39363.683594;-76944.242188;-54270.097656;39363.636719;-76944.195312;-54422.097656;39181.082031;-76921.617188;-54270.035156;39181.035156;-76921.570312;-54422.035156;39413.847656;-76539.335938;-54269.988281;39413.800781;-76539.289062;-54421.988281;39231.246094;-76516.710938;-54269.925781;39231.199219;-76516.664062;-54421.925781;784;630;771;623;771;642;781;618;781;637;788;623;788;642;797;618;797;637
J0:19:20:49:740;Hatchback_Car_AI_C_0;211;29480.177734;-76786.695312;-53131.140625;-1;-1;700.934753;0.964207;0.005343;-0.265097;29514.621094;-76786.796875;-53058.679688;204.0;92.0;76.0;29731.046875;-76693.875;-53039.148438;29690.75;-76693.53125;-53185.710938;29731.886719;-76877.875;-53039.804688;29691.589844;-76877.53125;-53186.367188;29337.652344;-76696.0625;-52930.992188;29297.355469;-76695.71875;-53077.554688;29338.492188;-76880.0625;-52931.648438;29298.195312;-76879.71875;-53078.210938;-1;-1;-1;-1;-1;-1;-1;-1;-1;-1;-1;-1;-1;-1;-1;-1;-1;-1
