Time;ID;Cat;XPos;YPos;ZPos;2D_XPos;2D_YPos;Vel;XDir;YDir;ZDir;BBox_XPos;BBox_YPos;BBox_ZPos;BBox_Ext_X;BBox_Ext_Y;BBox_Ext_Z;Corner_XYZ_X;Corner_XYZ_Y;Corner_XYZ_Z;Corner_XY-Z_X;Corner_XY-Z_Y;Corner_XY-Z_Z;Corner_X-YZ_X;Corner_X-YZ_Y;Corner_X-YZ_Z;Corner_X-Y-Z_X;Corner_X-Y-Z_Y;Corner_X-Y-Z_Z;Corner_-XYZ_X;Corner_-XYZ_Y;Corner_-XYZ_Z;Corner_-XY-Z_X;Corner_-XY-Z_Y;Corner_-XY-Z_Z;Corner_-X-YZ_X;Corner_-X-YZ_Y;Corner_-X-YZ_Z;Corner_-X-Y-Z_X;Corner_-X-Y-Z_Y;Corner_-X-Y-Z_Z;BBox_2D_XPos;BBox_2D_YPos;Corner_2D_XYZ_X;Corner_2D_XYZ_Y;Corner_2D_XY-Z_X;Corner_2D_XY-Z_Y;Corner_2D_X-YZ_X;Corner_2D_X-YZ_Y;Corner_2D_X-Y-Z_X;Corner_2D_X-Y-Z_Y;Corner_2D_-XYZ_X;Corner_2D_-XYZ_Y;Corner_-2D_XY-Z_X;Corner_2D_-XY-Z_Y;Corner_2D_-X-YZ_X;Corner_2D_-X-YZ_Y;Corner_2D_-X-Y-Z_X;Corner_2D_-X-Y-Z_Y;
J0:19:20:47:741;Hatchback_Car_AI_C_3;211;39284.972656;-77825.585938;-54424.820312;757;656;668.670715;-0.033383;-0.999441;0.002111;39284.503906;-77839.414062;-54345.789062;204.0;92.0;76.0;39369.644531;-78046.203125;-54269.351562;39369.644531;-78046.53125;-54421.351562;39185.746094;-78040.0625;-54269.367188;39185.746094;-78040.390625;-54421.367188;39383.261719;-77638.4375;-54270.210938;39383.261719;-77638.765625;-54422.210938;39199.363281;-77632.296875;-54270.226562;39199.363281;-77632.625;-54422.226562;756;645;737;637;737;660;751;631;751;653;763;637;763;660;775;631;775;653
J0:19:20:47:741;Hatchback_Car_AI_C_7;211;39311.429688;-76619.953125;-54424.96875;785;638;578.67395;-0.115808;-0.993271;-0.001147;39309.828125;-76633.953125;-54345.984375;204.0;92.0;76.0;39377.605469;-76847.328125;-54270.253906;39377.566406;-76847.140625;-54422.253906;39194.839844;-76826.015625;-54270.183594;39194.800781;-76825.828125;-54422.183594;39424.855469;-76442.078125;-54269.785156;39424.816406;-76441.890625;-54421.785156;39242.089844;-76420.765625;-54269.714844;39242.050781;-76420.578125;-54421.714844;785;629;771;622;771;641;781;617;781;636;788;622;788;641;798;617;798;636
J0:19:20:47:741;Hatchback_Car_AI_C_0;211;29367.681641;-76787.359375;-53100.484375;-1;-1;714.372131;0.96467;0.000545;-0.263462;29402.0;-76787.648438;-53027.964844;204.0;92.0;76.0;29618.857422;-76695.820312;-53008.054688;29578.810547;-76695.257812;-53154.679688;29618.775391;-76879.820312;-53008.742188;29578.728516;-76879.257812;-53155.367188;29225.271484;-76696.039062;-52900.5625;29185.224609;-76695.476562;-53047.1875;29225.189453;-76880.039062;-52901.25;29185.142578;-76879.476562;-53047.875;-1;-1;-1;-1;-1;-1;-1;-1;-1;-1;-1;-1;-1;-1;-1;-1;-1;-1
