Time;ID;Cat;XPos;YPos;ZPos;2D_XPos;2D_YPos;Vel;XDir;YDir;ZDir;BBox_XPos;BBox_YPos;BBox_ZPos;BBox_Ext_X;BBox_Ext_Y;BBox_Ext_Z;Corner_XYZ_X;Corner_XYZ_Y;Corner_XYZ_Z;Corner_XY-Z_X;Corner_XY-Z_Y;Corner_XY-Z_Z;Corner_X-YZ_X;Corner_X-YZ_Y;Corner_X-YZ_Z;Corner_X-Y-Z_X;Corner_X-Y-Z_Y;Corner_X-Y-Z_Z;Corner_-XYZ_X;Corner_-XYZ_Y;Corner_-XYZ_Z;Corner_-XY-Z_X;Corner_-XY-Z_Y;Corner_-XY-Z_Z;Corner_-X-YZ_X;Corner_-X-YZ_Y;Corner_-X-YZ_Z;Corner_-X-Y-Z_X;Corner_-X-Y-Z_Y;Corner_-X-Y-Z_Z;BBox_2D_XPos;BBox_2D_YPos;Corner_2D_XYZ_X;Corner_2D_XYZ_Y;Corner_2D_XY-Z_X;Corner_2D_XY-Z_Y;Corner_2D_X-YZ_X;Corner_2D_X-YZ_Y;Corner_2D_X-Y-Z_X;Corner_2D_X-Y-Z_Y;Corner_2D_-XYZ_X;Corner_2D_-XYZ_Y;Corner_-2D_XY-Z_X;Corner_2D_-XY-Z_Y;Corner_2D_-X-YZ_X;Corner_2D_-X-YZ_Y;Corner_2D_-X-Y-Z_X;Corner_2D_-X-Y-Z_Y;
J0:19:20:49:340;Hatchback_Car_AI_C_3;211;39282.160156;-77915.0625;-54424.816406;754;658;687.606995;-0.032525;-0.999469;0.00221;39281.703125;-77928.882812;-54345.785156;204.0;92.0;76.0;39367.019531;-78135.59375;-54269.328125;39367.019531;-78135.9375;-54421.328125;39183.113281;-78129.609375;-54269.34375;39183.113281;-78129.953125;-54421.34375;39380.292969;-77727.8125;-54270.226562;39380.292969;-77728.15625;-54422.226562;39196.386719;-77721.828125;-54270.242188;39196.386719;-77722.171875;-54422.242188;754;647;734;638;734;662;748;632;748;654;760;638;760;662;773;632;773;654
J0:19:20:49:340;Hatchback_Car_AI_C_7;211;39301.640625;-76697.132812;-54424.972656;784;639;570.666077;-0.119776;-0.9928;-0.00116;39299.984375;-76711.125;-54345.988281;204.0;92.0;76.0;39366.90625;-76924.765625;-54270.261719;39366.867188;-76924.578125;-54422.261719;39184.234375;-76902.734375;-54270.191406;39184.195312;-76902.546875;-54422.191406;39415.773438;-76519.703125;-54269.785156;39415.734375;-76519.515625;-54421.785156;39233.101562;-76497.671875;-54269.714844;39233.0625;-76497.484375;-54421.714844;784;630;771;623;771;642;781;618;781;636;788;623;788;642;797;618;797;636
J0:19:20:49:340;Hatchback_Car_AI_C_0;211;29457.658203;-76786.859375;-53125.046875;-1;-1;710.847473;0.964417;0.002972;-0.264369;29492.044922;-76787.023438;-53052.558594;204.0;92.0;76.0;29708.675781;-76694.609375;-53032.890625;29668.492188;-76694.21875;-53179.484375;29709.078125;-76878.609375;-53033.492188;29668.894531;-76878.21875;-53180.085938;29315.195312;-76695.828125;-52925.03125;29275.011719;-76695.4375;-53071.625;29315.597656;-76879.828125;-52925.632812;29275.414062;-76879.4375;-53072.226562;-1;-1;-1;-1;-1;-1;-1;-1;-1;-1;-1;-1;-1;-1;-1;-1;-1;-1
