Time;ID;Cat;XPos;YPos;ZPos;2D_XPos;2D_YPos;Vel;XDir;YDir;ZDir;BBox_XPos;BBox_YPos;BBox_ZPos;BBox_Ext_X;BBox_Ext_Y;BBox_Ext_Z;Corner_XYZ_X;Corner_XYZ_Y;Corner_XYZ_Z;Corner_XY-Z_X;Corner_XY-Z_Y;Corner_XY-Z_Z;Corner_X-YZ_X;Corner_X-YZ_Y;Corner_X-YZ_Z;Corner_X-Y-Z_X;Corner_X-Y-Z_Y;Corner_X-Y-Z_Z;Corner_-XYZ_X;Corner_-XYZ_Y;Corner_-XYZ_Z;Corner_-XY-Z_X;Corner_-XY-Z_Y;Corner_-XY-Z_Z;Corner_-X-YZ_X;Corner_-X-YZ_Y;Corner_-X-YZ_Z;Corner_-X-Y-Z_X;Corner_-X-Y-Z_Y;Corner_-X-Y-Z_Z;BBox_2D_XPos;BBox_2D_YPos;Corner_2D_XYZ_X;Corner_2D_XYZ_Y;Corner_2D_XY-Z_X;Corner_2D_XY-Z_Y;Corner_2D_X-YZ_X;Corner_2D_X-YZ_Y;Corner_2D_X-Y-Z_X;Corner_2D_X-Y-Z_Y;Corner_2D_-XYZ_X;Corner_2D_-XYZ_Y;Corner_-2D_XY-Z_X;Corner_2D_-XY-Z_Y;Corner_2D_-X-YZ_X;Corner_2D_-X-YZ_Y;Corner_2D_-X-Y-Z_X;Corner_2D_-X-Y-Z_Y;
J0:19:19:50:948;Hatchback_Car_AI_C_3;211;39376.871094;-75827.140625;-54424.566406;794;629;115.536026;-0.077968;-0.996822;-0.016324;39375.730469;-75842.382812;-54345.804688;204.0;92.0;76.0;39451.496094;-76054.148438;-54273.210938;39451.589844;-76051.664062;-54425.1875;39268.058594;-76039.804688;-54273.085938;39268.152344;-76037.320312;-54425.0625;39483.308594;-75647.445312;-54266.546875;39483.402344;-75644.960938;-54418.523438;39299.871094;-75633.101562;-54266.421875;39299.964844;-75630.617188;-54418.398438;793;621;781;614;781;631;789;611;789;627;798;614;798;631;806;611;806;627
J0:19:19:50:948;Hatchback_Car_AI_C_7;211;39372.648438;-73528.578125;-54478.476562;829;615;676.741699;0.087957;-0.996088;-0.008453;39373.910156;-73543.1875;-54399.597656;204.0;92.0;76.0;39483.523438;-73738.9375;-54325.289062;39483.46875;-73737.65625;-54477.28125;39300.234375;-73755.125;-54325.359375;39300.179688;-73753.84375;-54477.351562;39447.640625;-73332.53125;-54321.84375;39447.585938;-73331.25;-54473.835938;39264.351562;-73348.71875;-54321.914062;39264.296875;-73347.4375;-54473.90625;829;608;816;603;816;616;822;601;822;613;836;603;836;616;841;601;841;613
