Time;ID;Cat;XPos;YPos;ZPos;2D_XPos;2D_YPos;Vel;XDir;YDir;ZDir;BBox_XPos;BBox_YPos;BBox_ZPos;BBox_Ext_X;BBox_Ext_Y;BBox_Ext_Z;Corner_XYZ_X;Corner_XYZ_Y;Corner_XYZ_Z;Corner_XY-Z_X;Corner_XY-Z_Y;Corner_XY-Z_Z;Corner_X-YZ_X;Corner_X-YZ_Y;Corner_X-YZ_Z;Corner_X-Y-Z_X;Corner_X-Y-Z_Y;Corner_X-Y-Z_Z;Corner_-XYZ_X;Corner_-XYZ_Y;Corner_-XYZ_Z;Corner_-XY-Z_X;Corner_-XY-Z_Y;Corner_-XY-Z_Z;Corner_-X-YZ_X;Corner_-X-YZ_Y;Corner_-X-YZ_Z;Corner_-X-Y-Z_X;Corner_-X-Y-Z_Y;Corner_-X-Y-Z_Z;BBox_2D_XPos;BBox_2D_YPos;Corner_2D_XYZ_X;Corner_2D_XYZ_Y;Corner_2D_XY-Z_X;Corner_2D_XY-Z_Y;Corner_2D_X-YZ_X;Corner_2D_X-YZ_Y;Corner_2D_X-Y-Z_X;Corner_2D_X-Y-Z_Y;Corner_2D_-XYZ_X;Corner_2D_-XYZ_Y;Corner_-2D_XY-Z_X;Corner_2D_-XY-Z_Y;Corner_2D_-X-YZ_X;Corner_2D_-X-YZ_Y;Corner_2D_-X-Y-Z_X;Corner_2D_-X-Y-Z_Y;
J0:19:21:00:547;Hatchback_Car_AI_C_3;211;39262.441406;-78619.648438;-54424.785156;733;672;803.78302;-0.025197;-0.999682;0.000921;39262.082031;-78633.570312;-54345.773438;204.0;92.0;76.0;39348.90625;-78839.757812;-54269.574219;39348.921875;-78839.898438;-54421.574219;39164.960938;-78835.117188;-54269.597656;39164.976562;-78835.257812;-54421.597656;39359.1875;-78431.882812;-54269.949219;39359.203125;-78432.023438;-54421.949219;39175.242188;-78427.242188;-54269.972656;39175.257812;-78427.382812;-54421.972656;732;660;709;651;709;677;726;643;726;668;739;651;739;677;754;643;754;668
J0:19:21:00:547;Hatchback_Car_AI_C_7;211;39228.078125;-77207.3125;-54424.972656;782;646;514.437439;-0.152128;-0.98836;-0.001233;39226.074219;-77221.265625;-54345.988281;204.0;92.0;76.0;39286.089844;-77437.0;-54270.40625;39285.847656;-77436.765625;-54422.40625;39104.230469;-77409.015625;-54270.070312;39103.988281;-77408.78125;-54422.070312;39348.160156;-77033.75;-54269.90625;39347.917969;-77033.515625;-54421.90625;39166.300781;-77005.765625;-54269.570312;39166.058594;-77005.53125;-54421.570312;782;636;768;629;768;649;779;624;779;643;784;629;784;649;795;624;795;643
J0:19:21:00:547;Hatchback_Car_AI_C_0;211;30077.828125;-76775.664062;-53294.4375;-1;-1;666.782288;0.963218;0.027139;-0.267346;30112.433594;-76774.960938;-53222.054688;204.0;92.0;76.0;30326.742188;-76677.140625;-53203.050781;30286.105469;-76677.765625;-53349.519531;30331.753906;-76861.078125;-53203.667969;30291.117188;-76861.703125;-53350.136719;29933.75;-76688.21875;-53093.972656;29893.113281;-76688.84375;-53240.441406;29938.761719;-76872.15625;-53094.589844;29898.125;-76872.78125;-53241.058594;-1;-1;1897;488;1897;492;-1;-1;-1;-1;-1;-1;-1;-1;-1;-1;-1;-1
