Time;ID;Cat;XPos;YPos;ZPos;2D_XPos;2D_YPos;Vel;XDir;YDir;ZDir;BBox_XPos;BBox_YPos;BBox_ZPos;BBox_Ext_X;BBox_Ext_Y;BBox_Ext_Z;Corner_XYZ_X;Corner_XYZ_Y;Corner_XYZ_Z;Corner_XY-Z_X;Corner_XY-Z_Y;Corner_XY-Z_Z;Corner_X-YZ_X;Corner_X-YZ_Y;Corner_X-YZ_Z;Corner_X-Y-Z_X;Corner_X-Y-Z_Y;Corner_X-Y-Z_Z;Corner_-XYZ_X;Corner_-XYZ_Y;Corner_-XYZ_Z;Corner_-XY-Z_X;Corner_-XY-Z_Y;Corner_-XY-Z_Z;Corner_-X-YZ_X;Corner_-X-YZ_Y;Corner_-X-YZ_Z;Corner_-X-Y-Z_X;Corner_-X-Y-Z_Y;Corner_-X-Y-Z_Z;BBox_2D_XPos;BBox_2D_YPos;Corner_2D_XYZ_X;Corner_2D_XYZ_Y;Corner_2D_XY-Z_X;Corner_2D_XY-Z_Y;Corner_2D_X-YZ_X;Corner_2D_X-YZ_Y;Corner_2D_X-Y-Z_X;Corner_2D_X-Y-Z_Y;Corner_2D_-XYZ_X;Corner_2D_-XYZ_Y;Corner_-2D_XY-Z_X;Corner_2D_-XY-Z_Y;Corner_2D_-X-YZ_X;Corner_2D_-X-YZ_Y;Corner_2D_-X-Y-Z_X;Corner_2D_-X-Y-Z_Y;
J0:19:19:52:547;Hatchback_Car_AI_C_3;211;39375.484375;-75840.828125;-54424.796875;794;629;96.64875;-0.080455;-0.996599;-0.017811;39374.304688;-75856.1875;-54346.058594;204.0;92.0;76.0;39449.542969;-76068.242188;-54273.773438;39449.644531;-76065.539062;-54425.75;39266.136719;-76053.445312;-54273.632812;39266.238281;-76050.742188;-54425.609375;39482.371094;-75661.632812;-54266.507812;39482.472656;-75658.929688;-54418.484375;39298.964844;-75646.835938;-54266.367188;39299.066406;-75644.132812;-54418.34375;793;621;781;614;781;631;789;611;789;627;798;614;798;631;806;611;806;627
J0:19:19:52:547;Hatchback_Car_AI_C_7;211;39379.851562;-73619.632812;-54478.835938;827;616;684.21936;0.084164;-0.996452;-0.000232;39381.042969;-73633.601562;-54399.839844;204.0;92.0;76.0;39489.894531;-73829.148438;-54323.902344;39489.871094;-73829.117188;-54475.902344;39306.550781;-73844.632812;-54323.871094;39306.527344;-73844.601562;-54475.871094;39455.558594;-73422.601562;-54323.808594;39455.535156;-73422.570312;-54475.808594;39272.214844;-73438.085938;-54323.777344;39272.191406;-73438.054688;-54475.777344;827;609;815;603;815;617;820;601;820;614;834;603;834;617;839;601;839;614
