Time;ID;Cat;XPos;YPos;ZPos;2D_XPos;2D_YPos;Vel;XDir;YDir;ZDir;BBox_XPos;BBox_YPos;BBox_ZPos;BBox_Ext_X;BBox_Ext_Y;BBox_Ext_Z;Corner_XYZ_X;Corner_XYZ_Y;Corner_XYZ_Z;Corner_XY-Z_X;Corner_XY-Z_Y;Corner_XY-Z_Z;Corner_X-YZ_X;Corner_X-YZ_Y;Corner_X-YZ_Z;Corner_X-Y-Z_X;Corner_X-Y-Z_Y;Corner_X-Y-Z_Z;Corner_-XYZ_X;Corner_-XYZ_Y;Corner_-XYZ_Z;Corner_-XY-Z_X;Corner_-XY-Z_Y;Corner_-XY-Z_Z;Corner_-X-YZ_X;Corner_-X-YZ_Y;Corner_-X-YZ_Z;Corner_-X-Y-Z_X;Corner_-X-Y-Z_Y;Corner_-X-Y-Z_Z;BBox_2D_XPos;BBox_2D_YPos;Corner_2D_XYZ_X;Corner_2D_XYZ_Y;Corner_2D_XY-Z_X;Corner_2D_XY-Z_Y;Corner_2D_X-YZ_X;Corner_2D_X-YZ_Y;Corner_2D_X-Y-Z_X;Corner_2D_X-Y-Z_Y;Corner_2D_-XYZ_X;Corner_2D_-XYZ_Y;Corner_-2D_XY-Z_X;Corner_2D_-XY-Z_Y;Corner_2D_-X-YZ_X;Corner_2D_-X-YZ_Y;Corner_2D_-X-Y-Z_X;Corner_2D_-X-Y-Z_Y;
J0:19:19:18:947;Hatchback_Car_AI_C_3;211;39417.582031;-75001.976562;-54436.3125;804;623;528.67572;-0.013618;-0.999352;0.033311;39417.460938;-75013.335938;-54356.890625;204.0;92.0;76.0;39506.742188;-75215.929688;-54274.175781;39506.609375;-75220.992188;-54426.089844;39322.757812;-75213.414062;-54274.097656;39322.625;-75218.476562;-54426.011719;39512.296875;-74808.195312;-54287.769531;39512.164062;-74813.257812;-54439.683594;39328.3125;-74805.679688;-54287.691406;39328.179688;-74810.742188;-54439.605469;804;615;791;608;791;625;798;605;798;621;810;608;810;625;816;605;816;621
J0:19:19:18:947;Hatchback_Car_AI_C_7;211;39187.273438;-71775.125;-54322.066406;861;593;678.570435;0.103387;-0.978837;-0.176604;39190.007812;-71802.71875;-54246.78125;204.0;92.0;76.0;39303.832031;-72006.140625;-54207.796875;39301.355469;-71979.40625;-54357.40625;39120.839844;-72025.390625;-54208.210938;39118.363281;-71998.65625;-54357.820312;39261.652344;-71606.78125;-54135.742188;39259.175781;-71580.046875;-54285.351562;39078.660156;-71626.03125;-54136.15625;39076.183594;-71599.296875;-54285.765625;861;587;850;585;850;591;854;583;854;589;868;585;868;591;871;583;871;589
