Time;ID;Cat;XPos;YPos;ZPos;2D_XPos;2D_YPos;Vel;XDir;YDir;ZDir;BBox_XPos;BBox_YPos;BBox_ZPos;BBox_Ext_X;BBox_Ext_Y;BBox_Ext_Z;Corner_XYZ_X;Corner_XYZ_Y;Corner_XYZ_Z;Corner_XY-Z_X;Corner_XY-Z_Y;Corner_XY-Z_Z;Corner_X-YZ_X;Corner_X-YZ_Y;Corner_X-YZ_Z;Corner_X-Y-Z_X;Corner_X-Y-Z_Y;Corner_X-Y-Z_Z;Corner_-XYZ_X;Corner_-XYZ_Y;Corner_-XYZ_Z;Corner_-XY-Z_X;Corner_-XY-Z_Y;Corner_-XY-Z_Z;Corner_-X-YZ_X;Corner_-X-YZ_Y;Corner_-X-YZ_Z;Corner_-X-Y-Z_X;Corner_-X-Y-Z_Y;Corner_-X-Y-Z_Z;BBox_2D_XPos;BBox_2D_YPos;Corner_2D_XYZ_X;Corner_2D_XYZ_Y;Corner_2D_XY-Z_X;Corner_2D_XY-Z_Y;Corner_2D_X-YZ_X;Corner_2D_X-YZ_Y;Corner_2D_X-Y-Z_X;Corner_2D_X-Y-Z_Y;Corner_2D_-XYZ_X;Corner_2D_-XYZ_Y;Corner_-2D_XY-Z_X;Corner_2D_-XY-Z_Y;Corner_2D_-X-YZ_X;Corner_2D_-X-YZ_Y;Corner_2D_-X-Y-Z_X;Corner_2D_-X-Y-Z_Y;
J0:19:20:51:346;Hatchback_Car_AI_C_3;211;39278.628906;-78030.273438;-54424.773438;751;660;694.931458;-0.032559;-0.999469;0.001352;39278.175781;-78044.15625;-54345.753906;204.0;92.0;76.0;39363.488281;-78250.9375;-54269.472656;39363.488281;-78251.140625;-54421.472656;39179.582031;-78244.953125;-54269.480469;39179.582031;-78245.15625;-54421.480469;39376.769531;-77843.15625;-54270.027344;39376.769531;-77843.359375;-54422.027344;39192.863281;-77837.171875;-54270.035156;39192.863281;-77837.375;-54422.035156;751;649;731;640;731;664;745;634;745;656;757;640;757;664;770;634;770;656
J0:19:20:51:346;Hatchback_Car_AI_C_7;211;39289.125;-76792.359375;-54425.007812;784;641;577.5354;-0.126878;-0.991918;-0.000281;39287.371094;-76806.273438;-54346.011719;204.0;92.0;76.0;39352.769531;-77020.320312;-54270.101562;39352.722656;-77020.273438;-54422.101562;39170.253906;-76996.976562;-54270.039062;39170.207031;-76996.929688;-54422.039062;39404.535156;-76615.617188;-54269.984375;39404.488281;-76615.570312;-54421.984375;39222.019531;-76592.273438;-54269.921875;39221.972656;-76592.226562;-54421.921875;784;631;770;624;770;643;780;619;780;638;787;624;787;643;796;619;796;638
J0:19:20:51:346;Hatchback_Car_AI_C_0;211;29572.216797;-76786.0;-53156.203125;-1;-1;702.430481;0.964033;0.009284;-0.265622;29606.699219;-76785.96875;-53083.761719;204.0;92.0;76.0;29822.757812;-76692.179688;-53064.34375;29782.378906;-76691.992188;-53210.882812;29824.34375;-76876.164062;-53065.015625;29783.964844;-76875.976562;-53211.554688;29429.433594;-76695.960938;-52955.96875;29389.054688;-76695.773438;-53102.507812;29431.019531;-76879.945312;-52956.640625;29390.640625;-76879.757812;-53103.179688;-1;-1;-1;-1;-1;-1;-1;-1;-1;-1;-1;-1;-1;-1;-1;-1;-1;-1
