Time;ID;Cat;XPos;YPos;ZPos;2D_XPos;2D_YPos;Vel;XDir;YDir;ZDir;BBox_XPos;BBox_YPos;BBox_ZPos;BBox_Ext_X;BBox_Ext_Y;BBox_Ext_Z;Corner_XYZ_X;Corner_XYZ_Y;Corner_XYZ_Z;Corner_XY-Z_X;Corner_XY-Z_Y;Corner_XY-Z_Z;Corner_X-YZ_X;Corner_X-YZ_Y;Corner_X-YZ_Z;Corner_X-Y-Z_X;Corner_X-Y-Z_Y;Corner_X-Y-Z_Z;Corner_-XYZ_X;Corner_-XYZ_Y;Corner_-XYZ_Z;Corner_-XY-Z_X;Corner_-XY-Z_Y;Corner_-XY-Z_Z;Corner_-X-YZ_X;Corner_-X-YZ_Y;Corner_-X-YZ_Z;Corner_-X-Y-Z_X;Corner_-X-Y-Z_Y;Corner_-X-Y-Z_Z;BBox_2D_XPos;BBox_2D_YPos;Corner_2D_XYZ_X;Corner_2D_XYZ_Y;Corner_2D_XY-Z_X;Corner_2D_XY-Z_Y;Corner_2D_X-YZ_X;Corner_2D_X-YZ_Y;Corner_2D_X-Y-Z_X;Corner_2D_X-Y-Z_Y;Corner_2D_-XYZ_X;Corner_2D_-XYZ_Y;Corner_-2D_XY-Z_X;Corner_2D_-XY-Z_Y;Corner_2D_-X-YZ_X;Corner_2D_-X-YZ_Y;Corner_2D_-X-Y-Z_X;Corner_2D_-X-Y-Z_Y;
J0:19:19:50:148;Hatchback_Car_AI_C_3;211;39377.628906;-75819.351562;-54424.445312;794;629;125.116638;-0.076684;-0.996935;-0.015489;39376.515625;-75834.53125;-54345.671875;204.0;92.0;76.0;39452.5625;-76046.140625;-54272.902344;39452.640625;-76043.78125;-54424.886719;39269.101562;-76032.03125;-54272.777344;39269.179688;-76029.671875;-54424.761719;39483.851562;-75639.390625;-54266.582031;39483.929688;-75637.03125;-54418.566406;39300.390625;-75625.28125;-54266.457031;39300.46875;-75622.921875;-54418.441406;794;620;781;614;781;631;789;611;789;626;798;614;798;631;806;611;806;626
J0:19:19:50:148;Hatchback_Car_AI_C_7;211;39368.871094;-73482.96875;-54478.066406;830;615;671.945496;0.090135;-0.995851;-0.012541;39370.171875;-73497.898438;-54399.25;204.0;92.0;76.0;39480.222656;-73693.71875;-54325.757812;39480.144531;-73691.8125;-54477.742188;39296.972656;-73710.296875;-54325.875;39296.894531;-73708.390625;-54477.859375;39443.449219;-73287.40625;-54320.640625;39443.371094;-73285.5;-54472.625;39260.199219;-73303.984375;-54320.757812;39260.121094;-73302.078125;-54472.742188;830;608;817;603;817;616;822;600;822;613;837;603;837;616;841;600;841;613
