Time;ID;Cat;XPos;YPos;ZPos;2D_XPos;2D_YPos;Vel;XDir;YDir;ZDir;BBox_XPos;BBox_YPos;BBox_ZPos;BBox_Ext_X;BBox_Ext_Y;BBox_Ext_Z;Corner_XYZ_X;Corner_XYZ_Y;Corner_XYZ_Z;Corner_XY-Z_X;Corner_XY-Z_Y;Corner_XY-Z_Z;Corner_X-YZ_X;Corner_X-YZ_Y;Corner_X-YZ_Z;Corner_X-Y-Z_X;Corner_X-Y-Z_Y;Corner_X-Y-Z_Z;Corner_-XYZ_X;Corner_-XYZ_Y;Corner_-XYZ_Z;Corner_-XY-Z_X;Corner_-XY-Z_Y;Corner_-XY-Z_Z;Corner_-X-YZ_X;Corner_-X-YZ_Y;Corner_-X-YZ_Z;Corner_-X-Y-Z_X;Corner_-X-Y-Z_Y;Corner_-X-Y-Z_Z;BBox_2D_XPos;BBox_2D_YPos;Corner_2D_XYZ_X;Corner_2D_XYZ_Y;Corner_2D_XY-Z_X;Corner_2D_XY-Z_Y;Corner_2D_X-YZ_X;Corner_2D_X-YZ_Y;Corner_2D_X-Y-Z_X;Corner_2D_X-Y-Z_Y;Corner_2D_-XYZ_X;Corner_2D_-XYZ_Y;Corner_-2D_XY-Z_X;Corner_2D_-XY-Z_Y;Corner_2D_-X-YZ_X;Corner_2D_-X-YZ_Y;Corner_2D_-X-Y-Z_X;Corner_2D_-X-Y-Z_Y;
J0:19:20:29:345;Hatchback_Car_AI_C_3;211;39316.691406;-76930.398438;-54424.890625;777;642;555.045471;-0.0415;-0.999138;0.000885;39316.105469;-76944.3125;-54345.878906;204.0;92.0;76.0;39399.558594;-77151.882812;-54269.691406;39399.566406;-77152.023438;-54421.691406;39215.714844;-77144.242188;-54269.707031;39215.722656;-77144.382812;-54421.707031;39416.488281;-76744.242188;-54270.050781;39416.496094;-76744.382812;-54422.050781;39232.644531;-76736.601562;-54270.066406;39232.652344;-76736.742188;-54422.066406;777;632;760;625;760;645;771;620;771;640;782;625;782;645;792;620;792;640
J0:19:20:29:345;Hatchback_Car_AI_C_11;211;39298.679688;-72786.015625;-54448.3125;843;608;687.770081;0.109636;-0.990961;-0.077305;39300.511719;-72806.0;-54370.632812;204.0;92.0;76.0;39414.609375;-73003.953125;-54310.191406;39414.039062;-72992.1875;-54461.738281;39231.71875;-73024.125;-54311.066406;39231.148438;-73012.359375;-54462.613281;39369.875;-72599.640625;-54278.652344;39369.304688;-72587.875;-54430.199219;39186.984375;-72619.8125;-54279.527344;39186.414062;-72608.046875;-54431.074219;843;601;831;597;831;608;836;595;836;605;851;597;851;608;854;595;854;605
J0:19:20:29:345;Hatchback_Car_AI_C_0;211;28349.814453;-76768.320312;-52828.933594;-1;-1;672.844849;0.965758;-0.044711;-0.255565;28383.482422;-76770.320312;-52756.136719;204.0;92.0;76.0;28604.263672;-76688.867188;-52734.300781;28565.498047;-76686.226562;-52881.253906;28595.494141;-76872.648438;-52735.292969;28556.728516;-76870.007812;-52882.246094;28210.236328;-76670.632812;-52630.027344;28171.470703;-76667.992188;-52776.980469;28201.466797;-76854.414062;-52631.019531;28162.701172;-76851.773438;-52777.972656;-1;-1;-1;-1;-1;-1;-1;-1;-1;-1;-1;-1;-1;-1;-1;-1;-1;-1
