Time;ID;Cat;XPos;YPos;ZPos;2D_XPos;2D_YPos;Vel;XDir;YDir;ZDir;BBox_XPos;BBox_YPos;BBox_ZPos;BBox_Ext_X;BBox_Ext_Y;BBox_Ext_Z;Corner_XYZ_X;Corner_XYZ_Y;Corner_XYZ_Z;Corner_XY-Z_X;Corner_XY-Z_Y;Corner_XY-Z_Z;Corner_X-YZ_X;Corner_X-YZ_Y;Corner_X-YZ_Z;Corner_X-Y-Z_X;Corner_X-Y-Z_Y;Corner_X-Y-Z_Z;Corner_-XYZ_X;Corner_-XYZ_Y;Corner_-XYZ_Z;Corner_-XY-Z_X;Corner_-XY-Z_Y;Corner_-XY-Z_Z;Corner_-X-YZ_X;Corner_-X-YZ_Y;Corner_-X-YZ_Z;Corner_-X-Y-Z_X;Corner_-X-Y-Z_Y;Corner_-X-Y-Z_Z;BBox_2D_XPos;BBox_2D_YPos;Corner_2D_XYZ_X;Corner_2D_XYZ_Y;Corner_2D_XY-Z_X;Corner_2D_XY-Z_Y;Corner_2D_X-YZ_X;Corner_2D_X-YZ_Y;Corner_2D_X-Y-Z_X;Corner_2D_X-Y-Z_Y;Corner_2D_-XYZ_X;Corner_2D_-XYZ_Y;Corner_-2D_XY-Z_X;Corner_2D_-XY-Z_Y;Corner_2D_-X-YZ_X;Corner_2D_-X-YZ_Y;Corner_2D_-X-Y-Z_X;Corner_2D_-X-Y-Z_Y;
J0:19:20:26:947;Hatchback_Car_AI_C_3;211;39321.144531;-76820.578125;-54424.769531;779;641;564.135193;-0.043333;-0.999058;0.00228;39320.535156;-76834.382812;-54345.738281;204.0;92.0;76.0;39403.605469;-77042.0;-54269.257812;39403.613281;-77042.34375;-54421.257812;39219.777344;-77034.03125;-54269.289062;39219.785156;-77034.375;-54421.289062;39421.285156;-76634.390625;-54270.1875;39421.292969;-76634.734375;-54422.1875;39237.457031;-76626.421875;-54270.21875;39237.464844;-76626.765625;-54422.21875;779;631;763;624;763;644;773;619;773;638;784;624;784;644;794;619;794;638
J0:19:20:26:947;Hatchback_Car_AI_C_11;211;39283.589844;-72647.71875;-54436.980469;846;606;691.867126;0.109749;-0.989917;-0.089551;39285.503906;-72668.65625;-54359.550781;204.0;92.0;76.0;39399.699219;-72867.3125;-54301.65625;39398.972656;-72853.703125;-54453.046875;39216.816406;-72887.5;-54302.59375;39216.089844;-72873.890625;-54453.984375;39354.917969;-72463.421875;-54265.117188;39354.191406;-72449.8125;-54416.507812;39172.035156;-72483.609375;-54266.054688;39171.308594;-72470.0;-54417.445312;846;600;834;596;834;606;838;594;838;603;853;596;853;606;857;594;857;603
J0:19:20:26:947;Hatchback_Car_AI_C_0;211;28219.441406;-76762.125;-52794.914062;-1;-1;699.004456;0.966141;-0.05333;-0.252443;28252.857422;-76764.382812;-52722.007812;204.0;92.0;76.0;28474.277344;-76684.875;-52699.5;28436.007812;-76681.953125;-52846.578125;28463.890625;-76868.578125;-52700.4375;28425.621094;-76865.65625;-52847.515625;28080.09375;-76663.109375;-52596.5;28041.824219;-76660.1875;-52743.578125;28069.707031;-76846.8125;-52597.4375;28031.4375;-76843.890625;-52744.515625;-1;-1;-1;-1;-1;-1;-1;-1;-1;-1;-1;-1;-1;-1;-1;-1;-1;-1
