Time;ID;Cat;XPos;YPos;ZPos;2D_XPos;2D_YPos;Vel;XDir;YDir;ZDir;BBox_XPos;BBox_YPos;BBox_ZPos;BBox_Ext_X;BBox_Ext_Y;BBox_Ext_Z;Corner_XYZ_X;Corner_XYZ_Y;Corner_XYZ_Z;Corner_XY-Z_X;Corner_XY-Z_Y;Corner_XY-Z_Z;Corner_X-YZ_X;Corner_X-YZ_Y;Corner_X-YZ_Z;Corner_X-Y-Z_X;Corner_X-Y-Z_Y;Corner_X-Y-Z_Z;Corner_-XYZ_X;Corner_-XYZ_Y;Corner_-XYZ_Z;Corner_-XY-Z_X;Corner_-XY-Z_Y;Corner_-XY-Z_Z;Corner_-X-YZ_X;Corner_-X-YZ_Y;Corner_-X-YZ_Z;Corner_-X-Y-Z_X;Corner_-X-Y-Z_Y;Corner_-X-Y-Z_Z;BBox_2D_XPos;BBox_2D_YPos;Corner_2D_XYZ_X;Corner_2D_XYZ_Y;Corner_2D_XY-Z_X;Corner_2D_XY-Z_Y;Corner_2D_X-YZ_X;Corner_2D_X-YZ_Y;Corner_2D_X-Y-Z_X;Corner_2D_X-Y-Z_Y;Corner_2D_-XYZ_X;Corner_2D_-XYZ_Y;Corner_-2D_XY-Z_X;Corner_2D_-XY-Z_Y;Corner_2D_-X-YZ_X;Corner_2D_-X-YZ_Y;Corner_2D_-X-Y-Z_X;Corner_2D_-X-Y-Z_Y;
J0:19:21:01:347;Hatchback_Car_AI_C_3;211;39261.175781;-78671.765625;-54424.902344;731;674;776.438721;-0.024412;-0.999702;-0.00066;39260.824219;-78685.8125;-54345.910156;204.0;92.0;76.0;39347.804688;-78892.039062;-54270.03125;39347.828125;-78891.945312;-54422.03125;39163.859375;-78887.554688;-54270.054688;39163.882812;-78887.460938;-54422.054688;39357.765625;-78484.164062;-54269.765625;39357.789062;-78484.070312;-54421.765625;39173.820312;-78479.679688;-54269.789062;39173.84375;-78479.585938;-54421.789062;730;661;707;652;707;678;724;644;724;669;737;652;737;678;752;644;752;669
J0:19:21:01:347;Hatchback_Car_AI_C_7;211;39220.742188;-77241.3125;-54424.984375;782;647;513.726135;-0.168734;-0.985661;-0.001122;39218.671875;-77255.25;-54346.0;204.0;92.0;76.0;39275.210938;-77471.984375;-54270.59375;39274.648438;-77471.71875;-54422.59375;39093.851562;-77440.9375;-54269.867188;39093.289062;-77440.671875;-54421.867188;39344.054688;-77069.828125;-54270.132812;39343.492188;-77069.5625;-54422.132812;39162.695312;-77038.78125;-54269.40625;39162.132812;-77038.515625;-54421.40625;782;637;768;629;768;650;780;624;780;643;784;629;784;650;794;624;794;643
J0:19:21:01:347;Hatchback_Car_AI_C_0;211;30122.292969;-76774.242188;-53306.519531;-1;-1;688.576233;0.963489;0.028329;-0.266246;30156.814453;-76773.507812;-53234.097656;204.0;92.0;76.0;30370.982422;-76675.4375;-53214.839844;30330.513672;-76676.09375;-53361.355469;30376.216797;-76859.359375;-53215.464844;30335.748047;-76860.015625;-53361.980469;29977.880859;-76687.0;-53106.214844;29937.412109;-76687.65625;-53252.730469;29983.115234;-76870.921875;-53106.839844;29942.646484;-76871.578125;-53253.355469;-1;-1;1891;489;1891;494;1915;488;1915;493;-1;-1;-1;-1;-1;-1;-1;-1
