Time;ID;Cat;XPos;YPos;ZPos;2D_XPos;2D_YPos;Vel;XDir;YDir;ZDir;BBox_XPos;BBox_YPos;BBox_ZPos;BBox_Ext_X;BBox_Ext_Y;BBox_Ext_Z;Corner_XYZ_X;Corner_XYZ_Y;Corner_XYZ_Z;Corner_XY-Z_X;Corner_XY-Z_Y;Corner_XY-Z_Z;Corner_X-YZ_X;Corner_X-YZ_Y;Corner_X-YZ_Z;Corner_X-Y-Z_X;Corner_X-Y-Z_Y;Corner_X-Y-Z_Z;Corner_-XYZ_X;Corner_-XYZ_Y;Corner_-XYZ_Z;Corner_-XY-Z_X;Corner_-XY-Z_Y;Corner_-XY-Z_Z;Corner_-X-YZ_X;Corner_-X-YZ_Y;Corner_-X-YZ_Z;Corner_-X-Y-Z_X;Corner_-X-Y-Z_Y;Corner_-X-Y-Z_Z;BBox_2D_XPos;BBox_2D_YPos;Corner_2D_XYZ_X;Corner_2D_XYZ_Y;Corner_2D_XY-Z_X;Corner_2D_XY-Z_Y;Corner_2D_X-YZ_X;Corner_2D_X-YZ_Y;Corner_2D_X-Y-Z_X;Corner_2D_X-Y-Z_Y;Corner_2D_-XYZ_X;Corner_2D_-XYZ_Y;Corner_-2D_XY-Z_X;Corner_2D_-XY-Z_Y;Corner_2D_-X-YZ_X;Corner_2D_-X-YZ_Y;Corner_2D_-X-Y-Z_X;Corner_2D_-X-Y-Z_Y;
J0:19:19:45:751;Hatchback_Car_AI_C_3;211;39382.464844;-75764.898438;-54423.738281;794;628;179.743057;-0.069234;-0.997548;-0.010227;39381.464844;-75779.671875;-54344.886719;204.0;92.0;76.0;39459.085938;-75990.3125;-54271.003906;39459.148438;-75988.765625;-54422.996094;39275.53125;-75977.578125;-54270.949219;39275.59375;-75976.03125;-54422.941406;39487.335938;-75583.3125;-54266.832031;39487.398438;-75581.765625;-54418.824219;39303.78125;-75570.578125;-54266.777344;39303.84375;-75569.03125;-54418.769531;794;620;781;613;781;630;790;610;790;626;799;613;799;630;806;610;806;626
J0:19:19:45:751;Hatchback_Car_AI_C_7;211;39347.070312;-73240.109375;-54472.863281;835;613;651.514648;0.098709;-0.994526;-0.034258;39348.535156;-73256.742188;-54394.390625;204.0;92.0;76.0;39460.300781;-73453.15625;-54325.207031;39460.144531;-73447.9375;-54477.121094;39277.199219;-73471.3125;-54325.636719;39277.042969;-73466.09375;-54477.550781;39420.027344;-73047.390625;-54311.230469;39419.871094;-73042.171875;-54463.144531;39236.925781;-73065.546875;-54311.660156;39236.769531;-73060.328125;-54463.574219;834;606;822;601;822;613;827;599;827;611;842;601;842;613;846;599;846;611
