Time;ID;Cat;XPos;YPos;ZPos;2D_XPos;2D_YPos;Vel;XDir;YDir;ZDir;BBox_XPos;BBox_YPos;BBox_ZPos;BBox_Ext_X;BBox_Ext_Y;BBox_Ext_Z;Corner_XYZ_X;Corner_XYZ_Y;Corner_XYZ_Z;Corner_XY-Z_X;Corner_XY-Z_Y;Corner_XY-Z_Z;Corner_X-YZ_X;Corner_X-YZ_Y;Corner_X-YZ_Z;Corner_X-Y-Z_X;Corner_X-Y-Z_Y;Corner_X-Y-Z_Z;Corner_-XYZ_X;Corner_-XYZ_Y;Corner_-XYZ_Z;Corner_-XY-Z_X;Corner_-XY-Z_Y;Corner_-XY-Z_Z;Corner_-X-YZ_X;Corner_-X-YZ_Y;Corner_-X-YZ_Z;Corner_-X-Y-Z_X;Corner_-X-Y-Z_Y;Corner_-X-Y-Z_Z;BBox_2D_XPos;BBox_2D_YPos;Corner_2D_XYZ_X;Corner_2D_XYZ_Y;Corner_2D_XY-Z_X;Corner_2D_XY-Z_Y;Corner_2D_X-YZ_X;Corner_2D_X-YZ_Y;Corner_2D_X-Y-Z_X;Corner_2D_X-Y-Z_Y;Corner_2D_-XYZ_X;Corner_2D_-XYZ_Y;Corner_-2D_XY-Z_X;Corner_2D_-XY-Z_Y;Corner_2D_-X-YZ_X;Corner_2D_-X-YZ_Y;Corner_2D_-X-Y-Z_X;Corner_2D_-X-Y-Z_Y;
J0:19:19:54:146;Hatchback_Car_AI_C_3;211;39374.507812;-75852.78125;-54424.996094;793;630;98.218208;-0.080411;-0.996592;-0.018394;39373.316406;-75868.1875;-54346.265625;204.0;92.0;76.0;39448.550781;-76080.289062;-54274.089844;39448.683594;-76077.492188;-54426.066406;39265.144531;-76065.492188;-54273.972656;39265.277344;-76062.695312;-54425.949219;39481.355469;-75673.679688;-54266.582031;39481.488281;-75670.882812;-54418.558594;39297.949219;-75658.882812;-54266.464844;39298.082031;-75656.085938;-54418.441406;793;621;780;615;780;631;789;611;789;627;798;615;798;631;805;611;805;627
J0:19:19:54:146;Hatchback_Car_AI_C_7;211;39386.699219;-73710.359375;-54478.429688;826;616;693.225037;0.078055;-0.996924;0.007071;39387.800781;-73723.757812;-54399.332031;204.0;92.0;76.0;39495.449219;-73919.414062;-54321.949219;39495.433594;-73920.492188;-54473.949219;39312.011719;-73933.773438;-54321.832031;39311.996094;-73934.851562;-54473.832031;39463.605469;-73512.664062;-54324.832031;39463.589844;-73513.742188;-54476.832031;39280.167969;-73527.023438;-54324.714844;39280.152344;-73528.101562;-54476.714844;825;609;813;604;813;618;818;601;818;615;833;604;833;618;837;601;837;615
