Time;ID;Cat;XPos;YPos;ZPos;2D_XPos;2D_YPos;Vel;XDir;YDir;ZDir;BBox_XPos;BBox_YPos;BBox_ZPos;BBox_Ext_X;BBox_Ext_Y;BBox_Ext_Z;Corner_XYZ_X;Corner_XYZ_Y;Corner_XYZ_Z;Corner_XY-Z_X;Corner_XY-Z_Y;Corner_XY-Z_Z;Corner_X-YZ_X;Corner_X-YZ_Y;Corner_X-YZ_Z;Corner_X-Y-Z_X;Corner_X-Y-Z_Y;Corner_X-Y-Z_Z;Corner_-XYZ_X;Corner_-XYZ_Y;Corner_-XYZ_Z;Corner_-XY-Z_X;Corner_-XY-Z_Y;Corner_-XY-Z_Z;Corner_-X-YZ_X;Corner_-X-YZ_Y;Corner_-X-YZ_Z;Corner_-X-Y-Z_X;Corner_-X-Y-Z_Y;Corner_-X-Y-Z_Z;BBox_2D_XPos;BBox_2D_YPos;Corner_2D_XYZ_X;Corner_2D_XYZ_Y;Corner_2D_XY-Z_X;Corner_2D_XY-Z_Y;Corner_2D_X-YZ_X;Corner_2D_X-YZ_Y;Corner_2D_X-Y-Z_X;Corner_2D_X-Y-Z_Y;Corner_2D_-XYZ_X;Corner_2D_-XYZ_Y;Corner_-2D_XY-Z_X;Corner_2D_-XY-Z_Y;Corner_2D_-X-YZ_X;Corner_2D_-X-YZ_Y;Corner_2D_-X-Y-Z_X;Corner_2D_-X-Y-Z_Y;
J0:19:19:16:148;Hatchback_Car_AI_C_3;211;39419.234375;-74870.835938;-54441.066406;806;622;611.725891;-0.004581;-0.999282;0.037612;39419.25;-74881.851562;-54361.597656;204.0;92.0;76.0;39510.394531;-75083.265625;-54278.058594;39510.238281;-75088.984375;-54429.949219;39326.394531;-75082.421875;-54277.902344;39326.238281;-75088.140625;-54429.792969;39512.261719;-74675.5625;-54293.402344;39512.105469;-74681.28125;-54445.292969;39328.261719;-74674.71875;-54293.246094;39328.105469;-74680.4375;-54445.136719;806;614;793;607;793;624;800;604;800;621;812;607;812;624;818;604;818;621
J0:19:19:16:148;Hatchback_Car_AI_C_7;211;39171.214844;-71622.085938;-54294.03125;864;590;654.035889;0.099463;-0.976053;-0.193465;39174.074219;-71650.960938;-54219.230469;204.0;92.0;76.0;39287.304688;-71855.40625;-54184.042969;39284.476562;-71826.140625;-54333.167969;39104.25;-71874.015625;-54184.230469;39101.421875;-71844.75;-54333.355469;39246.726562;-71457.171875;-54105.105469;39243.898438;-71427.90625;-54254.230469;39063.671875;-71475.78125;-54105.292969;39060.84375;-71446.515625;-54254.417969;863;584;853;582;853;588;856;581;856;586;870;582;870;588;873;581;873;586
