Time;ID;Cat;XPos;YPos;ZPos;2D_XPos;2D_YPos;Vel;XDir;YDir;ZDir;BBox_XPos;BBox_YPos;BBox_ZPos;BBox_Ext_X;BBox_Ext_Y;BBox_Ext_Z;Corner_XYZ_X;Corner_XYZ_Y;Corner_XYZ_Z;Corner_XY-Z_X;Corner_XY-Z_Y;Corner_XY-Z_Z;Corner_X-YZ_X;Corner_X-YZ_Y;Corner_X-YZ_Z;Corner_X-Y-Z_X;Corner_X-Y-Z_Y;Corner_X-Y-Z_Z;Corner_-XYZ_X;Corner_-XYZ_Y;Corner_-XYZ_Z;Corner_-XY-Z_X;Corner_-XY-Z_Y;Corner_-XY-Z_Z;Corner_-X-YZ_X;Corner_-X-YZ_Y;Corner_-X-YZ_Z;Corner_-X-Y-Z_X;Corner_-X-Y-Z_Y;Corner_-X-Y-Z_Z;BBox_2D_XPos;BBox_2D_YPos;Corner_2D_XYZ_X;Corner_2D_XYZ_Y;Corner_2D_XY-Z_X;Corner_2D_XY-Z_Y;Corner_2D_X-YZ_X;Corner_2D_X-YZ_Y;Corner_2D_X-Y-Z_X;Corner_2D_X-Y-Z_Y;Corner_2D_-XYZ_X;Corner_2D_-XYZ_Y;Corner_-2D_XY-Z_X;Corner_2D_-XY-Z_Y;Corner_2D_-X-YZ_X;Corner_2D_-X-YZ_Y;Corner_2D_-X-Y-Z_X;Corner_2D_-X-Y-Z_Y;
J0:19:20:30:944;Hatchback_Car_AI_C_3;211;39313.859375;-77003.390625;-54424.9375;775;643;554.173401;-0.040782;-0.999168;0.000544;39313.285156;-77017.335938;-54345.929688;204.0;92.0;76.0;39396.882812;-77224.875;-54269.8125;39396.890625;-77224.953125;-54421.8125;39213.039062;-77217.375;-54269.828125;39213.046875;-77217.453125;-54421.828125;39413.523438;-76817.21875;-54270.03125;39413.53125;-76817.296875;-54422.03125;39229.679688;-76809.71875;-54270.046875;39229.6875;-76809.796875;-54422.046875;775;633;759;626;759;646;770;621;770;640;781;626;781;646;791;621;791;640
J0:19:20:30:944;Hatchback_Car_AI_C_11;211;39308.203125;-72874.539062;-54454.71875;842;609;662.075623;0.108988;-0.991522;-0.070753;39309.980469;-72894.015625;-54376.90625;204.0;92.0;76.0;39423.910156;-73091.648438;-54315.113281;39423.425781;-73080.882812;-54466.730469;39241.003906;-73111.695312;-54315.949219;39240.519531;-73100.929688;-54467.566406;39379.441406;-72687.101562;-54286.246094;39378.957031;-72676.335938;-54437.863281;39196.535156;-72707.148438;-54287.082031;39196.050781;-72696.382812;-54438.699219;841;602;830;598;830;609;834;596;834;606;849;598;849;609;853;596;853;606
J0:19:20:30:944;Hatchback_Car_AI_C_0;211;28438.488281;-76771.835938;-52852.046875;-1;-1;675.123657;0.965748;-0.040546;-0.256293;28472.220703;-76773.664062;-52779.273438;204.0;92.0;76.0;28692.658203;-76691.234375;-52757.632812;28653.771484;-76688.8125;-52904.554688;28684.693359;-76875.0625;-52758.5625;28645.806641;-76872.640625;-52905.484375;28298.634766;-76674.6875;-52653.0625;28259.748047;-76672.265625;-52799.984375;28290.669922;-76858.515625;-52653.992188;28251.783203;-76856.09375;-52800.914062;-1;-1;-1;-1;-1;-1;-1;-1;-1;-1;-1;-1;-1;-1;-1;-1;-1;-1
