Time;ID;Cat;XPos;YPos;ZPos;2D_XPos;2D_YPos;Vel;XDir;YDir;ZDir;BBox_XPos;BBox_YPos;BBox_ZPos;BBox_Ext_X;BBox_Ext_Y;BBox_Ext_Z;Corner_XYZ_X;Corner_XYZ_Y;Corner_XYZ_Z;Corner_XY-Z_X;Corner_XY-Z_Y;Corner_XY-Z_Z;Corner_X-YZ_X;Corner_X-YZ_Y;Corner_X-YZ_Z;Corner_X-Y-Z_X;Corner_X-Y-Z_Y;Corner_X-Y-Z_Z;Corner_-XYZ_X;Corner_-XYZ_Y;Corner_-XYZ_Z;Corner_-XY-Z_X;Corner_-XY-Z_Y;Corner_-XY-Z_Z;Corner_-X-YZ_X;Corner_-X-YZ_Y;Corner_-X-YZ_Z;Corner_-X-Y-Z_X;Corner_-X-Y-Z_Y;Corner_-X-Y-Z_Z;BBox_2D_XPos;BBox_2D_YPos;Corner_2D_XYZ_X;Corner_2D_XYZ_Y;Corner_2D_XY-Z_X;Corner_2D_XY-Z_Y;Corner_2D_X-YZ_X;Corner_2D_X-YZ_Y;Corner_2D_X-Y-Z_X;Corner_2D_X-Y-Z_Y;Corner_2D_-XYZ_X;Corner_2D_-XYZ_Y;Corner_-2D_XY-Z_X;Corner_2D_-XY-Z_Y;Corner_2D_-X-YZ_X;Corner_2D_-X-YZ_Y;Corner_2D_-X-Y-Z_X;Corner_2D_-X-Y-Z_Y;
J0:19:20:27:740;Hatchback_Car_AI_C_3;211;39319.613281;-76857.179688;-54424.8125;778;641;557.714172;-0.042571;-0.999092;0.001615;39319.011719;-76871.039062;-54345.789062;204.0;92.0;76.0;39402.242188;-77078.640625;-54269.449219;39402.25;-77078.890625;-54421.449219;39218.40625;-77070.8125;-54269.472656;39218.414062;-77071.0625;-54421.472656;39419.609375;-76671.015625;-54270.105469;39419.617188;-76671.265625;-54422.105469;39235.773438;-76663.1875;-54270.128906;39235.78125;-76663.4375;-54422.128906;778;632;762;624;762;644;773;620;773;639;784;624;784;644;793;620;793;639
J0:19:20:27:740;Hatchback_Car_AI_C_11;211;39288.605469;-72693.484375;-54440.925781;845;607;701.159119;0.109482;-0.990357;-0.084896;39290.492188;-72714.054688;-54363.402344;204.0;92.0;76.0;39404.613281;-72912.46875;-54304.546875;39403.933594;-72899.5625;-54456.0;39221.722656;-72932.609375;-54305.445312;39221.042969;-72919.703125;-54456.898438;39359.941406;-72508.40625;-54269.90625;39359.261719;-72495.5;-54421.359375;39177.050781;-72528.546875;-54270.804688;39176.371094;-72515.640625;-54422.257812;845;600;833;596;833;606;838;595;838;604;852;596;852;606;856;595;856;604
J0:19:20:27:740;Hatchback_Car_AI_C_0;211;28263.423828;-76764.320312;-52806.390625;-1;-1;678.802307;0.965873;-0.050463;-0.254053;28296.966797;-76766.492188;-52733.539062;204.0;92.0;76.0;28518.1875;-76686.328125;-52711.394531;28479.667969;-76683.515625;-52858.402344;28508.339844;-76870.0625;-52712.332031;28469.820312;-76867.25;-52859.339844;28124.113281;-76665.734375;-52607.738281;28085.59375;-76662.921875;-52754.746094;28114.265625;-76849.46875;-52608.675781;28075.746094;-76846.65625;-52755.683594;-1;-1;-1;-1;-1;-1;-1;-1;-1;-1;-1;-1;-1;-1;-1;-1;-1;-1
