Time;ID;Cat;XPos;YPos;ZPos;2D_XPos;2D_YPos;Vel;XDir;YDir;ZDir;BBox_XPos;BBox_YPos;BBox_ZPos;BBox_Ext_X;BBox_Ext_Y;BBox_Ext_Z;Corner_XYZ_X;Corner_XYZ_Y;Corner_XYZ_Z;Corner_XY-Z_X;Corner_XY-Z_Y;Corner_XY-Z_Z;Corner_X-YZ_X;Corner_X-YZ_Y;Corner_X-YZ_Z;Corner_X-Y-Z_X;Corner_X-Y-Z_Y;Corner_X-Y-Z_Z;Corner_-XYZ_X;Corner_-XYZ_Y;Corner_-XYZ_Z;Corner_-XY-Z_X;Corner_-XY-Z_Y;Corner_-XY-Z_Z;Corner_-X-YZ_X;Corner_-X-YZ_Y;Corner_-X-YZ_Z;Corner_-X-Y-Z_X;Corner_-X-Y-Z_Y;Corner_-X-Y-Z_Z;BBox_2D_XPos;BBox_2D_YPos;Corner_2D_XYZ_X;Corner_2D_XYZ_Y;Corner_2D_XY-Z_X;Corner_2D_XY-Z_Y;Corner_2D_X-YZ_X;Corner_2D_X-YZ_Y;Corner_2D_X-Y-Z_X;Corner_2D_X-Y-Z_Y;Corner_2D_-XYZ_X;Corner_2D_-XYZ_Y;Corner_-2D_XY-Z_X;Corner_2D_-XY-Z_Y;Corner_2D_-X-YZ_X;Corner_2D_-X-YZ_Y;Corner_2D_-X-Y-Z_X;Corner_2D_-X-Y-Z_Y;
J0:19:20:56:549;Hatchback_Car_AI_C_3;211;39269.421875;-78351.304688;-54424.789062;742;667;782.247437;-0.028364;-0.999595;0.002515;39269.023438;-78365.101562;-54345.753906;204.0;92.0;76.0;39355.199219;-78571.4375;-54269.230469;39355.207031;-78571.8125;-54421.230469;39171.269531;-78566.21875;-54269.253906;39171.277344;-78566.59375;-54421.253906;39366.769531;-78163.609375;-54270.253906;39366.777344;-78163.984375;-54422.253906;39182.839844;-78158.390625;-54270.277344;39182.847656;-78158.765625;-54422.277344;741;654;719;646;719;671;735;639;735;662;748;646;748;671;762;639;762;662
J0:19:20:56:549;Hatchback_Car_AI_C_7;211;39255.511719;-77031.210938;-54424.980469;782;644;539.569824;-0.136983;-0.990573;-0.000996;39253.621094;-77045.164062;-54345.996094;204.0;92.0;76.0;39316.835938;-77259.921875;-54270.246094;39316.78125;-77259.765625;-54422.246094;39134.570312;-77234.71875;-54270.152344;39134.515625;-77234.5625;-54422.152344;39372.726562;-76855.765625;-54269.839844;39372.671875;-76855.609375;-54421.839844;39190.460938;-76830.5625;-54269.746094;39190.40625;-76830.40625;-54421.746094;782;634;769;626;769;647;779;622;779;641;785;626;785;647;795;622;795;641
J0:19:20:56:549;Hatchback_Car_AI_C_0;211;29858.816406;-76781.554688;-53234.5;-1;-1;687.091187;0.963602;0.020108;-0.266583;29893.369141;-76781.132812;-53162.089844;204.0;92.0;76.0;30108.378906;-76684.914062;-53142.890625;30067.855469;-76685.179688;-53289.390625;30112.03125;-76868.882812;-53143.554688;30071.507812;-76869.148438;-53290.054688;29715.230469;-76693.117188;-53034.125;29674.707031;-76693.382812;-53180.625;29718.882812;-76877.085938;-53034.789062;29678.359375;-76877.351562;-53181.289062;-1;-1;-1;-1;-1;-1;-1;-1;-1;-1;-1;-1;-1;-1;-1;-1;-1;-1
