Time;ID;Cat;XPos;YPos;ZPos;2D_XPos;2D_YPos;Vel;XDir;YDir;ZDir;BBox_XPos;BBox_YPos;BBox_ZPos;BBox_Ext_X;BBox_Ext_Y;BBox_Ext_Z;Corner_XYZ_X;Corner_XYZ_Y;Corner_XYZ_Z;Corner_XY-Z_X;Corner_XY-Z_Y;Corner_XY-Z_Z;Corner_X-YZ_X;Corner_X-YZ_Y;Corner_X-YZ_Z;Corner_X-Y-Z_X;Corner_X-Y-Z_Y;Corner_X-Y-Z_Z;Corner_-XYZ_X;Corner_-XYZ_Y;Corner_-XYZ_Z;Corner_-XY-Z_X;Corner_-XY-Z_Y;Corner_-XY-Z_Z;Corner_-X-YZ_X;Corner_-X-YZ_Y;Corner_-X-YZ_Z;Corner_-X-Y-Z_X;Corner_-X-Y-Z_Y;Corner_-X-Y-Z_Z;BBox_2D_XPos;BBox_2D_YPos;Corner_2D_XYZ_X;Corner_2D_XYZ_Y;Corner_2D_XY-Z_X;Corner_2D_XY-Z_Y;Corner_2D_X-YZ_X;Corner_2D_X-YZ_Y;Corner_2D_X-Y-Z_X;Corner_2D_X-Y-Z_Y;Corner_2D_-XYZ_X;Corner_2D_-XYZ_Y;Corner_-2D_XY-Z_X;Corner_2D_-XY-Z_Y;Corner_2D_-X-YZ_X;Corner_2D_-X-YZ_Y;Corner_2D_-X-Y-Z_X;Corner_2D_-X-Y-Z_Y;
J0:19:21:12:547;Hatchback_Car_AI_C_3;211;39249.238281;-79323.585938;-54425.042969;704;691;690.678101;-0.014041;-0.999901;-0.00004;39249.03125;-79337.585938;-54346.042969;204.0;92.0;76.0;39338.148438;-79542.851562;-54270.039062;39338.171875;-79542.851562;-54422.039062;39154.164062;-79540.273438;-54270.0625;39154.1875;-79540.273438;-54422.0625;39343.875;-79134.898438;-54270.023438;39343.898438;-79134.898438;-54422.023438;39159.890625;-79132.320312;-54270.046875;39159.914062;-79132.320312;-54422.046875;703;676;675;667;675;697;697;657;697;685;710;667;710;697;729;657;729;685
J0:19:21:12:547;Hatchback_Car_AI_C_7;211;38912.59375;-77586.109375;-54425.265625;816;652;514.698486;-0.858842;-0.512239;-0.000062;38900.992188;-77594.0;-54346.269531;204.0;92.0;76.0;38773.320312;-77778.203125;-54271.257812;38772.507812;-77776.8125;-54423.25;38679.070312;-77620.1875;-54269.3125;38678.257812;-77618.796875;-54421.304688;39123.726562;-77569.203125;-54271.234375;39122.914062;-77567.8125;-54423.226562;39029.476562;-77411.1875;-54269.289062;39028.664062;-77409.796875;-54421.28125;818;641;832;633;832;655;839;628;839;649;795;633;795;655;804;628;804;649
J0:19:21:12:547;Hatchback_Car_AI_C_1;211;48951.414062;-78851.265625;-54425.917969;-1;-1;674.798218;-0.996938;-0.078193;0.001095;48937.542969;-78852.367188;-54346.902344;204.0;92.0;76.0;48741.449219;-78960.046875;-54270.699219;48741.277344;-78960.03125;-54422.699219;48727.058594;-78776.609375;-54270.660156;48726.886719;-78776.59375;-54422.660156;49148.199219;-78928.140625;-54271.144531;49148.027344;-78928.125;-54423.144531;49133.808594;-78744.703125;-54271.105469;49133.636719;-78744.6875;-54423.105469;-1;-1;-1;-1;-1;-1;-1;-1;-1;-1;-1;-1;-1;-1;-1;-1;-1;-1
