Time;ID;Cat;XPos;YPos;ZPos;2D_XPos;2D_YPos;Vel;XDir;YDir;ZDir;BBox_XPos;BBox_YPos;BBox_ZPos;BBox_Ext_X;BBox_Ext_Y;BBox_Ext_Z;Corner_XYZ_X;Corner_XYZ_Y;Corner_XYZ_Z;Corner_XY-Z_X;Corner_XY-Z_Y;Corner_XY-Z_Z;Corner_X-YZ_X;Corner_X-YZ_Y;Corner_X-YZ_Z;Corner_X-Y-Z_X;Corner_X-Y-Z_Y;Corner_X-Y-Z_Z;Corner_-XYZ_X;Corner_-XYZ_Y;Corner_-XYZ_Z;Corner_-XY-Z_X;Corner_-XY-Z_Y;Corner_-XY-Z_Z;Corner_-X-YZ_X;Corner_-X-YZ_Y;Corner_-X-YZ_Z;Corner_-X-Y-Z_X;Corner_-X-Y-Z_Y;Corner_-X-Y-Z_Z;BBox_2D_XPos;BBox_2D_YPos;Corner_2D_XYZ_X;Corner_2D_XYZ_Y;Corner_2D_XY-Z_X;Corner_2D_XY-Z_Y;Corner_2D_X-YZ_X;Corner_2D_X-YZ_Y;Corner_2D_X-Y-Z_X;Corner_2D_X-Y-Z_Y;Corner_2D_-XYZ_X;Corner_2D_-XYZ_Y;Corner_-2D_XY-Z_X;Corner_2D_-XY-Z_Y;Corner_2D_-X-YZ_X;Corner_2D_-X-YZ_Y;Corner_2D_-X-Y-Z_X;Corner_2D_-X-Y-Z_Y;
J0:19:20:52:545;Hatchback_Car_AI_C_3;211;39276.5;-78101.945312;-54424.800781;749;661;727.308105;-0.0307;-0.999526;0.002313;39276.070312;-78115.757812;-54345.769531;204.0;92.0;76.0;39361.765625;-78322.3125;-54269.289062;39361.765625;-78322.671875;-54421.289062;39177.851562;-78316.65625;-54269.304688;39177.851562;-78317.015625;-54421.304688;39374.289062;-77914.5;-54270.234375;39374.289062;-77914.859375;-54422.234375;39190.375;-77908.84375;-54270.25;39190.375;-77909.203125;-54422.25;749;650;728;641;728;666;743;635;743;658;755;641;755;666;768;635;768;658
J0:19:20:52:545;Hatchback_Car_AI_C_7;211;39281.539062;-76848.265625;-54424.972656;783;641;554.667847;-0.127576;-0.991828;-0.001198;39279.765625;-76862.25;-54345.988281;204.0;92.0;76.0;39345.0;-77076.414062;-54270.265625;39344.976562;-77076.226562;-54422.265625;39162.5;-77052.945312;-54270.203125;39162.476562;-77052.757812;-54422.203125;39397.054688;-76671.742188;-54269.773438;39397.03125;-76671.554688;-54421.773438;39214.554688;-76648.273438;-54269.710938;39214.53125;-76648.085938;-54421.710938;783;632;770;624;770;644;780;620;780;638;787;624;787;644;796;620;796;638
J0:19:20:52:545;Hatchback_Car_AI_C_0;211;29638.025391;-76785.351562;-53174.257812;-1;-1;673.395752;0.963605;0.010805;-0.267112;29672.619141;-76785.234375;-53101.867188;204.0;92.0;76.0;29888.550781;-76691.070312;-53082.820312;29847.945312;-76691.007812;-53229.296875;29890.445312;-76875.054688;-53083.421875;29849.839844;-76874.992188;-53229.898438;29495.398438;-76695.476562;-52973.835938;29454.792969;-76695.414062;-53120.3125;29497.292969;-76879.460938;-52974.4375;29456.6875;-76879.398438;-53120.914062;-1;-1;-1;-1;-1;-1;-1;-1;-1;-1;-1;-1;-1;-1;-1;-1;-1;-1
