Time;ID;Cat;XPos;YPos;ZPos;2D_XPos;2D_YPos;Vel;XDir;YDir;ZDir;BBox_XPos;BBox_YPos;BBox_ZPos;BBox_Ext_X;BBox_Ext_Y;BBox_Ext_Z;Corner_XYZ_X;Corner_XYZ_Y;Corner_XYZ_Z;Corner_XY-Z_X;Corner_XY-Z_Y;Corner_XY-Z_Z;Corner_X-YZ_X;Corner_X-YZ_Y;Corner_X-YZ_Z;Corner_X-Y-Z_X;Corner_X-Y-Z_Y;Corner_X-Y-Z_Z;Corner_-XYZ_X;Corner_-XYZ_Y;Corner_-XYZ_Z;Corner_-XY-Z_X;Corner_-XY-Z_Y;Corner_-XY-Z_Z;Corner_-X-YZ_X;Corner_-X-YZ_Y;Corner_-X-YZ_Z;Corner_-X-Y-Z_X;Corner_-X-Y-Z_Y;Corner_-X-Y-Z_Z;BBox_2D_XPos;BBox_2D_YPos;Corner_2D_XYZ_X;Corner_2D_XYZ_Y;Corner_2D_XY-Z_X;Corner_2D_XY-Z_Y;Corner_2D_X-YZ_X;Corner_2D_X-YZ_Y;Corner_2D_X-Y-Z_X;Corner_2D_X-Y-Z_Y;Corner_2D_-XYZ_X;Corner_2D_-XYZ_Y;Corner_-2D_XY-Z_X;Corner_2D_-XY-Z_Y;Corner_2D_-X-YZ_X;Corner_2D_-X-YZ_Y;Corner_2D_-X-Y-Z_X;Corner_2D_-X-Y-Z_Y;
J0:19:21:12:946;Hatchback_Car_AI_C_3;211;39248.941406;-79346.34375;-54424.976562;703;691;683.311218;-0.013749;-0.999905;-0.000398;39248.738281;-79360.375;-54345.980469;204.0;92.0;76.0;39337.914062;-79565.65625;-54270.050781;39337.9375;-79565.59375;-54422.050781;39153.929688;-79563.125;-54270.074219;39153.953125;-79563.0625;-54422.074219;39343.523438;-79157.6875;-54269.886719;39343.546875;-79157.625;-54421.886719;39159.539062;-79155.15625;-54269.910156;39159.5625;-79155.09375;-54421.910156;702;677;674;668;674;698;696;658;696;685;709;668;709;698;728;658;728;685
J0:19:21:12:946;Hatchback_Car_AI_C_7;211;38895.691406;-77591.6875;-54425.03125;818;652;527.290039;-0.875908;-0.482476;-0.00148;38883.816406;-77599.390625;-54346.058594;204.0;92.0;76.0;38749.894531;-77779.304688;-54271.550781;38749.144531;-77777.476562;-54423.535156;38661.121094;-77618.148438;-54269.183594;38660.371094;-77616.320312;-54421.167969;39107.261719;-77582.460938;-54270.949219;39106.511719;-77580.632812;-54422.933594;39018.488281;-77421.304688;-54268.582031;39017.738281;-77419.476562;-54420.566406;820;641;835;633;835;655;842;629;842;649;797;633;797;655;805;629;805;649
J0:19:21:12:946;Hatchback_Car_AI_C_1;211;48929.523438;-78852.929688;-54425.875;-1;-1;659.668884;-0.997104;-0.076045;0.00026;48915.585938;-78854.015625;-54346.871094;204.0;92.0;76.0;48719.191406;-78961.28125;-54270.839844;48719.152344;-78961.25;-54422.839844;48705.199219;-78777.8125;-54270.792969;48705.160156;-78777.78125;-54422.792969;49126.011719;-78930.25;-54270.949219;49125.972656;-78930.21875;-54422.949219;49112.019531;-78746.78125;-54270.902344;49111.980469;-78746.75;-54422.902344;-1;-1;-1;-1;-1;-1;-1;-1;-1;-1;-1;-1;-1;-1;-1;-1;-1;-1
