Time;ID;Cat;XPos;YPos;ZPos;2D_XPos;2D_YPos;Vel;XDir;YDir;ZDir;BBox_XPos;BBox_YPos;BBox_ZPos;BBox_Ext_X;BBox_Ext_Y;BBox_Ext_Z;Corner_XYZ_X;Corner_XYZ_Y;Corner_XYZ_Z;Corner_XY-Z_X;Corner_XY-Z_Y;Corner_XY-Z_Z;Corner_X-YZ_X;Corner_X-YZ_Y;Corner_X-YZ_Z;Corner_X-Y-Z_X;Corner_X-Y-Z_Y;Corner_X-Y-Z_Z;Corner_-XYZ_X;Corner_-XYZ_Y;Corner_-XYZ_Z;Corner_-XY-Z_X;Corner_-XY-Z_Y;Corner_-XY-Z_Z;Corner_-X-YZ_X;Corner_-X-YZ_Y;Corner_-X-YZ_Z;Corner_-X-Y-Z_X;Corner_-X-Y-Z_Y;Corner_-X-Y-Z_Z;BBox_2D_XPos;BBox_2D_YPos;Corner_2D_XYZ_X;Corner_2D_XYZ_Y;Corner_2D_XY-Z_X;Corner_2D_XY-Z_Y;Corner_2D_X-YZ_X;Corner_2D_X-YZ_Y;Corner_2D_X-Y-Z_X;Corner_2D_X-Y-Z_Y;Corner_2D_-XYZ_X;Corner_2D_-XYZ_Y;Corner_-2D_XY-Z_X;Corner_2D_-XY-Z_Y;Corner_2D_-X-YZ_X;Corner_2D_-X-YZ_Y;Corner_2D_-X-Y-Z_X;Corner_2D_-X-Y-Z_Y;
J0:19:20:50:546;Hatchback_Car_AI_C_3;211;39280.042969;-77983.554688;-54424.78125;753;659;686.08667;-0.033074;-0.999452;0.001384;39279.582031;-77997.4375;-54345.761719;204.0;92.0;76.0;39364.785156;-78204.265625;-54269.476562;39364.785156;-78204.46875;-54421.476562;39180.886719;-78198.1875;-54269.484375;39180.886719;-78198.390625;-54421.484375;39378.277344;-77796.484375;-54270.039062;39378.277344;-77796.6875;-54422.039062;39194.378906;-77790.40625;-54270.046875;39194.378906;-77790.609375;-54422.046875;752;648;732;640;732;663;746;633;746;655;758;640;758;663;771;633;771;655
J0:19:20:50:546;Hatchback_Car_AI_C_7;211;39294.125;-76754.6875;-54425.003906;784;640;584.373169;-0.124664;-0.992199;-0.000173;39292.402344;-76768.59375;-54346.007812;204.0;92.0;76.0;39358.277344;-76982.484375;-54270.070312;39358.230469;-76982.453125;-54422.070312;39175.714844;-76959.546875;-54270.015625;39175.667969;-76959.515625;-54422.015625;39409.136719;-76577.671875;-54270.0;39409.089844;-76577.640625;-54422.0;39226.574219;-76554.734375;-54269.945312;39226.527344;-76554.703125;-54421.945312;784;630;770;623;770;643;781;619;781;637;787;623;787;643;797;619;797;637
J0:19:20:50:546;Hatchback_Car_AI_C_0;211;29526.767578;-76786.359375;-53143.796875;-1;-1;721.490356;0.964331;0.007014;-0.264605;29561.173828;-76786.390625;-53071.316406;204.0;92.0;76.0;29777.425781;-76693.085938;-53051.691406;29737.203125;-76692.835938;-53198.269531;29778.589844;-76877.085938;-53052.324219;29738.367188;-76876.835938;-53198.902344;29383.980469;-76695.945312;-52943.730469;29343.757812;-76695.695312;-53090.308594;29385.144531;-76879.945312;-52944.363281;29344.921875;-76879.695312;-53090.941406;-1;-1;-1;-1;-1;-1;-1;-1;-1;-1;-1;-1;-1;-1;-1;-1;-1;-1
