Time;ID;Cat;XPos;YPos;ZPos;2D_XPos;2D_YPos;Vel;XDir;YDir;ZDir;BBox_XPos;BBox_YPos;BBox_ZPos;BBox_Ext_X;BBox_Ext_Y;BBox_Ext_Z;Corner_XYZ_X;Corner_XYZ_Y;Corner_XYZ_Z;Corner_XY-Z_X;Corner_XY-Z_Y;Corner_XY-Z_Z;Corner_X-YZ_X;Corner_X-YZ_Y;Corner_X-YZ_Z;Corner_X-Y-Z_X;Corner_X-Y-Z_Y;Corner_X-Y-Z_Z;Corner_-XYZ_X;Corner_-XYZ_Y;Corner_-XYZ_Z;Corner_-XY-Z_X;Corner_-XY-Z_Y;Corner_-XY-Z_Z;Corner_-X-YZ_X;Corner_-X-YZ_Y;Corner_-X-YZ_Z;Corner_-X-Y-Z_X;Corner_-X-Y-Z_Y;Corner_-X-Y-Z_Z;BBox_2D_XPos;BBox_2D_YPos;Corner_2D_XYZ_X;Corner_2D_XYZ_Y;Corner_2D_XY-Z_X;Corner_2D_XY-Z_Y;Corner_2D_X-YZ_X;Corner_2D_X-YZ_Y;Corner_2D_X-Y-Z_X;Corner_2D_X-Y-Z_Y;Corner_2D_-XYZ_X;Corner_2D_-XYZ_Y;Corner_-2D_XY-Z_X;Corner_2D_-XY-Z_Y;Corner_2D_-X-YZ_X;Corner_2D_-X-YZ_Y;Corner_2D_-X-Y-Z_X;Corner_2D_-X-Y-Z_Y;
J0:19:20:28:546;Hatchback_Car_AI_C_3;211;39318.148438;-76894.007812;-54424.847656;778;642;560.703247;-0.042205;-0.999108;0.001365;39317.554688;-76907.890625;-54345.828125;204.0;92.0;76.0;39400.859375;-77115.492188;-54269.542969;39400.867188;-77115.695312;-54421.542969;39217.023438;-77107.726562;-54269.558594;39217.03125;-77107.929688;-54421.558594;39418.078125;-76707.851562;-54270.097656;39418.085938;-76708.054688;-54422.097656;39234.242188;-76700.085938;-54270.113281;39234.25;-76700.289062;-54422.113281;777;632;761;625;761;645;772;620;772;639;783;625;783;645;793;620;793;639
J0:19:20:28:546;Hatchback_Car_AI_C_11;211;39293.6875;-72740.023438;-54444.75;844;607;712.151367;0.1095;-0.990745;-0.080218;39295.546875;-72760.234375;-54367.128906;204.0;92.0;76.0;39409.644531;-72958.375;-54307.304688;39409.019531;-72946.171875;-54458.8125;39226.753906;-72978.515625;-54308.171875;39226.128906;-72966.3125;-54459.679688;39364.964844;-72554.15625;-54274.578125;39364.339844;-72541.953125;-54426.085938;39182.074219;-72574.296875;-54275.445312;39181.449219;-72562.09375;-54426.953125;844;601;832;597;832;607;837;595;837;605;851;597;851;607;855;595;855;605
J0:19:20:28:546;Hatchback_Car_AI_C_0;211;28306.109375;-76766.367188;-52817.566406;-1;-1;658.672302;0.96564;-0.047504;-0.255506;28339.767578;-76768.4375;-52744.765625;204.0;92.0;76.0;28560.777344;-76687.59375;-52722.945312;28522.027344;-76684.890625;-52869.898438;28551.488281;-76871.359375;-52723.882812;28512.738281;-76868.65625;-52870.835938;28166.796875;-76668.21875;-52618.695312;28128.046875;-76665.515625;-52765.648438;28157.507812;-76851.984375;-52619.632812;28118.757812;-76849.28125;-52766.585938;-1;-1;-1;-1;-1;-1;-1;-1;-1;-1;-1;-1;-1;-1;-1;-1;-1;-1
