Time;ID;Cat;XPos;YPos;ZPos;2D_XPos;2D_YPos;Vel;XDir;YDir;ZDir;BBox_XPos;BBox_YPos;BBox_ZPos;BBox_Ext_X;BBox_Ext_Y;BBox_Ext_Z;Corner_XYZ_X;Corner_XYZ_Y;Corner_XYZ_Z;Corner_XY-Z_X;Corner_XY-Z_Y;Corner_XY-Z_Z;Corner_X-YZ_X;Corner_X-YZ_Y;Corner_X-YZ_Z;Corner_X-Y-Z_X;Corner_X-Y-Z_Y;Corner_X-Y-Z_Z;Corner_-XYZ_X;Corner_-XYZ_Y;Corner_-XYZ_Z;Corner_-XY-Z_X;Corner_-XY-Z_Y;Corner_-XY-Z_Z;Corner_-X-YZ_X;Corner_-X-YZ_Y;Corner_-X-YZ_Z;Corner_-X-Y-Z_X;Corner_-X-Y-Z_Y;Corner_-X-Y-Z_Z;BBox_2D_XPos;BBox_2D_YPos;Corner_2D_XYZ_X;Corner_2D_XYZ_Y;Corner_2D_XY-Z_X;Corner_2D_XY-Z_Y;Corner_2D_X-YZ_X;Corner_2D_X-YZ_Y;Corner_2D_X-Y-Z_X;Corner_2D_X-Y-Z_Y;Corner_2D_-XYZ_X;Corner_2D_-XYZ_Y;Corner_-2D_XY-Z_X;Corner_2D_-XY-Z_Y;Corner_2D_-X-YZ_X;Corner_2D_-X-YZ_Y;Corner_2D_-X-Y-Z_X;Corner_2D_-X-Y-Z_Y;
J0:19:19:45:344;Hatchback_Car_AI_C_3;211;39382.957031;-75758.953125;-54423.679688;794;628;184.835983;-0.068546;-0.997601;-0.009684;39381.964844;-75773.6875;-54344.820312;204.0;92.0;76.0;39459.734375;-75984.234375;-54270.824219;39459.796875;-75982.765625;-54422.816406;39276.164062;-75971.625;-54270.777344;39276.226562;-75970.15625;-54422.769531;39487.703125;-75577.21875;-54266.871094;39487.765625;-75575.75;-54418.863281;39304.132812;-75564.609375;-54266.824219;39304.195312;-75563.140625;-54418.816406;794;620;781;613;781;630;790;610;790;626;799;613;799;630;806;610;806;626
J0:19:19:45:344;Hatchback_Car_AI_C_7;211;39344.992188;-73218.359375;-54472.128906;835;612;631.122559;0.101228;-0.994164;-0.0373;39346.519531;-73235.226562;-54393.707031;204.0;92.0;76.0;39458.808594;-73431.5625;-54325.152344;39458.589844;-73425.890625;-54477.042969;39275.753906;-73450.1875;-54325.589844;39275.535156;-73444.515625;-54477.480469;39417.503906;-73025.9375;-54309.933594;39417.285156;-73020.265625;-54461.824219;39234.449219;-73044.5625;-54310.371094;39234.230469;-73038.890625;-54462.261719;835;606;823;601;823;613;827;599;827;610;842;601;842;613;846;599;846;610
