Time;ID;Cat;XPos;YPos;ZPos;2D_XPos;2D_YPos;Vel;XDir;YDir;ZDir;BBox_XPos;BBox_YPos;BBox_ZPos;BBox_Ext_X;BBox_Ext_Y;BBox_Ext_Z;Corner_XYZ_X;Corner_XYZ_Y;Corner_XYZ_Z;Corner_XY-Z_X;Corner_XY-Z_Y;Corner_XY-Z_Z;Corner_X-YZ_X;Corner_X-YZ_Y;Corner_X-YZ_Z;Corner_X-Y-Z_X;Corner_X-Y-Z_Y;Corner_X-Y-Z_Z;Corner_-XYZ_X;Corner_-XYZ_Y;Corner_-XYZ_Z;Corner_-XY-Z_X;Corner_-XY-Z_Y;Corner_-XY-Z_Z;Corner_-X-YZ_X;Corner_-X-YZ_Y;Corner_-X-YZ_Z;Corner_-X-Y-Z_X;Corner_-X-Y-Z_Y;Corner_-X-Y-Z_Z;BBox_2D_XPos;BBox_2D_YPos;Corner_2D_XYZ_X;Corner_2D_XYZ_Y;Corner_2D_XY-Z_X;Corner_2D_XY-Z_Y;Corner_2D_X-YZ_X;Corner_2D_X-YZ_Y;Corner_2D_X-Y-Z_X;Corner_2D_X-Y-Z_Y;Corner_2D_-XYZ_X;Corner_2D_-XYZ_Y;Corner_-2D_XY-Z_X;Corner_2D_-XY-Z_Y;Corner_2D_-X-YZ_X;Corner_2D_-X-YZ_Y;Corner_2D_-X-Y-Z_X;Corner_2D_-X-Y-Z_Y;
J0:19:19:18:147;Hatchback_Car_AI_C_3;211;39418.15625;-74966.445312;-54437.578125;805;622;551.231934;-0.011183;-0.999344;0.034449;39418.070312;-74977.71875;-54358.144531;204.0;92.0;76.0;39507.855469;-75180.0;-54275.210938;39507.714844;-75185.234375;-54427.117188;39323.863281;-75177.9375;-54275.117188;39323.722656;-75183.171875;-54427.023438;39512.417969;-74772.265625;-54289.265625;39512.277344;-74777.5;-54441.171875;39328.425781;-74770.203125;-54289.171875;39328.285156;-74775.4375;-54441.078125;804;614;792;607;792;625;799;605;799;621;810;607;810;625;817;605;817;621
J0:19:19:18:147;Hatchback_Car_AI_C_7;211;39182.589844;-71730.234375;-54314.121094;862;592;667.171753;0.102387;-0.978022;-0.181632;39185.382812;-71758.210938;-54238.976562;204.0;92.0;76.0;39299.082031;-71961.921875;-54201.140625;39296.464844;-71934.4375;-54350.609375;39116.074219;-71981.015625;-54201.453125;39113.457031;-71953.53125;-54350.921875;39257.308594;-71562.890625;-54127.03125;39254.691406;-71535.40625;-54276.5;39074.300781;-71581.984375;-54127.34375;39071.683594;-71554.5;-54276.8125;861;586;851;584;851;590;854;583;854;588;869;584;869;590;871;583;871;588
