Time;ID;Cat;XPos;YPos;ZPos;2D_XPos;2D_YPos;Vel;XDir;YDir;ZDir;BBox_XPos;BBox_YPos;BBox_ZPos;BBox_Ext_X;BBox_Ext_Y;BBox_Ext_Z;Corner_XYZ_X;Corner_XYZ_Y;Corner_XYZ_Z;Corner_XY-Z_X;Corner_XY-Z_Y;Corner_XY-Z_Z;Corner_X-YZ_X;Corner_X-YZ_Y;Corner_X-YZ_Z;Corner_X-Y-Z_X;Corner_X-Y-Z_Y;Corner_X-Y-Z_Z;Corner_-XYZ_X;Corner_-XYZ_Y;Corner_-XYZ_Z;Corner_-XY-Z_X;Corner_-XY-Z_Y;Corner_-XY-Z_Z;Corner_-X-YZ_X;Corner_-X-YZ_Y;Corner_-X-YZ_Z;Corner_-X-Y-Z_X;Corner_-X-Y-Z_Y;Corner_-X-Y-Z_Z;BBox_2D_XPos;BBox_2D_YPos;Corner_2D_XYZ_X;Corner_2D_XYZ_Y;Corner_2D_XY-Z_X;Corner_2D_XY-Z_Y;Corner_2D_X-YZ_X;Corner_2D_X-YZ_Y;Corner_2D_X-Y-Z_X;Corner_2D_X-Y-Z_Y;Corner_2D_-XYZ_X;Corner_2D_-XYZ_Y;Corner_-2D_XY-Z_X;Corner_2D_-XY-Z_Y;Corner_2D_-X-YZ_X;Corner_2D_-X-YZ_Y;Corner_2D_-X-Y-Z_X;Corner_2D_-X-Y-Z_Y;
J0:19:21:07:343;Hatchback_Car_AI_C_3;211;39253.871094;-79022.5625;-54425.015625;717;682;711.358276;-0.018456;-0.999829;0.000496;39253.597656;-79036.523438;-54346.007812;204.0;92.0;76.0;39341.804688;-79242.148438;-54269.890625;39341.828125;-79242.226562;-54421.890625;39157.835938;-79238.757812;-54269.921875;39157.859375;-79238.835938;-54421.921875;39349.335938;-78834.210938;-54270.09375;39349.359375;-78834.289062;-54422.09375;39165.367188;-78830.820312;-54270.125;39165.390625;-78830.898438;-54422.125;717;669;691;660;691;688;711;651;711;677;724;660;724;688;741;651;741;677
J0:19:21:07:343;Hatchback_Car_AI_C_7;211;39099.46875;-77462.507812;-54424.875;793;650;506.48407;-0.551585;-0.834118;-0.000994;39092.4375;-77474.734375;-54345.894531;204.0;92.0;76.0;39057.3125;-77696.164062;-54271.128906;39055.984375;-77695.101562;-54423.121094;38903.84375;-77594.679688;-54269.074219;38902.515625;-77593.617188;-54421.066406;39282.359375;-77355.851562;-54270.722656;39281.03125;-77354.789062;-54422.714844;39128.890625;-77254.367188;-54268.667969;39127.5625;-77253.304688;-54420.660156;794;640;793;632;793;654;803;627;803;647;783;632;783;654;794;627;794;647
J0:19:21:07:343;Hatchback_Car_AI_C_1;211;49233.21875;-78828.921875;-54425.875;-1;-1;687.810669;-0.996566;-0.082794;0.001443;49219.382812;-78830.085938;-54346.855469;204.0;92.0;76.0;49023.808594;-78938.671875;-54270.578125;49023.589844;-78938.65625;-54422.578125;49008.574219;-78755.296875;-54270.546875;49008.355469;-78755.28125;-54422.546875;49430.410156;-78904.890625;-54271.164062;49430.191406;-78904.875;-54423.164062;49415.175781;-78721.515625;-54271.132812;49414.957031;-78721.5;-54423.132812;-1;-1;-1;-1;-1;-1;-1;-1;-1;-1;-1;-1;-1;-1;-1;-1;-1;-1
