Time;ID;Cat;XPos;YPos;ZPos;2D_XPos;2D_YPos;Vel;XDir;YDir;ZDir;BBox_XPos;BBox_YPos;BBox_ZPos;BBox_Ext_X;BBox_Ext_Y;BBox_Ext_Z;Corner_XYZ_X;Corner_XYZ_Y;Corner_XYZ_Z;Corner_XY-Z_X;Corner_XY-Z_Y;Corner_XY-Z_Z;Corner_X-YZ_X;Corner_X-YZ_Y;Corner_X-YZ_Z;Corner_X-Y-Z_X;Corner_X-Y-Z_Y;Corner_X-Y-Z_Z;Corner_-XYZ_X;Corner_-XYZ_Y;Corner_-XYZ_Z;Corner_-XY-Z_X;Corner_-XY-Z_Y;Corner_-XY-Z_Z;Corner_-X-YZ_X;Corner_-X-YZ_Y;Corner_-X-YZ_Z;Corner_-X-Y-Z_X;Corner_-X-Y-Z_Y;Corner_-X-Y-Z_Z;BBox_2D_XPos;BBox_2D_YPos;Corner_2D_XYZ_X;Corner_2D_XYZ_Y;Corner_2D_XY-Z_X;Corner_2D_XY-Z_Y;Corner_2D_X-YZ_X;Corner_2D_X-YZ_Y;Corner_2D_X-Y-Z_X;Corner_2D_X-Y-Z_Y;Corner_2D_-XYZ_X;Corner_2D_-XYZ_Y;Corner_-2D_XY-Z_X;Corner_2D_-XY-Z_Y;Corner_2D_-X-YZ_X;Corner_2D_-X-YZ_Y;Corner_2D_-X-Y-Z_X;Corner_2D_-X-Y-Z_Y;
J0:19:20:46:149;Hatchback_Car_AI_C_3;211;39287.777344;-77738.640625;-54424.832031;759;655;650.383728;-0.034223;-0.999412;0.002023;39287.296875;-77752.46875;-54345.804688;204.0;92.0;76.0;39372.261719;-77959.34375;-54269.386719;39372.261719;-77959.65625;-54421.386719;39188.371094;-77953.046875;-54269.394531;39188.371094;-77953.359375;-54421.394531;39386.222656;-77551.578125;-54270.214844;39386.222656;-77551.890625;-54422.214844;39202.332031;-77545.28125;-54270.222656;39202.332031;-77545.59375;-54422.222656;759;644;740;636;740;658;753;630;753;651;765;636;765;658;777;630;777;651
J0:19:20:46:149;Hatchback_Car_AI_C_7;211;39321.023438;-76541.710938;-54424.964844;785;637;586.592468;-0.111806;-0.99373;-0.00109;39319.484375;-76555.710938;-54345.980469;204.0;92.0;76.0;39388.125;-76768.804688;-54270.246094;39388.070312;-76768.632812;-54422.246094;39205.28125;-76748.226562;-54270.160156;39205.226562;-76748.054688;-54422.160156;39433.742188;-76363.367188;-54269.800781;39433.6875;-76363.195312;-54421.800781;39250.898438;-76342.789062;-54269.714844;39250.84375;-76342.617188;-54421.714844;785;628;772;621;772;640;782;617;782;635;789;621;789;640;798;617;798;635
J0:19:20:46:149;Hatchback_Car_AI_C_0;211;29276.359375;-76787.570312;-53075.832031;-1;-1;676.014893;0.964426;-0.002089;-0.264345;29310.744141;-76787.976562;-53003.34375;204.0;92.0;76.0;29527.876953;-76696.765625;-52983.601562;29487.697266;-76696.046875;-53130.195312;29527.275391;-76880.765625;-52984.34375;29487.095703;-76880.046875;-53130.9375;29134.392578;-76695.90625;-52875.75;29094.212891;-76695.1875;-53022.34375;29133.791016;-76879.90625;-52876.492188;29093.611328;-76879.1875;-53023.085938;-1;-1;-1;-1;-1;-1;-1;-1;-1;-1;-1;-1;-1;-1;-1;-1;-1;-1
