Time;ID;Cat;XPos;YPos;ZPos;2D_XPos;2D_YPos;Vel;XDir;YDir;ZDir;BBox_XPos;BBox_YPos;BBox_ZPos;BBox_Ext_X;BBox_Ext_Y;BBox_Ext_Z;Corner_XYZ_X;Corner_XYZ_Y;Corner_XYZ_Z;Corner_XY-Z_X;Corner_XY-Z_Y;Corner_XY-Z_Z;Corner_X-YZ_X;Corner_X-YZ_Y;Corner_X-YZ_Z;Corner_X-Y-Z_X;Corner_X-Y-Z_Y;Corner_X-Y-Z_Z;Corner_-XYZ_X;Corner_-XYZ_Y;Corner_-XYZ_Z;Corner_-XY-Z_X;Corner_-XY-Z_Y;Corner_-XY-Z_Z;Corner_-X-YZ_X;Corner_-X-YZ_Y;Corner_-X-YZ_Z;Corner_-X-Y-Z_X;Corner_-X-Y-Z_Y;Corner_-X-Y-Z_Z;BBox_2D_XPos;BBox_2D_YPos;Corner_2D_XYZ_X;Corner_2D_XYZ_Y;Corner_2D_XY-Z_X;Corner_2D_XY-Z_Y;Corner_2D_X-YZ_X;Corner_2D_X-YZ_Y;Corner_2D_X-Y-Z_X;Corner_2D_X-Y-Z_Y;Corner_2D_-XYZ_X;Corner_2D_-XYZ_Y;Corner_-2D_XY-Z_X;Corner_2D_-XY-Z_Y;Corner_2D_-X-YZ_X;Corner_2D_-X-YZ_Y;Corner_2D_-X-Y-Z_X;Corner_2D_-X-Y-Z_Y;
J0:19:19:14:549;Hatchback_Car_AI_C_3;211;39419.695312;-74786.835938;-54444.25;807;621;665.951965;0.000973;-0.999163;0.040893;39419.789062;-74797.59375;-54364.742188;204.0;92.0;76.0;39512.066406;-74998.226562;-54280.558594;39511.910156;-75004.445312;-54432.433594;39328.066406;-74998.398438;-54280.363281;39327.910156;-75004.617188;-54432.238281;39511.667969;-74590.570312;-54297.246094;39511.511719;-74596.789062;-54449.121094;39327.667969;-74590.742188;-54297.050781;39327.511719;-74596.960938;-54448.925781;807;614;794;607;794;624;801;604;801;620;813;607;813;624;819;604;819;620
J0:19:19:14:549;Hatchback_Car_AI_C_7;211;39162.035156;-71534.179688;-54276.824219;865;588;664.120361;0.09903;-0.97432;-0.202223;39165.011719;-71563.71875;-54202.289062;204.0;92.0;76.0;39278.269531;-71768.46875;-54169.082031;39275.214844;-71737.890625;-54317.941406;39095.214844;-71787.0625;-54169.144531;39092.160156;-71756.484375;-54318.003906;39237.863281;-71370.953125;-54086.574219;39234.808594;-71340.375;-54235.433594;39054.808594;-71389.546875;-54086.636719;39051.753906;-71358.96875;-54235.496094;864;583;854;581;854;586;858;580;858;585;871;581;871;586;874;580;874;585
