Time;ID;Cat;XPos;YPos;ZPos;2D_XPos;2D_YPos;Vel;XDir;YDir;ZDir;BBox_XPos;BBox_YPos;BBox_ZPos;BBox_Ext_X;BBox_Ext_Y;BBox_Ext_Z;Corner_XYZ_X;Corner_XYZ_Y;Corner_XYZ_Z;Corner_XY-Z_X;Corner_XY-Z_Y;Corner_XY-Z_Z;Corner_X-YZ_X;Corner_X-YZ_Y;Corner_X-YZ_Z;Corner_X-Y-Z_X;Corner_X-Y-Z_Y;Corner_X-Y-Z_Z;Corner_-XYZ_X;Corner_-XYZ_Y;Corner_-XYZ_Z;Corner_-XY-Z_X;Corner_-XY-Z_Y;Corner_-XY-Z_Z;Corner_-X-YZ_X;Corner_-X-YZ_Y;Corner_-X-YZ_Z;Corner_-X-Y-Z_X;Corner_-X-Y-Z_Y;Corner_-X-Y-Z_Z;BBox_2D_XPos;BBox_2D_YPos;Corner_2D_XYZ_X;Corner_2D_XYZ_Y;Corner_2D_XY-Z_X;Corner_2D_XY-Z_Y;Corner_2D_X-YZ_X;Corner_2D_X-YZ_Y;Corner_2D_X-Y-Z_X;Corner_2D_X-Y-Z_Y;Corner_2D_-XYZ_X;Corner_2D_-XYZ_Y;Corner_-2D_XY-Z_X;Corner_2D_-XY-Z_Y;Corner_2D_-X-YZ_X;Corner_2D_-X-YZ_Y;Corner_2D_-X-Y-Z_X;Corner_2D_-X-Y-Z_Y;
J0:19:20:54:151;Hatchback_Car_AI_C_3;211;39273.667969;-78199.484375;-54424.796875;746;663;747.970337;-0.029743;-0.999555;0.002363;39273.246094;-78213.289062;-54345.765625;204.0;92.0;76.0;39359.136719;-78419.75;-54269.273438;39359.144531;-78420.109375;-54421.273438;39175.214844;-78414.28125;-54269.296875;39175.222656;-78414.640625;-54421.296875;39371.269531;-78011.9375;-54270.234375;39371.277344;-78012.296875;-54422.234375;39187.347656;-78006.46875;-54270.257812;39187.355469;-78006.828125;-54422.257812;746;651;725;643;725;668;740;636;740;659;752;643;752;668;766;636;766;659
J0:19:20:54:151;Hatchback_Car_AI_C_7;211;39271.246094;-76922.234375;-54424.96875;783;642;546.730835;-0.131459;-0.991321;-0.001193;39269.417969;-76936.210938;-54345.984375;204.0;92.0;76.0;39333.816406;-77150.625;-54270.257812;39333.792969;-77150.4375;-54422.257812;39151.410156;-77126.4375;-54270.195312;39151.386719;-77126.25;-54422.195312;39387.449219;-76746.171875;-54269.773438;39387.425781;-76745.984375;-54421.773438;39205.042969;-76721.984375;-54269.710938;39205.019531;-76721.796875;-54421.710938;783;632;769;625;769;645;780;620;780;639;786;625;786;645;796;620;796;639
J0:19:20:54:151;Hatchback_Car_AI_C_0;211;29726.039062;-76784.039062;-53198.300781;-1;-1;704.444763;0.96393;0.014137;-0.26578;29760.533203;-76783.804688;-53125.863281;204.0;92.0;76.0;29976.111328;-76688.898438;-53106.511719;29935.708984;-76688.960938;-53253.042969;29978.642578;-76872.882812;-53107.121094;29938.240234;-76872.945312;-53253.652344;29582.826172;-76694.664062;-52998.074219;29542.423828;-76694.726562;-53144.605469;29585.357422;-76878.648438;-52998.683594;29544.955078;-76878.710938;-53145.214844;-1;-1;-1;-1;-1;-1;-1;-1;-1;-1;-1;-1;-1;-1;-1;-1;-1;-1
