Time;ID;Cat;XPos;YPos;ZPos;2D_XPos;2D_YPos;Vel;XDir;YDir;ZDir;BBox_XPos;BBox_YPos;BBox_ZPos;BBox_Ext_X;BBox_Ext_Y;BBox_Ext_Z;Corner_XYZ_X;Corner_XYZ_Y;Corner_XYZ_Z;Corner_XY-Z_X;Corner_XY-Z_Y;Corner_XY-Z_Z;Corner_X-YZ_X;Corner_X-YZ_Y;Corner_X-YZ_Z;Corner_X-Y-Z_X;Corner_X-Y-Z_Y;Corner_X-Y-Z_Z;Corner_-XYZ_X;Corner_-XYZ_Y;Corner_-XYZ_Z;Corner_-XY-Z_X;Corner_-XY-Z_Y;Corner_-XY-Z_Z;Corner_-X-YZ_X;Corner_-X-YZ_Y;Corner_-X-YZ_Z;Corner_-X-Y-Z_X;Corner_-X-Y-Z_Y;Corner_-X-Y-Z_Z;BBox_2D_XPos;BBox_2D_YPos;Corner_2D_XYZ_X;Corner_2D_XYZ_Y;Corner_2D_XY-Z_X;Corner_2D_XY-Z_Y;Corner_2D_X-YZ_X;Corner_2D_X-YZ_Y;Corner_2D_X-Y-Z_X;Corner_2D_X-Y-Z_Y;Corner_2D_-XYZ_X;Corner_2D_-XYZ_Y;Corner_-2D_XY-Z_X;Corner_2D_-XY-Z_Y;Corner_2D_-X-YZ_X;Corner_2D_-X-YZ_Y;Corner_2D_-X-Y-Z_X;Corner_2D_-X-Y-Z_Y;
J0:19:19:20:546;Hatchback_Car_AI_C_3;211;39416.242188;-75068.984375;-54434.238281;803;623;491.27359;-0.018188;-0.999306;0.03251;39416.050781;-75080.40625;-54354.824219;204.0;92.0;76.0;39504.382812;-75283.46875;-54272.246094;39504.265625;-75288.40625;-54424.167969;39320.414062;-75280.125;-54272.214844;39320.296875;-75285.0625;-54424.136719;39511.804688;-74875.75;-54285.511719;39511.6875;-74880.6875;-54437.433594;39327.835938;-74872.40625;-54285.480469;39327.71875;-74877.34375;-54437.402344;803;615;790;608;790;625;797;605;797;622;809;608;809;625;815;605;815;622
J0:19:19:20:546;Hatchback_Car_AI_C_7;211;39196.289062;-71861.25;-54336.941406;860;594;662.815186;0.10625;-0.980027;-0.1681;39198.945312;-71888.203125;-54261.417969;204.0;92.0;76.0;39313.214844;-72090.984375;-54220.492188;39310.964844;-72065.53125;-54370.328125;39130.277344;-72110.71875;-54221.09375;39128.027344;-72085.265625;-54370.929688;39269.863281;-71691.140625;-54151.90625;39267.613281;-71665.6875;-54301.742188;39086.925781;-71710.875;-54152.507812;39084.675781;-71685.421875;-54302.34375;859;589;849;586;849;593;852;585;852;591;867;586;867;593;870;585;870;591
