Time;ID;Cat;XPos;YPos;ZPos;2D_XPos;2D_YPos;Vel;XDir;YDir;ZDir;BBox_XPos;BBox_YPos;BBox_ZPos;BBox_Ext_X;BBox_Ext_Y;BBox_Ext_Z;Corner_XYZ_X;Corner_XYZ_Y;Corner_XYZ_Z;Corner_XY-Z_X;Corner_XY-Z_Y;Corner_XY-Z_Z;Corner_X-YZ_X;Corner_X-YZ_Y;Corner_X-YZ_Z;Corner_X-Y-Z_X;Corner_X-Y-Z_Y;Corner_X-Y-Z_Z;Corner_-XYZ_X;Corner_-XYZ_Y;Corner_-XYZ_Z;Corner_-XY-Z_X;Corner_-XY-Z_Y;Corner_-XY-Z_Z;Corner_-X-YZ_X;Corner_-X-YZ_Y;Corner_-X-YZ_Z;Corner_-X-Y-Z_X;Corner_-X-Y-Z_Y;Corner_-X-Y-Z_Z;BBox_2D_XPos;BBox_2D_YPos;Corner_2D_XYZ_X;Corner_2D_XYZ_Y;Corner_2D_XY-Z_X;Corner_2D_XY-Z_Y;Corner_2D_X-YZ_X;Corner_2D_X-YZ_Y;Corner_2D_X-Y-Z_X;Corner_2D_X-Y-Z_Y;Corner_2D_-XYZ_X;Corner_2D_-XYZ_Y;Corner_-2D_XY-Z_X;Corner_2D_-XY-Z_Y;Corner_2D_-X-YZ_X;Corner_2D_-X-YZ_Y;Corner_2D_-X-Y-Z_X;Corner_2D_-X-Y-Z_Y;
J0:19:21:11:341;Hatchback_Car_AI_C_3;211;39250.171875;-79255.632812;-54425.035156;707;689;655.095032;-0.014974;-0.999886;-0.001969;39249.953125;-79269.789062;-54346.0625;204.0;92.0;76.0;39338.875;-79475.289062;-54270.453125;39338.898438;-79474.992188;-54422.453125;39154.898438;-79472.539062;-54270.476562;39154.921875;-79472.242188;-54422.476562;39344.984375;-79067.335938;-54269.648438;39345.007812;-79067.039062;-54421.648438;39161.007812;-79064.585938;-54269.671875;39161.03125;-79064.289062;-54421.671875;707;674;679;665;679;695;700;656;700;683;713;665;713;695;732;656;732;683
J0:19:21:11:341;Hatchback_Car_AI_C_7;211;38960.007812;-77565.1875;-54425.007812;810;652;506.420624;-0.80037;-0.599505;-0.001419;38949.246094;-77574.359375;-54346.03125;204.0;92.0;76.0;38841.546875;-77771.03125;-54271.359375;38840.695312;-77769.53125;-54423.351562;38731.242188;-77623.78125;-54269.289062;38730.390625;-77622.28125;-54421.28125;39168.101562;-77526.4375;-54270.78125;39167.25;-77524.9375;-54422.773438;39057.796875;-77379.1875;-54268.710938;39056.945312;-77377.6875;-54420.703125;811;641;822;633;822;655;830;628;830;648;791;633;791;655;801;628;801;648
J0:19:21:11:341;Hatchback_Car_AI_C_1;211;49017.8125;-78846.101562;-54425.941406;-1;-1;645.53894;-0.996904;-0.078624;-0.000428;49003.824219;-78847.21875;-54346.949219;204.0;92.0;76.0;48807.660156;-78954.992188;-54271.050781;48807.722656;-78954.960938;-54423.050781;48793.191406;-78771.554688;-54271.019531;48793.253906;-78771.523438;-54423.019531;49214.394531;-78922.914062;-54270.878906;49214.457031;-78922.882812;-54422.878906;49199.925781;-78739.476562;-54270.847656;49199.988281;-78739.445312;-54422.847656;-1;-1;-1;-1;-1;-1;-1;-1;-1;-1;-1;-1;-1;-1;-1;-1;-1;-1
