Time;ID;Cat;XPos;YPos;ZPos;2D_XPos;2D_YPos;Vel;XDir;YDir;ZDir;BBox_XPos;BBox_YPos;BBox_ZPos;BBox_Ext_X;BBox_Ext_Y;BBox_Ext_Z;Corner_XYZ_X;Corner_XYZ_Y;Corner_XYZ_Z;Corner_XY-Z_X;Corner_XY-Z_Y;Corner_XY-Z_Z;Corner_X-YZ_X;Corner_X-YZ_Y;Corner_X-YZ_Z;Corner_X-Y-Z_X;Corner_X-Y-Z_Y;Corner_X-Y-Z_Z;Corner_-XYZ_X;Corner_-XYZ_Y;Corner_-XYZ_Z;Corner_-XY-Z_X;Corner_-XY-Z_Y;Corner_-XY-Z_Z;Corner_-X-YZ_X;Corner_-X-YZ_Y;Corner_-X-YZ_Z;Corner_-X-Y-Z_X;Corner_-X-Y-Z_Y;Corner_-X-Y-Z_Z;BBox_2D_XPos;BBox_2D_YPos;Corner_2D_XYZ_X;Corner_2D_XYZ_Y;Corner_2D_XY-Z_X;Corner_2D_XY-Z_Y;Corner_2D_X-YZ_X;Corner_2D_X-YZ_Y;Corner_2D_X-Y-Z_X;Corner_2D_X-Y-Z_Y;Corner_2D_-XYZ_X;Corner_2D_-XYZ_Y;Corner_-2D_XY-Z_X;Corner_2D_-XY-Z_Y;Corner_2D_-X-YZ_X;Corner_2D_-X-YZ_Y;Corner_2D_-X-Y-Z_X;Corner_2D_-X-Y-Z_Y;
J0:19:19:52:147;Hatchback_Car_AI_C_3;211;39375.816406;-75837.640625;-54424.738281;794;629;101.310226;-0.079843;-0.996654;-0.017489;39374.640625;-75852.976562;-54345.996094;204.0;92.0;76.0;39450.003906;-76064.96875;-54273.636719;39450.113281;-76062.3125;-54425.613281;39266.589844;-76050.28125;-54273.511719;39266.699219;-76047.625;-54425.488281;39482.582031;-75658.328125;-54266.503906;39482.691406;-75655.671875;-54418.480469;39299.167969;-75643.640625;-54266.378906;39299.277344;-75640.984375;-54418.355469;793;621;781;614;781;631;789;611;789;627;798;614;798;631;806;611;806;627
J0:19:19:52:147;Hatchback_Car_AI_C_7;211;39378.085938;-73596.765625;-54478.769531;828;616;666.216736;0.083641;-0.996491;-0.00316;39379.273438;-73610.96875;-54399.8125;204.0;92.0;76.0;39488.027344;-73806.796875;-54324.449219;39487.996094;-73806.3125;-54476.449219;39304.675781;-73822.1875;-54324.464844;39304.644531;-73821.703125;-54476.464844;39453.902344;-73400.234375;-54323.160156;39453.871094;-73399.75;-54475.160156;39270.550781;-73415.625;-54323.175781;39270.519531;-73415.140625;-54475.175781;827;609;815;603;815;617;820;601;820;614;835;603;835;617;839;601;839;614
