Time;ID;Cat;XPos;YPos;ZPos;2D_XPos;2D_YPos;Vel;XDir;YDir;ZDir;BBox_XPos;BBox_YPos;BBox_ZPos;BBox_Ext_X;BBox_Ext_Y;BBox_Ext_Z;Corner_XYZ_X;Corner_XYZ_Y;Corner_XYZ_Z;Corner_XY-Z_X;Corner_XY-Z_Y;Corner_XY-Z_Z;Corner_X-YZ_X;Corner_X-YZ_Y;Corner_X-YZ_Z;Corner_X-Y-Z_X;Corner_X-Y-Z_Y;Corner_X-Y-Z_Z;Corner_-XYZ_X;Corner_-XYZ_Y;Corner_-XYZ_Z;Corner_-XY-Z_X;Corner_-XY-Z_Y;Corner_-XY-Z_Z;Corner_-X-YZ_X;Corner_-X-YZ_Y;Corner_-X-YZ_Z;Corner_-X-Y-Z_X;Corner_-X-Y-Z_Y;Corner_-X-Y-Z_Z;BBox_2D_XPos;BBox_2D_YPos;Corner_2D_XYZ_X;Corner_2D_XYZ_Y;Corner_2D_XY-Z_X;Corner_2D_XY-Z_Y;Corner_2D_X-YZ_X;Corner_2D_X-YZ_Y;Corner_2D_X-Y-Z_X;Corner_2D_X-Y-Z_Y;Corner_2D_-XYZ_X;Corner_2D_-XYZ_Y;Corner_-2D_XY-Z_X;Corner_2D_-XY-Z_Y;Corner_2D_-X-YZ_X;Corner_2D_-X-YZ_Y;Corner_2D_-X-Y-Z_X;Corner_2D_-X-Y-Z_Y;
J0:19:20:50:946;Hatchback_Car_AI_C_3;211;39279.335938;-78007.15625;-54424.808594;752;660;707.289124;-0.031641;-0.999497;0.002256;39278.890625;-78020.96875;-54345.777344;204.0;92.0;76.0;39364.390625;-78227.609375;-54269.308594;39364.390625;-78227.953125;-54421.308594;39180.484375;-78221.78125;-54269.324219;39180.484375;-78222.125;-54421.324219;39377.296875;-77819.8125;-54270.230469;39377.296875;-77820.15625;-54422.230469;39193.390625;-77813.984375;-54270.246094;39193.390625;-77814.328125;-54422.246094;752;648;731;640;731;664;746;634;746;656;758;640;758;664;770;634;770;656
J0:19:20:50:946;Hatchback_Car_AI_C_7;211;39291.671875;-76773.242188;-54424.972656;784;640;562.699463;-0.123692;-0.99232;-0.001172;39289.957031;-76787.226562;-54345.988281;204.0;92.0;76.0;39356.03125;-77001.132812;-54270.257812;39356.0;-77000.945312;-54422.257812;39173.445312;-76978.367188;-54270.195312;39173.414062;-76978.179688;-54422.195312;39406.5;-76596.273438;-54269.78125;39406.46875;-76596.085938;-54421.78125;39223.914062;-76573.507812;-54269.71875;39223.882812;-76573.320312;-54421.71875;784;631;770;623;770;643;780;619;780;637;787;623;787;643;797;619;797;637
J0:19:20:50:946;Hatchback_Car_AI_C_0;211;29549.658203;-76786.21875;-53150.035156;-1;-1;712.383118;0.964216;0.006559;-0.265035;29584.095703;-76786.226562;-53077.570312;204.0;92.0;76.0;29800.388672;-76692.984375;-53058.085938;29760.099609;-76692.796875;-53204.648438;29801.490234;-76876.984375;-53058.625;29761.201172;-76876.796875;-53205.1875;29406.990234;-76695.65625;-52949.953125;29366.701172;-76695.46875;-53096.515625;29408.091797;-76879.65625;-52950.492188;29367.802734;-76879.46875;-53097.054688;-1;-1;-1;-1;-1;-1;-1;-1;-1;-1;-1;-1;-1;-1;-1;-1;-1;-1
