Time;ID;Cat;XPos;YPos;ZPos;2D_XPos;2D_YPos;Vel;XDir;YDir;ZDir;BBox_XPos;BBox_YPos;BBox_ZPos;BBox_Ext_X;BBox_Ext_Y;BBox_Ext_Z;Corner_XYZ_X;Corner_XYZ_Y;Corner_XYZ_Z;Corner_XY-Z_X;Corner_XY-Z_Y;Corner_XY-Z_Z;Corner_X-YZ_X;Corner_X-YZ_Y;Corner_X-YZ_Z;Corner_X-Y-Z_X;Corner_X-Y-Z_Y;Corner_X-Y-Z_Z;Corner_-XYZ_X;Corner_-XYZ_Y;Corner_-XYZ_Z;Corner_-XY-Z_X;Corner_-XY-Z_Y;Corner_-XY-Z_Z;Corner_-X-YZ_X;Corner_-X-YZ_Y;Corner_-X-YZ_Z;Corner_-X-Y-Z_X;Corner_-X-Y-Z_Y;Corner_-X-Y-Z_Z;BBox_2D_XPos;BBox_2D_YPos;Corner_2D_XYZ_X;Corner_2D_XYZ_Y;Corner_2D_XY-Z_X;Corner_2D_XY-Z_Y;Corner_2D_X-YZ_X;Corner_2D_X-YZ_Y;Corner_2D_X-Y-Z_X;Corner_2D_X-Y-Z_Y;Corner_2D_-XYZ_X;Corner_2D_-XYZ_Y;Corner_-2D_XY-Z_X;Corner_2D_-XY-Z_Y;Corner_2D_-X-YZ_X;Corner_2D_-X-YZ_Y;Corner_2D_-X-Y-Z_X;Corner_2D_-X-Y-Z_Y;
J0:19:19:47:343;Hatchback_Car_AI_C_3;211;39380.582031;-75787.0;-54423.988281;794;629;159.571945;-0.071996;-0.997326;-0.012529;39379.527344;-75801.953125;-54345.167969;204.0;92.0;76.0;39456.558594;-76012.984375;-54271.757812;39456.644531;-76011.078125;-54423.742188;39273.035156;-75999.734375;-54271.703125;39273.121094;-75997.828125;-54423.6875;39485.933594;-75606.078125;-54266.648438;39486.019531;-75604.171875;-54418.632812;39302.410156;-75592.828125;-54266.59375;39302.496094;-75590.921875;-54418.578125;794;620;781;614;781;630;789;610;789;626;798;614;798;630;806;610;806;626
J0:19:19:47:343;Hatchback_Car_AI_C_7;211;39355.148438;-73326.898438;-54475.328125;833;613;666.413208;0.095497;-0.995097;-0.025742;39356.523438;-73342.867188;-54396.714844;204.0;92.0;76.0;39467.621094;-73539.046875;-54325.808594;39467.542969;-73535.125;-54477.761719;39284.464844;-73556.609375;-54326.167969;39284.386719;-73552.6875;-54478.121094;39428.660156;-73133.046875;-54315.308594;39428.582031;-73129.125;-54467.261719;39245.503906;-73150.609375;-54315.667969;39245.425781;-73146.6875;-54467.621094;833;607;820;602;820;614;825;599;825;612;840;602;840;614;844;599;844;612
