Time;ID;Cat;XPos;YPos;ZPos;2D_XPos;2D_YPos;Vel;XDir;YDir;ZDir;BBox_XPos;BBox_YPos;BBox_ZPos;BBox_Ext_X;BBox_Ext_Y;BBox_Ext_Z;Corner_XYZ_X;Corner_XYZ_Y;Corner_XYZ_Z;Corner_XY-Z_X;Corner_XY-Z_Y;Corner_XY-Z_Z;Corner_X-YZ_X;Corner_X-YZ_Y;Corner_X-YZ_Z;Corner_X-Y-Z_X;Corner_X-Y-Z_Y;Corner_X-Y-Z_Z;Corner_-XYZ_X;Corner_-XYZ_Y;Corner_-XYZ_Z;Corner_-XY-Z_X;Corner_-XY-Z_Y;Corner_-XY-Z_Z;Corner_-X-YZ_X;Corner_-X-YZ_Y;Corner_-X-YZ_Z;Corner_-X-Y-Z_X;Corner_-X-Y-Z_Y;Corner_-X-Y-Z_Z;BBox_2D_XPos;BBox_2D_YPos;Corner_2D_XYZ_X;Corner_2D_XYZ_Y;Corner_2D_XY-Z_X;Corner_2D_XY-Z_Y;Corner_2D_X-YZ_X;Corner_2D_X-YZ_Y;Corner_2D_X-Y-Z_X;Corner_2D_X-Y-Z_Y;Corner_2D_-XYZ_X;Corner_2D_-XYZ_Y;Corner_-2D_XY-Z_X;Corner_2D_-XY-Z_Y;Corner_2D_-X-YZ_X;Corner_2D_-X-YZ_Y;Corner_2D_-X-Y-Z_X;Corner_2D_-X-Y-Z_Y;
J0:19:20:59:741;Hatchback_Car_AI_C_3;211;39263.785156;-78565.75;-54424.761719;735;671;833.749695;-0.025934;-0.99966;0.002742;39263.417969;-78579.53125;-54345.722656;204.0;92.0;76.0;39350.09375;-78785.632812;-54269.152344;39350.101562;-78786.054688;-54421.152344;39166.15625;-78780.867188;-54269.175781;39166.164062;-78781.289062;-54421.175781;39360.671875;-78377.773438;-54270.269531;39360.679688;-78378.195312;-54422.269531;39176.734375;-78373.007812;-54270.292969;39176.742188;-78373.429688;-54422.292969;734;658;711;650;711;676;728;642;728;667;741;650;741;676;756;642;756;667
J0:19:20:59:741;Hatchback_Car_AI_C_7;211;39234.101562;-77172.75;-54424.980469;782;646;524.282593;-0.144554;-0.989496;-0.000982;39232.105469;-77186.6875;-54345.996094;204.0;92.0;76.0;39293.679688;-77401.921875;-54270.242188;39293.625;-77401.765625;-54422.242188;39111.609375;-77375.328125;-54270.148438;39111.554688;-77375.171875;-54422.148438;39352.65625;-76998.203125;-54269.84375;39352.601562;-76998.046875;-54421.84375;39170.585938;-76971.609375;-54269.75;39170.53125;-76971.453125;-54421.75;782;636;768;628;768;649;779;623;779;643;785;628;785;649;795;623;795;643
J0:19:20:59:741;Hatchback_Car_AI_C_0;211;30034.611328;-76776.945312;-53282.644531;-1;-1;651.505554;0.963077;0.025448;-0.268019;30069.267578;-76776.28125;-53210.289062;204.0;92.0;76.0;30283.755859;-76678.835938;-53191.460938;30243.017578;-76679.414062;-53337.898438;30288.455078;-76862.773438;-53192.03125;30247.716797;-76863.351562;-53338.46875;29890.818359;-76689.210938;-53082.109375;29850.080078;-76689.789062;-53228.546875;29895.517578;-76873.148438;-53082.679688;29854.779297;-76873.726562;-53229.117188;-1;-1;1902;486;1902;491;-1;-1;-1;-1;-1;-1;-1;-1;-1;-1;-1;-1
