Time;ID;Cat;XPos;YPos;ZPos;2D_XPos;2D_YPos;Vel;XDir;YDir;ZDir;BBox_XPos;BBox_YPos;BBox_ZPos;BBox_Ext_X;BBox_Ext_Y;BBox_Ext_Z;Corner_XYZ_X;Corner_XYZ_Y;Corner_XYZ_Z;Corner_XY-Z_X;Corner_XY-Z_Y;Corner_XY-Z_Z;Corner_X-YZ_X;Corner_X-YZ_Y;Corner_X-YZ_Z;Corner_X-Y-Z_X;Corner_X-Y-Z_Y;Corner_X-Y-Z_Z;Corner_-XYZ_X;Corner_-XYZ_Y;Corner_-XYZ_Z;Corner_-XY-Z_X;Corner_-XY-Z_Y;Corner_-XY-Z_Z;Corner_-X-YZ_X;Corner_-X-YZ_Y;Corner_-X-YZ_Z;Corner_-X-Y-Z_X;Corner_-X-Y-Z_Y;Corner_-X-Y-Z_Z;BBox_2D_XPos;BBox_2D_YPos;Corner_2D_XYZ_X;Corner_2D_XYZ_Y;Corner_2D_XY-Z_X;Corner_2D_XY-Z_Y;Corner_2D_X-YZ_X;Corner_2D_X-YZ_Y;Corner_2D_X-Y-Z_X;Corner_2D_X-Y-Z_Y;Corner_2D_-XYZ_X;Corner_2D_-XYZ_Y;Corner_-2D_XY-Z_X;Corner_2D_-XY-Z_Y;Corner_2D_-X-YZ_X;Corner_2D_-X-YZ_Y;Corner_2D_-X-Y-Z_X;Corner_2D_-X-Y-Z_Y;
J0:19:19:44:545;Hatchback_Car_AI_C_3;211;39383.957031;-75746.546875;-54423.5625;794;628;195.056824;-0.067154;-0.997706;-0.008608;39382.988281;-75761.195312;-54344.6875;204.0;92.0;76.0;39461.054688;-75971.5625;-54270.46875;39461.109375;-75970.25;-54422.460938;39277.46875;-75959.203125;-54270.429688;39277.523438;-75957.890625;-54422.421875;39488.453125;-75564.5;-54266.953125;39488.507812;-75563.1875;-54418.945312;39304.867188;-75552.140625;-54266.914062;39304.921875;-75550.828125;-54418.90625;794;620;781;613;781;630;790;610;790;626;799;613;799;630;807;610;807;626
J0:19:19:44:545;Hatchback_Car_AI_C_7;211;39340.898438;-73175.984375;-54470.613281;836;612;619.326538;0.10243;-0.993857;-0.041904;39342.464844;-73193.210938;-54392.269531;204.0;92.0;76.0;39455.0;-73389.726562;-54324.640625;39454.75;-73383.351562;-54476.507812;39271.96875;-73408.570312;-54325.125;39271.71875;-73402.195312;-54476.992188;39413.210938;-72984.226562;-54307.546875;39412.960938;-72977.851562;-54459.414062;39230.179688;-73003.070312;-54308.03125;39229.929688;-72996.695312;-54459.898438;835;605;823;601;823;612;828;599;828;610;843;601;843;612;847;599;847;610
