Time;ID;Cat;XPos;YPos;ZPos;2D_XPos;2D_YPos;Vel;XDir;YDir;ZDir;BBox_XPos;BBox_YPos;BBox_ZPos;BBox_Ext_X;BBox_Ext_Y;BBox_Ext_Z;Corner_XYZ_X;Corner_XYZ_Y;Corner_XYZ_Z;Corner_XY-Z_X;Corner_XY-Z_Y;Corner_XY-Z_Z;Corner_X-YZ_X;Corner_X-YZ_Y;Corner_X-YZ_Z;Corner_X-Y-Z_X;Corner_X-Y-Z_Y;Corner_X-Y-Z_Z;Corner_-XYZ_X;Corner_-XYZ_Y;Corner_-XYZ_Z;Corner_-XY-Z_X;Corner_-XY-Z_Y;Corner_-XY-Z_Z;Corner_-X-YZ_X;Corner_-X-YZ_Y;Corner_-X-YZ_Z;Corner_-X-Y-Z_X;Corner_-X-Y-Z_Y;Corner_-X-Y-Z_Z;BBox_2D_XPos;BBox_2D_YPos;Corner_2D_XYZ_X;Corner_2D_XYZ_Y;Corner_2D_XY-Z_X;Corner_2D_XY-Z_Y;Corner_2D_X-YZ_X;Corner_2D_X-YZ_Y;Corner_2D_X-Y-Z_X;Corner_2D_X-Y-Z_Y;Corner_2D_-XYZ_X;Corner_2D_-XYZ_Y;Corner_-2D_XY-Z_X;Corner_2D_-XY-Z_Y;Corner_2D_-X-YZ_X;Corner_2D_-X-YZ_Y;Corner_2D_-X-Y-Z_X;Corner_2D_-X-Y-Z_Y;
J0:19:20:53:744;Hatchback_Car_AI_C_3;211;39274.378906;-78174.523438;-54424.769531;747;663;726.700684;-0.031004;-0.999518;0.00149;39273.945312;-78188.398438;-54345.75;204.0;92.0;76.0;39359.578125;-78395.039062;-54269.441406;39359.578125;-78395.257812;-54421.441406;39175.664062;-78389.335938;-54269.449219;39175.664062;-78389.554688;-54421.449219;39372.226562;-77987.242188;-54270.050781;39372.226562;-77987.460938;-54422.050781;39188.3125;-77981.539062;-54270.058594;39188.3125;-77981.757812;-54422.058594;747;651;726;643;726;667;741;636;741;659;753;643;753;667;766;636;766;659
J0:19:20:53:744;Hatchback_Car_AI_C_7;211;39273.773438;-76904.234375;-54425.0;783;642;569.219788;-0.132415;-0.991194;-0.000156;39271.9375;-76918.125;-54346.003906;204.0;92.0;76.0;39336.136719;-77132.523438;-54270.058594;39336.097656;-77132.492188;-54422.058594;39153.753906;-77108.164062;-54270.011719;39153.714844;-77108.132812;-54422.011719;39390.160156;-76728.117188;-54269.996094;39390.121094;-76728.085938;-54421.996094;39207.777344;-76703.757812;-54269.949219;39207.738281;-76703.726562;-54421.949219;783;632;769;625;769;645;780;620;780;639;786;625;786;645;796;620;796;639
J0:19:20:53:744;Hatchback_Car_AI_C_0;211;29703.335938;-76784.398438;-53192.101562;-1;-1;678.733948;0.96358;0.015019;-0.267;29737.921875;-76784.179688;-53119.707031;204.0;92.0;76.0;29953.453125;-76689.117188;-53100.574219;29912.863281;-76689.132812;-53247.058594;29956.121094;-76873.101562;-53101.292969;29915.53125;-76873.117188;-53247.777344;29560.3125;-76695.242188;-52991.636719;29519.722656;-76695.257812;-53138.121094;29562.980469;-76879.226562;-52992.355469;29522.390625;-76879.242188;-53138.839844;-1;-1;-1;-1;-1;-1;-1;-1;-1;-1;-1;-1;-1;-1;-1;-1;-1;-1
