Time;ID;Cat;XPos;YPos;ZPos;2D_XPos;2D_YPos;Vel;XDir;YDir;ZDir;BBox_XPos;BBox_YPos;BBox_ZPos;BBox_Ext_X;BBox_Ext_Y;BBox_Ext_Z;Corner_XYZ_X;Corner_XYZ_Y;Corner_XYZ_Z;Corner_XY-Z_X;Corner_XY-Z_Y;Corner_XY-Z_Z;Corner_X-YZ_X;Corner_X-YZ_Y;Corner_X-YZ_Z;Corner_X-Y-Z_X;Corner_X-Y-Z_Y;Corner_X-Y-Z_Z;Corner_-XYZ_X;Corner_-XYZ_Y;Corner_-XYZ_Z;Corner_-XY-Z_X;Corner_-XY-Z_Y;Corner_-XY-Z_Z;Corner_-X-YZ_X;Corner_-X-YZ_Y;Corner_-X-YZ_Z;Corner_-X-Y-Z_X;Corner_-X-Y-Z_Y;Corner_-X-Y-Z_Z;BBox_2D_XPos;BBox_2D_YPos;Corner_2D_XYZ_X;Corner_2D_XYZ_Y;Corner_2D_XY-Z_X;Corner_2D_XY-Z_Y;Corner_2D_X-YZ_X;Corner_2D_X-YZ_Y;Corner_2D_X-Y-Z_X;Corner_2D_X-Y-Z_Y;Corner_2D_-XYZ_X;Corner_2D_-XYZ_Y;Corner_-2D_XY-Z_X;Corner_2D_-XY-Z_Y;Corner_2D_-X-YZ_X;Corner_2D_-X-YZ_Y;Corner_2D_-X-Y-Z_X;Corner_2D_-X-Y-Z_Y;
J0:19:20:27:346;Hatchback_Car_AI_C_3;211;39320.375;-76838.578125;-54424.75;779;641;542.06189;-0.045103;-0.998982;0.000944;39319.742188;-76852.492188;-54345.738281;204.0;92.0;76.0;39402.449219;-77060.359375;-54269.542969;39402.449219;-77060.5;-54421.542969;39218.636719;-77052.0625;-54269.550781;39218.636719;-77052.203125;-54421.550781;39420.847656;-76652.78125;-54269.925781;39420.847656;-76652.921875;-54421.925781;39237.035156;-76644.484375;-54269.933594;39237.035156;-76644.625;-54421.933594;778;631;763;624;763;644;773;620;773;638;784;624;784;644;793;620;793;638
J0:19:20:27:346;Hatchback_Car_AI_C_11;211;39286.050781;-72670.195312;-54438.910156;846;606;678.591553;0.111157;-0.989894;-0.088056;39287.988281;-72691.007812;-54361.449219;204.0;92.0;76.0;39402.460938;-72889.414062;-54303.25;39401.726562;-72876.023438;-54454.65625;39219.601562;-72909.867188;-54304.171875;39218.867188;-72896.476562;-54455.578125;39357.109375;-72485.539062;-54267.320312;39356.375;-72472.148438;-54418.726562;39174.25;-72505.992188;-54268.242188;39173.515625;-72492.601562;-54419.648438;845;600;834;596;834;606;838;594;838;604;853;596;853;606;856;594;856;604
J0:19:20:27:346;Hatchback_Car_AI_C_0;211;28241.591797;-76763.210938;-52800.683594;-1;-1;688.643372;0.966078;-0.050249;-0.253316;28275.078125;-76765.414062;-52727.808594;204.0;92.0;76.0;28496.275391;-76685.242188;-52705.445312;28457.869141;-76682.351562;-52852.484375;28486.447266;-76868.976562;-52706.484375;28448.041016;-76866.085938;-52853.523438;28102.115234;-76664.742188;-52602.09375;28063.708984;-76661.851562;-52749.132812;28092.287109;-76848.476562;-52603.132812;28053.880859;-76845.585938;-52750.171875;-1;-1;-1;-1;-1;-1;-1;-1;-1;-1;-1;-1;-1;-1;-1;-1;-1;-1
