Time;ID;Cat;XPos;YPos;ZPos;2D_XPos;2D_YPos;Vel;XDir;YDir;ZDir;BBox_XPos;BBox_YPos;BBox_ZPos;BBox_Ext_X;BBox_Ext_Y;BBox_Ext_Z;Corner_XYZ_X;Corner_XYZ_Y;Corner_XYZ_Z;Corner_XY-Z_X;Corner_XY-Z_Y;Corner_XY-Z_Z;Corner_X-YZ_X;Corner_X-YZ_Y;Corner_X-YZ_Z;Corner_X-Y-Z_X;Corner_X-Y-Z_Y;Corner_X-Y-Z_Z;Corner_-XYZ_X;Corner_-XYZ_Y;Corner_-XYZ_Z;Corner_-XY-Z_X;Corner_-XY-Z_Y;Corner_-XY-Z_Z;Corner_-X-YZ_X;Corner_-X-YZ_Y;Corner_-X-YZ_Z;Corner_-X-Y-Z_X;Corner_-X-Y-Z_Y;Corner_-X-Y-Z_Z;BBox_2D_XPos;BBox_2D_YPos;Corner_2D_XYZ_X;Corner_2D_XYZ_Y;Corner_2D_XY-Z_X;Corner_2D_XY-Z_Y;Corner_2D_X-YZ_X;Corner_2D_X-YZ_Y;Corner_2D_X-Y-Z_X;Corner_2D_X-Y-Z_Y;Corner_2D_-XYZ_X;Corner_2D_-XYZ_Y;Corner_-2D_XY-Z_X;Corner_2D_-XY-Z_Y;Corner_2D_-X-YZ_X;Corner_2D_-X-YZ_Y;Corner_2D_-X-Y-Z_X;Corner_2D_-X-Y-Z_Y;
J0:19:20:45:742;Hatchback_Car_AI_C_3;211;39288.480469;-77716.9375;-54424.804688;760;654;629.477661;-0.035866;-0.999356;0.001106;39287.980469;-77730.84375;-54345.789062;204.0;92.0;76.0;39372.605469;-77937.921875;-54269.558594;39372.605469;-77938.09375;-54421.558594;39188.722656;-77931.328125;-54269.566406;39188.722656;-77931.5;-54421.566406;39387.238281;-77530.1875;-54270.011719;39387.238281;-77530.359375;-54422.011719;39203.355469;-77523.59375;-54270.019531;39203.355469;-77523.765625;-54422.019531;759;643;740;635;740;658;753;630;753;651;765;635;765;658;777;630;777;651
J0:19:20:45:742;Hatchback_Car_AI_C_7;211;39323.34375;-76522.34375;-54424.992188;786;637;607.398987;-0.112798;-0.993618;-0.000124;39321.796875;-76536.265625;-54345.992188;204.0;92.0;76.0;39390.230469;-76749.351562;-54270.058594;39390.167969;-76749.320312;-54422.058594;39207.402344;-76728.601562;-54269.972656;39207.339844;-76728.570312;-54421.972656;39436.253906;-76343.960938;-54270.011719;39436.191406;-76343.929688;-54422.011719;39253.425781;-76323.210938;-54269.925781;39253.363281;-76323.179688;-54421.925781;785;628;772;621;772;640;782;616;782;634;789;621;789;640;798;616;798;634
J0:19:20:45:742;Hatchback_Car_AI_C_0;211;29254.628906;-76787.539062;-53069.992188;-1;-1;685.80542;0.964624;-0.001285;-0.263625;29288.958984;-76787.953125;-52997.476562;204.0;92.0;76.0;29506.011719;-76696.59375;-52977.535156;29465.941406;-76695.84375;-53124.160156;29505.542969;-76880.59375;-52978.355469;29465.472656;-76879.84375;-53124.980469;29112.445312;-76696.0625;-52869.972656;29072.375;-76695.3125;-53016.597656;29111.976562;-76880.0625;-52870.792969;29071.90625;-76879.3125;-53017.417969;-1;-1;-1;-1;-1;-1;-1;-1;-1;-1;-1;-1;-1;-1;-1;-1;-1;-1
