Time;ID;Cat;XPos;YPos;ZPos;2D_XPos;2D_YPos;Vel;XDir;YDir;ZDir;BBox_XPos;BBox_YPos;BBox_ZPos;BBox_Ext_X;BBox_Ext_Y;BBox_Ext_Z;Corner_XYZ_X;Corner_XYZ_Y;Corner_XYZ_Z;Corner_XY-Z_X;Corner_XY-Z_Y;Corner_XY-Z_Z;Corner_X-YZ_X;Corner_X-YZ_Y;Corner_X-YZ_Z;Corner_X-Y-Z_X;Corner_X-Y-Z_Y;Corner_X-Y-Z_Z;Corner_-XYZ_X;Corner_-XYZ_Y;Corner_-XYZ_Z;Corner_-XY-Z_X;Corner_-XY-Z_Y;Corner_-XY-Z_Z;Corner_-X-YZ_X;Corner_-X-YZ_Y;Corner_-X-YZ_Z;Corner_-X-Y-Z_X;Corner_-X-Y-Z_Y;Corner_-X-Y-Z_Z;BBox_2D_XPos;BBox_2D_YPos;Corner_2D_XYZ_X;Corner_2D_XYZ_Y;Corner_2D_XY-Z_X;Corner_2D_XY-Z_Y;Corner_2D_X-YZ_X;Corner_2D_X-YZ_Y;Corner_2D_X-Y-Z_X;Corner_2D_X-Y-Z_Y;Corner_2D_-XYZ_X;Corner_2D_-XYZ_Y;Corner_-2D_XY-Z_X;Corner_2D_-XY-Z_Y;Corner_2D_-X-YZ_X;Corner_2D_-X-YZ_Y;Corner_2D_-X-Y-Z_X;Corner_2D_-X-Y-Z_Y;
J0:19:21:10:148;Hatchback_Car_AI_C_3;211;39251.160156;-79188.953125;-54424.882812;710;687;693.106323;-0.016058;-0.999871;-0.000304;39250.925781;-79202.976562;-54345.886719;204.0;92.0;76.0;39339.628906;-79408.453125;-54269.941406;39339.644531;-79408.40625;-54421.941406;39155.652344;-79405.5;-54269.957031;39155.667969;-79405.453125;-54421.957031;39346.183594;-79000.5;-54269.816406;39346.199219;-79000.453125;-54421.816406;39162.207031;-78997.546875;-54269.832031;39162.222656;-78997.5;-54421.832031;710;673;682;664;682;693;703;654;703;681;716;664;716;693;735;654;735;681
J0:19:21:10:148;Hatchback_Car_AI_C_7;211;39004.765625;-77539.84375;-54424.992188;804;652;524.225708;-0.735454;-0.677575;-0.000427;38995.003906;-77549.960938;-54346.003906;204.0;92.0;76.0;38907.816406;-77756.445312;-54271.054688;38906.792969;-77755.242188;-54423.046875;38783.152344;-77621.132812;-54269.132812;38782.128906;-77619.929688;-54421.125;39207.878906;-77479.992188;-54270.882812;39206.855469;-77478.789062;-54422.875;39083.214844;-77344.679688;-54268.960938;39082.191406;-77343.476562;-54420.953125;805;641;813;633;813;655;822;628;822;648;788;633;788;655;798;628;798;648
J0:19:21:10:148;Hatchback_Car_AI_C_1;211;49082.523438;-78840.992188;-54426.035156;-1;-1;651.349426;-0.996636;-0.081946;-0.000252;49068.550781;-78842.140625;-54347.039062;204.0;92.0;76.0;48872.757812;-78950.546875;-54271.09375;48872.796875;-78950.546875;-54423.09375;48857.679688;-78767.171875;-54271.085938;48857.71875;-78767.171875;-54423.085938;49279.382812;-78917.109375;-54270.992188;49279.421875;-78917.109375;-54422.992188;49264.304688;-78733.734375;-54270.984375;49264.34375;-78733.734375;-54422.984375;-1;-1;-1;-1;-1;-1;-1;-1;-1;-1;-1;-1;-1;-1;-1;-1;-1;-1
