Time;ID;Cat;XPos;YPos;ZPos;2D_XPos;2D_YPos;Vel;XDir;YDir;ZDir;BBox_XPos;BBox_YPos;BBox_ZPos;BBox_Ext_X;BBox_Ext_Y;BBox_Ext_Z;Corner_XYZ_X;Corner_XYZ_Y;Corner_XYZ_Z;Corner_XY-Z_X;Corner_XY-Z_Y;Corner_XY-Z_Z;Corner_X-YZ_X;Corner_X-YZ_Y;Corner_X-YZ_Z;Corner_X-Y-Z_X;Corner_X-Y-Z_Y;Corner_X-Y-Z_Z;Corner_-XYZ_X;Corner_-XYZ_Y;Corner_-XYZ_Z;Corner_-XY-Z_X;Corner_-XY-Z_Y;Corner_-XY-Z_Z;Corner_-X-YZ_X;Corner_-X-YZ_Y;Corner_-X-YZ_Z;Corner_-X-Y-Z_X;Corner_-X-Y-Z_Y;Corner_-X-Y-Z_Z;BBox_2D_XPos;BBox_2D_YPos;Corner_2D_XYZ_X;Corner_2D_XYZ_Y;Corner_2D_XY-Z_X;Corner_2D_XY-Z_Y;Corner_2D_X-YZ_X;Corner_2D_X-YZ_Y;Corner_2D_X-Y-Z_X;Corner_2D_X-Y-Z_Y;Corner_2D_-XYZ_X;Corner_2D_-XYZ_Y;Corner_-2D_XY-Z_X;Corner_2D_-XY-Z_Y;Corner_2D_-X-YZ_X;Corner_2D_-X-YZ_Y;Corner_2D_-X-Y-Z_X;Corner_2D_-X-Y-Z_Y;
J0:19:19:19:346;Hatchback_Car_AI_C_3;211;39417.265625;-75019.203125;-54435.707031;804;623;517.877808;-0.014809;-0.999351;0.032825;39417.128906;-75030.601562;-54356.289062;204.0;92.0;76.0;39506.164062;-75233.34375;-54273.667969;39506.03125;-75238.328125;-54425.589844;39322.1875;-75230.609375;-54273.597656;39322.054688;-75235.59375;-54425.519531;39512.203125;-74825.609375;-54287.058594;39512.070312;-74830.59375;-54438.980469;39328.226562;-74822.875;-54286.988281;39328.09375;-74827.859375;-54438.910156;804;615;791;608;791;625;798;605;798;621;809;608;809;625;816;605;816;621
J0:19:19:19:346;Hatchback_Car_AI_C_7;211;39189.53125;-71797.023438;-54325.90625;861;593;667.672607;0.102473;-0.979297;-0.174578;39192.214844;-71824.46875;-54250.5625;204.0;92.0;76.0;39305.828125;-72027.914062;-54211.128906;39303.421875;-72001.492188;-54360.792969;39122.820312;-72046.992188;-54211.558594;39120.414062;-72020.570312;-54361.222656;39264.015625;-71628.367188;-54139.902344;39261.609375;-71601.945312;-54289.566406;39081.007812;-71647.445312;-54140.332031;39078.601562;-71621.023438;-54289.996094;860;587;850;585;850;591;853;584;853;590;868;585;868;591;870;584;870;590
