Time;ID;Cat;XPos;YPos;ZPos;2D_XPos;2D_YPos;Vel;XDir;YDir;ZDir;BBox_XPos;BBox_YPos;BBox_ZPos;BBox_Ext_X;BBox_Ext_Y;BBox_Ext_Z;Corner_XYZ_X;Corner_XYZ_Y;Corner_XYZ_Z;Corner_XY-Z_X;Corner_XY-Z_Y;Corner_XY-Z_Z;Corner_X-YZ_X;Corner_X-YZ_Y;Corner_X-YZ_Z;Corner_X-Y-Z_X;Corner_X-Y-Z_Y;Corner_X-Y-Z_Z;Corner_-XYZ_X;Corner_-XYZ_Y;Corner_-XYZ_Z;Corner_-XY-Z_X;Corner_-XY-Z_Y;Corner_-XY-Z_Z;Corner_-X-YZ_X;Corner_-X-YZ_Y;Corner_-X-YZ_Z;Corner_-X-Y-Z_X;Corner_-X-Y-Z_Y;Corner_-X-Y-Z_Z;BBox_2D_XPos;BBox_2D_YPos;Corner_2D_XYZ_X;Corner_2D_XYZ_Y;Corner_2D_XY-Z_X;Corner_2D_XY-Z_Y;Corner_2D_X-YZ_X;Corner_2D_X-YZ_Y;Corner_2D_X-Y-Z_X;Corner_2D_X-Y-Z_Y;Corner_2D_-XYZ_X;Corner_2D_-XYZ_Y;Corner_-2D_XY-Z_X;Corner_2D_-XY-Z_Y;Corner_2D_-X-YZ_X;Corner_2D_-X-YZ_Y;Corner_2D_-X-Y-Z_X;Corner_2D_-X-Y-Z_Y;
J0:19:21:02:546;Hatchback_Car_AI_C_3;211;39259.417969;-78746.726562;-54425.070312;728;675;737.700195;-0.023213;-0.999728;-0.002314;39259.078125;-78760.90625;-54346.101562;204.0;92.0;76.0;39346.304688;-78967.15625;-54270.5625;39346.335938;-78966.8125;-54422.5625;39162.351562;-78962.890625;-54270.585938;39162.382812;-78962.546875;-54422.585938;39355.773438;-78559.265625;-54269.617188;39355.804688;-78558.921875;-54421.617188;39171.820312;-78555.0;-54269.640625;39171.851562;-78554.65625;-54421.640625;728;662;704;654;704;680;722;646;722;670;734;654;734;680;750;646;750;670
J0:19:21:02:546;Hatchback_Car_AI_C_7;211;39206.816406;-77290.984375;-54425.027344;782;648;514.911926;-0.215782;-0.976441;-0.00065;39204.246094;-77304.804688;-54346.039062;204.0;92.0;76.0;39250.492188;-77524.0;-54270.722656;39249.625;-77523.703125;-54422.722656;39070.828125;-77484.296875;-54269.621094;39069.960938;-77484.0;-54421.621094;39338.53125;-77125.609375;-54270.457031;39337.664062;-77125.3125;-54422.457031;39158.867188;-77085.90625;-54269.355469;39158.0;-77085.609375;-54421.355469;782;637;770;630;770;651;782;624;782;644;783;630;783;651;794;624;794;644
