Time;ID;Cat;XPos;YPos;ZPos;2D_XPos;2D_YPos;Vel;XDir;YDir;ZDir;BBox_XPos;BBox_YPos;BBox_ZPos;BBox_Ext_X;BBox_Ext_Y;BBox_Ext_Z;Corner_XYZ_X;Corner_XYZ_Y;Corner_XYZ_Z;Corner_XY-Z_X;Corner_XY-Z_Y;Corner_XY-Z_Z;Corner_X-YZ_X;Corner_X-YZ_Y;Corner_X-YZ_Z;Corner_X-Y-Z_X;Corner_X-Y-Z_Y;Corner_X-Y-Z_Z;Corner_-XYZ_X;Corner_-XYZ_Y;Corner_-XYZ_Z;Corner_-XY-Z_X;Corner_-XY-Z_Y;Corner_-XY-Z_Z;Corner_-X-YZ_X;Corner_-X-YZ_Y;Corner_-X-YZ_Z;Corner_-X-Y-Z_X;Corner_-X-Y-Z_Y;Corner_-X-Y-Z_Z;BBox_2D_XPos;BBox_2D_YPos;Corner_2D_XYZ_X;Corner_2D_XYZ_Y;Corner_2D_XY-Z_X;Corner_2D_XY-Z_Y;Corner_2D_X-YZ_X;Corner_2D_X-YZ_Y;Corner_2D_X-Y-Z_X;Corner_2D_X-Y-Z_Y;Corner_2D_-XYZ_X;Corner_2D_-XYZ_Y;Corner_-2D_XY-Z_X;Corner_2D_-XY-Z_Y;Corner_2D_-X-YZ_X;Corner_2D_-X-YZ_Y;Corner_2D_-X-Y-Z_X;Corner_2D_-X-Y-Z_Y;
J0:19:17:17:528;Hatchback_Car_AI_C_0;211;38990.730469;-68261.53125;-53504.316406;-1;-1;698.762695;-0.056645;-0.984528;-0.165821;38989.195312;-68288.390625;-53428.730469;204.0;92.0;76.0;39068.773438;-68507.101562;-53387.621094;39070.203125;-68481.929688;-53537.519531;38885.078125;-68496.539062;-53387.597656;38886.507812;-68471.367188;-53537.496094;39091.882812;-68105.414062;-53319.964844;39093.3125;-68080.242188;-53469.863281;38908.1875;-68094.851562;-53319.941406;38909.617188;-68069.679688;-53469.839844;-1;-1;-1;-1;-1;-1;-1;-1;-1;-1;-1;-1;-1;-1;-1;-1;-1;-1
J0:19:17:17:528;Hatchback_Car_AI_C_7;211;39471.71875;-65249.015625;-53281.445312;-1;-1;634.100098;-0.244646;-0.969579;-0.00802;39468.117188;-65263.199219;-53202.558594;204.0;92.0;76.0;39507.242188;-65484.085938;-53128.171875;39507.585938;-65482.914062;-53280.164062;39328.835938;-65439.070312;-53128.226562;39329.179688;-65437.898438;-53280.21875;39607.054688;-65088.5;-53124.898438;39607.398438;-65087.328125;-53276.890625;39428.648438;-65043.484375;-53124.953125;39428.992188;-65042.3125;-53276.945312;-1;-1;-1;-1;-1;-1;-1;-1;-1;-1;-1;-1;-1;-1;-1;-1;-1;-1
