Time;ID;Cat;XPos;YPos;ZPos;2D_XPos;2D_YPos;Vel;XDir;YDir;ZDir;BBox_XPos;BBox_YPos;BBox_ZPos;BBox_Ext_X;BBox_Ext_Y;BBox_Ext_Z;Corner_XYZ_X;Corner_XYZ_Y;Corner_XYZ_Z;Corner_XY-Z_X;Corner_XY-Z_Y;Corner_XY-Z_Z;Corner_X-YZ_X;Corner_X-YZ_Y;Corner_X-YZ_Z;Corner_X-Y-Z_X;Corner_X-Y-Z_Y;Corner_X-Y-Z_Z;Corner_-XYZ_X;Corner_-XYZ_Y;Corner_-XYZ_Z;Corner_-XY-Z_X;Corner_-XY-Z_Y;Corner_-XY-Z_Z;Corner_-X-YZ_X;Corner_-X-YZ_Y;Corner_-X-YZ_Z;Corner_-X-Y-Z_X;Corner_-X-Y-Z_Y;Corner_-X-Y-Z_Z;BBox_2D_XPos;BBox_2D_YPos;Corner_2D_XYZ_X;Corner_2D_XYZ_Y;Corner_2D_XY-Z_X;Corner_2D_XY-Z_Y;Corner_2D_X-YZ_X;Corner_2D_X-YZ_Y;Corner_2D_X-Y-Z_X;Corner_2D_X-Y-Z_Y;Corner_2D_-XYZ_X;Corner_2D_-XYZ_Y;Corner_-2D_XY-Z_X;Corner_2D_-XY-Z_Y;Corner_2D_-X-YZ_X;Corner_2D_-X-YZ_Y;Corner_2D_-X-Y-Z_X;Corner_2D_-X-Y-Z_Y;
J0:19:17:49:929;Hatchback_Car_AI_C_0;211;39028.203125;-70071.921875;-53918.347656;-1;-1;688.363159;0.070737;-0.964737;-0.253534;39030.769531;-70105.398438;-53845.476562;204.0;92.0;76.0;39138.464844;-70314.65625;-53823.808594;39135.433594;-70276.234375;-53970.839844;38954.964844;-70328.171875;-53823.558594;38951.933594;-70289.75;-53970.589844;39109.605469;-69921.046875;-53720.363281;39106.574219;-69882.625;-53867.394531;38926.105469;-69934.5625;-53720.113281;38923.074219;-69896.140625;-53867.144531;-1;-1;-1;-1;-1;-1;-1;-1;-1;-1;-1;-1;-1;-1;-1;-1;-1;-1
J0:19:17:49:929;Hatchback_Car_AI_C_7;211;39123.8125;-66987.90625;-53348.898438;-1;-1;662.791565;-0.155226;-0.984992;-0.075472;39120.722656;-67007.585938;-53271.179688;204.0;92.0;76.0;39179.050781;-67228.507812;-53210.800781;39180.816406;-67217.179688;-53362.371094;38997.292969;-67199.867188;-53210.777344;38999.058594;-67188.539062;-53362.347656;39242.386719;-66826.632812;-53180.011719;39244.152344;-66815.304688;-53331.582031;39060.628906;-66797.992188;-53179.988281;39062.394531;-66786.664062;-53331.558594;-1;-1;-1;-1;-1;-1;-1;-1;-1;-1;-1;-1;-1;-1;-1;-1;-1;-1
