Time;ID;Cat;XPos;YPos;ZPos;2D_XPos;2D_YPos;Vel;XDir;YDir;ZDir;BBox_XPos;BBox_YPos;BBox_ZPos;BBox_Ext_X;BBox_Ext_Y;BBox_Ext_Z;Corner_XYZ_X;Corner_XYZ_Y;Corner_XYZ_Z;Corner_XY-Z_X;Corner_XY-Z_Y;Corner_XY-Z_Z;Corner_X-YZ_X;Corner_X-YZ_Y;Corner_X-YZ_Z;Corner_X-Y-Z_X;Corner_X-Y-Z_Y;Corner_X-Y-Z_Z;Corner_-XYZ_X;Corner_-XYZ_Y;Corner_-XYZ_Z;Corner_-XY-Z_X;Corner_-XY-Z_Y;Corner_-XY-Z_Z;Corner_-X-YZ_X;Corner_-X-YZ_Y;Corner_-X-YZ_Z;Corner_-X-Y-Z_X;Corner_-X-Y-Z_Y;Corner_-X-Y-Z_Z;BBox_2D_XPos;BBox_2D_YPos;Corner_2D_XYZ_X;Corner_2D_XYZ_Y;Corner_2D_XY-Z_X;Corner_2D_XY-Z_Y;Corner_2D_X-YZ_X;Corner_2D_X-YZ_Y;Corner_2D_X-Y-Z_X;Corner_2D_X-Y-Z_Y;Corner_2D_-XYZ_X;Corner_2D_-XYZ_Y;Corner_-2D_XY-Z_X;Corner_2D_-XY-Z_Y;Corner_2D_-X-YZ_X;Corner_2D_-X-YZ_Y;Corner_2D_-X-Y-Z_X;Corner_2D_-X-Y-Z_Y;
J0:19:17:53:927;Hatchback_Car_AI_C_0;211;39045.453125;-70289.421875;-53974.875;-1;-1;662.358337;0.077249;-0.964072;-0.25416;39048.292969;-70322.921875;-53902.027344;204.0;92.0;76.0;39157.445312;-70531.445312;-53880.542969;39154.0625;-70492.960938;-54027.550781;38974.039062;-70546.226562;-53880.199219;38970.65625;-70507.742188;-54027.207031;39125.929688;-70138.101562;-53776.847656;39122.546875;-70099.617188;-53923.855469;38942.523438;-70152.882812;-53776.503906;38939.140625;-70114.398438;-53923.511719;-1;-1;-1;-1;-1;-1;-1;-1;-1;-1;-1;-1;-1;-1;-1;-1;-1;-1
J0:19:17:53:927;Hatchback_Car_AI_C_7;211;39092.386719;-67203.1875;-53367.144531;-1;-1;640.879883;-0.140962;-0.985833;-0.090904;39089.394531;-67224.101562;-53289.746094;204.0;92.0;76.0;39150.730469;-67445.070312;-53232.605469;39152.691406;-67431.398438;-53383.972656;38968.582031;-67419.023438;-53232.605469;38970.542969;-67405.351562;-53383.972656;39208.246094;-67042.851562;-53195.519531;39210.207031;-67029.179688;-53346.886719;39026.097656;-67016.804688;-53195.519531;39028.058594;-67003.132812;-53346.886719;-1;-1;-1;-1;-1;-1;-1;-1;-1;-1;-1;-1;-1;-1;-1;-1;-1;-1
