Time;ID;Cat;XPos;YPos;ZPos;2D_XPos;2D_YPos;Vel;XDir;YDir;ZDir;BBox_XPos;BBox_YPos;BBox_ZPos;BBox_Ext_X;BBox_Ext_Y;BBox_Ext_Z;Corner_XYZ_X;Corner_XYZ_Y;Corner_XYZ_Z;Corner_XY-Z_X;Corner_XY-Z_Y;Corner_XY-Z_Z;Corner_X-YZ_X;Corner_X-YZ_Y;Corner_X-YZ_Z;Corner_X-Y-Z_X;Corner_X-Y-Z_Y;Corner_X-Y-Z_Z;Corner_-XYZ_X;Corner_-XYZ_Y;Corner_-XYZ_Z;Corner_-XY-Z_X;Corner_-XY-Z_Y;Corner_-XY-Z_Z;Corner_-X-YZ_X;Corner_-X-YZ_Y;Corner_-X-YZ_Z;Corner_-X-Y-Z_X;Corner_-X-Y-Z_Y;Corner_-X-Y-Z_Z;BBox_2D_XPos;BBox_2D_YPos;Corner_2D_XYZ_X;Corner_2D_XYZ_Y;Corner_2D_XY-Z_X;Corner_2D_XY-Z_Y;Corner_2D_X-YZ_X;Corner_2D_X-YZ_Y;Corner_2D_X-Y-Z_X;Corner_2D_X-Y-Z_Y;Corner_2D_-XYZ_X;Corner_2D_-XYZ_Y;Corner_-2D_XY-Z_X;Corner_2D_-XY-Z_Y;Corner_2D_-X-YZ_X;Corner_2D_-X-YZ_Y;Corner_2D_-X-Y-Z_X;Corner_2D_-X-Y-Z_Y;
J0:19:18:07:132;Hatchback_Car_AI_C_0;211;39111.363281;-71024.359375;-54161.324219;-1;-1;684.490662;0.089095;-0.966696;-0.239919;39114.59375;-71056.742188;-54087.992188;204.0;92.0;76.0;39226.28125;-71263.570312;-54063.429688;39222.46875;-71227.304688;-54210.992188;39043.070312;-71280.585938;-54062.882812;39039.257812;-71244.320312;-54210.445312;39189.929688;-70869.164062;-53965.539062;39186.117188;-70832.898438;-54113.101562;39006.71875;-70886.179688;-53964.992188;39002.90625;-70849.914062;-54112.554688;-1;-1;-1;-1;-1;-1;-1;-1;-1;-1;-1;-1;-1;-1;-1;-1;-1;-1
J0:19:18:07:132;Hatchback_Car_AI_C_7;211;39010.5;-67942.367188;-53454.167969;-1;-1;663.83783;-0.085258;-0.98599;-0.143371;39008.335938;-67967.453125;-53377.992188;204.0;92.0;76.0;39081.667969;-68187.375;-53332.03125;39083.535156;-68165.65625;-53482.460938;38898.355469;-68171.53125;-53332.015625;38900.222656;-68149.8125;-53482.445312;39116.449219;-67785.09375;-53273.539062;39118.316406;-67763.375;-53423.96875;38933.136719;-67769.25;-53273.523438;38935.003906;-67747.53125;-53423.953125;-1;-1;-1;-1;-1;-1;-1;-1;-1;-1;-1;-1;-1;-1;-1;-1;-1;-1
J0:19:18:07:132;Hatchback_Car_AI_C_11;211;39615.125;-64700.351562;-53279.472656;-1;-1;547.452637;-0.271421;-0.962452;0.004137;39611.386719;-64713.503906;-53200.414062;204.0;92.0;76.0;39644.621094;-64934.507812;-53123.535156;39644.503906;-64935.125;-53275.535156;39467.527344;-64884.5625;-53123.605469;39467.410156;-64885.179688;-53275.605469;39755.363281;-64541.828125;-53125.222656;39755.246094;-64542.445312;-53277.222656;39578.269531;-64491.882812;-53125.292969;39578.152344;-64492.5;-53277.292969;-1;-1;-1;-1;-1;-1;-1;-1;-1;-1;-1;-1;-1;-1;-1;-1;-1;-1
