Time;ID;Cat;XPos;YPos;ZPos;2D_XPos;2D_YPos;Vel;XDir;YDir;ZDir;BBox_XPos;BBox_YPos;BBox_ZPos;BBox_Ext_X;BBox_Ext_Y;BBox_Ext_Z;Corner_XYZ_X;Corner_XYZ_Y;Corner_XYZ_Z;Corner_XY-Z_X;Corner_XY-Z_Y;Corner_XY-Z_Z;Corner_X-YZ_X;Corner_X-YZ_Y;Corner_X-YZ_Z;Corner_X-Y-Z_X;Corner_X-Y-Z_Y;Corner_X-Y-Z_Z;Corner_-XYZ_X;Corner_-XYZ_Y;Corner_-XYZ_Z;Corner_-XY-Z_X;Corner_-XY-Z_Y;Corner_-XY-Z_Z;Corner_-X-YZ_X;Corner_-X-YZ_Y;Corner_-X-YZ_Z;Corner_-X-Y-Z_X;Corner_-X-Y-Z_Y;Corner_-X-Y-Z_Z;BBox_2D_XPos;BBox_2D_YPos;Corner_2D_XYZ_X;Corner_2D_XYZ_Y;Corner_2D_XY-Z_X;Corner_2D_XY-Z_Y;Corner_2D_X-YZ_X;Corner_2D_X-YZ_Y;Corner_2D_X-Y-Z_X;Corner_2D_X-Y-Z_Y;Corner_2D_-XYZ_X;Corner_2D_-XYZ_Y;Corner_-2D_XY-Z_X;Corner_2D_-XY-Z_Y;Corner_2D_-X-YZ_X;Corner_2D_-X-YZ_Y;Corner_2D_-X-Y-Z_X;Corner_2D_-X-Y-Z_Y;
J0:19:18:12:736;Hatchback_Car_AI_C_0;211;39141.136719;-71333.195312;-54234.039062;-1;-1;705.774048;0.092929;-0.971013;-0.220224;39144.269531;-71364.09375;-54160.0625;204.0;92.0;76.0;39256.566406;-71570.015625;-54131.054688;39253.042969;-71536.71875;-54279.320312;39073.410156;-71587.640625;-54130.65625;39069.886719;-71554.34375;-54278.921875;39218.652344;-71173.84375;-54041.203125;39215.128906;-71140.546875;-54189.46875;39035.496094;-71191.46875;-54040.804688;39031.972656;-71158.171875;-54189.070312;-1;-1;-1;-1;-1;-1;-1;-1;-1;-1;-1;-1;-1;-1;-1;-1;-1;-1
J0:19:18:12:736;Hatchback_Car_AI_C_7;211;38989.742188;-68252.046875;-53502.664062;-1;-1;714.401123;-0.056896;-0.98473;-0.164528;38988.175781;-68278.804688;-53427.042969;204.0;92.0;76.0;39067.675781;-68497.484375;-53385.617188;39069.160156;-68472.515625;-53535.546875;38883.980469;-68486.859375;-53385.664062;38885.464844;-68461.890625;-53535.59375;39090.886719;-68095.71875;-53318.492188;39092.371094;-68070.75;-53468.421875;38907.191406;-68085.09375;-53318.539062;38908.675781;-68060.125;-53468.46875;-1;-1;-1;-1;-1;-1;-1;-1;-1;-1;-1;-1;-1;-1;-1;-1;-1;-1
J0:19:18:12:736;Hatchback_Car_AI_C_11;211;39547.769531;-64950.421875;-53279.449219;-1;-1;582.381714;-0.259465;-0.965752;-0.001083;39544.09375;-64964.019531;-53200.464844;204.0;92.0;76.0;39579.96875;-65184.976562;-53124.660156;39580.054688;-65184.828125;-53276.660156;39402.273438;-65137.234375;-53124.714844;39402.359375;-65137.085938;-53276.714844;39685.828125;-64790.953125;-53124.214844;39685.914062;-64790.804688;-53276.214844;39508.132812;-64743.210938;-53124.269531;39508.21875;-64743.0625;-53276.269531;-1;-1;-1;-1;-1;-1;-1;-1;-1;-1;-1;-1;-1;-1;-1;-1;-1;-1
