Time;ID;Cat;XPos;YPos;ZPos;2D_XPos;2D_YPos;Vel;XDir;YDir;ZDir;BBox_XPos;BBox_YPos;BBox_ZPos;BBox_Ext_X;BBox_Ext_Y;BBox_Ext_Z;Corner_XYZ_X;Corner_XYZ_Y;Corner_XYZ_Z;Corner_XY-Z_X;Corner_XY-Z_Y;Corner_XY-Z_Z;Corner_X-YZ_X;Corner_X-YZ_Y;Corner_X-YZ_Z;Corner_X-Y-Z_X;Corner_X-Y-Z_Y;Corner_X-Y-Z_Z;Corner_-XYZ_X;Corner_-XYZ_Y;Corner_-XYZ_Z;Corner_-XY-Z_X;Corner_-XY-Z_Y;Corner_-XY-Z_Z;Corner_-X-YZ_X;Corner_-X-YZ_Y;Corner_-X-YZ_Z;Corner_-X-Y-Z_X;Corner_-X-Y-Z_Y;Corner_-X-Y-Z_Z;BBox_2D_XPos;BBox_2D_YPos;Corner_2D_XYZ_X;Corner_2D_XYZ_Y;Corner_2D_XY-Z_X;Corner_2D_XY-Z_Y;Corner_2D_X-YZ_X;Corner_2D_X-YZ_Y;Corner_2D_X-Y-Z_X;Corner_2D_X-Y-Z_Y;Corner_2D_-XYZ_X;Corner_2D_-XYZ_Y;Corner_-2D_XY-Z_X;Corner_2D_-XY-Z_Y;Corner_2D_-X-YZ_X;Corner_2D_-X-YZ_Y;Corner_2D_-X-Y-Z_X;Corner_2D_-X-Y-Z_Y;
J0:19:17:12:731;Hatchback_Car_AI_C_0;211;39007.078125;-67996.992188;-53462.242188;-1;-1;651.076965;-0.078835;-0.98592;-0.147471;39005.039062;-68022.40625;-53386.171875;204.0;92.0;76.0;39079.765625;-68242.039062;-53341.082031;39081.5625;-68219.695312;-53491.417969;38896.351562;-68227.367188;-53341.097656;38898.148438;-68205.023438;-53491.433594;39111.929688;-67839.789062;-53280.910156;39113.726562;-67817.445312;-53431.246094;38928.515625;-67825.117188;-53280.925781;38930.3125;-67802.773438;-53431.261719;-1;-1;-1;-1;-1;-1;-1;-1;-1;-1;-1;-1;-1;-1;-1;-1;-1;-1
J0:19:17:12:731;Hatchback_Car_AI_C_7;211;39530.84375;-65015.308594;-53279.6875;-1;-1;590.042114;-0.256384;-0.966572;-0.002505;39527.183594;-65029.027344;-53200.722656;204.0;92.0;76.0;39563.738281;-65249.972656;-53125.207031;39563.878906;-65249.613281;-53277.207031;39385.886719;-65202.800781;-53125.261719;39386.027344;-65202.441406;-53277.261719;39668.339844;-64855.613281;-53124.183594;39668.480469;-64855.253906;-53276.183594;39490.488281;-64808.441406;-53124.238281;39490.628906;-64808.082031;-53276.238281;-1;-1;-1;-1;-1;-1;-1;-1;-1;-1;-1;-1;-1;-1;-1;-1;-1;-1
