Time;ID;Cat;XPos;YPos;ZPos;2D_XPos;2D_YPos;Vel;XDir;YDir;ZDir;BBox_XPos;BBox_YPos;BBox_ZPos;BBox_Ext_X;BBox_Ext_Y;BBox_Ext_Z;Corner_XYZ_X;Corner_XYZ_Y;Corner_XYZ_Z;Corner_XY-Z_X;Corner_XY-Z_Y;Corner_XY-Z_Z;Corner_X-YZ_X;Corner_X-YZ_Y;Corner_X-YZ_Z;Corner_X-Y-Z_X;Corner_X-Y-Z_Y;Corner_X-Y-Z_Z;Corner_-XYZ_X;Corner_-XYZ_Y;Corner_-XYZ_Z;Corner_-XY-Z_X;Corner_-XY-Z_Y;Corner_-XY-Z_Z;Corner_-X-YZ_X;Corner_-X-YZ_Y;Corner_-X-YZ_Z;Corner_-X-Y-Z_X;Corner_-X-Y-Z_Y;Corner_-X-Y-Z_Z;BBox_2D_XPos;BBox_2D_YPos;Corner_2D_XYZ_X;Corner_2D_XYZ_Y;Corner_2D_XY-Z_X;Corner_2D_XY-Z_Y;Corner_2D_X-YZ_X;Corner_2D_X-YZ_Y;Corner_2D_X-Y-Z_X;Corner_2D_X-Y-Z_Y;Corner_2D_-XYZ_X;Corner_2D_-XYZ_Y;Corner_-2D_XY-Z_X;Corner_2D_-XY-Z_Y;Corner_2D_-X-YZ_X;Corner_2D_-X-YZ_Y;Corner_2D_-X-Y-Z_X;Corner_2D_-X-Y-Z_Y;
J0:19:18:03:134;Hatchback_Car_AI_C_0;211;39090.265625;-70800.335938;-54105.839844;-1;-1;684.21936;0.086705;-0.965362;-0.246087;39093.445312;-70833.195312;-54032.714844;204.0;92.0;76.0;39204.648438;-71040.445312;-54009.507812;39200.867188;-71003.226562;-54156.835938;39021.398438;-71057.039062;-54009.0;39017.617188;-71019.820312;-54156.328125;39169.273438;-70646.570312;-53909.101562;39165.492188;-70609.351562;-54056.429688;38986.023438;-70663.164062;-53908.59375;38982.242188;-70625.945312;-54055.921875;-1;-1;-1;-1;-1;-1;-1;-1;-1;-1;-1;-1;-1;-1;-1;-1;-1;-1
J0:19:18:03:134;Hatchback_Car_AI_C_7;211;39030.90625;-67717.15625;-53423.449219;-1;-1;680.703125;-0.104112;-0.986586;-0.125729;39028.417969;-67740.84375;-53346.835938;204.0;92.0;76.0;39097.679688;-67961.265625;-53297.097656;39099.664062;-67942.265625;-53447.894531;38914.695312;-67941.953125;-53297.074219;38916.679688;-67922.953125;-53447.871094;39140.15625;-67558.734375;-53245.800781;39142.140625;-67539.734375;-53396.597656;38957.171875;-67539.421875;-53245.777344;38959.15625;-67520.421875;-53396.574219;-1;-1;-1;-1;-1;-1;-1;-1;-1;-1;-1;-1;-1;-1;-1;-1;-1;-1
J0:19:18:03:134;Hatchback_Car_AI_C_11;211;39662.714844;-64530.328125;-53280.3125;-1;-1;529.653442;-0.278562;-0.960391;0.007196;39658.9375;-64543.21875;-53201.214844;204.0;92.0;76.0;39690.585938;-64764.230469;-53123.707031;39690.351562;-64765.300781;-53275.699219;39513.867188;-64712.972656;-53123.792969;39513.632812;-64714.042969;-53275.785156;39804.242188;-64372.394531;-53126.644531;39804.007812;-64373.464844;-53278.636719;39627.523438;-64321.136719;-53126.730469;39627.289062;-64322.207031;-53278.722656;-1;-1;-1;-1;-1;-1;-1;-1;-1;-1;-1;-1;-1;-1;-1;-1;-1;-1
