Time;ID;Cat;XPos;YPos;ZPos;2D_XPos;2D_YPos;Vel;XDir;YDir;ZDir;BBox_XPos;BBox_YPos;BBox_ZPos;BBox_Ext_X;BBox_Ext_Y;BBox_Ext_Z;Corner_XYZ_X;Corner_XYZ_Y;Corner_XYZ_Z;Corner_XY-Z_X;Corner_XY-Z_Y;Corner_XY-Z_Z;Corner_X-YZ_X;Corner_X-YZ_Y;Corner_X-YZ_Z;Corner_X-Y-Z_X;Corner_X-Y-Z_Y;Corner_X-Y-Z_Z;Corner_-XYZ_X;Corner_-XYZ_Y;Corner_-XYZ_Z;Corner_-XY-Z_X;Corner_-XY-Z_Y;Corner_-XY-Z_Z;Corner_-X-YZ_X;Corner_-X-YZ_Y;Corner_-X-YZ_Z;Corner_-X-Y-Z_X;Corner_-X-Y-Z_Y;Corner_-X-Y-Z_Z;BBox_2D_XPos;BBox_2D_YPos;Corner_2D_XYZ_X;Corner_2D_XYZ_Y;Corner_2D_XY-Z_X;Corner_2D_XY-Z_Y;Corner_2D_X-YZ_X;Corner_2D_X-YZ_Y;Corner_2D_X-Y-Z_X;Corner_2D_X-Y-Z_Y;Corner_2D_-XYZ_X;Corner_2D_-XYZ_Y;Corner_-2D_XY-Z_X;Corner_2D_-XY-Z_Y;Corner_2D_-X-YZ_X;Corner_2D_-X-YZ_Y;Corner_2D_-X-Y-Z_X;Corner_2D_-X-Y-Z_Y;
J0:19:17:19:533;Hatchback_Car_AI_C_0;211;38985.59375;-68371.625;-53523.578125;-1;-1;679.17865;-0.044262;-0.98349;-0.175463;38984.304688;-68399.242188;-53448.261719;204.0;92.0;76.0;39066.535156;-68617.34375;-53409.183594;39067.824219;-68590.703125;-53558.824219;38882.722656;-68609.046875;-53409.285156;38884.011719;-68582.40625;-53558.925781;39084.597656;-68216.078125;-53337.597656;39085.886719;-68189.4375;-53487.238281;38900.785156;-68207.78125;-53337.699219;38902.074219;-68181.140625;-53487.339844;-1;-1;-1;-1;-1;-1;-1;-1;-1;-1;-1;-1;-1;-1;-1;-1;-1;-1
J0:19:17:19:533;Hatchback_Car_AI_C_7;211;39446.636719;-65351.699219;-53282.644531;-1;-1;635.850403;-0.241076;-0.970437;-0.01162;39443.035156;-65366.175781;-53203.8125;204.0;92.0;76.0;39482.921875;-65587.1875;-53130.179688;39483.359375;-65585.46875;-53282.171875;39304.351562;-65542.828125;-53130.195312;39304.789062;-65541.109375;-53282.1875;39581.28125;-65191.242188;-53125.4375;39581.71875;-65189.53125;-53277.429688;39402.710938;-65146.882812;-53125.453125;39403.148438;-65145.171875;-53277.445312;-1;-1;-1;-1;-1;-1;-1;-1;-1;-1;-1;-1;-1;-1;-1;-1;-1;-1
