Time;ID;Cat;XPos;YPos;ZPos;2D_XPos;2D_YPos;Vel;XDir;YDir;ZDir;BBox_XPos;BBox_YPos;BBox_ZPos;BBox_Ext_X;BBox_Ext_Y;BBox_Ext_Z;Corner_XYZ_X;Corner_XYZ_Y;Corner_XYZ_Z;Corner_XY-Z_X;Corner_XY-Z_Y;Corner_XY-Z_Z;Corner_X-YZ_X;Corner_X-YZ_Y;Corner_X-YZ_Z;Corner_X-Y-Z_X;Corner_X-Y-Z_Y;Corner_X-Y-Z_Z;Corner_-XYZ_X;Corner_-XYZ_Y;Corner_-XYZ_Z;Corner_-XY-Z_X;Corner_-XY-Z_Y;Corner_-XY-Z_Z;Corner_-X-YZ_X;Corner_-X-YZ_Y;Corner_-X-YZ_Z;Corner_-X-Y-Z_X;Corner_-X-Y-Z_Y;Corner_-X-Y-Z_Z;BBox_2D_XPos;BBox_2D_YPos;Corner_2D_XYZ_X;Corner_2D_XYZ_Y;Corner_2D_XY-Z_X;Corner_2D_XY-Z_Y;Corner_2D_X-YZ_X;Corner_2D_X-YZ_Y;Corner_2D_X-Y-Z_X;Corner_2D_X-Y-Z_Y;Corner_2D_-XYZ_X;Corner_2D_-XYZ_Y;Corner_-2D_XY-Z_X;Corner_2D_-XY-Z_Y;Corner_2D_-X-YZ_X;Corner_2D_-X-YZ_Y;Corner_2D_-X-Y-Z_X;Corner_2D_-X-Y-Z_Y;
J0:19:18:00:336;Hatchback_Car_AI_C_0;211;39076.398438;-70649.085938;-54067.515625;-1;-1;682.092102;0.086045;-0.964452;-0.249858;39079.535156;-70682.234375;-53994.519531;204.0;92.0;76.0;39190.582031;-70889.65625;-53972.105469;39186.863281;-70851.859375;-54119.285156;39007.316406;-70906.109375;-53971.699219;39003.597656;-70868.3125;-54118.878906;39155.472656;-70496.15625;-53870.160156;39151.753906;-70458.359375;-54017.339844;38972.207031;-70512.609375;-53869.753906;38968.488281;-70474.8125;-54016.933594;-1;-1;-1;-1;-1;-1;-1;-1;-1;-1;-1;-1;-1;-1;-1;-1;-1;-1
J0:19:18:00:336;Hatchback_Car_AI_C_7;211;39047.335938;-67563.328125;-53404.636719;-1;-1;659.13855;-0.11825;-0.986197;-0.115899;39044.644531;-67586.234375;-53327.792969;204.0;92.0;76.0;39110.875;-67807.117188;-53276.011719;39112.867188;-67789.617188;-53426.988281;38928.179688;-67785.226562;-53275.886719;38930.171875;-67767.726562;-53426.863281;39159.117188;-67404.742188;-53228.722656;39161.109375;-67387.242188;-53379.699219;38976.421875;-67382.851562;-53228.597656;38978.414062;-67365.351562;-53379.574219;-1;-1;-1;-1;-1;-1;-1;-1;-1;-1;-1;-1;-1;-1;-1;-1;-1;-1
