Time;ID;Cat;XPos;YPos;ZPos;2D_XPos;2D_YPos;Vel;XDir;YDir;ZDir;BBox_XPos;BBox_YPos;BBox_ZPos;BBox_Ext_X;BBox_Ext_Y;BBox_Ext_Z;Corner_XYZ_X;Corner_XYZ_Y;Corner_XYZ_Z;Corner_XY-Z_X;Corner_XY-Z_Y;Corner_XY-Z_Z;Corner_X-YZ_X;Corner_X-YZ_Y;Corner_X-YZ_Z;Corner_X-Y-Z_X;Corner_X-Y-Z_Y;Corner_X-Y-Z_Z;Corner_-XYZ_X;Corner_-XYZ_Y;Corner_-XYZ_Z;Corner_-XY-Z_X;Corner_-XY-Z_Y;Corner_-XY-Z_Z;Corner_-X-YZ_X;Corner_-X-YZ_Y;Corner_-X-YZ_Z;Corner_-X-Y-Z_X;Corner_-X-Y-Z_Y;Corner_-X-Y-Z_Z;BBox_2D_XPos;BBox_2D_YPos;Corner_2D_XYZ_X;Corner_2D_XYZ_Y;Corner_2D_XY-Z_X;Corner_2D_XY-Z_Y;Corner_2D_X-YZ_X;Corner_2D_X-YZ_Y;Corner_2D_X-Y-Z_X;Corner_2D_X-Y-Z_Y;Corner_2D_-XYZ_X;Corner_2D_-XYZ_Y;Corner_-2D_XY-Z_X;Corner_2D_-XY-Z_Y;Corner_2D_-X-YZ_X;Corner_2D_-X-YZ_Y;Corner_2D_-X-Y-Z_X;Corner_2D_-X-Y-Z_Y;
J0:19:18:11:929;Hatchback_Car_AI_C_0;211;39136.730469;-71288.054688;-54223.878906;-1;-1;693.856262;0.092209;-0.969963;-0.225098;39139.890625;-71319.320312;-54150.058594;204.0;92.0;76.0;39252.082031;-71525.453125;-54122.140625;39248.488281;-71491.421875;-54270.242188;39068.917969;-71542.96875;-54121.71875;39065.324219;-71508.9375;-54269.820312;39214.457031;-71129.703125;-54030.296875;39210.863281;-71095.671875;-54178.398438;39031.292969;-71147.21875;-54029.875;39027.699219;-71113.1875;-54177.976562;-1;-1;-1;-1;-1;-1;-1;-1;-1;-1;-1;-1;-1;-1;-1;-1;-1;-1
J0:19:18:11:929;Hatchback_Car_AI_C_7;211;38992.25;-68206.007812;-53495.007812;-1;-1;700.718018;-0.060831;-0.984992;-0.161526;38990.589844;-68232.53125;-53419.304688;204.0;92.0;76.0;39069.226562;-68451.390625;-53377.230469;39070.78125;-68426.890625;-53527.238281;38885.578125;-68440.046875;-53377.277344;38887.132812;-68415.546875;-53527.285156;39094.046875;-68049.515625;-53311.324219;39095.601562;-68025.015625;-53461.332031;38910.398438;-68038.171875;-53311.371094;38911.953125;-68013.671875;-53461.378906;-1;-1;-1;-1;-1;-1;-1;-1;-1;-1;-1;-1;-1;-1;-1;-1;-1;-1
J0:19:18:11:929;Hatchback_Car_AI_C_11;211;39557.496094;-64913.597656;-53279.347656;-1;-1;579.3349;-0.261361;-0.965241;-0.000171;39553.8125;-64927.117188;-53200.351562;204.0;92.0;76.0;39589.273438;-65148.082031;-53124.363281;39589.320312;-65148.066406;-53276.363281;39411.671875;-65099.988281;-53124.410156;39411.71875;-65099.972656;-53276.410156;39695.90625;-64754.261719;-53124.292969;39695.953125;-64754.246094;-53276.292969;39518.304688;-64706.167969;-53124.339844;39518.351562;-64706.152344;-53276.339844;-1;-1;-1;-1;-1;-1;-1;-1;-1;-1;-1;-1;-1;-1;-1;-1;-1;-1
