Time;ID;Cat;XPos;YPos;ZPos;2D_XPos;2D_YPos;Vel;XDir;YDir;ZDir;BBox_XPos;BBox_YPos;BBox_ZPos;BBox_Ext_X;BBox_Ext_Y;BBox_Ext_Z;Corner_XYZ_X;Corner_XYZ_Y;Corner_XYZ_Z;Corner_XY-Z_X;Corner_XY-Z_Y;Corner_XY-Z_Z;Corner_X-YZ_X;Corner_X-YZ_Y;Corner_X-YZ_Z;Corner_X-Y-Z_X;Corner_X-Y-Z_Y;Corner_X-Y-Z_Z;Corner_-XYZ_X;Corner_-XYZ_Y;Corner_-XYZ_Z;Corner_-XY-Z_X;Corner_-XY-Z_Y;Corner_-XY-Z_Z;Corner_-X-YZ_X;Corner_-X-YZ_Y;Corner_-X-YZ_Z;Corner_-X-Y-Z_X;Corner_-X-Y-Z_Y;Corner_-X-Y-Z_Z;BBox_2D_XPos;BBox_2D_YPos;Corner_2D_XYZ_X;Corner_2D_XYZ_Y;Corner_2D_XY-Z_X;Corner_2D_XY-Z_Y;Corner_2D_X-YZ_X;Corner_2D_X-YZ_Y;Corner_2D_X-Y-Z_X;Corner_2D_X-Y-Z_Y;Corner_2D_-XYZ_X;Corner_2D_-XYZ_Y;Corner_-2D_XY-Z_X;Corner_2D_-XY-Z_Y;Corner_2D_-X-YZ_X;Corner_2D_-X-YZ_Y;Corner_2D_-X-Y-Z_X;Corner_2D_-X-Y-Z_Y;
J0:19:17:39:928;Hatchback_Car_AI_C_0;211;38992.757812;-69511.601562;-53775.011719;-1;-1;687.983276;0.042469;-0.968951;-0.24358;38994.335938;-69544.382812;-53701.800781;204.0;92.0;76.0;39095.855469;-69756.46875;-53677.9375;39093.964844;-69719.484375;-53825.359375;38912.035156;-69764.609375;-53677.625;38910.144531;-69727.625;-53825.046875;39078.527344;-69361.140625;-53578.554688;39076.636719;-69324.15625;-53725.976562;38894.707031;-69369.28125;-53578.242188;38892.816406;-69332.296875;-53725.664062;-1;-1;-1;-1;-1;-1;-1;-1;-1;-1;-1;-1;-1;-1;-1;-1;-1;-1
J0:19:17:39:928;Hatchback_Car_AI_C_7;211;39212.777344;-66452.875;-53315.957031;-1;-1;671.989624;-0.182101;-0.982164;-0.046828;39209.53125;-66470.257812;-53237.699219;204.0;92.0;76.0;39262.167969;-66690.882812;-53171.308594;39263.511719;-66683.898438;-53323.144531;39081.253906;-66657.335938;-53171.363281;39082.597656;-66650.351562;-53323.199219;39336.464844;-66290.164062;-53152.199219;39337.808594;-66283.179688;-53304.035156;39155.550781;-66256.617188;-53152.253906;39156.894531;-66249.632812;-53304.089844;-1;-1;-1;-1;-1;-1;-1;-1;-1;-1;-1;-1;-1;-1;-1;-1;-1;-1
