Time;ID;Cat;XPos;YPos;ZPos;2D_XPos;2D_YPos;Vel;XDir;YDir;ZDir;BBox_XPos;BBox_YPos;BBox_ZPos;BBox_Ext_X;BBox_Ext_Y;BBox_Ext_Z;Corner_XYZ_X;Corner_XYZ_Y;Corner_XYZ_Z;Corner_XY-Z_X;Corner_XY-Z_Y;Corner_XY-Z_Z;Corner_X-YZ_X;Corner_X-YZ_Y;Corner_X-YZ_Z;Corner_X-Y-Z_X;Corner_X-Y-Z_Y;Corner_X-Y-Z_Z;Corner_-XYZ_X;Corner_-XYZ_Y;Corner_-XYZ_Z;Corner_-XY-Z_X;Corner_-XY-Z_Y;Corner_-XY-Z_Z;Corner_-X-YZ_X;Corner_-X-YZ_Y;Corner_-X-YZ_Z;Corner_-X-Y-Z_X;Corner_-X-Y-Z_Y;Corner_-X-Y-Z_Z;BBox_2D_XPos;BBox_2D_YPos;Corner_2D_XYZ_X;Corner_2D_XYZ_Y;Corner_2D_XY-Z_X;Corner_2D_XY-Z_Y;Corner_2D_X-YZ_X;Corner_2D_X-YZ_Y;Corner_2D_X-Y-Z_X;Corner_2D_X-Y-Z_Y;Corner_2D_-XYZ_X;Corner_2D_-XYZ_Y;Corner_-2D_XY-Z_X;Corner_2D_-XY-Z_Y;Corner_2D_-X-YZ_X;Corner_2D_-X-YZ_Y;Corner_2D_-X-Y-Z_X;Corner_2D_-X-Y-Z_Y;
J0:19:17:08:333;Hatchback_Car_AI_C_0;211;39027.402344;-67758.296875;-53428.839844;-1;-1;639.402832;-0.098537;-0.986625;-0.129854;39024.980469;-67782.3125;-53352.328125;204.0;92.0;76.0;39095.421875;-68002.554688;-53303.4375;39097.421875;-67982.914062;-53454.148438;38912.335938;-67984.257812;-53303.484375;38914.335938;-67964.617188;-53454.195312;39135.625;-67600.007812;-53250.460938;39137.625;-67580.367188;-53401.171875;38952.539062;-67581.710938;-53250.507812;38954.539062;-67562.070312;-53401.21875;-1;-1;-1;-1;-1;-1;-1;-1;-1;-1;-1;-1;-1;-1;-1;-1;-1;-1
J0:19:17:08:333;Hatchback_Car_AI_C_7;211;39583.699219;-64815.257812;-53279.253906;-1;-1;536.307007;-0.267731;-0.963494;0.000697;39579.953125;-64828.691406;-53200.246094;204.0;92.0;76.0;39613.980469;-65049.820312;-53124.089844;39613.972656;-65049.929688;-53276.089844;39436.699219;-65000.554688;-53124.121094;39436.691406;-65000.664062;-53276.121094;39723.214844;-64656.71875;-53124.371094;39723.207031;-64656.828125;-53276.371094;39545.933594;-64607.453125;-53124.402344;39545.925781;-64607.5625;-53276.402344;-1;-1;-1;-1;-1;-1;-1;-1;-1;-1;-1;-1;-1;-1;-1;-1;-1;-1
