Time;ID;Cat;XPos;YPos;ZPos;2D_XPos;2D_YPos;Vel;XDir;YDir;ZDir;BBox_XPos;BBox_YPos;BBox_ZPos;BBox_Ext_X;BBox_Ext_Y;BBox_Ext_Z;Corner_XYZ_X;Corner_XYZ_Y;Corner_XYZ_Z;Corner_XY-Z_X;Corner_XY-Z_Y;Corner_XY-Z_Z;Corner_X-YZ_X;Corner_X-YZ_Y;Corner_X-YZ_Z;Corner_X-Y-Z_X;Corner_X-Y-Z_Y;Corner_X-Y-Z_Z;Corner_-XYZ_X;Corner_-XYZ_Y;Corner_-XYZ_Z;Corner_-XY-Z_X;Corner_-XY-Z_Y;Corner_-XY-Z_Z;Corner_-X-YZ_X;Corner_-X-YZ_Y;Corner_-X-YZ_Z;Corner_-X-Y-Z_X;Corner_-X-Y-Z_Y;Corner_-X-Y-Z_Z;BBox_2D_XPos;BBox_2D_YPos;Corner_2D_XYZ_X;Corner_2D_XYZ_Y;Corner_2D_XY-Z_X;Corner_2D_XY-Z_Y;Corner_2D_X-YZ_X;Corner_2D_X-YZ_Y;Corner_2D_X-Y-Z_X;Corner_2D_X-Y-Z_Y;Corner_2D_-XYZ_X;Corner_2D_-XYZ_Y;Corner_-2D_XY-Z_X;Corner_2D_-XY-Z_Y;Corner_2D_-X-YZ_X;Corner_2D_-X-YZ_Y;Corner_2D_-X-Y-Z_X;Corner_2D_-X-Y-Z_Y;
J0:19:18:56:337;Hatchback_Car_AI_C_0;211;39387.714844;-73737.140625;-54478.140625;-1;-1;685.232422;0.073776;-0.997228;0.009712;39388.769531;-73750.328125;-54399.007812;204.0;92.0;76.0;39495.589844;-73946.234375;-54321.121094;39495.550781;-73947.71875;-54473.113281;39312.089844;-73959.8125;-54320.941406;39312.050781;-73961.296875;-54472.933594;39465.488281;-73539.359375;-54325.082031;39465.449219;-73540.84375;-54477.074219;39281.988281;-73552.9375;-54324.902344;39281.949219;-73554.421875;-54476.894531;-1;-1;-1;-1;-1;-1;-1;-1;-1;-1;-1;-1;-1;-1;-1;-1;-1;-1
J0:19:18:56:337;Hatchback_Car_AI_C_7;211;39077.65625;-70673.828125;-54073.816406;-1;-1;669.860535;0.085318;-0.964539;-0.249771;39080.804688;-70706.96875;-54000.816406;204.0;92.0;76.0;39191.730469;-70914.453125;-53978.425781;39187.964844;-70876.671875;-54125.605469;39008.457031;-70930.796875;-53977.933594;39004.691406;-70893.015625;-54125.113281;39156.917969;-70520.921875;-53876.519531;39153.152344;-70483.140625;-54023.699219;38973.644531;-70537.265625;-53876.027344;38969.878906;-70499.484375;-54023.207031;-1;-1;-1;-1;-1;-1;-1;-1;-1;-1;-1;-1;-1;-1;-1;-1;-1;-1
J0:19:18:56:337;Hatchback_Car_AI_C_11;211;39080.738281;-67290.78125;-53375.34375;-1;-1;678.401794;-0.13549;-0.986159;-0.095564;39077.824219;-67312.070312;-53298.042969;204.0;92.0;76.0;39140.351562;-67532.96875;-53241.898438;39142.304688;-67518.578125;-53393.203125;38958.0625;-67507.921875;-53241.875;38960.015625;-67493.53125;-53393.179688;39195.632812;-67130.609375;-53202.90625;39197.585938;-67116.21875;-53354.210938;39013.34375;-67105.5625;-53202.882812;39015.296875;-67091.171875;-53354.1875;-1;-1;-1;-1;-1;-1;-1;-1;-1;-1;-1;-1;-1;-1;-1;-1;-1;-1
