Time;ID;Cat;XPos;YPos;ZPos;2D_XPos;2D_YPos;Vel;XDir;YDir;ZDir;BBox_XPos;BBox_YPos;BBox_ZPos;BBox_Ext_X;BBox_Ext_Y;BBox_Ext_Z;Corner_XYZ_X;Corner_XYZ_Y;Corner_XYZ_Z;Corner_XY-Z_X;Corner_XY-Z_Y;Corner_XY-Z_Z;Corner_X-YZ_X;Corner_X-YZ_Y;Corner_X-YZ_Z;Corner_X-Y-Z_X;Corner_X-Y-Z_Y;Corner_X-Y-Z_Z;Corner_-XYZ_X;Corner_-XYZ_Y;Corner_-XYZ_Z;Corner_-XY-Z_X;Corner_-XY-Z_Y;Corner_-XY-Z_Z;Corner_-X-YZ_X;Corner_-X-YZ_Y;Corner_-X-YZ_Z;Corner_-X-Y-Z_X;Corner_-X-Y-Z_Y;Corner_-X-Y-Z_Z;BBox_2D_XPos;BBox_2D_YPos;Corner_2D_XYZ_X;Corner_2D_XYZ_Y;Corner_2D_XY-Z_X;Corner_2D_XY-Z_Y;Corner_2D_X-YZ_X;Corner_2D_X-YZ_Y;Corner_2D_X-Y-Z_X;Corner_2D_X-Y-Z_Y;Corner_2D_-XYZ_X;Corner_2D_-XYZ_Y;Corner_-2D_XY-Z_X;Corner_2D_-XY-Z_Y;Corner_2D_-X-YZ_X;Corner_2D_-X-YZ_Y;Corner_2D_-X-Y-Z_X;Corner_2D_-X-Y-Z_Y;
J0:19:17:07:534;Hatchback_Car_AI_C_0;211;39031.441406;-67716.046875;-53423.289062;-1;-1;663.879089;-0.102019;-0.986807;-0.125714;39028.964844;-67739.734375;-53346.675781;204.0;92.0;76.0;39098.65625;-67960.007812;-53296.890625;39100.671875;-67941.007812;-53447.6875;38915.632812;-67941.085938;-53296.953125;38917.648438;-67922.085938;-53447.75;39140.28125;-67557.382812;-53245.601562;39142.296875;-67538.382812;-53396.398438;38957.257812;-67538.460938;-53245.664062;38959.273438;-67519.460938;-53396.460938;-1;-1;-1;-1;-1;-1;-1;-1;-1;-1;-1;-1;-1;-1;-1;-1;-1;-1
J0:19:17:07:534;Hatchback_Car_AI_C_7;211;39593.222656;-64780.160156;-53279.296875;-1;-1;537.145935;-0.269636;-0.962961;0.001677;39589.457031;-64793.507812;-53200.273438;204.0;92.0;76.0;39623.054688;-65014.628906;-53123.898438;39623.039062;-65014.886719;-53275.898438;39445.867188;-64965.019531;-53123.960938;39445.851562;-64965.277344;-53275.960938;39733.0625;-64621.738281;-53124.585938;39733.046875;-64621.996094;-53276.585938;39555.875;-64572.128906;-53124.648438;39555.859375;-64572.386719;-53276.648438;-1;-1;-1;-1;-1;-1;-1;-1;-1;-1;-1;-1;-1;-1;-1;-1;-1;-1
