Time;ID;Cat;XPos;YPos;ZPos;2D_XPos;2D_YPos;Vel;XDir;YDir;ZDir;BBox_XPos;BBox_YPos;BBox_ZPos;BBox_Ext_X;BBox_Ext_Y;BBox_Ext_Z;Corner_XYZ_X;Corner_XYZ_Y;Corner_XYZ_Z;Corner_XY-Z_X;Corner_XY-Z_Y;Corner_XY-Z_Z;Corner_X-YZ_X;Corner_X-YZ_Y;Corner_X-YZ_Z;Corner_X-Y-Z_X;Corner_X-Y-Z_Y;Corner_X-Y-Z_Z;Corner_-XYZ_X;Corner_-XYZ_Y;Corner_-XYZ_Z;Corner_-XY-Z_X;Corner_-XY-Z_Y;Corner_-XY-Z_Z;Corner_-X-YZ_X;Corner_-X-YZ_Y;Corner_-X-YZ_Z;Corner_-X-Y-Z_X;Corner_-X-Y-Z_Y;Corner_-X-Y-Z_Z;BBox_2D_XPos;BBox_2D_YPos;Corner_2D_XYZ_X;Corner_2D_XYZ_Y;Corner_2D_XY-Z_X;Corner_2D_XY-Z_Y;Corner_2D_X-YZ_X;Corner_2D_X-YZ_Y;Corner_2D_X-Y-Z_X;Corner_2D_X-Y-Z_Y;Corner_2D_-XYZ_X;Corner_2D_-XYZ_Y;Corner_-2D_XY-Z_X;Corner_2D_-XY-Z_Y;Corner_2D_-X-YZ_X;Corner_2D_-X-YZ_Y;Corner_2D_-X-Y-Z_X;Corner_2D_-X-Y-Z_Y;
J0:19:19:48:733;Hatchback_Car_AI_C_0;211;39374.007812;-75874.179688;-54425.390625;1663;756;191.512558;-0.09417;-0.995338;-0.020852;39372.660156;-75889.765625;-54346.699219;204.0;92.0;76.0;39445.011719;-76103.0625;-54275.117188;39445.066406;-76099.890625;-54427.085938;39261.832031;-76085.734375;-54274.820312;39261.886719;-76082.5625;-54426.789062;39483.433594;-75696.96875;-54266.609375;39483.488281;-75693.796875;-54418.578125;39300.253906;-75679.640625;-54266.3125;39300.308594;-75676.46875;-54418.28125;1658;730;1571;702;1571;748;1711;702;1711;748;1603;710;1603;759;1750;710;1750;759
J0:19:19:48:733;Hatchback_Car_AI_C_11;211;39037.773438;-70199.929688;-53951.671875;-1;-1;680.435791;0.078699;-0.964281;-0.252922;39040.542969;-70233.34375;-53878.78125;204.0;92.0;76.0;39149.898438;-70441.71875;-53856.898438;39146.6875;-70403.40625;-54003.953125;38966.507812;-70456.703125;-53856.804688;38963.296875;-70418.390625;-54003.859375;39117.789062;-70048.296875;-53753.703125;39114.578125;-70009.984375;-53900.757812;38934.398438;-70063.28125;-53753.609375;38931.1875;-70024.96875;-53900.664062;-1;-1;-1;-1;-1;-1;-1;-1;-1;-1;-1;-1;-1;-1;-1;-1;-1;-1
J0:19:19:48:733;Hatchback_Car_AI_C_15;211;39119.4375;-67060.992188;-53354.453125;-1;-1;725.977417;-0.152791;-0.98516;-0.078194;39116.359375;-67080.890625;-53276.789062;204.0;92.0;76.0;39175.203125;-67301.835938;-53216.984375;39177.007812;-67290.085938;-53368.515625;38993.375;-67273.632812;-53216.96875;38995.179688;-67261.882812;-53368.5;39237.539062;-66899.898438;-53185.078125;39239.34375;-66888.148438;-53336.609375;39055.710938;-66871.695312;-53185.0625;39057.515625;-66859.945312;-53336.59375;-1;-1;-1;-1;-1;-1;-1;-1;-1;-1;-1;-1;-1;-1;-1;-1;-1;-1
