Time;ID;Cat;XPos;YPos;ZPos;2D_XPos;2D_YPos;Vel;XDir;YDir;ZDir;BBox_XPos;BBox_YPos;BBox_ZPos;BBox_Ext_X;BBox_Ext_Y;BBox_Ext_Z;Corner_XYZ_X;Corner_XYZ_Y;Corner_XYZ_Z;Corner_XY-Z_X;Corner_XY-Z_Y;Corner_XY-Z_Z;Corner_X-YZ_X;Corner_X-YZ_Y;Corner_X-YZ_Z;Corner_X-Y-Z_X;Corner_X-Y-Z_Y;Corner_X-Y-Z_Z;Corner_-XYZ_X;Corner_-XYZ_Y;Corner_-XYZ_Z;Corner_-XY-Z_X;Corner_-XY-Z_Y;Corner_-XY-Z_Z;Corner_-X-YZ_X;Corner_-X-YZ_Y;Corner_-X-YZ_Z;Corner_-X-Y-Z_X;Corner_-X-Y-Z_Y;Corner_-X-Y-Z_Z;BBox_2D_XPos;BBox_2D_YPos;Corner_2D_XYZ_X;Corner_2D_XYZ_Y;Corner_2D_XY-Z_X;Corner_2D_XY-Z_Y;Corner_2D_X-YZ_X;Corner_2D_X-YZ_Y;Corner_2D_X-Y-Z_X;Corner_2D_X-Y-Z_Y;Corner_2D_-XYZ_X;Corner_2D_-XYZ_Y;Corner_-2D_XY-Z_X;Corner_2D_-XY-Z_Y;Corner_2D_-X-YZ_X;Corner_2D_-X-YZ_Y;Corner_2D_-X-Y-Z_X;Corner_2D_-X-Y-Z_Y;
J0:19:17:24:337;Hatchback_Car_AI_C_0;211;38977.957031;-68640.695312;-53574.597656;-1;-1;694.879822;-0.02209;-0.980178;-0.196882;38977.304688;-68669.96875;-53499.898438;204.0;92.0;76.0;39064.445312;-68886.953125;-53465.558594;39065.101562;-68857.03125;-53614.582031;38880.492188;-68882.8125;-53465.542969;38881.148438;-68852.890625;-53614.566406;39073.460938;-68487.046875;-53385.230469;39074.117188;-68457.125;-53534.253906;38889.507812;-68482.90625;-53385.214844;38890.164062;-68452.984375;-53534.238281;-1;-1;-1;-1;-1;-1;-1;-1;-1;-1;-1;-1;-1;-1;-1;-1;-1;-1
J0:19:17:24:337;Hatchback_Car_AI_C_7;211;39385.414062;-65612.257812;-53287.105469;-1;-1;680.97937;-0.22844;-0.973375;-0.018888;39381.871094;-65627.335938;-53208.382812;204.0;92.0;76.0;39424.503906;-65848.328125;-53136.242188;39425.167969;-65845.53125;-53288.21875;39245.371094;-65806.28125;-53136.25;39246.035156;-65803.484375;-53288.226562;39517.707031;-65451.183594;-53128.539062;39518.371094;-65448.386719;-53280.515625;39338.574219;-65409.144531;-53128.546875;39339.238281;-65406.347656;-53280.523438;-1;-1;-1;-1;-1;-1;-1;-1;-1;-1;-1;-1;-1;-1;-1;-1;-1;-1
