Time;ID;Cat;XPos;YPos;ZPos;2D_XPos;2D_YPos;Vel;XDir;YDir;ZDir;BBox_XPos;BBox_YPos;BBox_ZPos;BBox_Ext_X;BBox_Ext_Y;BBox_Ext_Z;Corner_XYZ_X;Corner_XYZ_Y;Corner_XYZ_Z;Corner_XY-Z_X;Corner_XY-Z_Y;Corner_XY-Z_Z;Corner_X-YZ_X;Corner_X-YZ_Y;Corner_X-YZ_Z;Corner_X-Y-Z_X;Corner_X-Y-Z_Y;Corner_X-Y-Z_Z;Corner_-XYZ_X;Corner_-XYZ_Y;Corner_-XYZ_Z;Corner_-XY-Z_X;Corner_-XY-Z_Y;Corner_-XY-Z_Z;Corner_-X-YZ_X;Corner_-X-YZ_Y;Corner_-X-YZ_Z;Corner_-X-Y-Z_X;Corner_-X-Y-Z_Y;Corner_-X-Y-Z_Z;BBox_2D_XPos;BBox_2D_YPos;Corner_2D_XYZ_X;Corner_2D_XYZ_Y;Corner_2D_XY-Z_X;Corner_2D_XY-Z_Y;Corner_2D_X-YZ_X;Corner_2D_X-YZ_Y;Corner_2D_X-Y-Z_X;Corner_2D_X-Y-Z_Y;Corner_2D_-XYZ_X;Corner_2D_-XYZ_Y;Corner_-2D_XY-Z_X;Corner_2D_-XY-Z_Y;Corner_2D_-X-YZ_X;Corner_2D_-X-YZ_Y;Corner_2D_-X-Y-Z_X;Corner_2D_-X-Y-Z_Y;
J0:19:19:00:734;Hatchback_Car_AI_C_0;211;39401.824219;-73972.625;-54474.050781;-1;-1;653.89093;0.055139;-0.998203;0.023474;39402.625;-73984.742188;-54394.742188;204.0;92.0;76.0;39505.761719;-74181.515625;-54314.128906;39505.707031;-74185.09375;-54466.089844;39322.042969;-74191.65625;-54313.816406;39321.988281;-74195.234375;-54465.777344;39483.261719;-73774.25;-54323.707031;39483.207031;-73777.828125;-54475.667969;39299.542969;-73784.390625;-54323.394531;39299.488281;-73787.96875;-54475.355469;-1;-1;-1;-1;-1;-1;-1;-1;-1;-1;-1;-1;-1;-1;-1;-1;-1;-1
J0:19:19:00:734;Hatchback_Car_AI_C_7;211;39100.441406;-70918.0;-54135.074219;-1;-1;732.827759;0.090661;-0.966294;-0.240948;39103.683594;-70950.460938;-54061.773438;204.0;92.0;76.0;39215.671875;-71157.148438;-54037.386719;39211.875;-71120.726562;-54184.910156;39032.484375;-71174.445312;-54036.941406;39028.6875;-71138.023438;-54184.464844;39178.679688;-70762.898438;-53939.082031;39174.882812;-70726.476562;-54086.605469;38995.492188;-70780.195312;-53938.636719;38991.695312;-70743.773438;-54086.160156;-1;-1;-1;-1;-1;-1;-1;-1;-1;-1;-1;-1;-1;-1;-1;-1;-1;-1
J0:19:19:00:734;Hatchback_Car_AI_C_11;211;39051.191406;-67531.25;-53400.808594;-1;-1;684.930603;-0.117142;-0.986784;-0.11196;39048.507812;-67553.851562;-53323.871094;204.0;92.0;76.0;39114.964844;-67774.453125;-53271.1875;39116.972656;-67757.546875;-53422.234375;38932.246094;-67752.765625;-53271.1875;38934.253906;-67735.859375;-53422.234375;39162.761719;-67371.84375;-53225.507812;39164.769531;-67354.9375;-53376.554688;38980.042969;-67350.15625;-53225.507812;38982.050781;-67333.25;-53376.554688;-1;-1;-1;-1;-1;-1;-1;-1;-1;-1;-1;-1;-1;-1;-1;-1;-1;-1
