Time;ID;Cat;XPos;YPos;ZPos;2D_XPos;2D_YPos;Vel;XDir;YDir;ZDir;BBox_XPos;BBox_YPos;BBox_ZPos;BBox_Ext_X;BBox_Ext_Y;BBox_Ext_Z;Corner_XYZ_X;Corner_XYZ_Y;Corner_XYZ_Z;Corner_XY-Z_X;Corner_XY-Z_Y;Corner_XY-Z_Z;Corner_X-YZ_X;Corner_X-YZ_Y;Corner_X-YZ_Z;Corner_X-Y-Z_X;Corner_X-Y-Z_Y;Corner_X-Y-Z_Z;Corner_-XYZ_X;Corner_-XYZ_Y;Corner_-XYZ_Z;Corner_-XY-Z_X;Corner_-XY-Z_Y;Corner_-XY-Z_Z;Corner_-X-YZ_X;Corner_-X-YZ_Y;Corner_-X-YZ_Z;Corner_-X-Y-Z_X;Corner_-X-Y-Z_Y;Corner_-X-Y-Z_Z;BBox_2D_XPos;BBox_2D_YPos;Corner_2D_XYZ_X;Corner_2D_XYZ_Y;Corner_2D_XY-Z_X;Corner_2D_XY-Z_Y;Corner_2D_X-YZ_X;Corner_2D_X-YZ_Y;Corner_2D_X-Y-Z_X;Corner_2D_X-Y-Z_Y;Corner_2D_-XYZ_X;Corner_2D_-XYZ_Y;Corner_-2D_XY-Z_X;Corner_2D_-XY-Z_Y;Corner_2D_-X-YZ_X;Corner_2D_-X-YZ_Y;Corner_2D_-X-Y-Z_X;Corner_2D_-X-Y-Z_Y;
J0:19:18:09:931;Hatchback_Car_AI_C_0;211;39125.929688;-71176.242188;-54197.980469;-1;-1;683.74939;0.09233;-0.967881;-0.233841;39129.191406;-71208.164062;-54124.445312;204.0;92.0;76.0;39241.5;-71414.484375;-54098.5;39237.710938;-71379.140625;-54246.289062;39058.34375;-71432.078125;-54098.007812;39054.554688;-71396.734375;-54245.796875;39203.828125;-71019.59375;-54003.09375;39200.039062;-70984.25;-54150.882812;39020.671875;-71037.1875;-54002.601562;39016.882812;-71001.84375;-54150.390625;-1;-1;-1;-1;-1;-1;-1;-1;-1;-1;-1;-1;-1;-1;-1;-1;-1;-1
J0:19:18:09:931;Hatchback_Car_AI_C_7;211;38999.226562;-68094.195312;-53477.105469;-1;-1;688.907532;-0.072966;-0.98546;-0.153445;38997.339844;-68120.085938;-53401.1875;204.0;92.0;76.0;39073.371094;-68339.539062;-53357.425781;39075.035156;-68316.273438;-53507.628906;38889.871094;-68325.960938;-53357.355469;38891.535156;-68302.695312;-53507.558594;39103.144531;-67937.476562;-53294.816406;39104.808594;-67914.210938;-53445.019531;38919.644531;-67923.898438;-53294.746094;38921.308594;-67900.632812;-53444.949219;-1;-1;-1;-1;-1;-1;-1;-1;-1;-1;-1;-1;-1;-1;-1;-1;-1;-1
J0:19:18:09:931;Hatchback_Car_AI_C_11;211;39581.761719;-64822.722656;-53279.25;-1;-1;547.962158;-0.267614;-0.963526;0.000935;39578.011719;-64836.132812;-53200.238281;204.0;92.0;76.0;39612.058594;-65057.238281;-53124.015625;39612.066406;-65057.386719;-53276.015625;39434.769531;-65007.996094;-53124.078125;39434.777344;-65008.144531;-53276.078125;39721.246094;-64664.121094;-53124.398438;39721.253906;-64664.269531;-53276.398438;39543.957031;-64614.878906;-53124.460938;39543.964844;-64615.027344;-53276.460938;-1;-1;-1;-1;-1;-1;-1;-1;-1;-1;-1;-1;-1;-1;-1;-1;-1;-1
