Time;ID;Cat;XPos;YPos;ZPos;2D_XPos;2D_YPos;Vel;XDir;YDir;ZDir;BBox_XPos;BBox_YPos;BBox_ZPos;BBox_Ext_X;BBox_Ext_Y;BBox_Ext_Z;Corner_XYZ_X;Corner_XYZ_Y;Corner_XYZ_Z;Corner_XY-Z_X;Corner_XY-Z_Y;Corner_XY-Z_Z;Corner_X-YZ_X;Corner_X-YZ_Y;Corner_X-YZ_Z;Corner_X-Y-Z_X;Corner_X-Y-Z_Y;Corner_X-Y-Z_Z;Corner_-XYZ_X;Corner_-XYZ_Y;Corner_-XYZ_Z;Corner_-XY-Z_X;Corner_-XY-Z_Y;Corner_-XY-Z_Z;Corner_-X-YZ_X;Corner_-X-YZ_Y;Corner_-X-YZ_Z;Corner_-X-Y-Z_X;Corner_-X-Y-Z_Y;Corner_-X-Y-Z_Z;BBox_2D_XPos;BBox_2D_YPos;Corner_2D_XYZ_X;Corner_2D_XYZ_Y;Corner_2D_XY-Z_X;Corner_2D_XY-Z_Y;Corner_2D_X-YZ_X;Corner_2D_X-YZ_Y;Corner_2D_X-Y-Z_X;Corner_2D_X-Y-Z_Y;Corner_2D_-XYZ_X;Corner_2D_-XYZ_Y;Corner_-2D_XY-Z_X;Corner_2D_-XY-Z_Y;Corner_2D_-X-YZ_X;Corner_2D_-X-YZ_Y;Corner_2D_-X-Y-Z_X;Corner_2D_-X-Y-Z_Y;
J0:19:19:49:932;Hatchback_Car_AI_C_0;211;39371.441406;-75891.984375;-54425.78125;1658;756;175.209488;-0.101533;-0.994569;-0.02286;39369.980469;-75907.71875;-54347.121094;204.0;92.0;76.0;39440.753906;-76121.6875;-54275.972656;39440.832031;-76118.203125;-54427.933594;39257.707031;-76103.015625;-54275.636719;39257.785156;-76099.53125;-54427.597656;39482.175781;-75715.90625;-54266.644531;39482.253906;-75712.421875;-54418.605469;39299.128906;-75697.234375;-54266.308594;39299.207031;-75693.75;-54418.269531;1653;730;1566;702;1566;749;1706;702;1706;749;1597;710;1597;759;1744;710;1744;759
J0:19:19:49:932;Hatchback_Car_AI_C_11;211;39043.382812;-70266.484375;-53968.804688;-1;-1;691.928955;0.07848;-0.964437;-0.252394;39046.195312;-70299.851562;-53895.894531;204.0;92.0;76.0;39155.550781;-70508.210938;-53873.953125;39152.253906;-70469.992188;-54021.03125;38972.160156;-70523.195312;-53873.734375;38968.863281;-70484.976562;-54020.8125;39123.527344;-70114.726562;-53770.976562;39120.230469;-70076.507812;-53918.054688;38940.136719;-70129.710938;-53770.757812;38936.839844;-70091.492188;-53917.835938;-1;-1;-1;-1;-1;-1;-1;-1;-1;-1;-1;-1;-1;-1;-1;-1;-1;-1
J0:19:19:49:932;Hatchback_Car_AI_C_15;211;39109.144531;-67129.773438;-53360.328125;-1;-1;687.380859;-0.15081;-0.984921;-0.084777;39106.066406;-67150.1875;-53282.800781;204.0;92.0;76.0;39165.3125;-67371.40625;-53224.425781;39167.171875;-67358.65625;-53375.878906;38983.429688;-67343.5625;-53224.308594;38985.289062;-67330.8125;-53375.761719;39226.84375;-66969.5625;-53189.839844;39228.703125;-66956.8125;-53341.292969;39044.960938;-66941.71875;-53189.722656;39046.820312;-66928.96875;-53341.175781;-1;-1;-1;-1;-1;-1;-1;-1;-1;-1;-1;-1;-1;-1;-1;-1;-1;-1
