Time;ID;Cat;XPos;YPos;ZPos;2D_XPos;2D_YPos;Vel;XDir;YDir;ZDir;BBox_XPos;BBox_YPos;BBox_ZPos;BBox_Ext_X;BBox_Ext_Y;BBox_Ext_Z;Corner_XYZ_X;Corner_XYZ_Y;Corner_XYZ_Z;Corner_XY-Z_X;Corner_XY-Z_Y;Corner_XY-Z_Z;Corner_X-YZ_X;Corner_X-YZ_Y;Corner_X-YZ_Z;Corner_X-Y-Z_X;Corner_X-Y-Z_Y;Corner_X-Y-Z_Z;Corner_-XYZ_X;Corner_-XYZ_Y;Corner_-XYZ_Z;Corner_-XY-Z_X;Corner_-XY-Z_Y;Corner_-XY-Z_Z;Corner_-X-YZ_X;Corner_-X-YZ_Y;Corner_-X-YZ_Z;Corner_-X-Y-Z_X;Corner_-X-Y-Z_Y;Corner_-X-Y-Z_Z;BBox_2D_XPos;BBox_2D_YPos;Corner_2D_XYZ_X;Corner_2D_XYZ_Y;Corner_2D_XY-Z_X;Corner_2D_XY-Z_Y;Corner_2D_X-YZ_X;Corner_2D_X-YZ_Y;Corner_2D_X-Y-Z_X;Corner_2D_X-Y-Z_Y;Corner_2D_-XYZ_X;Corner_2D_-XYZ_Y;Corner_-2D_XY-Z_X;Corner_2D_-XY-Z_Y;Corner_2D_-X-YZ_X;Corner_2D_-X-YZ_Y;Corner_2D_-X-Y-Z_X;Corner_2D_-X-Y-Z_Y;
J0:19:17:07:134;Hatchback_Car_AI_C_0;211;39033.546875;-67694.273438;-53420.492188;-1;-1;674.510437;-0.105033;-0.986715;-0.123945;39031.046875;-67717.828125;-53343.835938;204.0;92.0;76.0;39100.113281;-67938.21875;-53293.714844;39102.097656;-67919.484375;-53444.542969;38917.144531;-67918.75;-53293.699219;38919.128906;-67900.015625;-53444.527344;39142.964844;-67535.640625;-53243.144531;39144.949219;-67516.90625;-53393.972656;38959.996094;-67516.171875;-53243.128906;38961.980469;-67497.4375;-53393.957031;-1;-1;-1;-1;-1;-1;-1;-1;-1;-1;-1;-1;-1;-1;-1;-1;-1;-1
J0:19:17:07:134;Hatchback_Car_AI_C_7;211;39597.902344;-64762.921875;-53279.34375;-1;-1;546.56488;-0.268451;-0.96329;0.002647;39594.167969;-64776.199219;-53200.308594;204.0;92.0;76.0;39628.046875;-64997.207031;-53123.730469;39628.0;-64997.613281;-53275.730469;39450.804688;-64947.808594;-53123.808594;39450.757812;-64948.214844;-53275.808594;39737.578125;-64604.183594;-53124.808594;39737.53125;-64604.589844;-53276.808594;39560.335938;-64554.785156;-53124.886719;39560.289062;-64555.191406;-53276.886719;-1;-1;-1;-1;-1;-1;-1;-1;-1;-1;-1;-1;-1;-1;-1;-1;-1;-1
