Time;ID;Cat;XPos;YPos;ZPos;2D_XPos;2D_YPos;Vel;XDir;YDir;ZDir;BBox_XPos;BBox_YPos;BBox_ZPos;BBox_Ext_X;BBox_Ext_Y;BBox_Ext_Z;Corner_XYZ_X;Corner_XYZ_Y;Corner_XYZ_Z;Corner_XY-Z_X;Corner_XY-Z_Y;Corner_XY-Z_Z;Corner_X-YZ_X;Corner_X-YZ_Y;Corner_X-YZ_Z;Corner_X-Y-Z_X;Corner_X-Y-Z_Y;Corner_X-Y-Z_Z;Corner_-XYZ_X;Corner_-XYZ_Y;Corner_-XYZ_Z;Corner_-XY-Z_X;Corner_-XY-Z_Y;Corner_-XY-Z_Z;Corner_-X-YZ_X;Corner_-X-YZ_Y;Corner_-X-YZ_Z;Corner_-X-Y-Z_X;Corner_-X-Y-Z_Y;Corner_-X-Y-Z_Z;BBox_2D_XPos;BBox_2D_YPos;Corner_2D_XYZ_X;Corner_2D_XYZ_Y;Corner_2D_XY-Z_X;Corner_2D_XY-Z_Y;Corner_2D_X-YZ_X;Corner_2D_X-YZ_Y;Corner_2D_X-Y-Z_X;Corner_2D_X-Y-Z_Y;Corner_2D_-XYZ_X;Corner_2D_-XYZ_Y;Corner_-2D_XY-Z_X;Corner_2D_-XY-Z_Y;Corner_2D_-X-YZ_X;Corner_2D_-X-YZ_Y;Corner_2D_-X-Y-Z_X;Corner_2D_-X-Y-Z_Y;
J0:19:17:41:134;Hatchback_Car_AI_C_0;211;38996.117188;-69578.367188;-53791.765625;-1;-1;691.187439;0.047895;-0.968229;-0.245436;38997.832031;-69611.28125;-53718.617188;204.0;92.0;76.0;39100.492188;-69822.851562;-53695.109375;39098.484375;-69785.601562;-53842.460938;38916.71875;-69831.992188;-53694.914062;38914.710938;-69794.742188;-53842.265625;39080.953125;-69427.820312;-53594.96875;39078.945312;-69390.570312;-53742.320312;38897.179688;-69436.960938;-53594.773438;38895.171875;-69399.710938;-53742.125;-1;-1;-1;-1;-1;-1;-1;-1;-1;-1;-1;-1;-1;-1;-1;-1;-1;-1
J0:19:17:41:134;Hatchback_Car_AI_C_7;211;39200.703125;-66519.453125;-53319.261719;-1;-1;664.947021;-0.179743;-0.982463;-0.049595;39197.480469;-66537.0625;-53241.054688;204.0;92.0;76.0;39250.628906;-66757.75;-53175.265625;39251.988281;-66750.328125;-53327.078125;39069.636719;-66724.640625;-53175.265625;39070.996094;-66717.21875;-53327.078125;39323.964844;-66356.90625;-53155.03125;39325.324219;-66349.484375;-53306.84375;39142.972656;-66323.796875;-53155.03125;39144.332031;-66316.375;-53306.84375;-1;-1;-1;-1;-1;-1;-1;-1;-1;-1;-1;-1;-1;-1;-1;-1;-1;-1
