Time;ID;Cat;XPos;YPos;ZPos;2D_XPos;2D_YPos;Vel;XDir;YDir;ZDir;BBox_XPos;BBox_YPos;BBox_ZPos;BBox_Ext_X;BBox_Ext_Y;BBox_Ext_Z;Corner_XYZ_X;Corner_XYZ_Y;Corner_XYZ_Z;Corner_XY-Z_X;Corner_XY-Z_Y;Corner_XY-Z_Z;Corner_X-YZ_X;Corner_X-YZ_Y;Corner_X-YZ_Z;Corner_X-Y-Z_X;Corner_X-Y-Z_Y;Corner_X-Y-Z_Z;Corner_-XYZ_X;Corner_-XYZ_Y;Corner_-XYZ_Z;Corner_-XY-Z_X;Corner_-XY-Z_Y;Corner_-XY-Z_Z;Corner_-X-YZ_X;Corner_-X-YZ_Y;Corner_-X-YZ_Z;Corner_-X-Y-Z_X;Corner_-X-Y-Z_Y;Corner_-X-Y-Z_Z;BBox_2D_XPos;BBox_2D_YPos;Corner_2D_XYZ_X;Corner_2D_XYZ_Y;Corner_2D_XY-Z_X;Corner_2D_XY-Z_Y;Corner_2D_X-YZ_X;Corner_2D_X-YZ_Y;Corner_2D_X-Y-Z_X;Corner_2D_X-Y-Z_Y;Corner_2D_-XYZ_X;Corner_2D_-XYZ_Y;Corner_-2D_XY-Z_X;Corner_2D_-XY-Z_Y;Corner_2D_-X-YZ_X;Corner_2D_-X-YZ_Y;Corner_2D_-X-Y-Z_X;Corner_2D_-X-Y-Z_Y;
J0:19:17:36:337;Hatchback_Car_AI_C_0;211;38984.5625;-69313.734375;-53726.351562;-1;-1;671.997559;0.031223;-0.970669;-0.238385;38985.703125;-69346.140625;-53652.964844;204.0;92.0;76.0;39084.707031;-69559.273438;-53627.898438;39083.347656;-69523.070312;-53775.515625;38900.800781;-69565.242188;-53627.671875;38899.441406;-69529.039062;-53775.289062;39071.964844;-69163.242188;-53530.640625;39070.605469;-69127.039062;-53678.257812;38888.058594;-69169.210938;-53530.414062;38886.699219;-69133.007812;-53678.03125;-1;-1;-1;-1;-1;-1;-1;-1;-1;-1;-1;-1;-1;-1;-1;-1;-1;-1
J0:19:17:36:337;Hatchback_Car_AI_C_7;211;39249.492188;-66255.679688;-53307.1875;-1;-1;652.709045;-0.1927;-0.980414;-0.040671;39246.144531;-66272.554688;-53228.820312;204.0;92.0;76.0;39296.480469;-66493.328125;-53161.144531;39297.730469;-66487.28125;-53313.019531;39115.933594;-66457.84375;-53161.214844;39117.183594;-66451.796875;-53313.089844;39375.105469;-66093.3125;-53144.550781;39376.355469;-66087.265625;-53296.425781;39194.558594;-66057.828125;-53144.621094;39195.808594;-66051.78125;-53296.496094;-1;-1;-1;-1;-1;-1;-1;-1;-1;-1;-1;-1;-1;-1;-1;-1;-1;-1
