Time;ID;Cat;XPos;YPos;ZPos;2D_XPos;2D_YPos;Vel;XDir;YDir;ZDir;BBox_XPos;BBox_YPos;BBox_ZPos;BBox_Ext_X;BBox_Ext_Y;BBox_Ext_Z;Corner_XYZ_X;Corner_XYZ_Y;Corner_XYZ_Z;Corner_XY-Z_X;Corner_XY-Z_Y;Corner_XY-Z_Z;Corner_X-YZ_X;Corner_X-YZ_Y;Corner_X-YZ_Z;Corner_X-Y-Z_X;Corner_X-Y-Z_Y;Corner_X-Y-Z_Z;Corner_-XYZ_X;Corner_-XYZ_Y;Corner_-XYZ_Z;Corner_-XY-Z_X;Corner_-XY-Z_Y;Corner_-XY-Z_Z;Corner_-X-YZ_X;Corner_-X-YZ_Y;Corner_-X-YZ_Z;Corner_-X-Y-Z_X;Corner_-X-Y-Z_Y;Corner_-X-Y-Z_Z;BBox_2D_XPos;BBox_2D_YPos;Corner_2D_XYZ_X;Corner_2D_XYZ_Y;Corner_2D_XY-Z_X;Corner_2D_XY-Z_Y;Corner_2D_X-YZ_X;Corner_2D_X-YZ_Y;Corner_2D_X-Y-Z_X;Corner_2D_X-Y-Z_Y;Corner_2D_-XYZ_X;Corner_2D_-XYZ_Y;Corner_-2D_XY-Z_X;Corner_2D_-XY-Z_Y;Corner_2D_-X-YZ_X;Corner_2D_-X-YZ_Y;Corner_2D_-X-Y-Z_X;Corner_2D_-X-Y-Z_Y;
J0:19:18:01:929;Hatchback_Car_AI_C_0;211;39084.183594;-70734.625;-54089.382812;-1;-1;674.68811;0.087626;-0.964733;-0.248217;39087.378906;-70767.640625;-54016.332031;204.0;92.0;76.0;39198.765625;-70974.84375;-53993.570312;39194.976562;-70937.296875;-54140.8125;39015.53125;-70991.59375;-53993.125;39011.742188;-70954.046875;-54140.367188;39163.015625;-70581.234375;-53892.296875;39159.226562;-70543.6875;-54039.539062;38979.78125;-70597.984375;-53891.851562;38975.992188;-70560.4375;-54039.09375;-1;-1;-1;-1;-1;-1;-1;-1;-1;-1;-1;-1;-1;-1;-1;-1;-1;-1
J0:19:18:01:929;Hatchback_Car_AI_C_7;211;39037.847656;-67650.117188;-53415.148438;-1;-1;677.512146;-0.111136;-0.986387;-0.121199;39035.257812;-67673.445312;-53338.425781;204.0;92.0;76.0;39103.015625;-67894.125;-53287.753906;39105.0;-67875.8125;-53438.636719;38920.171875;-67873.53125;-53287.660156;38922.15625;-67855.21875;-53438.542969;39148.359375;-67491.671875;-53238.308594;39150.34375;-67473.359375;-53389.191406;38965.515625;-67471.078125;-53238.214844;38967.5;-67452.765625;-53389.097656;-1;-1;-1;-1;-1;-1;-1;-1;-1;-1;-1;-1;-1;-1;-1;-1;-1;-1
J0:19:18:01:929;Hatchback_Car_AI_C_11;211;39677.136719;-64479.886719;-53280.648438;-1;-1;515.921448;-0.282839;-0.959139;0.007403;39673.304688;-64492.742188;-53201.546875;204.0;92.0;76.0;39703.96875;-64713.878906;-53123.992188;39703.726562;-64714.980469;-53275.984375;39527.484375;-64661.832031;-53124.085938;39527.242188;-64662.933594;-53276.078125;39819.367188;-64322.550781;-53127.015625;39819.125;-64323.652344;-53279.007812;39642.882812;-64270.503906;-53127.109375;39642.640625;-64271.605469;-53279.101562;-1;-1;-1;-1;-1;-1;-1;-1;-1;-1;-1;-1;-1;-1;-1;-1;-1;-1
