Time;ID;Cat;XPos;YPos;ZPos;2D_XPos;2D_YPos;Vel;XDir;YDir;ZDir;BBox_XPos;BBox_YPos;BBox_ZPos;BBox_Ext_X;BBox_Ext_Y;BBox_Ext_Z;Corner_XYZ_X;Corner_XYZ_Y;Corner_XYZ_Z;Corner_XY-Z_X;Corner_XY-Z_Y;Corner_XY-Z_Z;Corner_X-YZ_X;Corner_X-YZ_Y;Corner_X-YZ_Z;Corner_X-Y-Z_X;Corner_X-Y-Z_Y;Corner_X-Y-Z_Z;Corner_-XYZ_X;Corner_-XYZ_Y;Corner_-XYZ_Z;Corner_-XY-Z_X;Corner_-XY-Z_Y;Corner_-XY-Z_Z;Corner_-X-YZ_X;Corner_-X-YZ_Y;Corner_-X-YZ_Z;Corner_-X-Y-Z_X;Corner_-X-Y-Z_Y;Corner_-X-Y-Z_Z;BBox_2D_XPos;BBox_2D_YPos;Corner_2D_XYZ_X;Corner_2D_XYZ_Y;Corner_2D_XY-Z_X;Corner_2D_XY-Z_Y;Corner_2D_X-YZ_X;Corner_2D_X-YZ_Y;Corner_2D_X-Y-Z_X;Corner_2D_X-Y-Z_Y;Corner_2D_-XYZ_X;Corner_2D_-XYZ_Y;Corner_-2D_XY-Z_X;Corner_2D_-XY-Z_Y;Corner_2D_-X-YZ_X;Corner_2D_-X-YZ_Y;Corner_2D_-X-Y-Z_X;Corner_2D_-X-Y-Z_Y;
J0:19:18:20:338;Hatchback_Car_AI_C_0;211;39183.253906;-71747.523438;-54317.148438;-1;-1;705.123718;0.104262;-0.978534;-0.177766;39186.0;-71775.210938;-54241.894531;204.0;92.0;76.0;39299.996094;-71978.578125;-54203.136719;39297.519531;-71951.671875;-54352.714844;39117.019531;-71997.984375;-54203.605469;39114.542969;-71971.078125;-54353.183594;39257.457031;-71579.34375;-54130.605469;39254.980469;-71552.4375;-54280.183594;39074.480469;-71598.75;-54131.074219;39072.003906;-71571.84375;-54280.652344;-1;-1;-1;-1;-1;-1;-1;-1;-1;-1;-1;-1;-1;-1;-1;-1;-1;-1
J0:19:18:20:338;Hatchback_Car_AI_C_7;211;38975.148438;-68682.03125;-53583.023438;-1;-1;680.897339;-0.020301;-0.979337;-0.201214;38974.597656;-68711.632812;-53508.457031;204.0;92.0;76.0;39062.179688;-68928.59375;-53475.128906;39062.695312;-68898.015625;-53624.019531;38878.21875;-68924.8125;-53474.988281;38878.734375;-68894.234375;-53623.878906;39070.460938;-68529.03125;-53393.035156;39070.976562;-68498.453125;-53541.925781;38886.5;-68525.25;-53392.894531;38887.015625;-68494.671875;-53541.785156;-1;-1;-1;-1;-1;-1;-1;-1;-1;-1;-1;-1;-1;-1;-1;-1;-1;-1
J0:19:18:20:338;Hatchback_Car_AI_C_11;211;39452.660156;-65326.683594;-53282.308594;-1;-1;641.429871;-0.242275;-0.970146;-0.01095;39449.046875;-65341.101562;-53203.464844;204.0;92.0;76.0;39488.667969;-65562.101562;-53129.691406;39489.089844;-65560.492188;-53281.683594;39310.152344;-65517.523438;-53129.714844;39310.574219;-65515.914062;-53281.707031;39587.519531;-65166.285156;-53125.222656;39587.941406;-65164.675781;-53277.214844;39409.003906;-65121.707031;-53125.246094;39409.425781;-65120.097656;-53277.238281;-1;-1;-1;-1;-1;-1;-1;-1;-1;-1;-1;-1;-1;-1;-1;-1;-1;-1
