Time;ID;Cat;XPos;YPos;ZPos;2D_XPos;2D_YPos;Vel;XDir;YDir;ZDir;BBox_XPos;BBox_YPos;BBox_ZPos;BBox_Ext_X;BBox_Ext_Y;BBox_Ext_Z;Corner_XYZ_X;Corner_XYZ_Y;Corner_XYZ_Z;Corner_XY-Z_X;Corner_XY-Z_Y;Corner_XY-Z_Z;Corner_X-YZ_X;Corner_X-YZ_Y;Corner_X-YZ_Z;Corner_X-Y-Z_X;Corner_X-Y-Z_Y;Corner_X-Y-Z_Z;Corner_-XYZ_X;Corner_-XYZ_Y;Corner_-XYZ_Z;Corner_-XY-Z_X;Corner_-XY-Z_Y;Corner_-XY-Z_Z;Corner_-X-YZ_X;Corner_-X-YZ_Y;Corner_-X-YZ_Z;Corner_-X-Y-Z_X;Corner_-X-Y-Z_Y;Corner_-X-Y-Z_Z;BBox_2D_XPos;BBox_2D_YPos;Corner_2D_XYZ_X;Corner_2D_XYZ_Y;Corner_2D_XY-Z_X;Corner_2D_XY-Z_Y;Corner_2D_X-YZ_X;Corner_2D_X-YZ_Y;Corner_2D_X-Y-Z_X;Corner_2D_X-Y-Z_Y;Corner_2D_-XYZ_X;Corner_2D_-XYZ_Y;Corner_-2D_XY-Z_X;Corner_2D_-XY-Z_Y;Corner_2D_-X-YZ_X;Corner_2D_-X-YZ_Y;Corner_2D_-X-Y-Z_X;Corner_2D_-X-Y-Z_Y;
J0:19:19:01:927;Hatchback_Car_AI_C_0;211;39404.929688;-74037.554688;-54472.296875;-1;-1;645.073608;0.05273;-0.998261;0.026341;39405.707031;-74049.445312;-54392.957031;204.0;92.0;76.0;39508.371094;-74246.234375;-54311.78125;39508.300781;-74250.25;-54463.726562;39324.628906;-74255.9375;-54311.4375;39324.558594;-74259.953125;-54463.382812;39486.855469;-73838.9375;-54322.53125;39486.785156;-73842.953125;-54474.476562;39303.113281;-73848.640625;-54322.1875;39303.042969;-73852.65625;-54474.132812;-1;-1;-1;-1;-1;-1;-1;-1;-1;-1;-1;-1;-1;-1;-1;-1;-1;-1
J0:19:19:01:927;Hatchback_Car_AI_C_7;211;39107.035156;-70987.007812;-54152.097656;-1;-1;702.572021;0.089208;-0.966501;-0.24066;39110.269531;-71019.445312;-54078.789062;204.0;92.0;76.0;39221.984375;-71226.28125;-54054.386719;39218.164062;-71189.890625;-54201.917969;39038.773438;-71243.328125;-54053.847656;39034.953125;-71206.9375;-54201.378906;39185.585938;-70831.953125;-53956.199219;39181.765625;-70795.5625;-54103.730469;39002.375;-70849.0;-53955.660156;38998.554688;-70812.609375;-54103.191406;-1;-1;-1;-1;-1;-1;-1;-1;-1;-1;-1;-1;-1;-1;-1;-1;-1;-1
J0:19:19:01:927;Hatchback_Car_AI_C_11;211;39043.386719;-67600.804688;-53408.921875;-1;-1;716.794189;-0.113131;-0.986856;-0.115394;39040.785156;-67623.679688;-53332.066406;204.0;92.0;76.0;39108.128906;-67844.195312;-53280.136719;39110.089844;-67826.757812;-53431.121094;38925.324219;-67823.242188;-53280.089844;38927.285156;-67805.804688;-53431.074219;39154.285156;-67441.554688;-53233.058594;39156.246094;-67424.117188;-53384.042969;38971.480469;-67420.601562;-53233.011719;38973.441406;-67403.164062;-53383.996094;-1;-1;-1;-1;-1;-1;-1;-1;-1;-1;-1;-1;-1;-1;-1;-1;-1;-1
