Time;ID;Cat;XPos;YPos;ZPos;2D_XPos;2D_YPos;Vel;XDir;YDir;ZDir;BBox_XPos;BBox_YPos;BBox_ZPos;BBox_Ext_X;BBox_Ext_Y;BBox_Ext_Z;Corner_XYZ_X;Corner_XYZ_Y;Corner_XYZ_Z;Corner_XY-Z_X;Corner_XY-Z_Y;Corner_XY-Z_Z;Corner_X-YZ_X;Corner_X-YZ_Y;Corner_X-YZ_Z;Corner_X-Y-Z_X;Corner_X-Y-Z_Y;Corner_X-Y-Z_Z;Corner_-XYZ_X;Corner_-XYZ_Y;Corner_-XYZ_Z;Corner_-XY-Z_X;Corner_-XY-Z_Y;Corner_-XY-Z_Z;Corner_-X-YZ_X;Corner_-X-YZ_Y;Corner_-X-YZ_Z;Corner_-X-Y-Z_X;Corner_-X-Y-Z_Y;Corner_-X-Y-Z_Z;BBox_2D_XPos;BBox_2D_YPos;Corner_2D_XYZ_X;Corner_2D_XYZ_Y;Corner_2D_XY-Z_X;Corner_2D_XY-Z_Y;Corner_2D_X-YZ_X;Corner_2D_X-YZ_Y;Corner_2D_X-Y-Z_X;Corner_2D_X-Y-Z_Y;Corner_2D_-XYZ_X;Corner_2D_-XYZ_Y;Corner_-2D_XY-Z_X;Corner_2D_-XY-Z_Y;Corner_2D_-X-YZ_X;Corner_2D_-X-YZ_Y;Corner_2D_-X-Y-Z_X;Corner_2D_-X-Y-Z_Y;
J0:19:18:41:132;Hatchback_Car_AI_C_0;211;39311.082031;-72898.3125;-54456.242188;-1;-1;687.701172;0.11053;-0.991681;-0.065967;39312.863281;-72917.414062;-54378.339844;204.0;92.0;76.0;39427.074219;-73114.570312;-54315.566406;39426.621094;-73104.539062;-54467.230469;39244.199219;-73134.898438;-54316.363281;39243.746094;-73124.867188;-54468.027344;39381.980469;-72709.960938;-54288.652344;39381.527344;-72699.929688;-54440.316406;39199.105469;-72730.289062;-54289.449219;39198.652344;-72720.257812;-54441.113281;-1;-1;-1;-1;-1;-1;-1;-1;-1;-1;-1;-1;-1;-1;-1;-1;-1;-1
J0:19:18:41:132;Hatchback_Car_AI_C_7;211;39009.328125;-69836.03125;-53857.363281;-1;-1;688.265625;0.060964;-0.966155;-0.250656;39011.515625;-69869.3125;-53784.394531;204.0;92.0;76.0;39117.050781;-70079.59375;-53762.050781;39114.488281;-70041.578125;-53909.199219;38933.417969;-70091.234375;-53761.855469;38930.855469;-70053.21875;-53909.003906;39092.175781;-69685.40625;-53659.785156;39089.613281;-69647.390625;-53806.933594;38908.542969;-69697.046875;-53659.589844;38905.980469;-69659.03125;-53806.738281;-1;-1;-1;-1;-1;-1;-1;-1;-1;-1;-1;-1;-1;-1;-1;-1;-1;-1
J0:19:18:41:132;Hatchback_Car_AI_C_11;211;39212.394531;-66454.523438;-53316.121094;-1;-1;651.617493;-0.181659;-0.982207;-0.047626;39209.128906;-66471.96875;-53237.878906;204.0;92.0;76.0;39261.839844;-66692.625;-53171.632812;39263.230469;-66685.515625;-53323.460938;39080.910156;-66659.15625;-53171.726562;39082.300781;-66652.046875;-53323.554688;39335.957031;-66291.890625;-53152.203125;39337.347656;-66284.78125;-53304.03125;39155.027344;-66258.421875;-53152.296875;39156.417969;-66251.3125;-53304.125;-1;-1;-1;-1;-1;-1;-1;-1;-1;-1;-1;-1;-1;-1;-1;-1;-1;-1
