Time;ID;Cat;XPos;YPos;ZPos;2D_XPos;2D_YPos;Vel;XDir;YDir;ZDir;BBox_XPos;BBox_YPos;BBox_ZPos;BBox_Ext_X;BBox_Ext_Y;BBox_Ext_Z;Corner_XYZ_X;Corner_XYZ_Y;Corner_XYZ_Z;Corner_XY-Z_X;Corner_XY-Z_Y;Corner_XY-Z_Z;Corner_X-YZ_X;Corner_X-YZ_Y;Corner_X-YZ_Z;Corner_X-Y-Z_X;Corner_X-Y-Z_Y;Corner_X-Y-Z_Z;Corner_-XYZ_X;Corner_-XYZ_Y;Corner_-XYZ_Z;Corner_-XY-Z_X;Corner_-XY-Z_Y;Corner_-XY-Z_Z;Corner_-X-YZ_X;Corner_-X-YZ_Y;Corner_-X-YZ_Z;Corner_-X-Y-Z_X;Corner_-X-Y-Z_Y;Corner_-X-Y-Z_Z;BBox_2D_XPos;BBox_2D_YPos;Corner_2D_XYZ_X;Corner_2D_XYZ_Y;Corner_2D_XY-Z_X;Corner_2D_XY-Z_Y;Corner_2D_X-YZ_X;Corner_2D_X-YZ_Y;Corner_2D_X-Y-Z_X;Corner_2D_X-Y-Z_Y;Corner_2D_-XYZ_X;Corner_2D_-XYZ_Y;Corner_-2D_XY-Z_X;Corner_2D_-XY-Z_Y;Corner_2D_-X-YZ_X;Corner_2D_-X-YZ_Y;Corner_2D_-X-Y-Z_X;Corner_2D_-X-Y-Z_Y;
J0:19:17:53:533;Hatchback_Car_AI_C_0;211;39043.671875;-70268.140625;-53969.335938;-1;-1;672.417847;0.075019;-0.964337;-0.253822;39046.472656;-70301.617188;-53896.476562;204.0;92.0;76.0;39155.179688;-70510.367188;-53874.96875;39151.8125;-70471.929688;-54021.992188;38971.742188;-70524.757812;-53874.523438;38968.375;-70486.320312;-54021.546875;39124.570312;-70116.914062;-53771.40625;39121.203125;-70078.476562;-53918.429688;38941.132812;-70131.304688;-53770.960938;38937.765625;-70092.867188;-53917.984375;-1;-1;-1;-1;-1;-1;-1;-1;-1;-1;-1;-1;-1;-1;-1;-1;-1;-1
J0:19:17:53:533;Hatchback_Car_AI_C_7;211;39095.308594;-67182.203125;-53365.257812;-1;-1;654.351685;-0.140888;-0.986039;-0.088762;39092.320312;-67202.945312;-53287.8125;204.0;92.0;76.0;39153.675781;-67423.78125;-53230.191406;39155.628906;-67410.4375;-53381.589844;38971.527344;-67397.75;-53230.253906;38973.480469;-67384.40625;-53381.652344;39211.160156;-67021.484375;-53193.972656;39213.113281;-67008.140625;-53345.371094;39029.011719;-66995.453125;-53194.035156;39030.964844;-66982.109375;-53345.433594;-1;-1;-1;-1;-1;-1;-1;-1;-1;-1;-1;-1;-1;-1;-1;-1;-1;-1
