Time;ID;Cat;XPos;YPos;ZPos;2D_XPos;2D_YPos;Vel;XDir;YDir;ZDir;BBox_XPos;BBox_YPos;BBox_ZPos;BBox_Ext_X;BBox_Ext_Y;BBox_Ext_Z;Corner_XYZ_X;Corner_XYZ_Y;Corner_XYZ_Z;Corner_XY-Z_X;Corner_XY-Z_Y;Corner_XY-Z_Z;Corner_X-YZ_X;Corner_X-YZ_Y;Corner_X-YZ_Z;Corner_X-Y-Z_X;Corner_X-Y-Z_Y;Corner_X-Y-Z_Z;Corner_-XYZ_X;Corner_-XYZ_Y;Corner_-XYZ_Z;Corner_-XY-Z_X;Corner_-XY-Z_Y;Corner_-XY-Z_Z;Corner_-X-YZ_X;Corner_-X-YZ_Y;Corner_-X-YZ_Z;Corner_-X-Y-Z_X;Corner_-X-Y-Z_Y;Corner_-X-Y-Z_Z;BBox_2D_XPos;BBox_2D_YPos;Corner_2D_XYZ_X;Corner_2D_XYZ_Y;Corner_2D_XY-Z_X;Corner_2D_XY-Z_Y;Corner_2D_X-YZ_X;Corner_2D_X-YZ_Y;Corner_2D_X-Y-Z_X;Corner_2D_X-Y-Z_Y;Corner_2D_-XYZ_X;Corner_2D_-XYZ_Y;Corner_-2D_XY-Z_X;Corner_2D_-XY-Z_Y;Corner_2D_-X-YZ_X;Corner_2D_-X-YZ_Y;Corner_2D_-X-Y-Z_X;Corner_2D_-X-Y-Z_Y;
J0:19:16:45:940;Hatchback_Car_AI_C_0;211;39197.359375;-66538.984375;-53320.351562;-1;-1;666.121948;-0.176536;-0.98304;-0.049663;39194.152344;-66556.601562;-53242.144531;204.0;92.0;76.0;39247.984375;-66777.117188;-53176.324219;39249.398438;-66769.695312;-53328.136719;39066.882812;-66744.585938;-53176.417969;39068.296875;-66737.164062;-53328.230469;39320.007812;-66376.039062;-53156.058594;39321.421875;-66368.617188;-53307.871094;39138.90625;-66343.507812;-53156.152344;39140.320312;-66336.085938;-53307.964844;-1;-1;-1;-1;-1;-1;-1;-1;-1;-1;-1;-1;-1;-1;-1;-1;-1;-1
J0:19:16:45:940;Hatchback_Car_AI_C_7;211;39855.332031;-63886.542969;-53288.976562;-1;-1;459.654785;-0.302041;-0.953045;0.021807;39851.582031;-63898.230469;-53209.691406;204.0;92.0;76.0;39878.128906;-64118.851562;-53129.210938;39877.207031;-64122.039062;-53281.171875;39702.722656;-64063.265625;-53129.3125;39701.800781;-64066.453125;-53281.273438;40001.363281;-63730.007812;-53138.109375;40000.441406;-63733.195312;-53290.070312;39825.957031;-63674.421875;-53138.210938;39825.035156;-63677.609375;-53290.171875;-1;-1;-1;-1;-1;-1;-1;-1;-1;-1;-1;-1;-1;-1;-1;-1;-1;-1
