Time;ID;Cat;XPos;YPos;ZPos;2D_XPos;2D_YPos;Vel;XDir;YDir;ZDir;BBox_XPos;BBox_YPos;BBox_ZPos;BBox_Ext_X;BBox_Ext_Y;BBox_Ext_Z;Corner_XYZ_X;Corner_XYZ_Y;Corner_XYZ_Z;Corner_XY-Z_X;Corner_XY-Z_Y;Corner_XY-Z_Z;Corner_X-YZ_X;Corner_X-YZ_Y;Corner_X-YZ_Z;Corner_X-Y-Z_X;Corner_X-Y-Z_Y;Corner_X-Y-Z_Z;Corner_-XYZ_X;Corner_-XYZ_Y;Corner_-XYZ_Z;Corner_-XY-Z_X;Corner_-XY-Z_Y;Corner_-XY-Z_Z;Corner_-X-YZ_X;Corner_-X-YZ_Y;Corner_-X-YZ_Z;Corner_-X-Y-Z_X;Corner_-X-Y-Z_Y;Corner_-X-Y-Z_Z;BBox_2D_XPos;BBox_2D_YPos;Corner_2D_XYZ_X;Corner_2D_XYZ_Y;Corner_2D_XY-Z_X;Corner_2D_XY-Z_Y;Corner_2D_X-YZ_X;Corner_2D_X-YZ_Y;Corner_2D_X-Y-Z_X;Corner_2D_X-Y-Z_Y;Corner_2D_-XYZ_X;Corner_2D_-XYZ_Y;Corner_-2D_XY-Z_X;Corner_2D_-XY-Z_Y;Corner_2D_-X-YZ_X;Corner_2D_-X-YZ_Y;Corner_2D_-X-Y-Z_X;Corner_2D_-X-Y-Z_Y;
J0:19:18:29:532;Hatchback_Car_AI_C_0;211;39238.988281;-72254.585938;-54394.75;-1;-1;659.270813;0.10883;-0.985552;-0.129781;39241.25;-72278.617188;-54318.234375;204.0;92.0;76.0;39355.613281;-72479.476562;-54268.90625;39354.191406;-72459.789062;-54419.617188;39172.714844;-72499.554688;-54269.804688;39171.292969;-72479.867188;-54420.515625;39311.207031;-72077.367188;-54215.953125;39309.785156;-72057.679688;-54366.664062;39128.308594;-72097.445312;-54216.851562;39126.886719;-72077.757812;-54367.5625;-1;-1;-1;-1;-1;-1;-1;-1;-1;-1;-1;-1;-1;-1;-1;-1;-1;-1
J0:19:18:29:532;Hatchback_Car_AI_C_7;211;38978.707031;-69191.945312;-53697.109375;-1;-1;691.065918;0.023055;-0.972256;-0.23278;38979.5625;-69223.9375;-53623.539062;204.0;92.0;76.0;39076.75;-69437.757812;-53597.222656;39075.726562;-69402.382812;-53745.050781;38892.804688;-69442.179688;-53597.003906;38891.78125;-69406.804688;-53744.832031;39067.34375;-69041.070312;-53502.246094;39066.320312;-69005.695312;-53650.074219;38883.398438;-69045.492188;-53502.027344;38882.375;-69010.117188;-53649.855469;-1;-1;-1;-1;-1;-1;-1;-1;-1;-1;-1;-1;-1;-1;-1;-1;-1;-1
J0:19:18:29:532;Hatchback_Car_AI_C_11;211;39335.777344;-65834.1875;-53292.613281;-1;-1;698.13678;-0.21397;-0.976502;-0.02572;39332.316406;-65849.835938;-53214.0;204.0;92.0;76.0;39378.085938;-66070.640625;-53143.230469;39378.984375;-66066.828125;-53295.183594;39198.351562;-66031.25;-53143.308594;39199.25;-66027.4375;-53295.261719;39465.382812;-65672.234375;-53132.738281;39466.28125;-65668.421875;-53284.691406;39285.648438;-65632.84375;-53132.816406;39286.546875;-65629.03125;-53284.769531;-1;-1;-1;-1;-1;-1;-1;-1;-1;-1;-1;-1;-1;-1;-1;-1;-1;-1
