Time;ID;Cat;XPos;YPos;ZPos;2D_XPos;2D_YPos;Vel;XDir;YDir;ZDir;BBox_XPos;BBox_YPos;BBox_ZPos;BBox_Ext_X;BBox_Ext_Y;BBox_Ext_Z;Corner_XYZ_X;Corner_XYZ_Y;Corner_XYZ_Z;Corner_XY-Z_X;Corner_XY-Z_Y;Corner_XY-Z_Z;Corner_X-YZ_X;Corner_X-YZ_Y;Corner_X-YZ_Z;Corner_X-Y-Z_X;Corner_X-Y-Z_Y;Corner_X-Y-Z_Z;Corner_-XYZ_X;Corner_-XYZ_Y;Corner_-XYZ_Z;Corner_-XY-Z_X;Corner_-XY-Z_Y;Corner_-XY-Z_Z;Corner_-X-YZ_X;Corner_-X-YZ_Y;Corner_-X-YZ_Z;Corner_-X-Y-Z_X;Corner_-X-Y-Z_Y;Corner_-X-Y-Z_Z;BBox_2D_XPos;BBox_2D_YPos;Corner_2D_XYZ_X;Corner_2D_XYZ_Y;Corner_2D_XY-Z_X;Corner_2D_XY-Z_Y;Corner_2D_X-YZ_X;Corner_2D_X-YZ_Y;Corner_2D_X-Y-Z_X;Corner_2D_X-Y-Z_Y;Corner_2D_-XYZ_X;Corner_2D_-XYZ_Y;Corner_-2D_XY-Z_X;Corner_2D_-XY-Z_Y;Corner_2D_-X-YZ_X;Corner_2D_-X-YZ_Y;Corner_2D_-X-Y-Z_X;Corner_2D_-X-Y-Z_Y;
J0:19:17:51:135;Hatchback_Car_AI_C_0;211;39033.117188;-70136.289062;-53935.175781;-1;-1;657.556946;0.07123;-0.964316;-0.254993;39035.777344;-70169.867188;-53862.355469;204.0;92.0;76.0;39143.652344;-70379.070312;-53841.085938;39140.457031;-70340.445312;-53988.0625;38960.160156;-70392.726562;-53840.6875;38956.964844;-70354.101562;-53987.664062;39114.589844;-69985.632812;-53737.046875;39111.394531;-69947.007812;-53884.023438;38931.097656;-69999.289062;-53736.648438;38927.902344;-69960.664062;-53883.625;-1;-1;-1;-1;-1;-1;-1;-1;-1;-1;-1;-1;-1;-1;-1;-1;-1;-1
J0:19:17:51:135;Hatchback_Car_AI_C_7;211;39114.0625;-67052.851562;-53354.027344;-1;-1;664.052612;-0.149891;-0.985464;-0.079955;39111.007812;-67072.890625;-53276.398438;204.0;92.0;76.0;39170.460938;-67293.765625;-53216.945312;39172.304688;-67281.75;-53368.460938;38988.554688;-67266.09375;-53216.960938;38990.398438;-67254.078125;-53368.476562;39231.617188;-66891.703125;-53184.320312;39233.460938;-66879.6875;-53335.835938;39049.710938;-66864.03125;-53184.335938;39051.554688;-66852.015625;-53335.851562;-1;-1;-1;-1;-1;-1;-1;-1;-1;-1;-1;-1;-1;-1;-1;-1;-1;-1
