Time;ID;Cat;XPos;YPos;ZPos;2D_XPos;2D_YPos;Vel;XDir;YDir;ZDir;BBox_XPos;BBox_YPos;BBox_ZPos;BBox_Ext_X;BBox_Ext_Y;BBox_Ext_Z;Corner_XYZ_X;Corner_XYZ_Y;Corner_XYZ_Z;Corner_XY-Z_X;Corner_XY-Z_Y;Corner_XY-Z_Z;Corner_X-YZ_X;Corner_X-YZ_Y;Corner_X-YZ_Z;Corner_X-Y-Z_X;Corner_X-Y-Z_Y;Corner_X-Y-Z_Z;Corner_-XYZ_X;Corner_-XYZ_Y;Corner_-XYZ_Z;Corner_-XY-Z_X;Corner_-XY-Z_Y;Corner_-XY-Z_Z;Corner_-X-YZ_X;Corner_-X-YZ_Y;Corner_-X-YZ_Z;Corner_-X-Y-Z_X;Corner_-X-Y-Z_Y;Corner_-X-Y-Z_Z;BBox_2D_XPos;BBox_2D_YPos;Corner_2D_XYZ_X;Corner_2D_XYZ_Y;Corner_2D_XY-Z_X;Corner_2D_XY-Z_Y;Corner_2D_X-YZ_X;Corner_2D_X-YZ_Y;Corner_2D_X-Y-Z_X;Corner_2D_X-Y-Z_Y;Corner_2D_-XYZ_X;Corner_2D_-XYZ_Y;Corner_-2D_XY-Z_X;Corner_2D_-XY-Z_Y;Corner_2D_-X-YZ_X;Corner_2D_-X-YZ_Y;Corner_2D_-X-Y-Z_X;Corner_2D_-X-Y-Z_Y;
J0:19:17:13:530;Hatchback_Car_AI_C_0;211;39003.960938;-68041.078125;-53468.851562;-1;-1;669.022949;-0.075296;-0.98583;-0.149896;39001.992188;-68066.6875;-53392.84375;204.0;92.0;76.0;39077.488281;-68286.164062;-53348.265625;39079.246094;-68263.445312;-53498.546875;38894.019531;-68272.148438;-53348.296875;38895.777344;-68249.429688;-53498.578125;39108.207031;-67883.945312;-53287.109375;39109.964844;-67861.226562;-53437.390625;38924.738281;-67869.929688;-53287.140625;38926.496094;-67847.210938;-53437.421875;-1;-1;-1;-1;-1;-1;-1;-1;-1;-1;-1;-1;-1;-1;-1;-1;-1;-1
J0:19:17:13:530;Hatchback_Car_AI_C_7;211;39521.128906;-65052.894531;-53279.882812;-1;-1;593.429871;-0.254383;-0.967097;-0.003466;39517.476562;-65066.691406;-53200.933594;204.0;92.0;76.0;39554.464844;-65287.632812;-53125.613281;39554.644531;-65287.132812;-53277.613281;39376.519531;-65240.828125;-53125.667969;39376.699219;-65240.328125;-53277.667969;39658.253906;-64893.054688;-53124.199219;39658.433594;-64892.554688;-53276.199219;39480.308594;-64846.25;-53124.253906;39480.488281;-64845.75;-53276.253906;-1;-1;-1;-1;-1;-1;-1;-1;-1;-1;-1;-1;-1;-1;-1;-1;-1;-1
