Time;ID;Cat;XPos;YPos;ZPos;2D_XPos;2D_YPos;Vel;XDir;YDir;ZDir;BBox_XPos;BBox_YPos;BBox_ZPos;BBox_Ext_X;BBox_Ext_Y;BBox_Ext_Z;Corner_XYZ_X;Corner_XYZ_Y;Corner_XYZ_Z;Corner_XY-Z_X;Corner_XY-Z_Y;Corner_XY-Z_Z;Corner_X-YZ_X;Corner_X-YZ_Y;Corner_X-YZ_Z;Corner_X-Y-Z_X;Corner_X-Y-Z_Y;Corner_X-Y-Z_Z;Corner_-XYZ_X;Corner_-XYZ_Y;Corner_-XYZ_Z;Corner_-XY-Z_X;Corner_-XY-Z_Y;Corner_-XY-Z_Z;Corner_-X-YZ_X;Corner_-X-YZ_Y;Corner_-X-YZ_Z;Corner_-X-Y-Z_X;Corner_-X-Y-Z_Y;Corner_-X-Y-Z_Z;BBox_2D_XPos;BBox_2D_YPos;Corner_2D_XYZ_X;Corner_2D_XYZ_Y;Corner_2D_XY-Z_X;Corner_2D_XY-Z_Y;Corner_2D_X-YZ_X;Corner_2D_X-YZ_Y;Corner_2D_X-Y-Z_X;Corner_2D_X-Y-Z_Y;Corner_2D_-XYZ_X;Corner_2D_-XYZ_Y;Corner_-2D_XY-Z_X;Corner_2D_-XY-Z_Y;Corner_2D_-X-YZ_X;Corner_2D_-X-YZ_Y;Corner_2D_-X-Y-Z_X;Corner_2D_-X-Y-Z_Y;
J0:19:18:53:532;Hatchback_Car_AI_C_7;211;39063.441406;-70517.296875;-54033.722656;-1;-1;703.043091;0.084879;-0.964384;-0.250519;39066.511719;-70550.5;-53960.75;204.0;92.0;76.0;39177.277344;-70758.078125;-53938.441406;39173.660156;-70720.171875;-54085.597656;38993.996094;-70774.296875;-53938.113281;38990.378906;-70736.390625;-54085.269531;39142.644531;-70364.609375;-53836.230469;39139.027344;-70326.703125;-53983.386719;38959.363281;-70380.828125;-53835.902344;38955.746094;-70342.921875;-53983.058594;-1;-1;-1;-1;-1;-1;-1;-1;-1;-1;-1;-1;-1;-1;-1;-1;-1;-1
J0:19:18:53:532;Hatchback_Car_AI_C_11;211;39101.824219;-67136.96875;-53361.101562;-1;-1;663.178467;-0.143875;-0.985869;-0.085799;39098.8125;-67157.476562;-53283.59375;204.0;92.0;76.0;39159.535156;-67378.335938;-53225.355469;39161.457031;-67365.429688;-53376.792969;38977.464844;-67351.757812;-53225.402344;38979.386719;-67338.851562;-53376.839844;39218.238281;-66976.101562;-53190.347656;39220.160156;-66963.195312;-53341.785156;39036.167969;-66949.523438;-53190.394531;39038.089844;-66936.617188;-53341.832031;-1;-1;-1;-1;-1;-1;-1;-1;-1;-1;-1;-1;-1;-1;-1;-1;-1;-1
