Time;ID;Cat;XPos;YPos;ZPos;2D_XPos;2D_YPos;Vel;XDir;YDir;ZDir;BBox_XPos;BBox_YPos;BBox_ZPos;BBox_Ext_X;BBox_Ext_Y;BBox_Ext_Z;Corner_XYZ_X;Corner_XYZ_Y;Corner_XYZ_Z;Corner_XY-Z_X;Corner_XY-Z_Y;Corner_XY-Z_Z;Corner_X-YZ_X;Corner_X-YZ_Y;Corner_X-YZ_Z;Corner_X-Y-Z_X;Corner_X-Y-Z_Y;Corner_X-Y-Z_Z;Corner_-XYZ_X;Corner_-XYZ_Y;Corner_-XYZ_Z;Corner_-XY-Z_X;Corner_-XY-Z_Y;Corner_-XY-Z_Z;Corner_-X-YZ_X;Corner_-X-YZ_Y;Corner_-X-YZ_Z;Corner_-X-Y-Z_X;Corner_-X-Y-Z_Y;Corner_-X-Y-Z_Z;BBox_2D_XPos;BBox_2D_YPos;Corner_2D_XYZ_X;Corner_2D_XYZ_Y;Corner_2D_XY-Z_X;Corner_2D_XY-Z_Y;Corner_2D_X-YZ_X;Corner_2D_X-YZ_Y;Corner_2D_X-Y-Z_X;Corner_2D_X-Y-Z_Y;Corner_2D_-XYZ_X;Corner_2D_-XYZ_Y;Corner_-2D_XY-Z_X;Corner_2D_-XY-Z_Y;Corner_2D_-X-YZ_X;Corner_2D_-X-YZ_Y;Corner_2D_-X-Y-Z_X;Corner_2D_-X-Y-Z_Y;
J0:19:18:26:734;Hatchback_Car_AI_C_0;211;39221.644531;-72101.257812;-54374.054688;-1;-1;678.420471;0.11038;-0.983356;-0.144319;39224.082031;-72126.398438;-54297.902344;204.0;92.0;76.0;39338.894531;-72327.742188;-54251.699219;39337.175781;-72305.867188;-54402.105469;39156.027344;-72348.132812;-54252.582031;39154.308594;-72326.257812;-54402.988281;39293.855469;-71926.539062;-54192.816406;39292.136719;-71904.664062;-54343.222656;39110.988281;-71946.929688;-54193.699219;39109.269531;-71925.054688;-54344.105469;-1;-1;-1;-1;-1;-1;-1;-1;-1;-1;-1;-1;-1;-1;-1;-1;-1;-1
J0:19:18:26:734;Hatchback_Car_AI_C_7;211;38975.628906;-69034.882812;-53660.085938;-1;-1;729.348755;0.008133;-0.97464;-0.22363;38976.0625;-69066.195312;-53586.21875;204.0;92.0;76.0;39070.023438;-69281.203125;-53557.960938;39069.414062;-69247.21875;-53706.109375;38886.03125;-69282.828125;-53557.570312;38885.421875;-69248.84375;-53705.71875;39066.703125;-68883.546875;-53466.71875;39066.09375;-68849.5625;-53614.867188;38882.710938;-68885.171875;-53466.328125;38882.101562;-68851.1875;-53614.476562;-1;-1;-1;-1;-1;-1;-1;-1;-1;-1;-1;-1;-1;-1;-1;-1;-1;-1
J0:19:18:26:734;Hatchback_Car_AI_C_11;211;39370.574219;-65677.304688;-53288.613281;-1;-1;698.325928;-0.224831;-0.974182;-0.020519;39367.058594;-65692.523438;-53209.917969;204.0;92.0;76.0;39410.480469;-65913.460938;-53138.117188;39411.191406;-65910.429688;-53290.085938;39231.191406;-65872.085938;-53138.125;39231.902344;-65869.054688;-53290.09375;39502.214844;-65515.996094;-53129.742188;39502.925781;-65512.957031;-53281.710938;39322.925781;-65474.621094;-53129.75;39323.636719;-65471.582031;-53281.71875;-1;-1;-1;-1;-1;-1;-1;-1;-1;-1;-1;-1;-1;-1;-1;-1;-1;-1
