Time;ID;Cat;XPos;YPos;ZPos;2D_XPos;2D_YPos;Vel;XDir;YDir;ZDir;BBox_XPos;BBox_YPos;BBox_ZPos;BBox_Ext_X;BBox_Ext_Y;BBox_Ext_Z;Corner_XYZ_X;Corner_XYZ_Y;Corner_XYZ_Z;Corner_XY-Z_X;Corner_XY-Z_Y;Corner_XY-Z_Z;Corner_X-YZ_X;Corner_X-YZ_Y;Corner_X-YZ_Z;Corner_X-Y-Z_X;Corner_X-Y-Z_Y;Corner_X-Y-Z_Z;Corner_-XYZ_X;Corner_-XYZ_Y;Corner_-XYZ_Z;Corner_-XY-Z_X;Corner_-XY-Z_Y;Corner_-XY-Z_Z;Corner_-X-YZ_X;Corner_-X-YZ_Y;Corner_-X-YZ_Z;Corner_-X-Y-Z_X;Corner_-X-Y-Z_Y;Corner_-X-Y-Z_Z;BBox_2D_XPos;BBox_2D_YPos;Corner_2D_XYZ_X;Corner_2D_XYZ_Y;Corner_2D_XY-Z_X;Corner_2D_XY-Z_Y;Corner_2D_X-YZ_X;Corner_2D_X-YZ_Y;Corner_2D_X-Y-Z_X;Corner_2D_X-Y-Z_Y;Corner_2D_-XYZ_X;Corner_2D_-XYZ_Y;Corner_-2D_XY-Z_X;Corner_2D_-XY-Z_Y;Corner_2D_-X-YZ_X;Corner_2D_-X-YZ_Y;Corner_2D_-X-Y-Z_X;Corner_2D_-X-Y-Z_Y;
J0:19:18:19:132;Hatchback_Car_AI_C_0;211;39176.0;-71679.382812;-54304.710938;-1;-1;665.945679;0.101873;-0.977203;-0.186269;39178.796875;-71707.71875;-54229.703125;204.0;92.0;76.0;39292.40625;-71911.65625;-54192.859375;39289.765625;-71883.46875;-54342.195312;39109.390625;-71930.671875;-54193.210938;39106.75;-71902.484375;-54342.546875;39250.84375;-71512.953125;-54116.859375;39248.203125;-71484.765625;-54266.195312;39067.828125;-71531.96875;-54117.210938;39065.1875;-71503.78125;-54266.546875;-1;-1;-1;-1;-1;-1;-1;-1;-1;-1;-1;-1;-1;-1;-1;-1;-1;-1
J0:19:18:19:132;Hatchback_Car_AI_C_7;211;38976.308594;-68614.523438;-53569.410156;-1;-1;709.71814;-0.024227;-0.980609;-0.19447;38975.582031;-68643.609375;-53494.640625;204.0;92.0;76.0;39062.242188;-68860.703125;-53459.753906;39062.984375;-68831.15625;-53608.855469;38878.296875;-68856.15625;-53459.769531;38879.039062;-68826.609375;-53608.871094;39072.125;-68460.609375;-53380.410156;39072.867188;-68431.0625;-53529.511719;38888.179688;-68456.0625;-53380.425781;38888.921875;-68426.515625;-53529.527344;-1;-1;-1;-1;-1;-1;-1;-1;-1;-1;-1;-1;-1;-1;-1;-1;-1;-1
J0:19:18:19:132;Hatchback_Car_AI_C_11;211;39467.941406;-65264.253906;-53281.601562;-1;-1;645.521484;-0.243949;-0.969751;-0.008447;39464.34375;-65278.472656;-53202.722656;204.0;92.0;76.0;39503.621094;-65499.363281;-53128.425781;39503.972656;-65498.128906;-53280.417969;39325.183594;-65454.472656;-53128.472656;39325.535156;-65453.238281;-53280.464844;39603.152344;-65103.707031;-53124.980469;39603.503906;-65102.472656;-53276.972656;39424.714844;-65058.816406;-53125.027344;39425.066406;-65057.582031;-53277.019531;-1;-1;-1;-1;-1;-1;-1;-1;-1;-1;-1;-1;-1;-1;-1;-1;-1;-1
