Time;ID;Cat;XPos;YPos;ZPos;2D_XPos;2D_YPos;Vel;XDir;YDir;ZDir;BBox_XPos;BBox_YPos;BBox_ZPos;BBox_Ext_X;BBox_Ext_Y;BBox_Ext_Z;Corner_XYZ_X;Corner_XYZ_Y;Corner_XYZ_Z;Corner_XY-Z_X;Corner_XY-Z_Y;Corner_XY-Z_Z;Corner_X-YZ_X;Corner_X-YZ_Y;Corner_X-YZ_Z;Corner_X-Y-Z_X;Corner_X-Y-Z_Y;Corner_X-Y-Z_Z;Corner_-XYZ_X;Corner_-XYZ_Y;Corner_-XYZ_Z;Corner_-XY-Z_X;Corner_-XY-Z_Y;Corner_-XY-Z_Z;Corner_-X-YZ_X;Corner_-X-YZ_Y;Corner_-X-YZ_Z;Corner_-X-Y-Z_X;Corner_-X-Y-Z_Y;Corner_-X-Y-Z_Z;BBox_2D_XPos;BBox_2D_YPos;Corner_2D_XYZ_X;Corner_2D_XYZ_Y;Corner_2D_XY-Z_X;Corner_2D_XY-Z_Y;Corner_2D_X-YZ_X;Corner_2D_X-YZ_Y;Corner_2D_X-Y-Z_X;Corner_2D_X-Y-Z_Y;Corner_2D_-XYZ_X;Corner_2D_-XYZ_Y;Corner_-2D_XY-Z_X;Corner_2D_-XY-Z_Y;Corner_2D_-X-YZ_X;Corner_2D_-X-YZ_Y;Corner_2D_-X-Y-Z_X;Corner_2D_-X-Y-Z_Y;
J0:19:18:22:736;Hatchback_Car_AI_C_0;211;39197.523438;-71879.664062;-54339.925781;-1;-1;662.792542;0.105546;-0.980262;-0.167171;39200.171875;-71906.546875;-54264.378906;204.0;92.0;76.0;39314.304688;-72109.375;-54223.269531;39312.054688;-72084.0625;-54373.128906;39131.351562;-72128.984375;-54223.832031;39129.101562;-72103.671875;-54373.691406;39271.242188;-71709.421875;-54155.066406;39268.992188;-71684.109375;-54304.925781;39088.289062;-71729.03125;-54155.628906;39086.039062;-71703.71875;-54305.488281;-1;-1;-1;-1;-1;-1;-1;-1;-1;-1;-1;-1;-1;-1;-1;-1;-1;-1
J0:19:18:22:736;Hatchback_Car_AI_C_7;211;38974.054688;-68809.625;-53610.042969;-1;-1;651.552673;-0.008192;-0.97709;-0.21267;38973.867188;-68840.101562;-53535.828125;204.0;92.0;76.0;39064.121094;-69056.351562;-53505.027344;39064.261719;-69024.023438;-53653.550781;38880.128906;-69054.835938;-53504.871094;38880.269531;-69022.507812;-53653.394531;39067.464844;-68657.695312;-53418.261719;39067.605469;-68625.367188;-53566.785156;38883.472656;-68656.179688;-53418.105469;38883.613281;-68623.851562;-53566.628906;-1;-1;-1;-1;-1;-1;-1;-1;-1;-1;-1;-1;-1;-1;-1;-1;-1;-1
J0:19:18:22:736;Hatchback_Car_AI_C_11;211;39421.707031;-65455.820312;-53284.1875;-1;-1;666.869446;-0.235931;-0.971664;-0.014303;39418.128906;-65470.519531;-53205.394531;204.0;92.0;76.0;39459.140625;-65691.507812;-53132.3125;39459.664062;-65689.398438;-53284.296875;39280.335938;-65648.085938;-53132.328125;39280.859375;-65645.976562;-53284.3125;39555.398438;-65295.0625;-53126.476562;39555.921875;-65292.953125;-53278.460938;39376.59375;-65251.648438;-53126.492188;39377.117188;-65249.539062;-53278.476562;-1;-1;-1;-1;-1;-1;-1;-1;-1;-1;-1;-1;-1;-1;-1;-1;-1;-1
