Time;ID;Cat;XPos;YPos;ZPos;2D_XPos;2D_YPos;Vel;XDir;YDir;ZDir;BBox_XPos;BBox_YPos;BBox_ZPos;BBox_Ext_X;BBox_Ext_Y;BBox_Ext_Z;Corner_XYZ_X;Corner_XYZ_Y;Corner_XYZ_Z;Corner_XY-Z_X;Corner_XY-Z_Y;Corner_XY-Z_Z;Corner_X-YZ_X;Corner_X-YZ_Y;Corner_X-YZ_Z;Corner_X-Y-Z_X;Corner_X-Y-Z_Y;Corner_X-Y-Z_Z;Corner_-XYZ_X;Corner_-XYZ_Y;Corner_-XYZ_Z;Corner_-XY-Z_X;Corner_-XY-Z_Y;Corner_-XY-Z_Z;Corner_-X-YZ_X;Corner_-X-YZ_Y;Corner_-X-YZ_Z;Corner_-X-Y-Z_X;Corner_-X-Y-Z_Y;Corner_-X-Y-Z_Z;BBox_2D_XPos;BBox_2D_YPos;Corner_2D_XYZ_X;Corner_2D_XYZ_Y;Corner_2D_XY-Z_X;Corner_2D_XY-Z_Y;Corner_2D_X-YZ_X;Corner_2D_X-YZ_Y;Corner_2D_X-Y-Z_X;Corner_2D_X-Y-Z_Y;Corner_2D_-XYZ_X;Corner_2D_-XYZ_Y;Corner_-2D_XY-Z_X;Corner_2D_-XY-Z_Y;Corner_2D_-X-YZ_X;Corner_2D_-X-YZ_Y;Corner_2D_-X-Y-Z_X;Corner_2D_-X-Y-Z_Y;
J0:19:17:16:335;Hatchback_Car_AI_C_0;211;38994.382812;-68194.148438;-53493.128906;-1;-1;658.718628;-0.060911;-0.984863;-0.162278;38992.714844;-68220.734375;-53417.449219;204.0;92.0;76.0;39071.328125;-68439.640625;-53375.535156;39072.898438;-68415.03125;-53525.519531;38887.679688;-68428.265625;-53375.589844;38889.25;-68403.65625;-53525.574219;39096.179688;-68037.8125;-53309.324219;39097.75;-68013.203125;-53459.308594;38912.53125;-68026.4375;-53309.378906;38914.101562;-68001.828125;-53459.363281;-1;-1;-1;-1;-1;-1;-1;-1;-1;-1;-1;-1;-1;-1;-1;-1;-1;-1
J0:19:17:16:335;Hatchback_Car_AI_C_7;211;39486.738281;-65188.484375;-53280.820312;-1;-1;602.771667;-0.249234;-0.968414;-0.007525;39483.09375;-65202.617188;-53201.929688;204.0;92.0;76.0;39521.199219;-65423.652344;-53127.460938;39521.496094;-65422.550781;-53279.453125;39343.003906;-65377.792969;-53127.476562;39343.300781;-65376.691406;-53279.46875;39622.886719;-65028.542969;-53124.390625;39623.183594;-65027.441406;-53276.382812;39444.691406;-64982.683594;-53124.40625;39444.988281;-64981.582031;-53276.398438;-1;-1;-1;-1;-1;-1;-1;-1;-1;-1;-1;-1;-1;-1;-1;-1;-1;-1
