Time;ID;Cat;XPos;YPos;ZPos;2D_XPos;2D_YPos;Vel;XDir;YDir;ZDir;BBox_XPos;BBox_YPos;BBox_ZPos;BBox_Ext_X;BBox_Ext_Y;BBox_Ext_Z;Corner_XYZ_X;Corner_XYZ_Y;Corner_XYZ_Z;Corner_XY-Z_X;Corner_XY-Z_Y;Corner_XY-Z_Z;Corner_X-YZ_X;Corner_X-YZ_Y;Corner_X-YZ_Z;Corner_X-Y-Z_X;Corner_X-Y-Z_Y;Corner_X-Y-Z_Z;Corner_-XYZ_X;Corner_-XYZ_Y;Corner_-XYZ_Z;Corner_-XY-Z_X;Corner_-XY-Z_Y;Corner_-XY-Z_Z;Corner_-X-YZ_X;Corner_-X-YZ_Y;Corner_-X-YZ_Z;Corner_-X-Y-Z_X;Corner_-X-Y-Z_Y;Corner_-X-Y-Z_Z;BBox_2D_XPos;BBox_2D_YPos;Corner_2D_XYZ_X;Corner_2D_XYZ_Y;Corner_2D_XY-Z_X;Corner_2D_XY-Z_Y;Corner_2D_X-YZ_X;Corner_2D_X-YZ_Y;Corner_2D_X-Y-Z_X;Corner_2D_X-Y-Z_Y;Corner_2D_-XYZ_X;Corner_2D_-XYZ_Y;Corner_-2D_XY-Z_X;Corner_2D_-XY-Z_Y;Corner_2D_-X-YZ_X;Corner_2D_-X-YZ_Y;Corner_2D_-X-Y-Z_X;Corner_2D_-X-Y-Z_Y;
J0:19:17:12:338;Hatchback_Car_AI_C_0;211;39008.691406;-67975.6875;-53459.125;-1;-1;663.598145;-0.079206;-0.986248;-0.145057;39006.628906;-68000.914062;-53382.992188;204.0;92.0;76.0;39081.257812;-68220.460938;-53337.34375;39083.09375;-68198.492188;-53487.734375;38897.851562;-68205.726562;-53337.429688;38899.6875;-68183.757812;-53487.820312;39113.570312;-67818.070312;-53278.164062;39115.40625;-67796.101562;-53428.554688;38930.164062;-67803.335938;-53278.25;38932.0;-67781.367188;-53428.640625;-1;-1;-1;-1;-1;-1;-1;-1;-1;-1;-1;-1;-1;-1;-1;-1;-1;-1
J0:19:17:12:338;Hatchback_Car_AI_C_7;211;39535.78125;-64996.253906;-53279.589844;-1;-1;570.136414;-0.258985;-0.965877;-0.002898;39532.078125;-65009.992188;-53200.628906;204.0;92.0;76.0;39568.03125;-65231.066406;-53125.195312;39568.179688;-65230.652344;-53277.195312;39390.3125;-65183.410156;-53125.242188;39390.460938;-65182.996094;-53277.242188;39673.695312;-64836.988281;-53124.015625;39673.84375;-64836.574219;-53276.015625;39495.976562;-64789.332031;-53124.0625;39496.125;-64788.917969;-53276.0625;-1;-1;-1;-1;-1;-1;-1;-1;-1;-1;-1;-1;-1;-1;-1;-1;-1;-1
