Time;ID;Cat;XPos;YPos;ZPos;2D_XPos;2D_YPos;Vel;XDir;YDir;ZDir;BBox_XPos;BBox_YPos;BBox_ZPos;BBox_Ext_X;BBox_Ext_Y;BBox_Ext_Z;Corner_XYZ_X;Corner_XYZ_Y;Corner_XYZ_Z;Corner_XY-Z_X;Corner_XY-Z_Y;Corner_XY-Z_Z;Corner_X-YZ_X;Corner_X-YZ_Y;Corner_X-YZ_Z;Corner_X-Y-Z_X;Corner_X-Y-Z_Y;Corner_X-Y-Z_Z;Corner_-XYZ_X;Corner_-XYZ_Y;Corner_-XYZ_Z;Corner_-XY-Z_X;Corner_-XY-Z_Y;Corner_-XY-Z_Z;Corner_-X-YZ_X;Corner_-X-YZ_Y;Corner_-X-YZ_Z;Corner_-X-Y-Z_X;Corner_-X-Y-Z_Y;Corner_-X-Y-Z_Z;BBox_2D_XPos;BBox_2D_YPos;Corner_2D_XYZ_X;Corner_2D_XYZ_Y;Corner_2D_XY-Z_X;Corner_2D_XY-Z_Y;Corner_2D_X-YZ_X;Corner_2D_X-YZ_Y;Corner_2D_X-Y-Z_X;Corner_2D_X-Y-Z_Y;Corner_2D_-XYZ_X;Corner_2D_-XYZ_Y;Corner_-2D_XY-Z_X;Corner_2D_-XY-Z_Y;Corner_2D_-X-YZ_X;Corner_2D_-X-YZ_Y;Corner_2D_-X-Y-Z_X;Corner_2D_-X-Y-Z_Y;
J0:19:17:10:339;Hatchback_Car_AI_C_0;211;39017.546875;-67867.640625;-53443.566406;-1;-1;686.520691;-0.091452;-0.986498;-0.135863;39015.304688;-67892.140625;-53367.199219;204.0;92.0;76.0;39087.332031;-68112.148438;-53319.648438;39089.183594;-68091.585938;-53470.242188;38904.113281;-68095.179688;-53319.585938;38905.964844;-68074.617188;-53470.179688;39124.644531;-67709.664062;-53264.21875;39126.496094;-67689.101562;-53414.8125;38941.425781;-67692.695312;-53264.15625;38943.277344;-67672.132812;-53414.75;-1;-1;-1;-1;-1;-1;-1;-1;-1;-1;-1;-1;-1;-1;-1;-1;-1;-1
J0:19:17:10:339;Hatchback_Car_AI_C_7;211;39559.800781;-64904.75;-53279.351562;-1;-1;567.123779;-0.261618;-0.965172;-0.000272;39556.109375;-64918.277344;-53200.355469;204.0;92.0;76.0;39591.507812;-65139.257812;-53124.382812;39591.5625;-65139.226562;-53276.382812;39413.914062;-65091.117188;-53124.4375;39413.96875;-65091.085938;-53276.4375;39698.25;-64745.46875;-53124.273438;39698.304688;-64745.4375;-53276.273438;39520.65625;-64697.328125;-53124.328125;39520.710938;-64697.296875;-53276.328125;-1;-1;-1;-1;-1;-1;-1;-1;-1;-1;-1;-1;-1;-1;-1;-1;-1;-1
