Time;ID;Cat;XPos;YPos;ZPos;2D_XPos;2D_YPos;Vel;XDir;YDir;ZDir;BBox_XPos;BBox_YPos;BBox_ZPos;BBox_Ext_X;BBox_Ext_Y;BBox_Ext_Z;Corner_XYZ_X;Corner_XYZ_Y;Corner_XYZ_Z;Corner_XY-Z_X;Corner_XY-Z_Y;Corner_XY-Z_Z;Corner_X-YZ_X;Corner_X-YZ_Y;Corner_X-YZ_Z;Corner_X-Y-Z_X;Corner_X-Y-Z_Y;Corner_X-Y-Z_Z;Corner_-XYZ_X;Corner_-XYZ_Y;Corner_-XYZ_Z;Corner_-XY-Z_X;Corner_-XY-Z_Y;Corner_-XY-Z_Z;Corner_-X-YZ_X;Corner_-X-YZ_Y;Corner_-X-YZ_Z;Corner_-X-Y-Z_X;Corner_-X-Y-Z_Y;Corner_-X-Y-Z_Z;BBox_2D_XPos;BBox_2D_YPos;Corner_2D_XYZ_X;Corner_2D_XYZ_Y;Corner_2D_XY-Z_X;Corner_2D_XY-Z_Y;Corner_2D_X-YZ_X;Corner_2D_X-YZ_Y;Corner_2D_X-Y-Z_X;Corner_2D_X-Y-Z_Y;Corner_2D_-XYZ_X;Corner_2D_-XYZ_Y;Corner_-2D_XY-Z_X;Corner_2D_-XY-Z_Y;Corner_2D_-X-YZ_X;Corner_2D_-X-YZ_Y;Corner_2D_-X-Y-Z_X;Corner_2D_-X-Y-Z_Y;
J0:19:18:05:926;Hatchback_Car_AI_C_0;211;39104.910156;-70957.085938;-54144.839844;-1;-1;711.245178;0.090855;-0.966358;-0.24062;39108.167969;-70989.523438;-54071.53125;204.0;92.0;76.0;39220.203125;-71196.179688;-54047.085938;39216.382812;-71159.804688;-54194.617188;39037.023438;-71213.523438;-54046.617188;39033.203125;-71177.148438;-54194.148438;39183.132812;-70801.898438;-53948.914062;39179.3125;-70765.523438;-54096.445312;38999.953125;-70819.242188;-53948.445312;38996.132812;-70782.867188;-54095.976562;-1;-1;-1;-1;-1;-1;-1;-1;-1;-1;-1;-1;-1;-1;-1;-1;-1;-1
J0:19:18:05:926;Hatchback_Car_AI_C_7;211;39016.054688;-67875.890625;-53444.597656;-1;-1;701.367981;-0.092523;-0.986294;-0.136613;39013.785156;-67900.445312;-53368.25;204.0;92.0;76.0;39085.570312;-68120.578125;-53320.867188;39087.445312;-68099.890625;-53471.445312;38902.375;-68103.40625;-53320.789062;38904.25;-68082.71875;-53471.367188;39123.320312;-67718.171875;-53265.132812;39125.195312;-67697.484375;-53415.710938;38940.125;-67701.0;-53265.054688;38942.0;-67680.3125;-53415.632812;-1;-1;-1;-1;-1;-1;-1;-1;-1;-1;-1;-1;-1;-1;-1;-1;-1;-1
J0:19:18:05:926;Hatchback_Car_AI_C_11;211;39629.476562;-64648.445312;-53279.625;-1;-1;520.269531;-0.275555;-0.961277;0.004018;39625.691406;-64661.59375;-53200.570312;204.0;92.0;76.0;39657.984375;-64882.75;-53123.734375;39657.84375;-64883.34375;-53275.734375;39481.109375;-64832.046875;-53123.765625;39480.96875;-64832.640625;-53275.765625;39770.414062;-64490.546875;-53125.375;39770.273438;-64491.140625;-53277.375;39593.539062;-64439.84375;-53125.40625;39593.398438;-64440.4375;-53277.40625;-1;-1;-1;-1;-1;-1;-1;-1;-1;-1;-1;-1;-1;-1;-1;-1;-1;-1
