Time;ID;Cat;XPos;YPos;ZPos;2D_XPos;2D_YPos;Vel;XDir;YDir;ZDir;BBox_XPos;BBox_YPos;BBox_ZPos;BBox_Ext_X;BBox_Ext_Y;BBox_Ext_Z;Corner_XYZ_X;Corner_XYZ_Y;Corner_XYZ_Z;Corner_XY-Z_X;Corner_XY-Z_Y;Corner_XY-Z_Z;Corner_X-YZ_X;Corner_X-YZ_Y;Corner_X-YZ_Z;Corner_X-Y-Z_X;Corner_X-Y-Z_Y;Corner_X-Y-Z_Z;Corner_-XYZ_X;Corner_-XYZ_Y;Corner_-XYZ_Z;Corner_-XY-Z_X;Corner_-XY-Z_Y;Corner_-XY-Z_Z;Corner_-X-YZ_X;Corner_-X-YZ_Y;Corner_-X-YZ_Z;Corner_-X-Y-Z_X;Corner_-X-Y-Z_Y;Corner_-X-Y-Z_Z;BBox_2D_XPos;BBox_2D_YPos;Corner_2D_XYZ_X;Corner_2D_XYZ_Y;Corner_2D_XY-Z_X;Corner_2D_XY-Z_Y;Corner_2D_X-YZ_X;Corner_2D_X-YZ_Y;Corner_2D_X-Y-Z_X;Corner_2D_X-Y-Z_Y;Corner_2D_-XYZ_X;Corner_2D_-XYZ_Y;Corner_-2D_XY-Z_X;Corner_2D_-XY-Z_Y;Corner_2D_-X-YZ_X;Corner_2D_-X-YZ_Y;Corner_2D_-X-Y-Z_X;Corner_2D_-X-Y-Z_Y;
J0:19:18:24:335;Hatchback_Car_AI_C_0;211;39207.285156;-71970.179688;-54354.414062;-1;-1;687.698547;0.10753;-0.981745;-0.156887;39209.824219;-71996.28125;-54278.589844;204.0;92.0;76.0;39324.214844;-72198.476562;-54235.171875;39322.222656;-72174.710938;-54385.289062;39141.300781;-72218.398438;-54235.898438;39139.308594;-72194.632812;-54386.015625;39280.339844;-71797.929688;-54171.164062;39278.347656;-71774.164062;-54321.28125;39097.425781;-71817.851562;-54171.890625;39095.433594;-71794.085938;-54322.007812;-1;-1;-1;-1;-1;-1;-1;-1;-1;-1;-1;-1;-1;-1;-1;-1;-1;-1
J0:19:18:24:335;Hatchback_Car_AI_C_7;211;38974.25;-68898.273438;-53629.28125;-1;-1;685.75647;-0.00165;-0.97605;-0.217541;38974.300781;-68929.125;-53555.21875;204.0;92.0;76.0;39066.035156;-69144.90625;-53525.535156;39065.894531;-69111.84375;-53673.894531;38882.035156;-69144.640625;-53525.300781;38881.894531;-69111.578125;-53673.660156;39066.707031;-68746.671875;-53436.777344;39066.566406;-68713.609375;-53585.136719;38882.707031;-68746.40625;-53436.542969;38882.566406;-68713.34375;-53584.902344;-1;-1;-1;-1;-1;-1;-1;-1;-1;-1;-1;-1;-1;-1;-1;-1;-1;-1
J0:19:18:24:335;Hatchback_Car_AI_C_11;211;39400.9375;-65544.53125;-53285.746094;-1;-1;682.227783;-0.231625;-0.972659;-0.016844;39397.378906;-65559.4375;-53206.992188;204.0;92.0;76.0;39439.320312;-65780.414062;-53134.429688;39439.929688;-65777.929688;-53286.40625;39260.328125;-65737.789062;-53134.453125;39260.9375;-65735.304688;-53286.429688;39533.820312;-65383.570312;-53127.554688;39534.429688;-65381.085938;-53279.53125;39354.828125;-65340.945312;-53127.578125;39355.4375;-65338.460938;-53279.554688;-1;-1;-1;-1;-1;-1;-1;-1;-1;-1;-1;-1;-1;-1;-1;-1;-1;-1
