Time;ID;Cat;XPos;YPos;ZPos;2D_XPos;2D_YPos;Vel;XDir;YDir;ZDir;BBox_XPos;BBox_YPos;BBox_ZPos;BBox_Ext_X;BBox_Ext_Y;BBox_Ext_Z;Corner_XYZ_X;Corner_XYZ_Y;Corner_XYZ_Z;Corner_XY-Z_X;Corner_XY-Z_Y;Corner_XY-Z_Z;Corner_X-YZ_X;Corner_X-YZ_Y;Corner_X-YZ_Z;Corner_X-Y-Z_X;Corner_X-Y-Z_Y;Corner_X-Y-Z_Z;Corner_-XYZ_X;Corner_-XYZ_Y;Corner_-XYZ_Z;Corner_-XY-Z_X;Corner_-XY-Z_Y;Corner_-XY-Z_Z;Corner_-X-YZ_X;Corner_-X-YZ_Y;Corner_-X-YZ_Z;Corner_-X-Y-Z_X;Corner_-X-Y-Z_Y;Corner_-X-Y-Z_Z;BBox_2D_XPos;BBox_2D_YPos;Corner_2D_XYZ_X;Corner_2D_XYZ_Y;Corner_2D_XY-Z_X;Corner_2D_XY-Z_Y;Corner_2D_X-YZ_X;Corner_2D_X-YZ_Y;Corner_2D_X-Y-Z_X;Corner_2D_X-Y-Z_Y;Corner_2D_-XYZ_X;Corner_2D_-XYZ_Y;Corner_-2D_XY-Z_X;Corner_2D_-XY-Z_Y;Corner_2D_-X-YZ_X;Corner_2D_-X-YZ_Y;Corner_2D_-X-Y-Z_X;Corner_2D_-X-Y-Z_Y;
J0:19:17:50:735;Hatchback_Car_AI_C_0;211;39031.515625;-70115.15625;-53929.652344;-1;-1;667.841248;0.072228;-0.964356;-0.254561;39034.148438;-70148.703125;-53856.820312;204.0;92.0;76.0;39142.183594;-70357.804688;-53835.390625;39139.058594;-70319.242188;-53982.382812;38958.707031;-70371.617188;-53835.117188;38955.582031;-70333.054688;-53982.109375;39112.714844;-69964.351562;-53731.53125;39109.589844;-69925.789062;-53878.523438;38929.238281;-69978.164062;-53731.257812;38926.113281;-69939.601562;-53878.25;-1;-1;-1;-1;-1;-1;-1;-1;-1;-1;-1;-1;-1;-1;-1;-1;-1;-1
J0:19:17:50:735;Hatchback_Car_AI_C_7;211;39117.304688;-67031.109375;-53352.3125;-1;-1;669.954651;-0.152758;-0.985182;-0.077988;39114.234375;-67050.992188;-53274.644531;204.0;92.0;76.0;39173.085938;-67271.921875;-53214.796875;39174.882812;-67260.203125;-53366.335938;38991.257812;-67243.734375;-53214.773438;38993.054688;-67232.015625;-53366.3125;39235.414062;-66869.96875;-53182.976562;39237.210938;-66858.25;-53334.515625;39053.585938;-66841.78125;-53182.953125;39055.382812;-66830.0625;-53334.492188;-1;-1;-1;-1;-1;-1;-1;-1;-1;-1;-1;-1;-1;-1;-1;-1;-1;-1
