Time;ID;Cat;XPos;YPos;ZPos;2D_XPos;2D_YPos;Vel;XDir;YDir;ZDir;BBox_XPos;BBox_YPos;BBox_ZPos;BBox_Ext_X;BBox_Ext_Y;BBox_Ext_Z;Corner_XYZ_X;Corner_XYZ_Y;Corner_XYZ_Z;Corner_XY-Z_X;Corner_XY-Z_Y;Corner_XY-Z_Z;Corner_X-YZ_X;Corner_X-YZ_Y;Corner_X-YZ_Z;Corner_X-Y-Z_X;Corner_X-Y-Z_Y;Corner_X-Y-Z_Z;Corner_-XYZ_X;Corner_-XYZ_Y;Corner_-XYZ_Z;Corner_-XY-Z_X;Corner_-XY-Z_Y;Corner_-XY-Z_Z;Corner_-X-YZ_X;Corner_-X-YZ_Y;Corner_-X-YZ_Z;Corner_-X-Y-Z_X;Corner_-X-Y-Z_Y;Corner_-X-Y-Z_Z;BBox_2D_XPos;BBox_2D_YPos;Corner_2D_XYZ_X;Corner_2D_XYZ_Y;Corner_2D_XY-Z_X;Corner_2D_XY-Z_Y;Corner_2D_X-YZ_X;Corner_2D_X-YZ_Y;Corner_2D_X-Y-Z_X;Corner_2D_X-Y-Z_Y;Corner_2D_-XYZ_X;Corner_2D_-XYZ_Y;Corner_-2D_XY-Z_X;Corner_2D_-XY-Z_Y;Corner_2D_-X-YZ_X;Corner_2D_-X-YZ_Y;Corner_2D_-X-Y-Z_X;Corner_2D_-X-Y-Z_Y;
J0:19:17:21:132;Hatchback_Car_AI_C_0;211;38982.339844;-68461.5625;-53539.898438;-1;-1;708.164185;-0.036635;-0.982702;-0.181535;38981.253906;-68489.648438;-53464.753906;204.0;92.0;76.0;39065.167969;-68707.34375;-53427.003906;39066.269531;-68679.765625;-53576.480469;38881.292969;-68700.46875;-53427.089844;38882.394531;-68672.890625;-53576.566406;39080.113281;-68306.40625;-53352.941406;39081.214844;-68278.828125;-53502.417969;38896.238281;-68299.53125;-53353.027344;38897.339844;-68271.953125;-53502.503906;-1;-1;-1;-1;-1;-1;-1;-1;-1;-1;-1;-1;-1;-1;-1;-1;-1;-1
J0:19:17:21:132;Hatchback_Car_AI_C_7;211;39426.328125;-65436.515625;-53283.875;-1;-1;651.638733;-0.236878;-0.971439;-0.013992;39422.738281;-65451.1875;-53205.078125;204.0;92.0;76.0;39463.535156;-65672.1875;-53131.925781;39464.058594;-65670.125;-53283.910156;39284.769531;-65628.59375;-53131.957031;39285.292969;-65626.53125;-53283.941406;39560.183594;-65275.84375;-53126.214844;39560.707031;-65273.78125;-53278.199219;39381.417969;-65232.25;-53126.246094;39381.941406;-65230.1875;-53278.230469;-1;-1;-1;-1;-1;-1;-1;-1;-1;-1;-1;-1;-1;-1;-1;-1;-1;-1
