Time;ID;Cat;XPos;YPos;ZPos;2D_XPos;2D_YPos;Vel;XDir;YDir;ZDir;BBox_XPos;BBox_YPos;BBox_ZPos;BBox_Ext_X;BBox_Ext_Y;BBox_Ext_Z;Corner_XYZ_X;Corner_XYZ_Y;Corner_XYZ_Z;Corner_XY-Z_X;Corner_XY-Z_Y;Corner_XY-Z_Z;Corner_X-YZ_X;Corner_X-YZ_Y;Corner_X-YZ_Z;Corner_X-Y-Z_X;Corner_X-Y-Z_Y;Corner_X-Y-Z_Z;Corner_-XYZ_X;Corner_-XYZ_Y;Corner_-XYZ_Z;Corner_-XY-Z_X;Corner_-XY-Z_Y;Corner_-XY-Z_Z;Corner_-X-YZ_X;Corner_-X-YZ_Y;Corner_-X-YZ_Z;Corner_-X-Y-Z_X;Corner_-X-Y-Z_Y;Corner_-X-Y-Z_Z;BBox_2D_XPos;BBox_2D_YPos;Corner_2D_XYZ_X;Corner_2D_XYZ_Y;Corner_2D_XY-Z_X;Corner_2D_XY-Z_Y;Corner_2D_X-YZ_X;Corner_2D_X-YZ_Y;Corner_2D_X-Y-Z_X;Corner_2D_X-Y-Z_Y;Corner_2D_-XYZ_X;Corner_2D_-XYZ_Y;Corner_-2D_XY-Z_X;Corner_2D_-XY-Z_Y;Corner_2D_-X-YZ_X;Corner_2D_-X-YZ_Y;Corner_2D_-X-Y-Z_X;Corner_2D_-X-Y-Z_Y;
J0:19:17:45:931;Hatchback_Car_AI_C_0;211;39011.90625;-69845.710938;-53859.867188;-1;-1;717.852051;0.062806;-0.966306;-0.249615;39014.128906;-69878.914062;-53786.863281;204.0;92.0;76.0;39120.039062;-70088.984375;-53764.261719;39117.453125;-70051.125;-53911.449219;38936.429688;-70100.953125;-53764.121094;38933.84375;-70063.09375;-53911.308594;39094.414062;-69694.734375;-53662.417969;39091.828125;-69656.875;-53809.605469;38910.804688;-69706.703125;-53662.277344;38908.21875;-69668.84375;-53809.464844;-1;-1;-1;-1;-1;-1;-1;-1;-1;-1;-1;-1;-1;-1;-1;-1;-1;-1
J0:19:17:45:931;Hatchback_Car_AI_C_7;211;39158.210938;-66768.773438;-53333.445312;-1;-1;650.659485;-0.165665;-0.98428;-0.061221;39155.070312;-66787.320312;-53255.449219;204.0;92.0;76.0;39211.203125;-67007.976562;-53192.054688;39212.789062;-66998.804688;-53343.773438;39029.757812;-66977.429688;-53192.101562;39031.34375;-66968.257812;-53343.820312;39278.796875;-66606.382812;-53167.078125;39280.382812;-66597.210938;-53318.796875;39097.351562;-66575.835938;-53167.125;39098.9375;-66566.664062;-53318.84375;-1;-1;-1;-1;-1;-1;-1;-1;-1;-1;-1;-1;-1;-1;-1;-1;-1;-1
