Time;ID;Cat;XPos;YPos;ZPos;2D_XPos;2D_YPos;Vel;XDir;YDir;ZDir;BBox_XPos;BBox_YPos;BBox_ZPos;BBox_Ext_X;BBox_Ext_Y;BBox_Ext_Z;Corner_XYZ_X;Corner_XYZ_Y;Corner_XYZ_Z;Corner_XY-Z_X;Corner_XY-Z_Y;Corner_XY-Z_Z;Corner_X-YZ_X;Corner_X-YZ_Y;Corner_X-YZ_Z;Corner_X-Y-Z_X;Corner_X-Y-Z_Y;Corner_X-Y-Z_Z;Corner_-XYZ_X;Corner_-XYZ_Y;Corner_-XYZ_Z;Corner_-XY-Z_X;Corner_-XY-Z_Y;Corner_-XY-Z_Z;Corner_-X-YZ_X;Corner_-X-YZ_Y;Corner_-X-YZ_Z;Corner_-X-Y-Z_X;Corner_-X-Y-Z_Y;Corner_-X-Y-Z_Z;BBox_2D_XPos;BBox_2D_YPos;Corner_2D_XYZ_X;Corner_2D_XYZ_Y;Corner_2D_XY-Z_X;Corner_2D_XY-Z_Y;Corner_2D_X-YZ_X;Corner_2D_X-YZ_Y;Corner_2D_X-Y-Z_X;Corner_2D_X-Y-Z_Y;Corner_2D_-XYZ_X;Corner_2D_-XYZ_Y;Corner_-2D_XY-Z_X;Corner_2D_-XY-Z_Y;Corner_2D_-X-YZ_X;Corner_2D_-X-YZ_Y;Corner_2D_-X-Y-Z_X;Corner_2D_-X-Y-Z_Y;
J0:19:17:34:731;Hatchback_Car_AI_C_0;211;38981.839844;-69224.929688;-53704.855469;-1;-1;712.43103;0.024117;-0.972114;-0.233265;38982.765625;-69256.960938;-53631.300781;204.0;92.0;76.0;39080.222656;-69470.671875;-53605.132812;39079.089844;-69435.234375;-53752.9375;38896.285156;-69475.3125;-53604.835938;38895.152344;-69439.875;-53752.640625;39070.378906;-69074.046875;-53509.960938;39069.246094;-69038.609375;-53657.765625;38886.441406;-69078.6875;-53509.664062;38885.308594;-69043.25;-53657.46875;-1;-1;-1;-1;-1;-1;-1;-1;-1;-1;-1;-1;-1;-1;-1;-1;-1;-1
J0:19:17:34:731;Hatchback_Car_AI_C_7;211;39266.027344;-66170.523438;-53303.757812;-1;-1;634.066895;-0.197348;-0.979577;-0.038505;39262.660156;-66187.21875;-53225.355469;204.0;92.0;76.0;39312.007812;-66408.09375;-53157.257812;39313.171875;-66402.359375;-53309.148438;39131.632812;-66371.75;-53157.273438;39132.796875;-66366.015625;-53309.164062;39392.523438;-66008.421875;-53141.546875;39393.6875;-66002.6875;-53293.4375;39212.148438;-65972.078125;-53141.5625;39213.3125;-65966.34375;-53293.453125;-1;-1;-1;-1;-1;-1;-1;-1;-1;-1;-1;-1;-1;-1;-1;-1;-1;-1
