Time;ID;Cat;XPos;YPos;ZPos;2D_XPos;2D_YPos;Vel;XDir;YDir;ZDir;BBox_XPos;BBox_YPos;BBox_ZPos;BBox_Ext_X;BBox_Ext_Y;BBox_Ext_Z;Corner_XYZ_X;Corner_XYZ_Y;Corner_XYZ_Z;Corner_XY-Z_X;Corner_XY-Z_Y;Corner_XY-Z_Z;Corner_X-YZ_X;Corner_X-YZ_Y;Corner_X-YZ_Z;Corner_X-Y-Z_X;Corner_X-Y-Z_Y;Corner_X-Y-Z_Z;Corner_-XYZ_X;Corner_-XYZ_Y;Corner_-XYZ_Z;Corner_-XY-Z_X;Corner_-XY-Z_Y;Corner_-XY-Z_Z;Corner_-X-YZ_X;Corner_-X-YZ_Y;Corner_-X-YZ_Z;Corner_-X-Y-Z_X;Corner_-X-Y-Z_Y;Corner_-X-Y-Z_Z;BBox_2D_XPos;BBox_2D_YPos;Corner_2D_XYZ_X;Corner_2D_XYZ_Y;Corner_2D_XY-Z_X;Corner_2D_XY-Z_Y;Corner_2D_X-YZ_X;Corner_2D_X-YZ_Y;Corner_2D_X-Y-Z_X;Corner_2D_X-Y-Z_Y;Corner_2D_-XYZ_X;Corner_2D_-XYZ_Y;Corner_-2D_XY-Z_X;Corner_2D_-XY-Z_Y;Corner_2D_-X-YZ_X;Corner_2D_-X-YZ_Y;Corner_2D_-X-Y-Z_X;Corner_2D_-X-Y-Z_Y;
J0:19:17:23:931;Hatchback_Car_AI_C_0;211;38978.355469;-68618.070312;-53570.105469;-1;-1;702.517822;-0.025515;-0.980518;-0.194763;38977.644531;-68647.179688;-53495.34375;204.0;92.0;76.0;39064.066406;-68864.382812;-53460.582031;39064.753906;-68834.789062;-53609.667969;38880.128906;-68859.617188;-53460.480469;38880.816406;-68830.023438;-53609.566406;39074.472656;-68464.335938;-53381.121094;39075.160156;-68434.742188;-53530.207031;38890.535156;-68459.570312;-53381.019531;38891.222656;-68429.976562;-53530.105469;-1;-1;-1;-1;-1;-1;-1;-1;-1;-1;-1;-1;-1;-1;-1;-1;-1;-1
J0:19:17:23:931;Hatchback_Car_AI_C_7;211;39390.476562;-65590.203125;-53286.671875;-1;-1;695.06543;-0.228011;-0.973503;-0.017411;39386.957031;-65605.171875;-53207.925781;204.0;92.0;76.0;39429.699219;-65826.03125;-53135.472656;39430.332031;-65823.46875;-53287.449219;39250.550781;-65784.0625;-53135.503906;39251.183594;-65781.5;-53287.480469;39522.730469;-65428.84375;-53128.371094;39523.363281;-65426.273438;-53280.347656;39343.582031;-65386.882812;-53128.402344;39344.214844;-65384.3125;-53280.378906;-1;-1;-1;-1;-1;-1;-1;-1;-1;-1;-1;-1;-1;-1;-1;-1;-1;-1
