Time;ID;Cat;XPos;YPos;ZPos;2D_XPos;2D_YPos;Vel;XDir;YDir;ZDir;BBox_XPos;BBox_YPos;BBox_ZPos;BBox_Ext_X;BBox_Ext_Y;BBox_Ext_Z;Corner_XYZ_X;Corner_XYZ_Y;Corner_XYZ_Z;Corner_XY-Z_X;Corner_XY-Z_Y;Corner_XY-Z_Z;Corner_X-YZ_X;Corner_X-YZ_Y;Corner_X-YZ_Z;Corner_X-Y-Z_X;Corner_X-Y-Z_Y;Corner_X-Y-Z_Z;Corner_-XYZ_X;Corner_-XYZ_Y;Corner_-XYZ_Z;Corner_-XY-Z_X;Corner_-XY-Z_Y;Corner_-XY-Z_Z;Corner_-X-YZ_X;Corner_-X-YZ_Y;Corner_-X-YZ_Z;Corner_-X-Y-Z_X;Corner_-X-Y-Z_Y;Corner_-X-Y-Z_Z;BBox_2D_XPos;BBox_2D_YPos;Corner_2D_XYZ_X;Corner_2D_XYZ_Y;Corner_2D_XY-Z_X;Corner_2D_XY-Z_Y;Corner_2D_X-YZ_X;Corner_2D_X-YZ_Y;Corner_2D_X-Y-Z_X;Corner_2D_X-Y-Z_Y;Corner_2D_-XYZ_X;Corner_2D_-XYZ_Y;Corner_-2D_XY-Z_X;Corner_2D_-XY-Z_Y;Corner_2D_-X-YZ_X;Corner_2D_-X-YZ_Y;Corner_2D_-X-Y-Z_X;Corner_2D_-X-Y-Z_Y;
J0:19:18:53:132;Hatchback_Car_AI_C_7;211;39061.429688;-70494.640625;-54027.855469;-1;-1;679.213135;0.082543;-0.964261;-0.25177;39064.46875;-70527.945312;-53954.925781;204.0;92.0;76.0;39174.78125;-70735.804688;-53932.945312;39171.15625;-70697.710938;-54080.046875;38991.460938;-70751.601562;-53932.523438;38987.835938;-70713.507812;-54079.625;39141.101562;-70342.382812;-53830.226562;39137.476562;-70304.289062;-53977.328125;38957.78125;-70358.179688;-53829.804688;38954.15625;-70320.085938;-53976.90625;-1;-1;-1;-1;-1;-1;-1;-1;-1;-1;-1;-1;-1;-1;-1;-1;-1;-1
J0:19:18:53:132;Hatchback_Car_AI_C_11;211;39104.929688;-67115.25;-53359.164062;-1;-1;676.365723;-0.147001;-0.985571;-0.083912;39101.910156;-67135.609375;-53281.617188;204.0;92.0;76.0;39161.988281;-67356.546875;-53223.019531;39163.839844;-67343.921875;-53374.480469;38980.003906;-67329.40625;-53222.988281;38981.855469;-67316.78125;-53374.449219;39221.964844;-66954.4375;-53188.785156;39223.816406;-66941.8125;-53340.246094;39039.980469;-66927.296875;-53188.753906;39041.832031;-66914.671875;-53340.214844;-1;-1;-1;-1;-1;-1;-1;-1;-1;-1;-1;-1;-1;-1;-1;-1;-1;-1
