Time;ID;Cat;XPos;YPos;ZPos;2D_XPos;2D_YPos;Vel;XDir;YDir;ZDir;BBox_XPos;BBox_YPos;BBox_ZPos;BBox_Ext_X;BBox_Ext_Y;BBox_Ext_Z;Corner_XYZ_X;Corner_XYZ_Y;Corner_XYZ_Z;Corner_XY-Z_X;Corner_XY-Z_Y;Corner_XY-Z_Z;Corner_X-YZ_X;Corner_X-YZ_Y;Corner_X-YZ_Z;Corner_X-Y-Z_X;Corner_X-Y-Z_Y;Corner_X-Y-Z_Z;Corner_-XYZ_X;Corner_-XYZ_Y;Corner_-XYZ_Z;Corner_-XY-Z_X;Corner_-XY-Z_Y;Corner_-XY-Z_Z;Corner_-X-YZ_X;Corner_-X-YZ_Y;Corner_-X-YZ_Z;Corner_-X-Y-Z_X;Corner_-X-Y-Z_Y;Corner_-X-Y-Z_Z;BBox_2D_XPos;BBox_2D_YPos;Corner_2D_XYZ_X;Corner_2D_XYZ_Y;Corner_2D_XY-Z_X;Corner_2D_XY-Z_Y;Corner_2D_X-YZ_X;Corner_2D_X-YZ_Y;Corner_2D_X-Y-Z_X;Corner_2D_X-Y-Z_Y;Corner_2D_-XYZ_X;Corner_2D_-XYZ_Y;Corner_-2D_XY-Z_X;Corner_2D_-XY-Z_Y;Corner_2D_-X-YZ_X;Corner_2D_-X-YZ_Y;Corner_2D_-X-Y-Z_X;Corner_2D_-X-Y-Z_Y;
J0:19:18:06:333;Hatchback_Car_AI_C_0;211;39107.089844;-70979.84375;-54150.386719;-1;-1;705.658569;0.08921;-0.966538;-0.24051;39110.304688;-71012.273438;-54077.074219;204.0;92.0;76.0;39222.0;-71219.109375;-54052.617188;39218.21875;-71182.75;-54200.15625;39038.789062;-71236.140625;-54052.117188;39035.007812;-71199.78125;-54199.65625;39185.601562;-70824.765625;-53954.492188;39181.820312;-70788.40625;-54102.03125;39002.390625;-70841.796875;-53953.992188;38998.609375;-70805.4375;-54101.53125;-1;-1;-1;-1;-1;-1;-1;-1;-1;-1;-1;-1;-1;-1;-1;-1;-1;-1
J0:19:18:06:333;Hatchback_Car_AI_C_7;211;39014.160156;-67898.460938;-53447.785156;-1;-1;689.29834;-0.089218;-0.986282;-0.138879;39011.917969;-67923.195312;-53371.496094;204.0;92.0;76.0;39084.390625;-68143.195312;-53324.5625;39086.296875;-68122.179688;-53475.085938;38901.140625;-68126.617188;-53324.570312;38903.046875;-68105.601562;-53475.09375;39120.789062;-67740.789062;-53267.898438;39122.695312;-67719.773438;-53418.421875;38937.539062;-67724.210938;-53267.90625;38939.445312;-67703.195312;-53418.429688;-1;-1;-1;-1;-1;-1;-1;-1;-1;-1;-1;-1;-1;-1;-1;-1;-1;-1
J0:19:18:06:333;Hatchback_Car_AI_C_11;211;39624.667969;-64665.796875;-53279.601562;-1;-1;539.332031;-0.272816;-0.962055;0.004693;39620.921875;-64678.902344;-53200.535156;204.0;92.0;76.0;39653.847656;-64899.90625;-53123.542969;39653.707031;-64900.609375;-53275.542969;39476.824219;-64849.710938;-53123.613281;39476.683594;-64850.414062;-53275.613281;39765.160156;-64507.390625;-53125.457031;39765.019531;-64508.09375;-53277.457031;39588.136719;-64457.195312;-53125.527344;39587.996094;-64457.898438;-53277.527344;-1;-1;-1;-1;-1;-1;-1;-1;-1;-1;-1;-1;-1;-1;-1;-1;-1;-1
