Time;ID;Cat;XPos;YPos;ZPos;2D_XPos;2D_YPos;Vel;XDir;YDir;ZDir;BBox_XPos;BBox_YPos;BBox_ZPos;BBox_Ext_X;BBox_Ext_Y;BBox_Ext_Z;Corner_XYZ_X;Corner_XYZ_Y;Corner_XYZ_Z;Corner_XY-Z_X;Corner_XY-Z_Y;Corner_XY-Z_Z;Corner_X-YZ_X;Corner_X-YZ_Y;Corner_X-YZ_Z;Corner_X-Y-Z_X;Corner_X-Y-Z_Y;Corner_X-Y-Z_Z;Corner_-XYZ_X;Corner_-XYZ_Y;Corner_-XYZ_Z;Corner_-XY-Z_X;Corner_-XY-Z_Y;Corner_-XY-Z_Z;Corner_-X-YZ_X;Corner_-X-YZ_Y;Corner_-X-YZ_Z;Corner_-X-Y-Z_X;Corner_-X-Y-Z_Y;Corner_-X-Y-Z_Z;BBox_2D_XPos;BBox_2D_YPos;Corner_2D_XYZ_X;Corner_2D_XYZ_Y;Corner_2D_XY-Z_X;Corner_2D_XY-Z_Y;Corner_2D_X-YZ_X;Corner_2D_X-YZ_Y;Corner_2D_X-Y-Z_X;Corner_2D_X-Y-Z_Y;Corner_2D_-XYZ_X;Corner_2D_-XYZ_Y;Corner_-2D_XY-Z_X;Corner_2D_-XY-Z_Y;Corner_2D_-X-YZ_X;Corner_2D_-X-YZ_Y;Corner_2D_-X-Y-Z_X;Corner_2D_-X-Y-Z_Y;
J0:19:17:06:334;Hatchback_Car_AI_C_0;211;39038.050781;-67649.640625;-53414.988281;-1;-1;662.317139;-0.108056;-0.986728;-0.121212;39035.492188;-67672.976562;-53338.269531;204.0;92.0;76.0;39103.898438;-67893.4375;-53287.550781;39105.90625;-67875.125;-53438.433594;38920.992188;-67873.40625;-53287.558594;38923.0;-67855.09375;-53438.441406;39147.984375;-67490.859375;-53238.097656;39149.992188;-67472.546875;-53388.980469;38965.078125;-67470.828125;-53238.105469;38967.085938;-67452.515625;-53388.988281;-1;-1;-1;-1;-1;-1;-1;-1;-1;-1;-1;-1;-1;-1;-1;-1;-1;-1
J0:19:17:06:334;Hatchback_Car_AI_C_7;211;39607.335938;-64728.441406;-53279.410156;-1;-1;546.779358;-0.270116;-0.962821;0.003519;39603.601562;-64741.644531;-53200.363281;204.0;92.0;76.0;39637.125;-64962.644531;-53123.613281;39637.03125;-64963.175781;-53275.613281;39459.960938;-64912.941406;-53123.675781;39459.867188;-64913.472656;-53275.675781;39747.335938;-64569.816406;-53125.050781;39747.242188;-64570.347656;-53277.050781;39570.171875;-64520.113281;-53125.113281;39570.078125;-64520.644531;-53277.113281;-1;-1;-1;-1;-1;-1;-1;-1;-1;-1;-1;-1;-1;-1;-1;-1;-1;-1
