Time;ID;Cat;XPos;YPos;ZPos;2D_XPos;2D_YPos;Vel;XDir;YDir;ZDir;BBox_XPos;BBox_YPos;BBox_ZPos;BBox_Ext_X;BBox_Ext_Y;BBox_Ext_Z;Corner_XYZ_X;Corner_XYZ_Y;Corner_XYZ_Z;Corner_XY-Z_X;Corner_XY-Z_Y;Corner_XY-Z_Z;Corner_X-YZ_X;Corner_X-YZ_Y;Corner_X-YZ_Z;Corner_X-Y-Z_X;Corner_X-Y-Z_Y;Corner_X-Y-Z_Z;Corner_-XYZ_X;Corner_-XYZ_Y;Corner_-XYZ_Z;Corner_-XY-Z_X;Corner_-XY-Z_Y;Corner_-XY-Z_Z;Corner_-X-YZ_X;Corner_-X-YZ_Y;Corner_-X-YZ_Z;Corner_-X-Y-Z_X;Corner_-X-Y-Z_Y;Corner_-X-Y-Z_Z;BBox_2D_XPos;BBox_2D_YPos;Corner_2D_XYZ_X;Corner_2D_XYZ_Y;Corner_2D_XY-Z_X;Corner_2D_XY-Z_Y;Corner_2D_X-YZ_X;Corner_2D_X-YZ_Y;Corner_2D_X-Y-Z_X;Corner_2D_X-Y-Z_Y;Corner_2D_-XYZ_X;Corner_2D_-XYZ_Y;Corner_-2D_XY-Z_X;Corner_2D_-XY-Z_Y;Corner_2D_-X-YZ_X;Corner_2D_-X-YZ_Y;Corner_2D_-X-Y-Z_X;Corner_2D_-X-Y-Z_Y;
J0:19:17:18:734;Hatchback_Car_AI_C_0;211;38987.507812;-68328.0;-53515.777344;-1;-1;667.318848;-0.048711;-0.983836;-0.172318;38986.125;-68355.367188;-53440.371094;204.0;92.0;76.0;39067.398438;-68573.703125;-53400.628906;39068.75;-68547.546875;-53550.355469;38883.625;-68564.59375;-53400.691406;38884.976562;-68538.4375;-53550.417969;39087.273438;-68172.296875;-53330.324219;39088.625;-68146.140625;-53480.050781;38903.5;-68163.1875;-53330.386719;38904.851562;-68137.03125;-53480.113281;-1;-1;-1;-1;-1;-1;-1;-1;-1;-1;-1;-1;-1;-1;-1;-1;-1;-1
J0:19:17:18:734;Hatchback_Car_AI_C_7;211;39456.742188;-65310.074219;-53282.117188;-1;-1;630.278564;-0.243137;-0.969936;-0.010462;39453.128906;-65324.453125;-53203.269531;204.0;92.0;76.0;39492.5625;-65545.453125;-53129.394531;39492.96875;-65543.921875;-53281.386719;39314.085938;-65500.71875;-53129.417969;39314.492188;-65499.179688;-53281.410156;39591.765625;-65149.726562;-53125.128906;39592.171875;-65148.1875;-53277.121094;39413.289062;-65104.984375;-53125.152344;39413.695312;-65103.445312;-53277.144531;-1;-1;-1;-1;-1;-1;-1;-1;-1;-1;-1;-1;-1;-1;-1;-1;-1;-1
