Time;ID;Cat;XPos;YPos;ZPos;2D_XPos;2D_YPos;Vel;XDir;YDir;ZDir;BBox_XPos;BBox_YPos;BBox_ZPos;BBox_Ext_X;BBox_Ext_Y;BBox_Ext_Z;Corner_XYZ_X;Corner_XYZ_Y;Corner_XYZ_Z;Corner_XY-Z_X;Corner_XY-Z_Y;Corner_XY-Z_Z;Corner_X-YZ_X;Corner_X-YZ_Y;Corner_X-YZ_Z;Corner_X-Y-Z_X;Corner_X-Y-Z_Y;Corner_X-Y-Z_Z;Corner_-XYZ_X;Corner_-XYZ_Y;Corner_-XYZ_Z;Corner_-XY-Z_X;Corner_-XY-Z_Y;Corner_-XY-Z_Z;Corner_-X-YZ_X;Corner_-X-YZ_Y;Corner_-X-YZ_Z;Corner_-X-Y-Z_X;Corner_-X-Y-Z_Y;Corner_-X-Y-Z_Z;BBox_2D_XPos;BBox_2D_YPos;Corner_2D_XYZ_X;Corner_2D_XYZ_Y;Corner_2D_XY-Z_X;Corner_2D_XY-Z_Y;Corner_2D_X-YZ_X;Corner_2D_X-YZ_Y;Corner_2D_X-Y-Z_X;Corner_2D_X-Y-Z_Y;Corner_2D_-XYZ_X;Corner_2D_-XYZ_Y;Corner_-2D_XY-Z_X;Corner_2D_-XY-Z_Y;Corner_2D_-X-YZ_X;Corner_2D_-X-YZ_Y;Corner_2D_-X-Y-Z_X;Corner_2D_-X-Y-Z_Y;
J0:19:18:50:733;Hatchback_Car_AI_C_0;211;39363.335938;-73428.78125;-54477.570312;-1;-1;648.334106;0.092944;-0.99549;-0.019022;39364.691406;-73444.21875;-54398.851562;204.0;92.0;76.0;39475.304688;-73640.195312;-54326.644531;39475.203125;-73637.304688;-54478.613281;39292.101562;-73657.289062;-54326.847656;39292.0;-73654.398438;-54478.816406;39437.382812;-73234.039062;-54318.886719;39437.28125;-73231.148438;-54470.855469;39254.179688;-73251.132812;-54319.089844;39254.078125;-73248.242188;-54471.058594;-1;-1;-1;-1;-1;-1;-1;-1;-1;-1;-1;-1;-1;-1;-1;-1;-1;-1
J0:19:18:50:733;Hatchback_Car_AI_C_7;211;39049.726562;-70360.679688;-53993.347656;-1;-1;667.858948;0.079618;-0.963979;-0.253783;39052.648438;-70394.140625;-53920.488281;204.0;92.0;76.0;39162.3125;-70602.382812;-53898.925781;39158.835938;-70563.960938;-54045.949219;38978.945312;-70617.617188;-53898.574219;38975.46875;-70579.195312;-54045.597656;39129.828125;-70209.085938;-53795.378906;39126.351562;-70170.664062;-53942.402344;38946.460938;-70224.320312;-53795.027344;38942.984375;-70185.898438;-53942.050781;-1;-1;-1;-1;-1;-1;-1;-1;-1;-1;-1;-1;-1;-1;-1;-1;-1;-1
J0:19:18:50:733;Hatchback_Car_AI_C_11;211;39124.980469;-66980.484375;-53348.253906;-1;-1;684.394592;-0.155085;-0.985116;-0.074125;39121.894531;-67000.0625;-53270.507812;204.0;92.0;76.0;39180.257812;-67220.890625;-53209.835938;39182.015625;-67209.765625;-53361.414062;38998.5;-67192.28125;-53209.84375;39000.257812;-67181.15625;-53361.421875;39243.53125;-66818.96875;-53179.59375;39245.289062;-66807.84375;-53331.171875;39061.773438;-66790.359375;-53179.601562;39063.53125;-66779.234375;-53331.179688;-1;-1;-1;-1;-1;-1;-1;-1;-1;-1;-1;-1;-1;-1;-1;-1;-1;-1
