Time;ID;Cat;XPos;YPos;ZPos;2D_XPos;2D_YPos;Vel;XDir;YDir;ZDir;BBox_XPos;BBox_YPos;BBox_ZPos;BBox_Ext_X;BBox_Ext_Y;BBox_Ext_Z;Corner_XYZ_X;Corner_XYZ_Y;Corner_XYZ_Z;Corner_XY-Z_X;Corner_XY-Z_Y;Corner_XY-Z_Z;Corner_X-YZ_X;Corner_X-YZ_Y;Corner_X-YZ_Z;Corner_X-Y-Z_X;Corner_X-Y-Z_Y;Corner_X-Y-Z_Z;Corner_-XYZ_X;Corner_-XYZ_Y;Corner_-XYZ_Z;Corner_-XY-Z_X;Corner_-XY-Z_Y;Corner_-XY-Z_Z;Corner_-X-YZ_X;Corner_-X-YZ_Y;Corner_-X-YZ_Z;Corner_-X-Y-Z_X;Corner_-X-Y-Z_Y;Corner_-X-Y-Z_Z;BBox_2D_XPos;BBox_2D_YPos;Corner_2D_XYZ_X;Corner_2D_XYZ_Y;Corner_2D_XY-Z_X;Corner_2D_XY-Z_Y;Corner_2D_X-YZ_X;Corner_2D_X-YZ_Y;Corner_2D_X-Y-Z_X;Corner_2D_X-Y-Z_Y;Corner_2D_-XYZ_X;Corner_2D_-XYZ_Y;Corner_-2D_XY-Z_X;Corner_2D_-XY-Z_Y;Corner_2D_-X-YZ_X;Corner_2D_-X-YZ_Y;Corner_2D_-X-Y-Z_X;Corner_2D_-X-Y-Z_Y;
J0:19:19:01:534;Hatchback_Car_AI_C_0;211;39403.929688;-74016.078125;-54472.925781;-1;-1;660.700562;0.052573;-0.998273;0.026199;39404.703125;-74027.976562;-54393.585938;204.0;92.0;76.0;39507.335938;-74224.796875;-54312.441406;39507.265625;-74228.78125;-54464.386719;39323.59375;-74234.46875;-54312.097656;39323.523438;-74238.453125;-54464.042969;39485.882812;-73817.5;-54323.128906;39485.8125;-73821.484375;-54475.074219;39302.140625;-73827.171875;-54322.785156;39302.070312;-73831.15625;-54474.730469;-1;-1;-1;-1;-1;-1;-1;-1;-1;-1;-1;-1;-1;-1;-1;-1;-1;-1
J0:19:19:01:534;Hatchback_Car_AI_C_7;211;39104.894531;-70964.367188;-54146.5;-1;-1;714.141602;0.090775;-0.966343;-0.240708;39108.136719;-70996.8125;-54073.191406;204.0;92.0;76.0;39220.140625;-71203.484375;-54048.75;39216.351562;-71167.09375;-54196.28125;39036.960938;-71220.796875;-54048.3125;39033.171875;-71184.40625;-54195.84375;39183.101562;-70809.21875;-53950.539062;39179.3125;-70772.828125;-54098.070312;38999.921875;-70826.53125;-53950.101562;38996.132812;-70790.140625;-54097.632812;-1;-1;-1;-1;-1;-1;-1;-1;-1;-1;-1;-1;-1;-1;-1;-1;-1;-1
J0:19:19:01:534;Hatchback_Car_AI_C_11;211;39046.003906;-67577.25;-53406.121094;-1;-1;695.412598;-0.113473;-0.98689;-0.11477;39043.367188;-67600.070312;-53329.25;204.0;92.0;76.0;39110.609375;-67820.570312;-53277.15625;39112.625;-67803.242188;-53428.148438;38927.8125;-67799.554688;-53277.179688;38929.828125;-67782.226562;-53428.171875;39156.90625;-67417.914062;-53230.328125;39158.921875;-67400.585938;-53381.320312;38974.109375;-67396.898438;-53230.351562;38976.125;-67379.570312;-53381.34375;-1;-1;-1;-1;-1;-1;-1;-1;-1;-1;-1;-1;-1;-1;-1;-1;-1;-1
