Time;ID;Cat;XPos;YPos;ZPos;2D_XPos;2D_YPos;Vel;XDir;YDir;ZDir;BBox_XPos;BBox_YPos;BBox_ZPos;BBox_Ext_X;BBox_Ext_Y;BBox_Ext_Z;Corner_XYZ_X;Corner_XYZ_Y;Corner_XYZ_Z;Corner_XY-Z_X;Corner_XY-Z_Y;Corner_XY-Z_Z;Corner_X-YZ_X;Corner_X-YZ_Y;Corner_X-YZ_Z;Corner_X-Y-Z_X;Corner_X-Y-Z_Y;Corner_X-Y-Z_Z;Corner_-XYZ_X;Corner_-XYZ_Y;Corner_-XYZ_Z;Corner_-XY-Z_X;Corner_-XY-Z_Y;Corner_-XY-Z_Z;Corner_-X-YZ_X;Corner_-X-YZ_Y;Corner_-X-YZ_Z;Corner_-X-Y-Z_X;Corner_-X-Y-Z_Y;Corner_-X-Y-Z_Z;BBox_2D_XPos;BBox_2D_YPos;Corner_2D_XYZ_X;Corner_2D_XYZ_Y;Corner_2D_XY-Z_X;Corner_2D_XY-Z_Y;Corner_2D_X-YZ_X;Corner_2D_X-YZ_Y;Corner_2D_X-Y-Z_X;Corner_2D_X-Y-Z_Y;Corner_2D_-XYZ_X;Corner_2D_-XYZ_Y;Corner_-2D_XY-Z_X;Corner_2D_-XY-Z_Y;Corner_2D_-X-YZ_X;Corner_2D_-X-YZ_Y;Corner_2D_-X-Y-Z_X;Corner_2D_-X-Y-Z_Y;
J0:19:17:16:735;Hatchback_Car_AI_C_0;211;38993.109375;-68216.53125;-53496.832031;-1;-1;682.677063;-0.060553;-0.984784;-0.162893;38991.488281;-68243.164062;-53421.167969;204.0;92.0;76.0;39070.21875;-68462.0625;-53379.433594;39071.710938;-68437.34375;-53529.402344;38886.5625;-68450.78125;-53379.394531;38888.054688;-68426.0625;-53529.363281;39094.921875;-68060.265625;-53312.972656;39096.414062;-68035.546875;-53462.941406;38911.265625;-68048.984375;-53312.933594;38912.757812;-68024.265625;-53462.902344;-1;-1;-1;-1;-1;-1;-1;-1;-1;-1;-1;-1;-1;-1;-1;-1;-1;-1
J0:19:17:16:735;Hatchback_Car_AI_C_7;211;39481.710938;-65208.683594;-53281.039062;-1;-1;624.037964;-0.246687;-0.969069;-0.007159;39478.097656;-65222.792969;-53202.140625;204.0;92.0;76.0;39516.777344;-65443.703125;-53127.578125;39517.082031;-65442.65625;-53279.578125;39338.464844;-65398.3125;-53127.625;39338.769531;-65397.265625;-53279.625;39617.425781;-65048.320312;-53124.65625;39617.730469;-65047.273438;-53276.65625;39439.113281;-65002.929688;-53124.703125;39439.417969;-65001.882812;-53276.703125;-1;-1;-1;-1;-1;-1;-1;-1;-1;-1;-1;-1;-1;-1;-1;-1;-1;-1
