Time;ID;Cat;XPos;YPos;ZPos;2D_XPos;2D_YPos;Vel;XDir;YDir;ZDir;BBox_XPos;BBox_YPos;BBox_ZPos;BBox_Ext_X;BBox_Ext_Y;BBox_Ext_Z;Corner_XYZ_X;Corner_XYZ_Y;Corner_XYZ_Z;Corner_XY-Z_X;Corner_XY-Z_Y;Corner_XY-Z_Z;Corner_X-YZ_X;Corner_X-YZ_Y;Corner_X-YZ_Z;Corner_X-Y-Z_X;Corner_X-Y-Z_Y;Corner_X-Y-Z_Z;Corner_-XYZ_X;Corner_-XYZ_Y;Corner_-XYZ_Z;Corner_-XY-Z_X;Corner_-XY-Z_Y;Corner_-XY-Z_Z;Corner_-X-YZ_X;Corner_-X-YZ_Y;Corner_-X-YZ_Z;Corner_-X-Y-Z_X;Corner_-X-Y-Z_Y;Corner_-X-Y-Z_Z;BBox_2D_XPos;BBox_2D_YPos;Corner_2D_XYZ_X;Corner_2D_XYZ_Y;Corner_2D_XY-Z_X;Corner_2D_XY-Z_Y;Corner_2D_X-YZ_X;Corner_2D_X-YZ_Y;Corner_2D_X-Y-Z_X;Corner_2D_X-Y-Z_Y;Corner_2D_-XYZ_X;Corner_2D_-XYZ_Y;Corner_-2D_XY-Z_X;Corner_2D_-XY-Z_Y;Corner_2D_-X-YZ_X;Corner_2D_-X-YZ_Y;Corner_2D_-X-Y-Z_X;Corner_2D_-X-Y-Z_Y;
J0:19:18:25:528;Hatchback_Car_AI_C_0;211;39214.347656;-72035.265625;-54364.402344;-1;-1;646.386719;0.10733;-0.982498;-0.152244;39216.828125;-72061.015625;-54288.457031;204.0;92.0;76.0;39331.121094;-72263.054688;-54244.019531;39329.246094;-72239.976562;-54394.246094;39148.199219;-72282.914062;-54244.785156;39146.324219;-72259.835938;-54395.011719;39287.332031;-71862.195312;-54181.902344;39285.457031;-71839.117188;-54332.128906;39104.410156;-71882.054688;-54182.667969;39102.535156;-71858.976562;-54332.894531;-1;-1;-1;-1;-1;-1;-1;-1;-1;-1;-1;-1;-1;-1;-1;-1;-1;-1
J0:19:18:25:528;Hatchback_Car_AI_C_7;211;38974.816406;-68965.1875;-53644.226562;-1;-1;687.821594;0.004671;-0.975121;-0.221626;38975.054688;-68996.34375;-53570.292969;204.0;92.0;76.0;39068.175781;-69211.648438;-53541.496094;39067.839844;-69177.960938;-53689.714844;38884.175781;-69212.570312;-53541.292969;38883.839844;-69178.882812;-53689.511719;39066.269531;-68813.804688;-53451.074219;39065.933594;-68780.117188;-53599.292969;38882.269531;-68814.726562;-53450.871094;38881.933594;-68781.039062;-53599.089844;-1;-1;-1;-1;-1;-1;-1;-1;-1;-1;-1;-1;-1;-1;-1;-1;-1;-1
J0:19:18:25:528;Hatchback_Car_AI_C_11;211;39385.871094;-65610.171875;-53287.113281;-1;-1;669.87323;-0.227036;-0.973688;-0.019634;39382.320312;-65625.3125;-53208.402344;204.0;92.0;76.0;39425.246094;-65846.28125;-53136.398438;39425.957031;-65843.390625;-53288.367188;39246.050781;-65804.5;-53136.445312;39246.761719;-65801.609375;-53288.414062;39517.878906;-65449.019531;-53128.390625;39518.589844;-65446.121094;-53280.359375;39338.683594;-65407.238281;-53128.4375;39339.394531;-65404.339844;-53280.40625;-1;-1;-1;-1;-1;-1;-1;-1;-1;-1;-1;-1;-1;-1;-1;-1;-1;-1
