Time;ID;Cat;XPos;YPos;ZPos;2D_XPos;2D_YPos;Vel;XDir;YDir;ZDir;BBox_XPos;BBox_YPos;BBox_ZPos;BBox_Ext_X;BBox_Ext_Y;BBox_Ext_Z;Corner_XYZ_X;Corner_XYZ_Y;Corner_XYZ_Z;Corner_XY-Z_X;Corner_XY-Z_Y;Corner_XY-Z_Z;Corner_X-YZ_X;Corner_X-YZ_Y;Corner_X-YZ_Z;Corner_X-Y-Z_X;Corner_X-Y-Z_Y;Corner_X-Y-Z_Z;Corner_-XYZ_X;Corner_-XYZ_Y;Corner_-XYZ_Z;Corner_-XY-Z_X;Corner_-XY-Z_Y;Corner_-XY-Z_Z;Corner_-X-YZ_X;Corner_-X-YZ_Y;Corner_-X-YZ_Z;Corner_-X-Y-Z_X;Corner_-X-Y-Z_Y;Corner_-X-Y-Z_Z;BBox_2D_XPos;BBox_2D_YPos;Corner_2D_XYZ_X;Corner_2D_XYZ_Y;Corner_2D_XY-Z_X;Corner_2D_XY-Z_Y;Corner_2D_X-YZ_X;Corner_2D_X-YZ_Y;Corner_2D_X-Y-Z_X;Corner_2D_X-Y-Z_Y;Corner_2D_-XYZ_X;Corner_2D_-XYZ_Y;Corner_-2D_XY-Z_X;Corner_2D_-XY-Z_Y;Corner_2D_-X-YZ_X;Corner_2D_-X-YZ_Y;Corner_2D_-X-Y-Z_X;Corner_2D_-X-Y-Z_Y;
J0:19:17:26:736;Hatchback_Car_AI_C_0;211;38976.238281;-68775.125;-53602.519531;-1;-1;661.817139;-0.009622;-0.977721;-0.209689;38975.957031;-68805.375;-53528.210938;204.0;92.0;76.0;39065.851562;-69021.664062;-53496.695312;39066.132812;-68989.789062;-53645.3125;38881.859375;-69019.867188;-53496.664062;38882.140625;-68987.992188;-53645.28125;39069.773438;-68622.757812;-53411.140625;39070.054688;-68590.882812;-53559.757812;38885.78125;-68620.960938;-53411.109375;38886.0625;-68589.085938;-53559.726562;-1;-1;-1;-1;-1;-1;-1;-1;-1;-1;-1;-1;-1;-1;-1;-1;-1;-1
J0:19:17:26:736;Hatchback_Car_AI_C_7;211;39355.222656;-65746.375;-53290.265625;-1;-1;662.909851;-0.222078;-0.974723;-0.02443;39351.683594;-65761.90625;-53211.632812;204.0;92.0;76.0;39395.667969;-65983.0;-53140.640625;39396.496094;-65979.375;-53292.59375;39216.261719;-65942.125;-53140.640625;39217.089844;-65938.5;-53292.59375;39486.277344;-65585.3125;-53130.671875;39487.105469;-65581.6875;-53282.625;39306.871094;-65544.4375;-53130.671875;39307.699219;-65540.8125;-53282.625;-1;-1;-1;-1;-1;-1;-1;-1;-1;-1;-1;-1;-1;-1;-1;-1;-1;-1
