Time;ID;Cat;XPos;YPos;ZPos;2D_XPos;2D_YPos;Vel;XDir;YDir;ZDir;BBox_XPos;BBox_YPos;BBox_ZPos;BBox_Ext_X;BBox_Ext_Y;BBox_Ext_Z;Corner_XYZ_X;Corner_XYZ_Y;Corner_XYZ_Z;Corner_XY-Z_X;Corner_XY-Z_Y;Corner_XY-Z_Z;Corner_X-YZ_X;Corner_X-YZ_Y;Corner_X-YZ_Z;Corner_X-Y-Z_X;Corner_X-Y-Z_Y;Corner_X-Y-Z_Z;Corner_-XYZ_X;Corner_-XYZ_Y;Corner_-XYZ_Z;Corner_-XY-Z_X;Corner_-XY-Z_Y;Corner_-XY-Z_Z;Corner_-X-YZ_X;Corner_-X-YZ_Y;Corner_-X-YZ_Z;Corner_-X-Y-Z_X;Corner_-X-Y-Z_Y;Corner_-X-Y-Z_Z;BBox_2D_XPos;BBox_2D_YPos;Corner_2D_XYZ_X;Corner_2D_XYZ_Y;Corner_2D_XY-Z_X;Corner_2D_XY-Z_Y;Corner_2D_X-YZ_X;Corner_2D_X-YZ_Y;Corner_2D_X-Y-Z_X;Corner_2D_X-Y-Z_Y;Corner_2D_-XYZ_X;Corner_2D_-XYZ_Y;Corner_-2D_XY-Z_X;Corner_2D_-XY-Z_Y;Corner_2D_-X-YZ_X;Corner_2D_-X-YZ_Y;Corner_2D_-X-Y-Z_X;Corner_2D_-X-Y-Z_Y;
J0:19:18:53:931;Hatchback_Car_AI_C_7;211;39065.417969;-70539.578125;-54039.414062;-1;-1;692.697083;0.083631;-0.964413;-0.250826;39068.480469;-70572.804688;-53966.453125;204.0;92.0;76.0;39179.015625;-70780.523438;-53944.253906;39175.375;-70742.570312;-54091.394531;38995.710938;-70796.523438;-53943.847656;38992.070312;-70758.570312;-54090.988281;39144.890625;-70387.039062;-53841.917969;39141.25;-70349.085938;-53989.058594;38961.585938;-70403.039062;-53841.511719;38957.945312;-70365.085938;-53988.652344;-1;-1;-1;-1;-1;-1;-1;-1;-1;-1;-1;-1;-1;-1;-1;-1;-1;-1
J0:19:18:53:931;Hatchback_Car_AI_C_11;211;39098.757812;-67158.179688;-53363.019531;-1;-1;648.47467;-0.143833;-0.985679;-0.088034;39095.75;-67178.859375;-53285.558594;204.0;92.0;76.0;39156.484375;-67399.84375;-53227.824219;39158.398438;-67386.59375;-53379.230469;38974.414062;-67373.28125;-53227.800781;38976.328125;-67360.03125;-53379.207031;39215.171875;-66997.6875;-53191.910156;39217.085938;-66984.4375;-53343.316406;39033.101562;-66971.125;-53191.886719;39035.015625;-66957.875;-53343.292969;-1;-1;-1;-1;-1;-1;-1;-1;-1;-1;-1;-1;-1;-1;-1;-1;-1;-1
