Time;ID;Cat;XPos;YPos;ZPos;2D_XPos;2D_YPos;Vel;XDir;YDir;ZDir;BBox_XPos;BBox_YPos;BBox_ZPos;BBox_Ext_X;BBox_Ext_Y;BBox_Ext_Z;Corner_XYZ_X;Corner_XYZ_Y;Corner_XYZ_Z;Corner_XY-Z_X;Corner_XY-Z_Y;Corner_XY-Z_Z;Corner_X-YZ_X;Corner_X-YZ_Y;Corner_X-YZ_Z;Corner_X-Y-Z_X;Corner_X-Y-Z_Y;Corner_X-Y-Z_Z;Corner_-XYZ_X;Corner_-XYZ_Y;Corner_-XYZ_Z;Corner_-XY-Z_X;Corner_-XY-Z_Y;Corner_-XY-Z_Z;Corner_-X-YZ_X;Corner_-X-YZ_Y;Corner_-X-YZ_Z;Corner_-X-Y-Z_X;Corner_-X-Y-Z_Y;Corner_-X-Y-Z_Z;BBox_2D_XPos;BBox_2D_YPos;Corner_2D_XYZ_X;Corner_2D_XYZ_Y;Corner_2D_XY-Z_X;Corner_2D_XY-Z_Y;Corner_2D_X-YZ_X;Corner_2D_X-YZ_Y;Corner_2D_X-Y-Z_X;Corner_2D_X-Y-Z_Y;Corner_2D_-XYZ_X;Corner_2D_-XYZ_Y;Corner_-2D_XY-Z_X;Corner_2D_-XY-Z_Y;Corner_2D_-X-YZ_X;Corner_2D_-X-YZ_Y;Corner_2D_-X-Y-Z_X;Corner_2D_-X-Y-Z_Y;
J0:19:17:25:130;Hatchback_Car_AI_C_0;211;38977.230469;-68687.023438;-53583.949219;-1;-1;704.302002;-0.018402;-0.97955;-0.200356;38976.699219;-68716.5625;-53509.355469;204.0;92.0;76.0;39064.667969;-68933.335938;-53475.796875;39065.191406;-68902.882812;-53624.710938;38880.699219;-68929.898438;-53475.742188;38881.222656;-68899.445312;-53624.65625;39072.175781;-68533.679688;-53394.054688;39072.699219;-68503.226562;-53542.96875;38888.207031;-68530.242188;-53394.0;38888.730469;-68499.789062;-53542.914062;-1;-1;-1;-1;-1;-1;-1;-1;-1;-1;-1;-1;-1;-1;-1;-1;-1;-1
J0:19:17:25:130;Hatchback_Car_AI_C_7;211;39375.167969;-65657.335938;-53288.078125;-1;-1;688.163391;-0.226263;-0.973856;-0.020223;39371.632812;-65672.523438;-53209.378906;204.0;92.0;76.0;39414.734375;-65893.5;-53137.511719;39415.445312;-65890.515625;-53289.480469;39235.507812;-65851.859375;-53137.527344;39236.21875;-65848.875;-53289.496094;39507.046875;-65496.171875;-53129.261719;39507.757812;-65493.179688;-53281.230469;39327.820312;-65454.53125;-53129.277344;39328.53125;-65451.539062;-53281.246094;-1;-1;-1;-1;-1;-1;-1;-1;-1;-1;-1;-1;-1;-1;-1;-1;-1;-1
