Time;ID;Cat;XPos;YPos;ZPos;2D_XPos;2D_YPos;Vel;XDir;YDir;ZDir;BBox_XPos;BBox_YPos;BBox_ZPos;BBox_Ext_X;BBox_Ext_Y;BBox_Ext_Z;Corner_XYZ_X;Corner_XYZ_Y;Corner_XYZ_Z;Corner_XY-Z_X;Corner_XY-Z_Y;Corner_XY-Z_Z;Corner_X-YZ_X;Corner_X-YZ_Y;Corner_X-YZ_Z;Corner_X-Y-Z_X;Corner_X-Y-Z_Y;Corner_X-Y-Z_Z;Corner_-XYZ_X;Corner_-XYZ_Y;Corner_-XYZ_Z;Corner_-XY-Z_X;Corner_-XY-Z_Y;Corner_-XY-Z_Z;Corner_-X-YZ_X;Corner_-X-YZ_Y;Corner_-X-YZ_Z;Corner_-X-Y-Z_X;Corner_-X-Y-Z_Y;Corner_-X-Y-Z_Z;BBox_2D_XPos;BBox_2D_YPos;Corner_2D_XYZ_X;Corner_2D_XYZ_Y;Corner_2D_XY-Z_X;Corner_2D_XY-Z_Y;Corner_2D_X-YZ_X;Corner_2D_X-YZ_Y;Corner_2D_X-Y-Z_X;Corner_2D_X-Y-Z_Y;Corner_2D_-XYZ_X;Corner_2D_-XYZ_Y;Corner_-2D_XY-Z_X;Corner_2D_-XY-Z_Y;Corner_2D_-X-YZ_X;Corner_2D_-X-YZ_Y;Corner_2D_-X-Y-Z_X;Corner_2D_-X-Y-Z_Y;
J0:19:18:54:338;Hatchback_Car_AI_C_7;211;39067.496094;-70562.710938;-54045.367188;-1;-1;717.409302;0.085808;-0.964584;-0.24943;39070.59375;-70595.828125;-53972.355469;204.0;92.0;76.0;39181.554688;-70803.273438;-53949.808594;39177.90625;-70765.539062;-54097.003906;38998.289062;-70819.664062;-53949.472656;38994.640625;-70781.929688;-54096.667969;39146.546875;-70409.726562;-53848.042969;39142.898438;-70371.992188;-53995.238281;38963.28125;-70426.117188;-53847.707031;38959.632812;-70388.382812;-53994.902344;-1;-1;-1;-1;-1;-1;-1;-1;-1;-1;-1;-1;-1;-1;-1;-1;-1;-1
J0:19:18:54:338;Hatchback_Car_AI_C_11;211;39095.6875;-67180.171875;-53365.039062;-1;-1;669.637573;-0.140616;-0.986099;-0.088523;39092.695312;-67200.898438;-53287.589844;204.0;92.0;76.0;39154.101562;-67421.710938;-53229.90625;39156.070312;-67408.398438;-53381.3125;38971.945312;-67395.726562;-53229.984375;38973.914062;-67382.414062;-53381.390625;39211.476562;-67019.382812;-53193.789062;39213.445312;-67006.070312;-53345.195312;39029.320312;-66993.398438;-53193.867188;39031.289062;-66980.085938;-53345.273438;-1;-1;-1;-1;-1;-1;-1;-1;-1;-1;-1;-1;-1;-1;-1;-1;-1;-1
