Time;ID;Cat;XPos;YPos;ZPos;2D_XPos;2D_YPos;Vel;XDir;YDir;ZDir;BBox_XPos;BBox_YPos;BBox_ZPos;BBox_Ext_X;BBox_Ext_Y;BBox_Ext_Z;Corner_XYZ_X;Corner_XYZ_Y;Corner_XYZ_Z;Corner_XY-Z_X;Corner_XY-Z_Y;Corner_XY-Z_Z;Corner_X-YZ_X;Corner_X-YZ_Y;Corner_X-YZ_Z;Corner_X-Y-Z_X;Corner_X-Y-Z_Y;Corner_X-Y-Z_Z;Corner_-XYZ_X;Corner_-XYZ_Y;Corner_-XYZ_Z;Corner_-XY-Z_X;Corner_-XY-Z_Y;Corner_-XY-Z_Z;Corner_-X-YZ_X;Corner_-X-YZ_Y;Corner_-X-YZ_Z;Corner_-X-Y-Z_X;Corner_-X-Y-Z_Y;Corner_-X-Y-Z_Z;BBox_2D_XPos;BBox_2D_YPos;Corner_2D_XYZ_X;Corner_2D_XYZ_Y;Corner_2D_XY-Z_X;Corner_2D_XY-Z_Y;Corner_2D_X-YZ_X;Corner_2D_X-YZ_Y;Corner_2D_X-Y-Z_X;Corner_2D_X-Y-Z_Y;Corner_2D_-XYZ_X;Corner_2D_-XYZ_Y;Corner_-2D_XY-Z_X;Corner_2D_-XY-Z_Y;Corner_2D_-X-YZ_X;Corner_2D_-X-YZ_Y;Corner_2D_-X-Y-Z_X;Corner_2D_-X-Y-Z_Y;
J0:19:17:49:129;Hatchback_Car_AI_C_0;211;39024.820312;-70027.359375;-53906.734375;-1;-1;709.215515;0.069393;-0.965164;-0.252277;39027.316406;-70060.742188;-53833.820312;204.0;92.0;76.0;39134.699219;-70270.125;-53811.847656;39131.769531;-70231.890625;-53958.933594;38951.175781;-70283.375;-53811.636719;38948.246094;-70245.140625;-53958.722656;39106.386719;-69876.34375;-53708.917969;39103.457031;-69838.109375;-53856.003906;38922.863281;-69889.59375;-53708.707031;38919.933594;-69851.359375;-53855.792969;-1;-1;-1;-1;-1;-1;-1;-1;-1;-1;-1;-1;-1;-1;-1;-1;-1;-1
J0:19:17:49:129;Hatchback_Car_AI_C_7;211;39130.320312;-66945.15625;-53345.53125;-1;-1;654.929443;-0.157576;-0.984808;-0.072954;39127.21875;-66964.632812;-53267.761719;204.0;92.0;76.0;39185.054688;-67185.539062;-53206.863281;39186.78125;-67174.585938;-53358.457031;39003.367188;-67156.476562;-53206.832031;39005.09375;-67145.523438;-53358.425781;39249.34375;-66783.742188;-53177.097656;39251.070312;-66772.789062;-53328.691406;39067.65625;-66754.679688;-53177.066406;39069.382812;-66743.726562;-53328.660156;-1;-1;-1;-1;-1;-1;-1;-1;-1;-1;-1;-1;-1;-1;-1;-1;-1;-1
