Time;ID;Cat;XPos;YPos;ZPos;2D_XPos;2D_YPos;Vel;XDir;YDir;ZDir;BBox_XPos;BBox_YPos;BBox_ZPos;BBox_Ext_X;BBox_Ext_Y;BBox_Ext_Z;Corner_XYZ_X;Corner_XYZ_Y;Corner_XYZ_Z;Corner_XY-Z_X;Corner_XY-Z_Y;Corner_XY-Z_Z;Corner_X-YZ_X;Corner_X-YZ_Y;Corner_X-YZ_Z;Corner_X-Y-Z_X;Corner_X-Y-Z_Y;Corner_X-Y-Z_Z;Corner_-XYZ_X;Corner_-XYZ_Y;Corner_-XYZ_Z;Corner_-XY-Z_X;Corner_-XY-Z_Y;Corner_-XY-Z_Z;Corner_-X-YZ_X;Corner_-X-YZ_Y;Corner_-X-YZ_Z;Corner_-X-Y-Z_X;Corner_-X-Y-Z_Y;Corner_-X-Y-Z_Z;BBox_2D_XPos;BBox_2D_YPos;Corner_2D_XYZ_X;Corner_2D_XYZ_Y;Corner_2D_XY-Z_X;Corner_2D_XY-Z_Y;Corner_2D_X-YZ_X;Corner_2D_X-YZ_Y;Corner_2D_X-Y-Z_X;Corner_2D_X-Y-Z_Y;Corner_2D_-XYZ_X;Corner_2D_-XYZ_Y;Corner_-2D_XY-Z_X;Corner_2D_-XY-Z_Y;Corner_2D_-X-YZ_X;Corner_2D_-X-YZ_Y;Corner_2D_-X-Y-Z_X;Corner_2D_-X-Y-Z_Y;
J0:19:19:01:134;Hatchback_Car_AI_C_0;211;39402.875;-73993.992188;-54473.476562;-1;-1;641.375366;0.055484;-0.998171;0.024006;39403.691406;-74006.0625;-54394.164062;204.0;92.0;76.0;39506.910156;-74202.757812;-54313.460938;39506.832031;-74206.414062;-54465.414062;39323.191406;-74212.960938;-54313.117188;39323.113281;-74216.617188;-54465.070312;39484.269531;-73795.507812;-54323.257812;39484.191406;-73799.164062;-54475.210938;39300.550781;-73805.710938;-54322.914062;39300.472656;-73809.367188;-54474.867188;-1;-1;-1;-1;-1;-1;-1;-1;-1;-1;-1;-1;-1;-1;-1;-1;-1;-1
J0:19:19:01:134;Hatchback_Car_AI_C_7;211;39102.664062;-70941.351562;-54140.804688;-1;-1;724.321411;0.089133;-0.966437;-0.240946;39105.886719;-70973.8125;-54067.503906;204.0;92.0;76.0;39217.574219;-71180.664062;-54043.152344;39213.777344;-71144.242188;-54190.675781;39034.363281;-71197.695312;-54042.636719;39030.566406;-71161.273438;-54190.160156;39181.207031;-70786.351562;-53944.847656;39177.410156;-70749.929688;-54092.371094;38997.996094;-70803.382812;-53944.332031;38994.199219;-70766.960938;-54091.855469;-1;-1;-1;-1;-1;-1;-1;-1;-1;-1;-1;-1;-1;-1;-1;-1;-1;-1
J0:19:19:01:134;Hatchback_Car_AI_C_11;211;39048.535156;-67554.460938;-53403.5;-1;-1;705.871948;-0.116864;-0.986771;-0.112365;39045.878906;-67577.09375;-53326.574219;204.0;92.0;76.0;39112.421875;-67797.703125;-53274.003906;39114.382812;-67780.734375;-53425.042969;38929.695312;-67776.0625;-53273.949219;38931.65625;-67759.09375;-53424.988281;39160.101562;-67395.09375;-53228.160156;39162.0625;-67378.125;-53379.199219;38977.375;-67373.453125;-53228.105469;38979.335938;-67356.484375;-53379.144531;-1;-1;-1;-1;-1;-1;-1;-1;-1;-1;-1;-1;-1;-1;-1;-1;-1;-1
