Time;ID;Cat;XPos;YPos;ZPos;2D_XPos;2D_YPos;Vel;XDir;YDir;ZDir;BBox_XPos;BBox_YPos;BBox_ZPos;BBox_Ext_X;BBox_Ext_Y;BBox_Ext_Z;Corner_XYZ_X;Corner_XYZ_Y;Corner_XYZ_Z;Corner_XY-Z_X;Corner_XY-Z_Y;Corner_XY-Z_Z;Corner_X-YZ_X;Corner_X-YZ_Y;Corner_X-YZ_Z;Corner_X-Y-Z_X;Corner_X-Y-Z_Y;Corner_X-Y-Z_Z;Corner_-XYZ_X;Corner_-XYZ_Y;Corner_-XYZ_Z;Corner_-XY-Z_X;Corner_-XY-Z_Y;Corner_-XY-Z_Z;Corner_-X-YZ_X;Corner_-X-YZ_Y;Corner_-X-YZ_Z;Corner_-X-Y-Z_X;Corner_-X-Y-Z_Y;Corner_-X-Y-Z_Z;BBox_2D_XPos;BBox_2D_YPos;Corner_2D_XYZ_X;Corner_2D_XYZ_Y;Corner_2D_XY-Z_X;Corner_2D_XY-Z_Y;Corner_2D_X-YZ_X;Corner_2D_X-YZ_Y;Corner_2D_X-Y-Z_X;Corner_2D_X-Y-Z_Y;Corner_2D_-XYZ_X;Corner_2D_-XYZ_Y;Corner_-2D_XY-Z_X;Corner_2D_-XY-Z_Y;Corner_2D_-X-YZ_X;Corner_2D_-X-YZ_Y;Corner_2D_-X-Y-Z_X;Corner_2D_-X-Y-Z_Y;
J0:19:17:17:934;Hatchback_Car_AI_C_0;211;38989.617188;-68284.0625;-53508.113281;-1;-1;689.14917;-0.053136;-0.984361;-0.167959;38988.132812;-68311.09375;-53432.585938;204.0;92.0;76.0;39068.445312;-68529.609375;-53391.898438;39069.875;-68504.125;-53541.742188;38884.710938;-68519.6875;-53391.960938;38886.140625;-68494.203125;-53541.804688;39090.125;-68127.984375;-53323.367188;39091.554688;-68102.5;-53473.210938;38906.390625;-68118.0625;-53323.429688;38907.820312;-68092.578125;-53473.273438;-1;-1;-1;-1;-1;-1;-1;-1;-1;-1;-1;-1;-1;-1;-1;-1;-1;-1
J0:19:17:17:934;Hatchback_Car_AI_C_7;211;39466.785156;-65268.980469;-53281.628906;-1;-1;619.078796;-0.245167;-0.969433;-0.00959;39463.15625;-65283.285156;-53202.765625;204.0;92.0;76.0;39502.144531;-65504.308594;-53128.714844;39502.519531;-65502.902344;-53280.707031;39323.761719;-65459.199219;-53128.738281;39324.136719;-65457.792969;-53280.730469;39602.175781;-65108.777344;-53124.800781;39602.550781;-65107.371094;-53276.792969;39423.792969;-65063.667969;-53124.824219;39424.167969;-65062.261719;-53276.816406;-1;-1;-1;-1;-1;-1;-1;-1;-1;-1;-1;-1;-1;-1;-1;-1;-1;-1
