Time;ID;Cat;XPos;YPos;ZPos;2D_XPos;2D_YPos;Vel;XDir;YDir;ZDir;BBox_XPos;BBox_YPos;BBox_ZPos;BBox_Ext_X;BBox_Ext_Y;BBox_Ext_Z;Corner_XYZ_X;Corner_XYZ_Y;Corner_XYZ_Z;Corner_XY-Z_X;Corner_XY-Z_Y;Corner_XY-Z_Z;Corner_X-YZ_X;Corner_X-YZ_Y;Corner_X-YZ_Z;Corner_X-Y-Z_X;Corner_X-Y-Z_Y;Corner_X-Y-Z_Z;Corner_-XYZ_X;Corner_-XYZ_Y;Corner_-XYZ_Z;Corner_-XY-Z_X;Corner_-XY-Z_Y;Corner_-XY-Z_Z;Corner_-X-YZ_X;Corner_-X-YZ_Y;Corner_-X-YZ_Z;Corner_-X-Y-Z_X;Corner_-X-Y-Z_Y;Corner_-X-Y-Z_Z;BBox_2D_XPos;BBox_2D_YPos;Corner_2D_XYZ_X;Corner_2D_XYZ_Y;Corner_2D_XY-Z_X;Corner_2D_XY-Z_Y;Corner_2D_X-YZ_X;Corner_2D_X-YZ_Y;Corner_2D_X-Y-Z_X;Corner_2D_X-Y-Z_Y;Corner_2D_-XYZ_X;Corner_2D_-XYZ_Y;Corner_-2D_XY-Z_X;Corner_2D_-XY-Z_Y;Corner_2D_-X-YZ_X;Corner_2D_-X-YZ_Y;Corner_2D_-X-Y-Z_X;Corner_2D_-X-Y-Z_Y;
J0:19:17:43:932;Hatchback_Car_AI_C_0;211;39004.71875;-69733.859375;-53831.28125;-1;-1;660.039734;0.055784;-0.966533;-0.250405;39006.757812;-69767.132812;-53758.304688;204.0;92.0;76.0;39111.191406;-69977.960938;-53735.941406;39108.769531;-69939.976562;-53883.097656;38927.503906;-69988.632812;-53735.675781;38925.082031;-69950.648438;-53882.832031;39088.433594;-69583.617188;-53633.777344;39086.011719;-69545.632812;-53780.933594;38904.746094;-69594.289062;-53633.511719;38902.324219;-69556.304688;-53780.667969;-1;-1;-1;-1;-1;-1;-1;-1;-1;-1;-1;-1;-1;-1;-1;-1;-1;-1
J0:19:17:43:932;Hatchback_Car_AI_C_7;211;39175.671875;-66663.09375;-53327.261719;-1;-1;635.8125;-0.169119;-0.983982;-0.056371;39172.496094;-66681.25;-53249.175781;204.0;92.0;76.0;39227.886719;-66901.78125;-53184.734375;39229.441406;-66893.359375;-53336.492188;39046.550781;-66870.609375;-53184.859375;39048.105469;-66862.1875;-53336.617188;39296.886719;-66500.3125;-53161.734375;39298.441406;-66491.890625;-53313.492188;39115.550781;-66469.140625;-53161.859375;39117.105469;-66460.71875;-53313.617188;-1;-1;-1;-1;-1;-1;-1;-1;-1;-1;-1;-1;-1;-1;-1;-1;-1;-1
