Time;ID;Cat;XPos;YPos;ZPos;2D_XPos;2D_YPos;Vel;XDir;YDir;ZDir;BBox_XPos;BBox_YPos;BBox_ZPos;BBox_Ext_X;BBox_Ext_Y;BBox_Ext_Z;Corner_XYZ_X;Corner_XYZ_Y;Corner_XYZ_Z;Corner_XY-Z_X;Corner_XY-Z_Y;Corner_XY-Z_Z;Corner_X-YZ_X;Corner_X-YZ_Y;Corner_X-YZ_Z;Corner_X-Y-Z_X;Corner_X-Y-Z_Y;Corner_X-Y-Z_Z;Corner_-XYZ_X;Corner_-XYZ_Y;Corner_-XYZ_Z;Corner_-XY-Z_X;Corner_-XY-Z_Y;Corner_-XY-Z_Z;Corner_-X-YZ_X;Corner_-X-YZ_Y;Corner_-X-YZ_Z;Corner_-X-Y-Z_X;Corner_-X-Y-Z_Y;Corner_-X-Y-Z_Z;BBox_2D_XPos;BBox_2D_YPos;Corner_2D_XYZ_X;Corner_2D_XYZ_Y;Corner_2D_XY-Z_X;Corner_2D_XY-Z_Y;Corner_2D_X-YZ_X;Corner_2D_X-YZ_Y;Corner_2D_X-Y-Z_X;Corner_2D_X-Y-Z_Y;Corner_2D_-XYZ_X;Corner_2D_-XYZ_Y;Corner_-2D_XY-Z_X;Corner_2D_-XY-Z_Y;Corner_2D_-X-YZ_X;Corner_2D_-X-YZ_Y;Corner_2D_-X-Y-Z_X;Corner_2D_-X-Y-Z_Y;
J0:19:18:38:334;Hatchback_Car_AI_C_0;211;39293.746094;-72742.703125;-54445.136719;-1;-1;645.650696;0.112058;-0.990216;-0.083161;39295.644531;-72763.140625;-54367.574219;204.0;92.0;76.0;39410.238281;-72961.171875;-54308.328125;39409.605469;-72948.515625;-54459.796875;39227.402344;-72981.78125;-54309.28125;39226.769531;-72969.125;-54460.75;39364.519531;-72557.15625;-54274.398438;39363.886719;-72544.5;-54425.867188;39181.683594;-72577.765625;-54275.351562;39181.050781;-72565.109375;-54426.820312;-1;-1;-1;-1;-1;-1;-1;-1;-1;-1;-1;-1;-1;-1;-1;-1;-1;-1
J0:19:18:38:334;Hatchback_Car_AI_C_7;211;38999.898438;-69684.085938;-53818.484375;-1;-1;683.704163;0.054155;-0.967138;-0.248417;39001.828125;-69717.21875;-53745.4375;204.0;92.0;76.0;39105.855469;-69928.195312;-53722.578125;39103.605469;-69890.507812;-53869.8125;38922.144531;-69938.523438;-53722.414062;38919.894531;-69900.835938;-53869.648438;39083.761719;-69533.601562;-53621.226562;39081.511719;-69495.914062;-53768.460938;38900.050781;-69543.929688;-53621.0625;38897.800781;-69506.242188;-53768.296875;-1;-1;-1;-1;-1;-1;-1;-1;-1;-1;-1;-1;-1;-1;-1;-1;-1;-1
J0:19:18:38:334;Hatchback_Car_AI_C_11;211;39239.960938;-66305.882812;-53309.164062;-1;-1;675.667725;-0.189042;-0.981109;-0.04109;39236.675781;-66322.796875;-53230.804688;204.0;92.0;76.0;39287.832031;-66543.414062;-53163.21875;39289.066406;-66537.289062;-53315.09375;39107.152344;-66508.601562;-53163.28125;39108.386719;-66502.476562;-53315.15625;39364.964844;-66143.117188;-53146.453125;39366.199219;-66136.992188;-53298.328125;39184.285156;-66108.304688;-53146.515625;39185.519531;-66102.179688;-53298.390625;-1;-1;-1;-1;-1;-1;-1;-1;-1;-1;-1;-1;-1;-1;-1;-1;-1;-1
