Time;ID;Cat;XPos;YPos;ZPos;2D_XPos;2D_YPos;Vel;XDir;YDir;ZDir;BBox_XPos;BBox_YPos;BBox_ZPos;BBox_Ext_X;BBox_Ext_Y;BBox_Ext_Z;Corner_XYZ_X;Corner_XYZ_Y;Corner_XYZ_Z;Corner_XY-Z_X;Corner_XY-Z_Y;Corner_XY-Z_Z;Corner_X-YZ_X;Corner_X-YZ_Y;Corner_X-YZ_Z;Corner_X-Y-Z_X;Corner_X-Y-Z_Y;Corner_X-Y-Z_Z;Corner_-XYZ_X;Corner_-XYZ_Y;Corner_-XYZ_Z;Corner_-XY-Z_X;Corner_-XY-Z_Y;Corner_-XY-Z_Z;Corner_-X-YZ_X;Corner_-X-YZ_Y;Corner_-X-YZ_Z;Corner_-X-Y-Z_X;Corner_-X-Y-Z_Y;Corner_-X-Y-Z_Z;BBox_2D_XPos;BBox_2D_YPos;Corner_2D_XYZ_X;Corner_2D_XYZ_Y;Corner_2D_XY-Z_X;Corner_2D_XY-Z_Y;Corner_2D_X-YZ_X;Corner_2D_X-YZ_Y;Corner_2D_X-Y-Z_X;Corner_2D_X-Y-Z_Y;Corner_2D_-XYZ_X;Corner_2D_-XYZ_Y;Corner_-2D_XY-Z_X;Corner_2D_-XY-Z_Y;Corner_2D_-X-YZ_X;Corner_2D_-X-YZ_Y;Corner_2D_-X-Y-Z_X;Corner_2D_-X-Y-Z_Y;
J0:19:18:29:133;Hatchback_Car_AI_C_0;211;39236.523438;-72232.796875;-54391.917969;-1;-1;637.902222;0.110714;-0.984936;-0.132828;39238.839844;-72257.0625;-54315.480469;204.0;92.0;76.0;39353.589844;-72457.859375;-54266.78125;39352.121094;-72437.703125;-54417.429688;39170.730469;-72478.28125;-54267.726562;39169.261719;-72458.125;-54418.375;39308.417969;-72056.0;-54212.585938;39306.949219;-72035.84375;-54363.234375;39125.558594;-72076.421875;-54213.53125;39124.089844;-72056.265625;-54364.179688;-1;-1;-1;-1;-1;-1;-1;-1;-1;-1;-1;-1;-1;-1;-1;-1;-1;-1
J0:19:18:29:133;Hatchback_Car_AI_C_7;211;38978.121094;-69169.546875;-53691.765625;-1;-1;667.341125;0.0195;-0.97236;-0.232669;38978.925781;-69201.53125;-53618.191406;204.0;92.0;76.0;39075.394531;-69415.679688;-53591.925781;39074.371094;-69380.320312;-53739.753906;38891.433594;-69419.460938;-53591.558594;38890.410156;-69384.101562;-53739.386719;39067.441406;-69018.960938;-53496.996094;39066.417969;-68983.601562;-53644.824219;38883.480469;-69022.742188;-53496.628906;38882.457031;-68987.382812;-53644.457031;-1;-1;-1;-1;-1;-1;-1;-1;-1;-1;-1;-1;-1;-1;-1;-1;-1;-1
J0:19:18:29:133;Hatchback_Car_AI_C_11;211;39340.703125;-65811.4375;-53291.953125;-1;-1;678.540955;-0.216745;-0.975882;-0.026003;39337.207031;-65827.101562;-53213.34375;204.0;92.0;76.0;39382.363281;-66048.054688;-53142.65625;39383.246094;-66044.195312;-53294.601562;39202.738281;-66008.164062;-53142.695312;39203.621094;-66004.304688;-53294.640625;39470.792969;-65649.898438;-53132.046875;39471.675781;-65646.039062;-53283.992188;39291.167969;-65610.007812;-53132.085938;39292.050781;-65606.148438;-53284.03125;-1;-1;-1;-1;-1;-1;-1;-1;-1;-1;-1;-1;-1;-1;-1;-1;-1;-1
