Time;ID;Cat;XPos;YPos;ZPos;2D_XPos;2D_YPos;Vel;XDir;YDir;ZDir;BBox_XPos;BBox_YPos;BBox_ZPos;BBox_Ext_X;BBox_Ext_Y;BBox_Ext_Z;Corner_XYZ_X;Corner_XYZ_Y;Corner_XYZ_Z;Corner_XY-Z_X;Corner_XY-Z_Y;Corner_XY-Z_Z;Corner_X-YZ_X;Corner_X-YZ_Y;Corner_X-YZ_Z;Corner_X-Y-Z_X;Corner_X-Y-Z_Y;Corner_X-Y-Z_Z;Corner_-XYZ_X;Corner_-XYZ_Y;Corner_-XYZ_Z;Corner_-XY-Z_X;Corner_-XY-Z_Y;Corner_-XY-Z_Z;Corner_-X-YZ_X;Corner_-X-YZ_Y;Corner_-X-YZ_Z;Corner_-X-Y-Z_X;Corner_-X-Y-Z_Y;Corner_-X-Y-Z_Z;BBox_2D_XPos;BBox_2D_YPos;Corner_2D_XYZ_X;Corner_2D_XYZ_Y;Corner_2D_XY-Z_X;Corner_2D_XY-Z_Y;Corner_2D_X-YZ_X;Corner_2D_X-YZ_Y;Corner_2D_X-Y-Z_X;Corner_2D_X-Y-Z_Y;Corner_2D_-XYZ_X;Corner_2D_-XYZ_Y;Corner_-2D_XY-Z_X;Corner_2D_-XY-Z_Y;Corner_2D_-X-YZ_X;Corner_2D_-X-YZ_Y;Corner_2D_-X-Y-Z_X;Corner_2D_-X-Y-Z_Y;
J0:19:19:09:529;Hatchback_Car_AI_C_0;211;39418.765625;-74456.390625;-54457.8125;812;620;666.207581;0.022657;-0.998928;0.040362;39419.15625;-74467.1875;-54378.3125;204.0;92.0;76.0;39515.824219;-74665.820312;-54294.3125;39515.683594;-74671.960938;-54446.1875;39331.871094;-74669.976562;-54293.96875;39331.730469;-74676.117188;-54445.84375;39506.582031;-74258.257812;-54310.78125;39506.441406;-74264.398438;-54462.65625;39322.628906;-74262.414062;-54310.4375;39322.488281;-74268.554688;-54462.3125;812;612;800;606;800;622;806;603;806;619;819;606;819;622;824;603;824;619
J0:19:19:09:529;Hatchback_Car_AI_C_7;211;39148.265625;-71410.515625;-54250.925781;867;586;701.370178;0.097234;-0.972182;-0.213092;39151.382812;-71440.867188;-54176.722656;204.0;92.0;76.0;39264.449219;-71646.125;-54146.03125;39261.074219;-71613.90625;-54294.539062;39081.363281;-71664.484375;-54145.84375;39077.988281;-71632.265625;-54294.351562;39224.777344;-71249.46875;-54059.09375;39221.402344;-71217.25;-54207.601562;39041.691406;-71267.828125;-54058.90625;39038.316406;-71235.609375;-54207.414062;866;581;856;579;856;584;860;578;860;582;873;579;873;584;876;578;876;582
