Time;ID;Cat;XPos;YPos;ZPos;2D_XPos;2D_YPos;Vel;XDir;YDir;ZDir;BBox_XPos;BBox_YPos;BBox_ZPos;BBox_Ext_X;BBox_Ext_Y;BBox_Ext_Z;Corner_XYZ_X;Corner_XYZ_Y;Corner_XYZ_Z;Corner_XY-Z_X;Corner_XY-Z_Y;Corner_XY-Z_Z;Corner_X-YZ_X;Corner_X-YZ_Y;Corner_X-YZ_Z;Corner_X-Y-Z_X;Corner_X-Y-Z_Y;Corner_X-Y-Z_Z;Corner_-XYZ_X;Corner_-XYZ_Y;Corner_-XYZ_Z;Corner_-XY-Z_X;Corner_-XY-Z_Y;Corner_-XY-Z_Z;Corner_-X-YZ_X;Corner_-X-YZ_Y;Corner_-X-YZ_Z;Corner_-X-Y-Z_X;Corner_-X-Y-Z_Y;Corner_-X-Y-Z_Z;BBox_2D_XPos;BBox_2D_YPos;Corner_2D_XYZ_X;Corner_2D_XYZ_Y;Corner_2D_XY-Z_X;Corner_2D_XY-Z_Y;Corner_2D_X-YZ_X;Corner_2D_X-YZ_Y;Corner_2D_X-Y-Z_X;Corner_2D_X-Y-Z_Y;Corner_2D_-XYZ_X;Corner_2D_-XYZ_Y;Corner_-2D_XY-Z_X;Corner_2D_-XY-Z_Y;Corner_2D_-X-YZ_X;Corner_2D_-X-YZ_Y;Corner_2D_-X-Y-Z_X;Corner_2D_-X-Y-Z_Y;
J0:19:19:02:733;Hatchback_Car_AI_C_0;211;39406.859375;-74081.507812;-54471.03125;819;618;652.654724;0.050076;-0.998334;0.028647;39407.605469;-74093.21875;-54391.664062;204.0;92.0;76.0;39509.746094;-74290.101562;-54310.035156;39509.660156;-74294.460938;-54461.972656;39325.980469;-74299.304688;-54309.667969;39325.894531;-74303.664062;-54461.605469;39489.316406;-73882.773438;-54321.722656;39489.230469;-73887.132812;-54473.660156;39305.550781;-73891.976562;-54321.355469;39305.464844;-73896.335938;-54473.292969;819;611;806;605;806;620;812;602;812;617;826;605;826;620;831;602;831;617
J0:19:19:02:733;Hatchback_Car_AI_C_7;211;39111.28125;-71031.21875;-54163.019531;872;578;679.929565;0.089515;-0.966535;-0.240411;39114.523438;-71063.640625;-54089.703125;204.0;92.0;76.0;39226.300781;-71270.4375;-54065.246094;39222.472656;-71234.09375;-54212.785156;39043.097656;-71287.53125;-54064.707031;39039.269531;-71251.1875;-54212.246094;39189.777344;-70876.09375;-53967.160156;39185.949219;-70839.75;-54114.699219;39006.574219;-70893.1875;-53966.621094;39002.746094;-70856.84375;-54114.160156;872;573;862;572;862;575;865;571;865;574;878;572;878;575;881;571;881;574
