Time;ID;Cat;XPos;YPos;ZPos;2D_XPos;2D_YPos;Vel;XDir;YDir;ZDir;BBox_XPos;BBox_YPos;BBox_ZPos;BBox_Ext_X;BBox_Ext_Y;BBox_Ext_Z;Corner_XYZ_X;Corner_XYZ_Y;Corner_XYZ_Z;Corner_XY-Z_X;Corner_XY-Z_Y;Corner_XY-Z_Z;Corner_X-YZ_X;Corner_X-YZ_Y;Corner_X-YZ_Z;Corner_X-Y-Z_X;Corner_X-Y-Z_Y;Corner_X-Y-Z_Z;Corner_-XYZ_X;Corner_-XYZ_Y;Corner_-XYZ_Z;Corner_-XY-Z_X;Corner_-XY-Z_Y;Corner_-XY-Z_Z;Corner_-X-YZ_X;Corner_-X-YZ_Y;Corner_-X-YZ_Z;Corner_-X-Y-Z_X;Corner_-X-Y-Z_Y;Corner_-X-Y-Z_Z;BBox_2D_XPos;BBox_2D_YPos;Corner_2D_XYZ_X;Corner_2D_XYZ_Y;Corner_2D_XY-Z_X;Corner_2D_XY-Z_Y;Corner_2D_X-YZ_X;Corner_2D_X-YZ_Y;Corner_2D_X-Y-Z_X;Corner_2D_X-Y-Z_Y;Corner_2D_-XYZ_X;Corner_2D_-XYZ_Y;Corner_-2D_XY-Z_X;Corner_2D_-XY-Z_Y;Corner_2D_-X-YZ_X;Corner_2D_-X-YZ_Y;Corner_2D_-X-Y-Z_X;Corner_2D_-X-Y-Z_Y;
J0:19:19:23:527;Hatchback_Car_AI_C_0;211;39416.824219;-75151.460938;-54431.644531;802;623;485.549438;-0.020238;-0.999291;0.031755;39416.59375;-75162.945312;-54352.238281;204.0;92.0;76.0;39504.496094;-75366.242188;-54269.800781;39504.394531;-75371.070312;-54421.722656;39320.535156;-75362.523438;-54269.800781;39320.433594;-75367.351562;-54421.722656;39512.753906;-74958.539062;-54282.753906;39512.652344;-74963.367188;-54434.675781;39328.792969;-74954.820312;-54282.753906;39328.691406;-74959.648438;-54434.675781;801;615;789;608;789;626;796;605;796;622;807;608;807;626;814;605;814;622
J0:19:19:23:527;Hatchback_Car_AI_C_7;211;39228.21875;-72169.25;-54383.457031;855;599;664.146729;0.107026;-0.984769;-0.137024;39230.527344;-72193.835938;-54307.121094;204.0;92.0;76.0;39344.601562;-72395.234375;-54259.375;39343.046875;-72374.453125;-54409.9375;39161.671875;-72415.0;-54260.210938;39160.117188;-72394.21875;-54410.773438;39300.9375;-71993.453125;-54203.46875;39299.382812;-71972.671875;-54354.03125;39118.007812;-72013.21875;-54204.304688;39116.453125;-71992.4375;-54354.867188;854;593;844;590;844;598;847;589;847;596;862;590;862;598;865;589;865;596
