Time;ID;Cat;XPos;YPos;ZPos;2D_XPos;2D_YPos;Vel;XDir;YDir;ZDir;BBox_XPos;BBox_YPos;BBox_ZPos;BBox_Ext_X;BBox_Ext_Y;BBox_Ext_Z;Corner_XYZ_X;Corner_XYZ_Y;Corner_XYZ_Z;Corner_XY-Z_X;Corner_XY-Z_Y;Corner_XY-Z_Z;Corner_X-YZ_X;Corner_X-YZ_Y;Corner_X-YZ_Z;Corner_X-Y-Z_X;Corner_X-Y-Z_Y;Corner_X-Y-Z_Z;Corner_-XYZ_X;Corner_-XYZ_Y;Corner_-XYZ_Z;Corner_-XY-Z_X;Corner_-XY-Z_Y;Corner_-XY-Z_Z;Corner_-X-YZ_X;Corner_-X-YZ_Y;Corner_-X-YZ_Z;Corner_-X-Y-Z_X;Corner_-X-Y-Z_Y;Corner_-X-Y-Z_Z;BBox_2D_XPos;BBox_2D_YPos;Corner_2D_XYZ_X;Corner_2D_XYZ_Y;Corner_2D_XY-Z_X;Corner_2D_XY-Z_Y;Corner_2D_X-YZ_X;Corner_2D_X-YZ_Y;Corner_2D_X-Y-Z_X;Corner_2D_X-Y-Z_Y;Corner_2D_-XYZ_X;Corner_2D_-XYZ_Y;Corner_-2D_XY-Z_X;Corner_2D_-XY-Z_Y;Corner_2D_-X-YZ_X;Corner_2D_-X-YZ_Y;Corner_2D_-X-Y-Z_X;Corner_2D_-X-Y-Z_Y;
J0:19:19:23:927;Hatchback_Car_AI_C_0;211;39416.40625;-75167.492188;-54431.191406;801;623;482.081238;-0.021397;-0.999285;0.031185;39416.15625;-75179.015625;-54351.792969;204.0;92.0;76.0;39503.820312;-75382.46875;-54269.460938;39503.726562;-75387.203125;-54421.390625;39319.859375;-75378.53125;-54269.46875;39319.765625;-75383.265625;-54421.398438;39512.546875;-74974.765625;-54282.1875;39512.453125;-74979.5;-54434.117188;39328.585938;-74970.828125;-54282.195312;39328.492188;-74975.5625;-54434.125;801;615;788;608;788;626;796;605;796;622;807;608;807;626;813;605;813;622
J0:19:19:23:927;Hatchback_Car_AI_C_7;211;39230.558594;-72190.65625;-54386.289062;854;600;649.651428;0.109085;-0.984763;-0.135437;39232.902344;-72215.117188;-54309.914062;204.0;92.0;76.0;39347.386719;-72416.203125;-54261.824219;39345.816406;-72395.671875;-54412.425781;39164.496094;-72436.34375;-54262.660156;39162.925781;-72415.8125;-54413.261719;39302.878906;-72014.421875;-54206.566406;39301.308594;-71993.890625;-54357.167969;39119.988281;-72034.5625;-54207.402344;39118.417969;-72014.03125;-54358.003906;854;594;843;591;843;598;847;589;847;596;861;591;861;598;865;589;865;596
