Time;ID;Cat;XPos;YPos;ZPos;2D_XPos;2D_YPos;Vel;XDir;YDir;ZDir;BBox_XPos;BBox_YPos;BBox_ZPos;BBox_Ext_X;BBox_Ext_Y;BBox_Ext_Z;Corner_XYZ_X;Corner_XYZ_Y;Corner_XYZ_Z;Corner_XY-Z_X;Corner_XY-Z_Y;Corner_XY-Z_Z;Corner_X-YZ_X;Corner_X-YZ_Y;Corner_X-YZ_Z;Corner_X-Y-Z_X;Corner_X-Y-Z_Y;Corner_X-Y-Z_Z;Corner_-XYZ_X;Corner_-XYZ_Y;Corner_-XYZ_Z;Corner_-XY-Z_X;Corner_-XY-Z_Y;Corner_-XY-Z_Z;Corner_-X-YZ_X;Corner_-X-YZ_Y;Corner_-X-YZ_Z;Corner_-X-Y-Z_X;Corner_-X-Y-Z_Y;Corner_-X-Y-Z_Z;BBox_2D_XPos;BBox_2D_YPos;Corner_2D_XYZ_X;Corner_2D_XYZ_Y;Corner_2D_XY-Z_X;Corner_2D_XY-Z_Y;Corner_2D_X-YZ_X;Corner_2D_X-YZ_Y;Corner_2D_X-Y-Z_X;Corner_2D_X-Y-Z_Y;Corner_2D_-XYZ_X;Corner_2D_-XYZ_Y;Corner_-2D_XY-Z_X;Corner_2D_-XY-Z_Y;Corner_2D_-X-YZ_X;Corner_2D_-X-YZ_Y;Corner_2D_-X-Y-Z_X;Corner_2D_-X-Y-Z_Y;
J0:19:18:46:736;Hatchback_Car_AI_C_0;211;39342.925781;-73206.617188;-54471.71875;835;612;662.567993;0.101209;-0.994116;-0.038597;39344.460938;-73223.585938;-54393.316406;204.0;92.0;76.0;39456.75;-73420.007812;-54325.023438;39456.523438;-73414.132812;-54476.90625;39273.695312;-73438.632812;-54325.476562;39273.46875;-73432.757812;-54477.359375;39415.453125;-73014.414062;-54309.273438;39415.226562;-73008.539062;-54461.15625;39232.398438;-73033.039062;-54309.726562;39232.171875;-73027.164062;-54461.609375;835;606;823;601;823;613;828;599;828;610;843;601;843;613;847;599;847;610
J0:19:18:46:736;Hatchback_Car_AI_C_7;211;39031.535156;-70140.179688;-53935.9375;883;561;695.283569;0.073217;-0.964808;-0.252555;39034.203125;-70173.570312;-53863.035156;204.0;92.0;76.0;39142.453125;-70382.523438;-53841.167969;39139.296875;-70344.257812;-53988.238281;38958.984375;-70396.523438;-53840.871094;38955.828125;-70358.257812;-53987.941406;39112.578125;-69988.882812;-53738.128906;39109.421875;-69950.617188;-53885.199219;38929.109375;-70002.882812;-53737.832031;38925.953125;-69964.617188;-53884.902344;883;556;874;555;874;558;876;554;876;557;889;555;889;558;891;554;891;557
