Time;ID;Cat;XPos;YPos;ZPos;2D_XPos;2D_YPos;Vel;XDir;YDir;ZDir;BBox_XPos;BBox_YPos;BBox_ZPos;BBox_Ext_X;BBox_Ext_Y;BBox_Ext_Z;Corner_XYZ_X;Corner_XYZ_Y;Corner_XYZ_Z;Corner_XY-Z_X;Corner_XY-Z_Y;Corner_XY-Z_Z;Corner_X-YZ_X;Corner_X-YZ_Y;Corner_X-YZ_Z;Corner_X-Y-Z_X;Corner_X-Y-Z_Y;Corner_X-Y-Z_Z;Corner_-XYZ_X;Corner_-XYZ_Y;Corner_-XYZ_Z;Corner_-XY-Z_X;Corner_-XY-Z_Y;Corner_-XY-Z_Z;Corner_-X-YZ_X;Corner_-X-YZ_Y;Corner_-X-YZ_Z;Corner_-X-Y-Z_X;Corner_-X-Y-Z_Y;Corner_-X-Y-Z_Z;BBox_2D_XPos;BBox_2D_YPos;Corner_2D_XYZ_X;Corner_2D_XYZ_Y;Corner_2D_XY-Z_X;Corner_2D_XY-Z_Y;Corner_2D_X-YZ_X;Corner_2D_X-YZ_Y;Corner_2D_X-Y-Z_X;Corner_2D_X-Y-Z_Y;Corner_2D_-XYZ_X;Corner_2D_-XYZ_Y;Corner_-2D_XY-Z_X;Corner_2D_-XY-Z_Y;Corner_2D_-X-YZ_X;Corner_2D_-X-YZ_Y;Corner_2D_-X-Y-Z_X;Corner_2D_-X-Y-Z_Y;
J0:19:18:45:929;Hatchback_Car_AI_C_0;211;39338.585938;-73162.09375;-54470.0625;836;612;654.208069;0.102372;-0.993815;-0.043026;39340.152344;-73179.414062;-54391.738281;204.0;92.0;76.0;39452.679688;-73376.015625;-54324.335938;39452.421875;-73369.46875;-54476.195312;39269.648438;-73394.84375;-54324.835938;39269.390625;-73388.296875;-54476.695312;39410.914062;-72970.53125;-54306.78125;39410.65625;-72963.984375;-54458.640625;39227.882812;-72989.359375;-54307.28125;39227.625;-72982.8125;-54459.140625;836;605;824;601;824;612;828;598;828;610;843;601;843;612;847;598;847;610
J0:19:18:45:929;Hatchback_Car_AI_C_7;211;39028.0625;-70095.070312;-53924.257812;883;560;683.339539;0.0713;-0.96495;-0.252563;39030.675781;-70128.46875;-53851.355469;204.0;92.0;76.0;39138.523438;-70337.632812;-53829.507812;39135.414062;-70299.367188;-53976.578125;38955.03125;-70351.273438;-53829.179688;38951.921875;-70313.007812;-53976.25;39109.429688;-69943.929688;-53726.460938;39106.320312;-69905.664062;-53873.53125;38925.9375;-69957.570312;-53726.132812;38922.828125;-69919.304688;-53873.203125;883;555;874;554;874;557;877;553;877;556;889;554;889;557;891;553;891;556
