Time;ID;Cat;XPos;YPos;ZPos;2D_XPos;2D_YPos;Vel;XDir;YDir;ZDir;BBox_XPos;BBox_YPos;BBox_ZPos;BBox_Ext_X;BBox_Ext_Y;BBox_Ext_Z;Corner_XYZ_X;Corner_XYZ_Y;Corner_XYZ_Z;Corner_XY-Z_X;Corner_XY-Z_Y;Corner_XY-Z_Z;Corner_X-YZ_X;Corner_X-YZ_Y;Corner_X-YZ_Z;Corner_X-Y-Z_X;Corner_X-Y-Z_Y;Corner_X-Y-Z_Z;Corner_-XYZ_X;Corner_-XYZ_Y;Corner_-XYZ_Z;Corner_-XY-Z_X;Corner_-XY-Z_Y;Corner_-XY-Z_Z;Corner_-X-YZ_X;Corner_-X-YZ_Y;Corner_-X-YZ_Z;Corner_-X-Y-Z_X;Corner_-X-Y-Z_Y;Corner_-X-Y-Z_Z;BBox_2D_XPos;BBox_2D_YPos;Corner_2D_XYZ_X;Corner_2D_XYZ_Y;Corner_2D_XY-Z_X;Corner_2D_XY-Z_Y;Corner_2D_X-YZ_X;Corner_2D_X-YZ_Y;Corner_2D_X-Y-Z_X;Corner_2D_X-Y-Z_Y;Corner_2D_-XYZ_X;Corner_2D_-XYZ_Y;Corner_-2D_XY-Z_X;Corner_2D_-XY-Z_Y;Corner_2D_-X-YZ_X;Corner_2D_-X-YZ_Y;Corner_2D_-X-Y-Z_X;Corner_2D_-X-Y-Z_Y;
J0:19:19:10:735;Hatchback_Car_AI_C_0;211;39419.816406;-74522.445312;-54455.085938;811;620;656.012878;0.020234;-0.99897;0.04062;39420.179688;-74533.21875;-54375.582031;204.0;92.0;76.0;39516.367188;-74732.0625;-54291.527344;39516.210938;-74738.234375;-54443.402344;39332.40625;-74735.78125;-54291.191406;39332.25;-74741.953125;-54443.066406;39508.109375;-74324.484375;-54308.097656;39507.953125;-74330.65625;-54459.972656;39324.148438;-74328.203125;-54307.761719;39323.992188;-74334.375;-54459.636719;811;613;799;606;799;623;805;603;805;619;818;606;818;623;823;603;823;619
J0:19:19:10:735;Hatchback_Car_AI_C_7;211;39154.90625;-71476.523438;-54264.988281;866;587;663.568909;0.096554;-0.973323;-0.208135;39157.929688;-71506.507812;-54190.632812;204.0;92.0;76.0;39270.785156;-71711.703125;-54158.816406;39267.566406;-71680.234375;-54307.488281;39087.683594;-71729.890625;-54158.699219;39084.464844;-71698.421875;-54307.371094;39231.394531;-71314.59375;-54073.894531;39228.175781;-71283.125;-54222.566406;39048.292969;-71332.78125;-54073.777344;39045.074219;-71301.3125;-54222.449219;865;582;855;580;855;585;859;579;859;583;872;580;872;585;875;579;875;583
