Time;ID;Cat;XPos;YPos;ZPos;2D_XPos;2D_YPos;Vel;XDir;YDir;ZDir;BBox_XPos;BBox_YPos;BBox_ZPos;BBox_Ext_X;BBox_Ext_Y;BBox_Ext_Z;Corner_XYZ_X;Corner_XYZ_Y;Corner_XYZ_Z;Corner_XY-Z_X;Corner_XY-Z_Y;Corner_XY-Z_Z;Corner_X-YZ_X;Corner_X-YZ_Y;Corner_X-YZ_Z;Corner_X-Y-Z_X;Corner_X-Y-Z_Y;Corner_X-Y-Z_Z;Corner_-XYZ_X;Corner_-XYZ_Y;Corner_-XYZ_Z;Corner_-XY-Z_X;Corner_-XY-Z_Y;Corner_-XY-Z_Z;Corner_-X-YZ_X;Corner_-X-YZ_Y;Corner_-X-YZ_Z;Corner_-X-Y-Z_X;Corner_-X-Y-Z_Y;Corner_-X-Y-Z_Z;BBox_2D_XPos;BBox_2D_YPos;Corner_2D_XYZ_X;Corner_2D_XYZ_Y;Corner_2D_XY-Z_X;Corner_2D_XY-Z_Y;Corner_2D_X-YZ_X;Corner_2D_X-YZ_Y;Corner_2D_X-Y-Z_X;Corner_2D_X-Y-Z_Y;Corner_2D_-XYZ_X;Corner_2D_-XYZ_Y;Corner_-2D_XY-Z_X;Corner_2D_-XY-Z_Y;Corner_2D_-X-YZ_X;Corner_2D_-X-YZ_Y;Corner_2D_-X-Y-Z_X;Corner_2D_-X-Y-Z_Y;
J0:19:18:35:929;Hatchback_Car_AI_C_0;211;39279.394531;-72615.242188;-54434.167969;847;606;658.230713;0.112842;-0.988999;-0.095643;39281.40625;-72636.640625;-54356.871094;204.0;92.0;76.0;39396.25;-72835.28125;-54300.234375;39395.421875;-72820.75;-54451.539062;39213.429688;-72856.046875;-54301.226562;39212.601562;-72841.515625;-54452.53125;39350.210938;-72431.765625;-54261.210938;39349.382812;-72417.234375;-54412.515625;39167.390625;-72452.53125;-54262.203125;39166.5625;-72438.0;-54413.507812;846;599;835;596;835;605;839;594;839;603;854;596;854;605;857;594;857;603
J0:19:18:35:929;Hatchback_Car_AI_C_7;211;38992.6875;-69549.710938;-53784.601562;888;550;670.326294;0.046295;-0.968205;-0.245839;38994.347656;-69582.664062;-53711.46875;204.0;92.0;76.0;39096.660156;-69794.421875;-53688.046875;39094.714844;-69757.109375;-53835.382812;38912.871094;-69803.25;-53687.859375;38910.925781;-69765.9375;-53835.195312;39077.769531;-69399.390625;-53587.742188;39075.824219;-69362.078125;-53735.078125;38893.980469;-69408.21875;-53587.554688;38892.035156;-69370.90625;-53734.890625;888;545;880;544;880;547;883;544;883;547;894;544;894;547;896;544;896;547
