Time;ID;Cat;XPos;YPos;ZPos;2D_XPos;2D_YPos;Vel;XDir;YDir;ZDir;BBox_XPos;BBox_YPos;BBox_ZPos;BBox_Ext_X;BBox_Ext_Y;BBox_Ext_Z;Corner_XYZ_X;Corner_XYZ_Y;Corner_XYZ_Z;Corner_XY-Z_X;Corner_XY-Z_Y;Corner_XY-Z_Z;Corner_X-YZ_X;Corner_X-YZ_Y;Corner_X-YZ_Z;Corner_X-Y-Z_X;Corner_X-Y-Z_Y;Corner_X-Y-Z_Z;Corner_-XYZ_X;Corner_-XYZ_Y;Corner_-XYZ_Z;Corner_-XY-Z_X;Corner_-XY-Z_Y;Corner_-XY-Z_Z;Corner_-X-YZ_X;Corner_-X-YZ_Y;Corner_-X-YZ_Z;Corner_-X-Y-Z_X;Corner_-X-Y-Z_Y;Corner_-X-Y-Z_Z;BBox_2D_XPos;BBox_2D_YPos;Corner_2D_XYZ_X;Corner_2D_XYZ_Y;Corner_2D_XY-Z_X;Corner_2D_XY-Z_Y;Corner_2D_X-YZ_X;Corner_2D_X-YZ_Y;Corner_2D_X-Y-Z_X;Corner_2D_X-Y-Z_Y;Corner_2D_-XYZ_X;Corner_2D_-XYZ_Y;Corner_-2D_XY-Z_X;Corner_2D_-XY-Z_Y;Corner_2D_-X-YZ_X;Corner_2D_-X-YZ_Y;Corner_2D_-X-Y-Z_X;Corner_2D_-X-Y-Z_Y;
J0:19:18:46:336;Hatchback_Car_AI_C_0;211;39340.792969;-73184.59375;-54470.960938;836;612;674.613831;0.100026;-0.994188;-0.039815;39342.304688;-73201.664062;-54392.582031;204.0;92.0;76.0;39454.355469;-73398.304688;-54324.523438;39454.144531;-73392.242188;-54476.40625;39271.277344;-73416.710938;-54325.0;39271.066406;-73410.648438;-54476.882812;39413.542969;-72992.679688;-54308.28125;39413.332031;-72986.617188;-54460.164062;39230.464844;-73011.085938;-54308.757812;39230.253906;-73005.023438;-54460.640625;835;605;823;601;823;613;828;599;828;610;843;601;843;613;847;599;847;610
J0:19:18:46:336;Hatchback_Car_AI_C_7;211;39029.816406;-70117.828125;-53930.179688;883;560;706.340027;0.074033;-0.964954;-0.25176;39032.464844;-70151.164062;-53857.25;204.0;92.0;76.0;39140.84375;-70360.023438;-53835.164062;39137.742188;-70321.882812;-53982.265625;38957.390625;-70374.148438;-53834.953125;38954.289062;-70336.007812;-53982.054688;39110.640625;-69966.320312;-53732.445312;39107.539062;-69928.179688;-53879.546875;38927.1875;-69980.445312;-53732.234375;38924.085938;-69942.304688;-53879.335938;883;555;874;554;874;557;877;554;877;557;889;554;889;557;891;554;891;557
