Time;ID;Cat;XPos;YPos;ZPos;2D_XPos;2D_YPos;Vel;XDir;YDir;ZDir;BBox_XPos;BBox_YPos;BBox_ZPos;BBox_Ext_X;BBox_Ext_Y;BBox_Ext_Z;Corner_XYZ_X;Corner_XYZ_Y;Corner_XYZ_Z;Corner_XY-Z_X;Corner_XY-Z_Y;Corner_XY-Z_Z;Corner_X-YZ_X;Corner_X-YZ_Y;Corner_X-YZ_Z;Corner_X-Y-Z_X;Corner_X-Y-Z_Y;Corner_X-Y-Z_Z;Corner_-XYZ_X;Corner_-XYZ_Y;Corner_-XYZ_Z;Corner_-XY-Z_X;Corner_-XY-Z_Y;Corner_-XY-Z_Z;Corner_-X-YZ_X;Corner_-X-YZ_Y;Corner_-X-YZ_Z;Corner_-X-Y-Z_X;Corner_-X-Y-Z_Y;Corner_-X-Y-Z_Z;BBox_2D_XPos;BBox_2D_YPos;Corner_2D_XYZ_X;Corner_2D_XYZ_Y;Corner_2D_XY-Z_X;Corner_2D_XY-Z_Y;Corner_2D_X-YZ_X;Corner_2D_X-YZ_Y;Corner_2D_X-Y-Z_X;Corner_2D_X-Y-Z_Y;Corner_2D_-XYZ_X;Corner_2D_-XYZ_Y;Corner_-2D_XY-Z_X;Corner_2D_-XY-Z_Y;Corner_2D_-X-YZ_X;Corner_2D_-X-YZ_Y;Corner_2D_-X-Y-Z_X;Corner_2D_-X-Y-Z_Y;
J0:19:18:35:529;Hatchback_Car_AI_C_0;211;39276.972656;-72593.460938;-54432.082031;847;605;672.435669;0.114316;-0.988664;-0.09734;39279.023438;-72614.992188;-54354.820312;204.0;92.0;76.0;39394.171875;-72813.5625;-54298.535156;39393.304688;-72798.765625;-54449.808594;39211.382812;-72834.59375;-54299.542969;39210.515625;-72819.796875;-54450.816406;39347.53125;-72410.1875;-54258.824219;39346.664062;-72395.390625;-54410.097656;39164.742188;-72431.21875;-54259.832031;39163.875;-72416.421875;-54411.105469;847;599;835;596;835;605;839;594;839;603;854;596;854;605;858;594;858;603
J0:19:18:35:529;Hatchback_Car_AI_C_7;211;38991.597656;-69528.117188;-53779.144531;889;550;680.5625;0.043023;-0.968612;-0.244827;38993.214844;-69560.992188;-53705.976562;204.0;92.0;76.0;39094.875;-69773.039062;-53682.410156;39092.921875;-69735.882812;-53829.785156;38911.0625;-69781.289062;-53682.058594;38909.109375;-69744.132812;-53829.433594;39077.320312;-69377.851562;-53582.519531;39075.367188;-69340.695312;-53729.894531;38893.507812;-69386.101562;-53582.167969;38891.554688;-69348.945312;-53729.542969;888;545;881;544;881;547;883;543;883;546;894;544;894;547;896;543;896;546
