Time;ID;Cat;XPos;YPos;ZPos;2D_XPos;2D_YPos;Vel;XDir;YDir;ZDir;BBox_XPos;BBox_YPos;BBox_ZPos;BBox_Ext_X;BBox_Ext_Y;BBox_Ext_Z;Corner_XYZ_X;Corner_XYZ_Y;Corner_XYZ_Z;Corner_XY-Z_X;Corner_XY-Z_Y;Corner_XY-Z_Z;Corner_X-YZ_X;Corner_X-YZ_Y;Corner_X-YZ_Z;Corner_X-Y-Z_X;Corner_X-Y-Z_Y;Corner_X-Y-Z_Z;Corner_-XYZ_X;Corner_-XYZ_Y;Corner_-XYZ_Z;Corner_-XY-Z_X;Corner_-XY-Z_Y;Corner_-XY-Z_Z;Corner_-X-YZ_X;Corner_-X-YZ_Y;Corner_-X-YZ_Z;Corner_-X-Y-Z_X;Corner_-X-Y-Z_Y;Corner_-X-Y-Z_Z;BBox_2D_XPos;BBox_2D_YPos;Corner_2D_XYZ_X;Corner_2D_XYZ_Y;Corner_2D_XY-Z_X;Corner_2D_XY-Z_Y;Corner_2D_X-YZ_X;Corner_2D_X-YZ_Y;Corner_2D_X-Y-Z_X;Corner_2D_X-Y-Z_Y;Corner_2D_-XYZ_X;Corner_2D_-XYZ_Y;Corner_-2D_XY-Z_X;Corner_2D_-XY-Z_Y;Corner_2D_-X-YZ_X;Corner_2D_-X-YZ_Y;Corner_2D_-X-Y-Z_X;Corner_2D_-X-Y-Z_Y;
J0:19:19:03:932;Hatchback_Car_AI_C_0;211;39409.597656;-74148.398438;-54469.0;818;619;676.144165;0.044507;-0.998479;0.032549;39410.253906;-74159.804688;-54389.585938;204.0;92.0;76.0;39511.273438;-74356.921875;-54307.15625;39511.210938;-74361.875;-54459.078125;39327.453125;-74365.109375;-54306.8125;39327.390625;-74370.0625;-54458.734375;39493.117188;-73949.546875;-54320.4375;39493.054688;-73954.5;-54472.359375;39309.296875;-73957.734375;-54320.09375;39309.234375;-73962.6875;-54472.015625;817;611;805;605;805;621;811;602;811;618;824;605;824;621;829;602;829;618
J0:19:19:03:932;Hatchback_Car_AI_C_7;211;39117.425781;-71094.859375;-54178.605469;871;580;646.602722;0.091879;-0.966551;-0.239453;39120.707031;-71127.203125;-54105.257812;204.0;92.0;76.0;39232.949219;-71333.71875;-54080.546875;39229.113281;-71297.515625;-54228.125;39049.785156;-71351.25;-54080.085938;39045.949219;-71315.046875;-54227.664062;39195.464844;-70939.359375;-53982.851562;39191.628906;-70903.15625;-54130.429688;39012.300781;-70956.890625;-53982.390625;39008.464844;-70920.6875;-54129.96875;871;574;861;573;861;577;864;572;864;576;878;573;878;577;880;572;880;576
