Time;ID;Cat;XPos;YPos;ZPos;2D_XPos;2D_YPos;Vel;XDir;YDir;ZDir;BBox_XPos;BBox_YPos;BBox_ZPos;BBox_Ext_X;BBox_Ext_Y;BBox_Ext_Z;Corner_XYZ_X;Corner_XYZ_Y;Corner_XYZ_Z;Corner_XY-Z_X;Corner_XY-Z_Y;Corner_XY-Z_Z;Corner_X-YZ_X;Corner_X-YZ_Y;Corner_X-YZ_Z;Corner_X-Y-Z_X;Corner_X-Y-Z_Y;Corner_X-Y-Z_Z;Corner_-XYZ_X;Corner_-XYZ_Y;Corner_-XYZ_Z;Corner_-XY-Z_X;Corner_-XY-Z_Y;Corner_-XY-Z_Z;Corner_-X-YZ_X;Corner_-X-YZ_Y;Corner_-X-YZ_Z;Corner_-X-Y-Z_X;Corner_-X-Y-Z_Y;Corner_-X-Y-Z_Z;BBox_2D_XPos;BBox_2D_YPos;Corner_2D_XYZ_X;Corner_2D_XYZ_Y;Corner_2D_XY-Z_X;Corner_2D_XY-Z_Y;Corner_2D_X-YZ_X;Corner_2D_X-YZ_Y;Corner_2D_X-Y-Z_X;Corner_2D_X-Y-Z_Y;Corner_2D_-XYZ_X;Corner_2D_-XYZ_Y;Corner_-2D_XY-Z_X;Corner_2D_-XY-Z_Y;Corner_2D_-X-YZ_X;Corner_2D_-X-YZ_Y;Corner_2D_-X-Y-Z_X;Corner_2D_-X-Y-Z_Y;
J0:19:19:00:334;Hatchback_Car_AI_C_0;211;39400.71875;-73950.765625;-54474.5625;821;618;633.389465;0.058025;-0.998087;0.021328;39401.5625;-73963.046875;-54395.28125;204.0;92.0;76.0;39505.273438;-74159.695312;-54315.097656;39505.210938;-74162.945312;-54467.066406;39321.585938;-74170.367188;-54314.792969;39321.523438;-74173.617188;-54466.761719;39481.601562;-73752.476562;-54323.800781;39481.539062;-73755.726562;-54475.769531;39297.914062;-73763.148438;-54323.496094;39297.851562;-73766.398438;-54475.464844;821;611;809;604;809;619;814;602;814;616;828;604;828;619;833;602;833;616
J0:19:19:00:334;Hatchback_Car_AI_C_7;211;39098.199219;-70894.320312;-54129.183594;874;576;709.29718;0.08871;-0.966055;-0.242628;39101.410156;-70926.914062;-54055.941406;204.0;92.0;76.0;39213.011719;-71133.859375;-54031.953125;39209.222656;-71097.171875;-54179.414062;39029.792969;-71150.8125;-54031.460938;39026.003906;-71114.125;-54178.921875;39176.816406;-70739.703125;-53932.960938;39173.027344;-70703.015625;-54080.421875;38993.597656;-70756.65625;-53932.46875;38989.808594;-70719.96875;-54079.929688;873;570;864;569;864;573;867;568;867;572;880;569;880;573;883;568;883;572
