Time;ID;Cat;XPos;YPos;ZPos;2D_XPos;2D_YPos;Vel;XDir;YDir;ZDir;BBox_XPos;BBox_YPos;BBox_ZPos;BBox_Ext_X;BBox_Ext_Y;BBox_Ext_Z;Corner_XYZ_X;Corner_XYZ_Y;Corner_XYZ_Z;Corner_XY-Z_X;Corner_XY-Z_Y;Corner_XY-Z_Z;Corner_X-YZ_X;Corner_X-YZ_Y;Corner_X-YZ_Z;Corner_X-Y-Z_X;Corner_X-Y-Z_Y;Corner_X-Y-Z_Z;Corner_-XYZ_X;Corner_-XYZ_Y;Corner_-XYZ_Z;Corner_-XY-Z_X;Corner_-XY-Z_Y;Corner_-XY-Z_Z;Corner_-X-YZ_X;Corner_-X-YZ_Y;Corner_-X-YZ_Z;Corner_-X-Y-Z_X;Corner_-X-Y-Z_Y;Corner_-X-Y-Z_Z;BBox_2D_XPos;BBox_2D_YPos;Corner_2D_XYZ_X;Corner_2D_XYZ_Y;Corner_2D_XY-Z_X;Corner_2D_XY-Z_Y;Corner_2D_X-YZ_X;Corner_2D_X-YZ_Y;Corner_2D_X-Y-Z_X;Corner_2D_X-Y-Z_Y;Corner_2D_-XYZ_X;Corner_2D_-XYZ_Y;Corner_-2D_XY-Z_X;Corner_2D_-XY-Z_Y;Corner_2D_-X-YZ_X;Corner_2D_-X-YZ_Y;Corner_2D_-X-Y-Z_X;Corner_2D_-X-Y-Z_Y;
J0:19:19:31:130;Hatchback_Car_AI_C_0;211;39406.605469;-75433.609375;-54424.792969;798;625;409.323212;-0.041221;-0.999011;0.016694;39406.054688;-75446.273438;-54345.570312;204.0;92.0;76.0;39489.59375;-75652.59375;-54266.144531;39489.539062;-75655.125;-54418.121094;39305.75;-75645.015625;-54266.207031;39305.695312;-75647.546875;-54418.183594;39506.414062;-75245.0;-54272.957031;39506.359375;-75247.53125;-54424.933594;39322.570312;-75237.421875;-54273.019531;39322.515625;-75239.953125;-54424.996094;798;617;785;610;785;627;792;607;792;624;803;610;803;627;810;607;810;624
J0:19:19:31:130;Hatchback_Car_AI_C_7;211;39275.683594;-72592.90625;-54432.035156;847;605;660.263733;0.113667;-0.988749;-0.097241;39277.722656;-72614.429688;-54354.773438;204.0;92.0;76.0;39392.742188;-72813.0625;-54298.464844;39391.882812;-72798.28125;-54449.746094;39209.9375;-72833.984375;-54299.472656;39209.078125;-72819.203125;-54450.753906;39346.367188;-72409.65625;-54258.792969;39345.507812;-72394.875;-54410.074219;39163.5625;-72430.578125;-54259.800781;39162.703125;-72415.796875;-54411.082031;847;599;835;595;835;605;839;594;839;603;854;595;854;605;858;594;858;603
