Time;ID;Cat;XPos;YPos;ZPos;2D_XPos;2D_YPos;Vel;XDir;YDir;ZDir;BBox_XPos;BBox_YPos;BBox_ZPos;BBox_Ext_X;BBox_Ext_Y;BBox_Ext_Z;Corner_XYZ_X;Corner_XYZ_Y;Corner_XYZ_Z;Corner_XY-Z_X;Corner_XY-Z_Y;Corner_XY-Z_Z;Corner_X-YZ_X;Corner_X-YZ_Y;Corner_X-YZ_Z;Corner_X-Y-Z_X;Corner_X-Y-Z_Y;Corner_X-Y-Z_Z;Corner_-XYZ_X;Corner_-XYZ_Y;Corner_-XYZ_Z;Corner_-XY-Z_X;Corner_-XY-Z_Y;Corner_-XY-Z_Z;Corner_-X-YZ_X;Corner_-X-YZ_Y;Corner_-X-YZ_Z;Corner_-X-Y-Z_X;Corner_-X-Y-Z_Y;Corner_-X-Y-Z_Z;BBox_2D_XPos;BBox_2D_YPos;Corner_2D_XYZ_X;Corner_2D_XYZ_Y;Corner_2D_XY-Z_X;Corner_2D_XY-Z_Y;Corner_2D_X-YZ_X;Corner_2D_X-YZ_Y;Corner_2D_X-Y-Z_X;Corner_2D_X-Y-Z_Y;Corner_2D_-XYZ_X;Corner_2D_-XYZ_Y;Corner_-2D_XY-Z_X;Corner_2D_-XY-Z_Y;Corner_2D_-X-YZ_X;Corner_2D_-X-YZ_Y;Corner_2D_-X-Y-Z_X;Corner_2D_-X-Y-Z_Y;
J0:19:19:11:928;Hatchback_Car_AI_C_0;211;39420.589844;-74589.796875;-54452.339844;810;621;681.45752;0.014937;-0.998986;0.042479;39420.875;-74600.421875;-54372.816406;204.0;92.0;76.0;39515.984375;-74799.625;-54288.371094;39515.835938;-74806.078125;-54440.230469;39332.007812;-74802.359375;-54288.074219;39331.859375;-74808.8125;-54439.933594;39509.890625;-74392.03125;-54305.699219;39509.742188;-74398.484375;-54457.558594;39325.914062;-74394.765625;-54305.402344;39325.765625;-74401.21875;-54457.261719;810;613;797;606;797;623;804;603;804;620;816;606;816;623;822;603;822;620
J0:19:19:11:928;Hatchback_Car_AI_C_7;211;39161.707031;-71543.609375;-54278.699219;865;589;695.29187;0.099967;-0.974724;-0.1998;39164.679688;-71572.960938;-54204.089844;204.0;92.0;76.0;39278.105469;-71777.539062;-54170.335938;39275.082031;-71747.320312;-54319.273438;39095.066406;-71796.289062;-54170.421875;39092.042969;-71766.070312;-54319.359375;39237.316406;-71379.851562;-54088.820312;39234.292969;-71349.632812;-54237.757812;39054.277344;-71398.601562;-54088.90625;39051.253906;-71368.382812;-54237.84375;864;583;854;581;854;586;858;580;858;585;871;581;871;586;874;580;874;585
