Time;ID;Cat;XPos;YPos;ZPos;2D_XPos;2D_YPos;Vel;XDir;YDir;ZDir;BBox_XPos;BBox_YPos;BBox_ZPos;BBox_Ext_X;BBox_Ext_Y;BBox_Ext_Z;Corner_XYZ_X;Corner_XYZ_Y;Corner_XYZ_Z;Corner_XY-Z_X;Corner_XY-Z_Y;Corner_XY-Z_Z;Corner_X-YZ_X;Corner_X-YZ_Y;Corner_X-YZ_Z;Corner_X-Y-Z_X;Corner_X-Y-Z_Y;Corner_X-Y-Z_Z;Corner_-XYZ_X;Corner_-XYZ_Y;Corner_-XYZ_Z;Corner_-XY-Z_X;Corner_-XY-Z_Y;Corner_-XY-Z_Z;Corner_-X-YZ_X;Corner_-X-YZ_Y;Corner_-X-YZ_Z;Corner_-X-Y-Z_X;Corner_-X-Y-Z_Y;Corner_-X-Y-Z_Z;BBox_2D_XPos;BBox_2D_YPos;Corner_2D_XYZ_X;Corner_2D_XYZ_Y;Corner_2D_XY-Z_X;Corner_2D_XY-Z_Y;Corner_2D_X-YZ_X;Corner_2D_X-YZ_Y;Corner_2D_X-Y-Z_X;Corner_2D_X-Y-Z_Y;Corner_2D_-XYZ_X;Corner_2D_-XYZ_Y;Corner_-2D_XY-Z_X;Corner_2D_-XY-Z_Y;Corner_2D_-X-YZ_X;Corner_2D_-X-YZ_Y;Corner_2D_-X-Y-Z_X;Corner_2D_-X-Y-Z_Y;
J0:19:18:54:338;Hatchback_Car_AI_C_0;211;39379.53125;-73624.664062;-54478.777344;827;616;655.99939;0.07947;-0.996837;-0.000374;39380.671875;-73638.648438;-54399.78125;204.0;92.0;76.0;39488.621094;-73834.710938;-54323.890625;39488.566406;-73834.664062;-54475.890625;39305.199219;-73849.335938;-54323.828125;39305.144531;-73849.289062;-54475.828125;39456.199219;-73428.007812;-54323.734375;39456.144531;-73427.960938;-54475.734375;39272.777344;-73442.632812;-54323.671875;39272.722656;-73442.585938;-54475.671875;827;609;815;603;815;617;820;601;820;614;834;603;834;617;839;601;839;614
J0:19:18:54:338;Hatchback_Car_AI_C_7;211;39067.496094;-70562.710938;-54045.367188;878;569;717.409302;0.085808;-0.964584;-0.24943;39070.59375;-70595.828125;-53972.355469;204.0;92.0;76.0;39181.554688;-70803.273438;-53949.808594;39177.90625;-70765.539062;-54097.003906;38998.289062;-70819.664062;-53949.472656;38994.640625;-70781.929688;-54096.667969;39146.546875;-70409.726562;-53848.042969;39142.898438;-70371.992188;-53995.238281;38963.28125;-70426.117188;-53847.707031;38959.632812;-70388.382812;-53994.902344;878;564;869;563;869;566;871;562;871;565;884;563;884;566;886;562;886;565
