Time;ID;Cat;XPos;YPos;ZPos;2D_XPos;2D_YPos;Vel;XDir;YDir;ZDir;BBox_XPos;BBox_YPos;BBox_ZPos;BBox_Ext_X;BBox_Ext_Y;BBox_Ext_Z;Corner_XYZ_X;Corner_XYZ_Y;Corner_XYZ_Z;Corner_XY-Z_X;Corner_XY-Z_Y;Corner_XY-Z_Z;Corner_X-YZ_X;Corner_X-YZ_Y;Corner_X-YZ_Z;Corner_X-Y-Z_X;Corner_X-Y-Z_Y;Corner_X-Y-Z_Z;Corner_-XYZ_X;Corner_-XYZ_Y;Corner_-XYZ_Z;Corner_-XY-Z_X;Corner_-XY-Z_Y;Corner_-XY-Z_Z;Corner_-X-YZ_X;Corner_-X-YZ_Y;Corner_-X-YZ_Z;Corner_-X-Y-Z_X;Corner_-X-Y-Z_Y;Corner_-X-Y-Z_Z;BBox_2D_XPos;BBox_2D_YPos;Corner_2D_XYZ_X;Corner_2D_XYZ_Y;Corner_2D_XY-Z_X;Corner_2D_XY-Z_Y;Corner_2D_X-YZ_X;Corner_2D_X-YZ_Y;Corner_2D_X-Y-Z_X;Corner_2D_X-Y-Z_Y;Corner_2D_-XYZ_X;Corner_2D_-XYZ_Y;Corner_-2D_XY-Z_X;Corner_2D_-XY-Z_Y;Corner_2D_-X-YZ_X;Corner_2D_-X-YZ_Y;Corner_2D_-X-Y-Z_X;Corner_2D_-X-Y-Z_Y;
J0:19:18:58:735;Hatchback_Car_AI_C_0;211;39396.070312;-73865.375;-54476.394531;823;617;621.285217;0.063393;-0.997874;0.015113;39397.0;-73878.148438;-54397.191406;204.0;92.0;76.0;39501.789062;-74074.726562;-54318.253906;39501.710938;-74077.039062;-54470.238281;39318.15625;-74086.382812;-54317.980469;39318.078125;-74088.695312;-54469.964844;39475.921875;-73667.601562;-54324.417969;39475.84375;-73669.914062;-54476.402344;39292.289062;-73679.257812;-54324.144531;39292.210938;-73681.570312;-54476.128906;822;610;810;604;810;619;816;602;816;616;830;604;830;619;834;602;834;616
J0:19:18:58:735;Hatchback_Car_AI_C_7;211;39089.636719;-70803.171875;-54106.523438;875;574;682.618164;0.08745;-0.965314;-0.24601;39092.828125;-70836.023438;-54033.394531;204.0;92.0;76.0;39204.175781;-71043.1875;-54010.160156;39200.394531;-71005.984375;-54157.488281;39020.941406;-71059.90625;-54009.675781;39017.160156;-71022.703125;-54157.003906;39168.496094;-70649.34375;-53909.785156;39164.714844;-70612.140625;-54057.113281;38985.261719;-70666.0625;-53909.300781;38981.480469;-70628.859375;-54056.628906;875;569;865;567;865;571;868;567;868;570;881;567;881;571;884;567;884;570
