Time;ID;Cat;XPos;YPos;ZPos;2D_XPos;2D_YPos;Vel;XDir;YDir;ZDir;BBox_XPos;BBox_YPos;BBox_ZPos;BBox_Ext_X;BBox_Ext_Y;BBox_Ext_Z;Corner_XYZ_X;Corner_XYZ_Y;Corner_XYZ_Z;Corner_XY-Z_X;Corner_XY-Z_Y;Corner_XY-Z_Z;Corner_X-YZ_X;Corner_X-YZ_Y;Corner_X-YZ_Z;Corner_X-Y-Z_X;Corner_X-Y-Z_Y;Corner_X-Y-Z_Z;Corner_-XYZ_X;Corner_-XYZ_Y;Corner_-XYZ_Z;Corner_-XY-Z_X;Corner_-XY-Z_Y;Corner_-XY-Z_Z;Corner_-X-YZ_X;Corner_-X-YZ_Y;Corner_-X-YZ_Z;Corner_-X-Y-Z_X;Corner_-X-Y-Z_Y;Corner_-X-Y-Z_Z;BBox_2D_XPos;BBox_2D_YPos;Corner_2D_XYZ_X;Corner_2D_XYZ_Y;Corner_2D_XY-Z_X;Corner_2D_XY-Z_Y;Corner_2D_X-YZ_X;Corner_2D_X-YZ_Y;Corner_2D_X-Y-Z_X;Corner_2D_X-Y-Z_Y;Corner_2D_-XYZ_X;Corner_2D_-XYZ_Y;Corner_-2D_XY-Z_X;Corner_2D_-XY-Z_Y;Corner_2D_-X-YZ_X;Corner_2D_-X-YZ_Y;Corner_2D_-X-Y-Z_X;Corner_2D_-X-Y-Z_Y;
J0:19:18:48:734;Hatchback_Car_AI_C_0;211;39353.585938;-73320.09375;-54475.207031;833;613;694.150024;0.095686;-0.995049;-0.026872;39354.972656;-73336.15625;-54396.613281;204.0;92.0;76.0;39466.117188;-73532.390625;-54325.9375;39466.023438;-73528.296875;-54477.882812;39282.960938;-73550.0;-54326.304688;39282.867188;-73545.90625;-54478.25;39427.078125;-73126.40625;-54314.976562;39426.984375;-73122.3125;-54466.921875;39243.921875;-73144.015625;-54315.34375;39243.828125;-73139.921875;-54467.289062;833;607;821;602;821;614;826;599;826;611;840;602;840;614;844;599;844;611
J0:19:18:48:734;Hatchback_Car_AI_C_7;211;39040.75;-70253.34375;-53965.390625;882;563;684.832336;0.077947;-0.964209;-0.253427;39043.5625;-70286.789062;-53892.519531;204.0;92.0;76.0;39152.820312;-70495.226562;-53870.820312;39149.507812;-70456.851562;-54017.859375;38969.421875;-70510.117188;-53870.578125;38966.109375;-70471.742188;-54017.617188;39121.015625;-70101.835938;-53767.421875;39117.703125;-70063.460938;-53914.460938;38937.617188;-70116.726562;-53767.179688;38934.304688;-70078.351562;-53914.21875;881;558;873;557;873;560;875;556;875;559;888;557;888;560;890;556;890;559
