Time;ID;Cat;XPos;YPos;ZPos;2D_XPos;2D_YPos;Vel;XDir;YDir;ZDir;BBox_XPos;BBox_YPos;BBox_ZPos;BBox_Ext_X;BBox_Ext_Y;BBox_Ext_Z;Corner_XYZ_X;Corner_XYZ_Y;Corner_XYZ_Z;Corner_XY-Z_X;Corner_XY-Z_Y;Corner_XY-Z_Z;Corner_X-YZ_X;Corner_X-YZ_Y;Corner_X-YZ_Z;Corner_X-Y-Z_X;Corner_X-Y-Z_Y;Corner_X-Y-Z_Z;Corner_-XYZ_X;Corner_-XYZ_Y;Corner_-XYZ_Z;Corner_-XY-Z_X;Corner_-XY-Z_Y;Corner_-XY-Z_Z;Corner_-X-YZ_X;Corner_-X-YZ_Y;Corner_-X-YZ_Z;Corner_-X-Y-Z_X;Corner_-X-Y-Z_Y;Corner_-X-Y-Z_Z;BBox_2D_XPos;BBox_2D_YPos;Corner_2D_XYZ_X;Corner_2D_XYZ_Y;Corner_2D_XY-Z_X;Corner_2D_XY-Z_Y;Corner_2D_X-YZ_X;Corner_2D_X-YZ_Y;Corner_2D_X-Y-Z_X;Corner_2D_X-Y-Z_Y;Corner_2D_-XYZ_X;Corner_2D_-XYZ_Y;Corner_-2D_XY-Z_X;Corner_2D_-XY-Z_Y;Corner_2D_-X-YZ_X;Corner_2D_-X-YZ_Y;Corner_2D_-X-Y-Z_X;Corner_2D_-X-Y-Z_Y;
J0:19:19:25:926;Hatchback_Car_AI_C_0;211;39414.09375;-75245.78125;-54428.90625;800;624;463.596588;-0.027152;-0.999258;0.02731;39413.761719;-75257.617188;-54349.554688;204.0;92.0;76.0;39500.234375;-75461.890625;-54268.0;39500.140625;-75466.046875;-54419.945312;39316.304688;-75456.890625;-54268.023438;39316.210938;-75461.046875;-54419.96875;39511.3125;-75054.1875;-54279.140625;39511.21875;-75058.34375;-54431.085938;39327.382812;-75049.1875;-54279.164062;39327.289062;-75053.34375;-54431.109375;800;616;787;609;787;626;795;606;795;622;806;609;806;626;812;606;812;622
J0:19:19:25:926;Hatchback_Car_AI_C_7;211;39242.925781;-72302.609375;-54400.582031;852;601;694.377136;0.109298;-0.986399;-0.122765;39245.132812;-72326.101562;-54323.898438;204.0;92.0;76.0;39359.527344;-72526.5625;-54273.0625;39358.222656;-72507.9375;-54423.914062;39176.636719;-72546.71875;-54273.96875;39175.332031;-72528.09375;-54424.820312;39314.933594;-72124.109375;-54222.976562;39313.628906;-72105.484375;-54373.828125;39132.042969;-72144.265625;-54223.882812;39130.738281;-72125.640625;-54374.734375;852;595;841;592;841;600;845;590;845;598;859;592;859;600;863;590;863;598
