Time;ID;Cat;XPos;YPos;ZPos;2D_XPos;2D_YPos;Vel;XDir;YDir;ZDir;BBox_XPos;BBox_YPos;BBox_ZPos;BBox_Ext_X;BBox_Ext_Y;BBox_Ext_Z;Corner_XYZ_X;Corner_XYZ_Y;Corner_XYZ_Z;Corner_XY-Z_X;Corner_XY-Z_Y;Corner_XY-Z_Z;Corner_X-YZ_X;Corner_X-YZ_Y;Corner_X-YZ_Z;Corner_X-Y-Z_X;Corner_X-Y-Z_Y;Corner_X-Y-Z_Z;Corner_-XYZ_X;Corner_-XYZ_Y;Corner_-XYZ_Z;Corner_-XY-Z_X;Corner_-XY-Z_Y;Corner_-XY-Z_Z;Corner_-X-YZ_X;Corner_-X-YZ_Y;Corner_-X-YZ_Z;Corner_-X-Y-Z_X;Corner_-X-Y-Z_Y;Corner_-X-Y-Z_Z;BBox_2D_XPos;BBox_2D_YPos;Corner_2D_XYZ_X;Corner_2D_XYZ_Y;Corner_2D_XY-Z_X;Corner_2D_XY-Z_Y;Corner_2D_X-YZ_X;Corner_2D_X-YZ_Y;Corner_2D_X-Y-Z_X;Corner_2D_X-Y-Z_Y;Corner_2D_-XYZ_X;Corner_2D_-XYZ_Y;Corner_-2D_XY-Z_X;Corner_2D_-XY-Z_Y;Corner_2D_-X-YZ_X;Corner_2D_-X-YZ_Y;Corner_2D_-X-Y-Z_X;Corner_2D_-X-Y-Z_Y;
J0:19:19:33:528;Hatchback_Car_AI_C_0;211;39402.613281;-75511.984375;-54423.777344;797;626;382.288055;-0.047381;-0.998814;0.011247;39401.96875;-75525.078125;-54344.625;204.0;92.0;76.0;39484.222656;-75732.34375;-54266.308594;39484.183594;-75734.046875;-54418.300781;39300.425781;-75723.625;-54266.363281;39300.386719;-75725.328125;-54418.355469;39503.550781;-75324.828125;-54270.894531;39503.511719;-75326.53125;-54422.886719;39319.753906;-75316.109375;-54270.949219;39319.714844;-75317.8125;-54422.941406;797;618;784;611;784;628;792;608;792;624;802;611;802;628;809;608;809;624
J0:19:19:33:528;Hatchback_Car_AI_C_7;211;39290.128906;-72721.234375;-54443.335938;845;607;647.718628;0.112741;-0.989993;-0.084877;39292.082031;-72741.796875;-54365.808594;204.0;92.0;76.0;39406.855469;-72939.835938;-54306.949219;39406.136719;-72926.929688;-54458.402344;39224.027344;-72960.585938;-54307.847656;39223.308594;-72947.679688;-54459.300781;39360.855469;-72535.914062;-54272.316406;39360.136719;-72523.007812;-54423.769531;39178.027344;-72556.664062;-54273.214844;39177.308594;-72543.757812;-54424.667969;844;601;833;597;833;607;837;595;837;604;852;597;852;607;856;595;856;604
