Time;ID;Cat;XPos;YPos;ZPos;2D_XPos;2D_YPos;Vel;XDir;YDir;ZDir;BBox_XPos;BBox_YPos;BBox_ZPos;BBox_Ext_X;BBox_Ext_Y;BBox_Ext_Z;Corner_XYZ_X;Corner_XYZ_Y;Corner_XYZ_Z;Corner_XY-Z_X;Corner_XY-Z_Y;Corner_XY-Z_Z;Corner_X-YZ_X;Corner_X-YZ_Y;Corner_X-YZ_Z;Corner_X-Y-Z_X;Corner_X-Y-Z_Y;Corner_X-Y-Z_Z;Corner_-XYZ_X;Corner_-XYZ_Y;Corner_-XYZ_Z;Corner_-XY-Z_X;Corner_-XY-Z_Y;Corner_-XY-Z_Z;Corner_-X-YZ_X;Corner_-X-YZ_Y;Corner_-X-YZ_Z;Corner_-X-Y-Z_X;Corner_-X-Y-Z_Y;Corner_-X-Y-Z_Z;BBox_2D_XPos;BBox_2D_YPos;Corner_2D_XYZ_X;Corner_2D_XYZ_Y;Corner_2D_XY-Z_X;Corner_2D_XY-Z_Y;Corner_2D_X-YZ_X;Corner_2D_X-YZ_Y;Corner_2D_X-Y-Z_X;Corner_2D_X-Y-Z_Y;Corner_2D_-XYZ_X;Corner_2D_-XYZ_Y;Corner_-2D_XY-Z_X;Corner_2D_-XY-Z_Y;Corner_2D_-X-YZ_X;Corner_2D_-X-YZ_Y;Corner_2D_-X-Y-Z_X;Corner_2D_-X-Y-Z_Y;
J0:19:19:32:329;Hatchback_Car_AI_C_0;211;39404.644531;-75473.46875;-54424.21875;797;626;395.917908;-0.044312;-0.998922;0.01387;39404.046875;-75486.359375;-54345.03125;204.0;92.0;76.0;39486.941406;-75693.164062;-54266.183594;39486.894531;-75695.273438;-54418.167969;39303.121094;-75685.007812;-54266.238281;39303.074219;-75687.117188;-54418.222656;39505.019531;-75285.601562;-54271.839844;39504.972656;-75287.710938;-54423.824219;39321.199219;-75277.445312;-54271.894531;39321.152344;-75279.554688;-54423.878906;797;617;784;610;784;628;792;607;792;624;802;610;802;628;809;607;809;624
J0:19:19:32:329;Hatchback_Car_AI_C_7;211;39282.933594;-72656.773438;-54437.945312;846;606;651.736694;0.111256;-0.989605;-0.091126;39284.890625;-72677.828125;-54360.550781;204.0;92.0;76.0;39399.394531;-72876.40625;-54302.984375;39398.628906;-72862.546875;-54454.351562;39216.542969;-72896.875;-54303.929688;39215.777344;-72883.015625;-54455.296875;39354.003906;-72472.640625;-54265.804688;39353.238281;-72458.78125;-54417.171875;39171.152344;-72493.109375;-54266.75;39170.386719;-72479.25;-54418.117188;846;600;834;596;834;606;838;594;838;604;853;596;853;606;857;594;857;604
