Time;ID;Cat;XPos;YPos;ZPos;2D_XPos;2D_YPos;Vel;XDir;YDir;ZDir;BBox_XPos;BBox_YPos;BBox_ZPos;BBox_Ext_X;BBox_Ext_Y;BBox_Ext_Z;Corner_XYZ_X;Corner_XYZ_Y;Corner_XYZ_Z;Corner_XY-Z_X;Corner_XY-Z_Y;Corner_XY-Z_Z;Corner_X-YZ_X;Corner_X-YZ_Y;Corner_X-YZ_Z;Corner_X-Y-Z_X;Corner_X-Y-Z_Y;Corner_X-Y-Z_Z;Corner_-XYZ_X;Corner_-XYZ_Y;Corner_-XYZ_Z;Corner_-XY-Z_X;Corner_-XY-Z_Y;Corner_-XY-Z_Z;Corner_-X-YZ_X;Corner_-X-YZ_Y;Corner_-X-YZ_Z;Corner_-X-Y-Z_X;Corner_-X-Y-Z_Y;Corner_-X-Y-Z_Z;BBox_2D_XPos;BBox_2D_YPos;Corner_2D_XYZ_X;Corner_2D_XYZ_Y;Corner_2D_XY-Z_X;Corner_2D_XY-Z_Y;Corner_2D_X-YZ_X;Corner_2D_X-YZ_Y;Corner_2D_X-Y-Z_X;Corner_2D_X-Y-Z_Y;Corner_2D_-XYZ_X;Corner_2D_-XYZ_Y;Corner_-2D_XY-Z_X;Corner_2D_-XY-Z_Y;Corner_2D_-X-YZ_X;Corner_2D_-X-YZ_Y;Corner_2D_-X-Y-Z_X;Corner_2D_-X-Y-Z_Y;
J0:19:19:29:930;Hatchback_Car_AI_C_0;211;39408.492188;-75392.40625;-54425.496094;798;625;422.456268;-0.038078;-0.999087;0.019356;39407.996094;-75404.867188;-54346.238281;204.0;92.0;76.0;39492.195312;-75610.710938;-54266.28125;39492.125;-75613.648438;-54418.25;39308.328125;-75603.710938;-54266.328125;39308.257812;-75606.648438;-54418.296875;39507.734375;-75203.085938;-54274.179688;39507.664062;-75206.023438;-54426.148438;39323.867188;-75196.085938;-54274.226562;39323.796875;-75199.023438;-54426.195312;798;617;785;610;785;627;793;607;793;623;803;610;803;627;810;607;810;623
J0:19:19:29:930;Hatchback_Car_AI_C_7;211;39267.992188;-72525.859375;-54425.546875;848;604;670.429993;0.112333;-0.988286;-0.103306;39270.039062;-72547.851562;-54348.417969;204.0;92.0;76.0;39384.828125;-72746.976562;-54293.375;39383.914062;-72731.273438;-54444.5625;39201.992188;-72767.648438;-54294.421875;39201.078125;-72751.945312;-54445.609375;39339.0;-72343.757812;-54251.226562;39338.085938;-72328.054688;-54402.414062;39156.164062;-72364.429688;-54252.273438;39155.25;-72348.726562;-54403.460938;848;598;837;595;837;604;841;593;841;602;856;595;856;604;859;593;859;602
