Time;ID;Cat;XPos;YPos;ZPos;2D_XPos;2D_YPos;Vel;XDir;YDir;ZDir;BBox_XPos;BBox_YPos;BBox_ZPos;BBox_Ext_X;BBox_Ext_Y;BBox_Ext_Z;Corner_XYZ_X;Corner_XYZ_Y;Corner_XYZ_Z;Corner_XY-Z_X;Corner_XY-Z_Y;Corner_XY-Z_Z;Corner_X-YZ_X;Corner_X-YZ_Y;Corner_X-YZ_Z;Corner_X-Y-Z_X;Corner_X-Y-Z_Y;Corner_X-Y-Z_Z;Corner_-XYZ_X;Corner_-XYZ_Y;Corner_-XYZ_Z;Corner_-XY-Z_X;Corner_-XY-Z_Y;Corner_-XY-Z_Z;Corner_-X-YZ_X;Corner_-X-YZ_Y;Corner_-X-YZ_Z;Corner_-X-Y-Z_X;Corner_-X-Y-Z_Y;Corner_-X-Y-Z_Z;BBox_2D_XPos;BBox_2D_YPos;Corner_2D_XYZ_X;Corner_2D_XYZ_Y;Corner_2D_XY-Z_X;Corner_2D_XY-Z_Y;Corner_2D_X-YZ_X;Corner_2D_X-YZ_Y;Corner_2D_X-Y-Z_X;Corner_2D_X-Y-Z_Y;Corner_2D_-XYZ_X;Corner_2D_-XYZ_Y;Corner_-2D_XY-Z_X;Corner_2D_-XY-Z_Y;Corner_2D_-X-YZ_X;Corner_2D_-X-YZ_Y;Corner_2D_-X-Y-Z_X;Corner_2D_-X-Y-Z_Y;
J0:19:18:53:532;Hatchback_Car_AI_C_0;211;39376.066406;-73580.367188;-54478.777344;828;615;652.231812;0.082223;-0.996604;-0.004556;39377.234375;-73594.679688;-54399.84375;204.0;92.0;76.0;39485.710938;-73790.765625;-54324.757812;39485.679688;-73790.078125;-54476.757812;39302.335938;-73805.890625;-54324.789062;39302.304688;-73805.203125;-54476.789062;39452.164062;-73384.15625;-54322.898438;39452.132812;-73383.46875;-54474.898438;39268.789062;-73399.28125;-54322.929688;39268.757812;-73398.59375;-54474.929688;828;609;816;603;816;617;821;601;821;614;835;603;835;617;840;601;840;614
J0:19:18:53:532;Hatchback_Car_AI_C_7;211;39063.441406;-70517.296875;-54033.722656;879;568;703.043091;0.084879;-0.964384;-0.250519;39066.511719;-70550.5;-53960.75;204.0;92.0;76.0;39177.277344;-70758.078125;-53938.441406;39173.660156;-70720.171875;-54085.597656;38993.996094;-70774.296875;-53938.113281;38990.378906;-70736.390625;-54085.269531;39142.644531;-70364.609375;-53836.230469;39139.027344;-70326.703125;-53983.386719;38959.363281;-70380.828125;-53835.902344;38955.746094;-70342.921875;-53983.058594;878;563;869;562;869;565;872;561;872;564;885;562;885;565;887;561;887;564
