Time;ID;Cat;XPos;YPos;ZPos;2D_XPos;2D_YPos;Vel;XDir;YDir;ZDir;BBox_XPos;BBox_YPos;BBox_ZPos;BBox_Ext_X;BBox_Ext_Y;BBox_Ext_Z;Corner_XYZ_X;Corner_XYZ_Y;Corner_XYZ_Z;Corner_XY-Z_X;Corner_XY-Z_Y;Corner_XY-Z_Z;Corner_X-YZ_X;Corner_X-YZ_Y;Corner_X-YZ_Z;Corner_X-Y-Z_X;Corner_X-Y-Z_Y;Corner_X-Y-Z_Z;Corner_-XYZ_X;Corner_-XYZ_Y;Corner_-XYZ_Z;Corner_-XY-Z_X;Corner_-XY-Z_Y;Corner_-XY-Z_Z;Corner_-X-YZ_X;Corner_-X-YZ_Y;Corner_-X-YZ_Z;Corner_-X-Y-Z_X;Corner_-X-Y-Z_Y;Corner_-X-Y-Z_Z;BBox_2D_XPos;BBox_2D_YPos;Corner_2D_XYZ_X;Corner_2D_XYZ_Y;Corner_2D_XY-Z_X;Corner_2D_XY-Z_Y;Corner_2D_X-YZ_X;Corner_2D_X-YZ_Y;Corner_2D_X-Y-Z_X;Corner_2D_X-Y-Z_Y;Corner_2D_-XYZ_X;Corner_2D_-XYZ_Y;Corner_-2D_XY-Z_X;Corner_2D_-XY-Z_Y;Corner_2D_-X-YZ_X;Corner_2D_-X-YZ_Y;Corner_2D_-X-Y-Z_X;Corner_2D_-X-Y-Z_Y;
J0:19:18:59:928;Hatchback_Car_AI_C_0;211;39399.609375;-73929.664062;-54475.078125;822;618;650.99292;0.057854;-0.998109;0.020777;39400.449219;-73941.992188;-54395.804688;204.0;92.0;76.0;39504.125;-74138.703125;-54315.726562;39504.070312;-74141.875;-54467.695312;39320.429688;-74149.34375;-54315.4375;39320.375;-74152.515625;-54467.40625;39480.523438;-73731.46875;-54324.203125;39480.46875;-73734.640625;-54476.171875;39296.828125;-73742.109375;-54323.914062;39296.773438;-73745.28125;-54475.882812;821;610;809;604;809;619;815;602;815;616;828;604;828;619;833;602;833;616
J0:19:18:59:928;Hatchback_Car_AI_C_7;211;39096.03125;-70871.453125;-54123.542969;874;575;716.491699;0.090275;-0.965877;-0.242757;39099.273438;-70904.054688;-54050.304688;204.0;92.0;76.0;39211.191406;-71110.828125;-54026.324219;39207.378906;-71074.125;-54173.777344;39028.003906;-71128.0625;-54025.878906;39024.191406;-71091.359375;-54173.332031;39174.355469;-70716.75;-53927.277344;39170.542969;-70680.046875;-54074.730469;38991.167969;-70733.984375;-53926.832031;38987.355469;-70697.28125;-54074.285156;874;570;864;569;864;572;867;568;867;571;880;569;880;572;883;568;883;571
