Time;ID;Cat;XPos;YPos;ZPos;2D_XPos;2D_YPos;Vel;XDir;YDir;ZDir;BBox_XPos;BBox_YPos;BBox_ZPos;BBox_Ext_X;BBox_Ext_Y;BBox_Ext_Z;Corner_XYZ_X;Corner_XYZ_Y;Corner_XYZ_Z;Corner_XY-Z_X;Corner_XY-Z_Y;Corner_XY-Z_Z;Corner_X-YZ_X;Corner_X-YZ_Y;Corner_X-YZ_Z;Corner_X-Y-Z_X;Corner_X-Y-Z_Y;Corner_X-Y-Z_Z;Corner_-XYZ_X;Corner_-XYZ_Y;Corner_-XYZ_Z;Corner_-XY-Z_X;Corner_-XY-Z_Y;Corner_-XY-Z_Z;Corner_-X-YZ_X;Corner_-X-YZ_Y;Corner_-X-YZ_Z;Corner_-X-Y-Z_X;Corner_-X-Y-Z_Y;Corner_-X-Y-Z_Z;BBox_2D_XPos;BBox_2D_YPos;Corner_2D_XYZ_X;Corner_2D_XYZ_Y;Corner_2D_XY-Z_X;Corner_2D_XY-Z_Y;Corner_2D_X-YZ_X;Corner_2D_X-YZ_Y;Corner_2D_X-Y-Z_X;Corner_2D_X-Y-Z_Y;Corner_2D_-XYZ_X;Corner_2D_-XYZ_Y;Corner_-2D_XY-Z_X;Corner_2D_-XY-Z_Y;Corner_2D_-X-YZ_X;Corner_2D_-X-YZ_Y;Corner_2D_-X-Y-Z_X;Corner_2D_-X-Y-Z_Y;
J0:19:18:57:929;Hatchback_Car_AI_C_0;211;39393.511719;-73823.289062;-54477.09375;823;617;621.340576;0.066766;-0.99769;0.012492;39394.472656;-73836.265625;-54397.925781;204.0;92.0;76.0;39499.910156;-74032.703125;-54319.492188;39499.863281;-74034.609375;-54471.476562;39316.324219;-74044.984375;-54319.28125;39316.277344;-74046.890625;-54471.265625;39472.667969;-73625.640625;-54324.585938;39472.621094;-73627.546875;-54476.570312;39289.082031;-73637.921875;-54324.375;39289.035156;-73639.828125;-54476.359375;823;610;811;604;811;619;816;602;816;616;830;604;830;619;835;602;835;616
J0:19:18:57:929;Hatchback_Car_AI_C_7;211;39085.492188;-70758.960938;-54095.445312;876;573;662.207581;0.086948;-0.96481;-0.248155;39088.6875;-70791.976562;-54022.390625;204.0;92.0;76.0;39199.949219;-70999.242188;-53999.640625;39196.144531;-70961.710938;-54146.882812;39016.707031;-71015.882812;-53999.148438;39012.902344;-70978.351562;-54146.390625;39164.472656;-70605.601562;-53898.390625;39160.667969;-70568.070312;-54045.632812;38981.230469;-70622.242188;-53897.898438;38977.425781;-70584.710938;-54045.140625;875;568;866;567;866;570;869;566;869;569;882;567;882;570;884;566;884;569
