Time;ID;Cat;XPos;YPos;ZPos;2D_XPos;2D_YPos;Vel;XDir;YDir;ZDir;BBox_XPos;BBox_YPos;BBox_ZPos;BBox_Ext_X;BBox_Ext_Y;BBox_Ext_Z;Corner_XYZ_X;Corner_XYZ_Y;Corner_XYZ_Z;Corner_XY-Z_X;Corner_XY-Z_Y;Corner_XY-Z_Z;Corner_X-YZ_X;Corner_X-YZ_Y;Corner_X-YZ_Z;Corner_X-Y-Z_X;Corner_X-Y-Z_Y;Corner_X-Y-Z_Z;Corner_-XYZ_X;Corner_-XYZ_Y;Corner_-XYZ_Z;Corner_-XY-Z_X;Corner_-XY-Z_Y;Corner_-XY-Z_Z;Corner_-X-YZ_X;Corner_-X-YZ_Y;Corner_-X-YZ_Z;Corner_-X-Y-Z_X;Corner_-X-Y-Z_Y;Corner_-X-Y-Z_Z;BBox_2D_XPos;BBox_2D_YPos;Corner_2D_XYZ_X;Corner_2D_XYZ_Y;Corner_2D_XY-Z_X;Corner_2D_XY-Z_Y;Corner_2D_X-YZ_X;Corner_2D_X-YZ_Y;Corner_2D_X-Y-Z_X;Corner_2D_X-Y-Z_Y;Corner_2D_-XYZ_X;Corner_2D_-XYZ_Y;Corner_-2D_XY-Z_X;Corner_2D_-XY-Z_Y;Corner_2D_-X-YZ_X;Corner_2D_-X-YZ_Y;Corner_2D_-X-Y-Z_X;Corner_2D_-X-Y-Z_Y;
J0:19:18:53:931;Hatchback_Car_AI_C_0;211;39377.851562;-73602.804688;-54478.828125;828;616;671.217529;0.082393;-0.996599;-0.001525;39379.019531;-73616.875;-54399.847656;204.0;92.0;76.0;39487.527344;-73812.71875;-54324.164062;39487.503906;-73812.484375;-54476.164062;39304.152344;-73827.875;-54324.15625;39304.128906;-73827.640625;-54476.15625;39453.910156;-73406.109375;-54323.539062;39453.886719;-73405.875;-54475.539062;39270.535156;-73421.265625;-54323.53125;39270.511719;-73421.03125;-54475.53125;827;609;815;603;815;617;820;601;820;614;835;603;835;617;839;601;839;614
J0:19:18:53:931;Hatchback_Car_AI_C_7;211;39065.417969;-70539.578125;-54039.414062;878;568;692.697083;0.083631;-0.964413;-0.250826;39068.480469;-70572.804688;-53966.453125;204.0;92.0;76.0;39179.015625;-70780.523438;-53944.253906;39175.375;-70742.570312;-54091.394531;38995.710938;-70796.523438;-53943.847656;38992.070312;-70758.570312;-54090.988281;39144.890625;-70387.039062;-53841.917969;39141.25;-70349.085938;-53989.058594;38961.585938;-70403.039062;-53841.511719;38957.945312;-70365.085938;-53988.652344;878;563;869;562;869;565;872;562;872;565;884;562;884;565;887;562;887;565
