Time;ID;Cat;XPos;YPos;ZPos;2D_XPos;2D_YPos;Vel;XDir;YDir;ZDir;BBox_XPos;BBox_YPos;BBox_ZPos;BBox_Ext_X;BBox_Ext_Y;BBox_Ext_Z;Corner_XYZ_X;Corner_XYZ_Y;Corner_XYZ_Z;Corner_XY-Z_X;Corner_XY-Z_Y;Corner_XY-Z_Z;Corner_X-YZ_X;Corner_X-YZ_Y;Corner_X-YZ_Z;Corner_X-Y-Z_X;Corner_X-Y-Z_Y;Corner_X-Y-Z_Z;Corner_-XYZ_X;Corner_-XYZ_Y;Corner_-XYZ_Z;Corner_-XY-Z_X;Corner_-XY-Z_Y;Corner_-XY-Z_Z;Corner_-X-YZ_X;Corner_-X-YZ_Y;Corner_-X-YZ_Z;Corner_-X-Y-Z_X;Corner_-X-Y-Z_Y;Corner_-X-Y-Z_Z;BBox_2D_XPos;BBox_2D_YPos;Corner_2D_XYZ_X;Corner_2D_XYZ_Y;Corner_2D_XY-Z_X;Corner_2D_XY-Z_Y;Corner_2D_X-YZ_X;Corner_2D_X-YZ_Y;Corner_2D_X-Y-Z_X;Corner_2D_X-Y-Z_Y;Corner_2D_-XYZ_X;Corner_2D_-XYZ_Y;Corner_-2D_XY-Z_X;Corner_2D_-XY-Z_Y;Corner_2D_-X-YZ_X;Corner_2D_-X-YZ_Y;Corner_2D_-X-Y-Z_X;Corner_2D_-X-Y-Z_Y;
J0:19:19:21:135;Hatchback_Car_AI_C_0;211;39419.078125;-75051.992188;-54434.511719;803;623;525.015869;-0.01343;-0.99936;0.033165;39418.957031;-75063.367188;-54355.089844;204.0;92.0;76.0;39508.277344;-75265.945312;-54272.40625;39508.144531;-75270.992188;-54424.320312;39324.292969;-75263.476562;-54272.328125;39324.160156;-75268.523438;-54424.242188;39513.753906;-74858.210938;-54285.9375;39513.621094;-74863.257812;-54437.851562;39329.769531;-74855.742188;-54285.859375;39329.636719;-74860.789062;-54437.773438;803;615;790;608;790;625;797;605;797;621;809;608;809;625;815;605;815;621
J0:19:19:21:135;Hatchback_Car_AI_C_7;211;39214.386719;-72042.71875;-54365.492188;857;597;629.991638;0.104743;-0.98283;-0.151901;39216.824219;-72068.445312;-54289.535156;204.0;92.0;76.0;39330.613281;-72270.757812;-54245.058594;39328.746094;-72247.742188;-54395.292969;39147.636719;-72290.148438;-54245.753906;39145.769531;-72267.132812;-54395.988281;39287.878906;-71869.757812;-54183.082031;39286.011719;-71846.742188;-54333.316406;39104.902344;-71889.148438;-54183.777344;39103.035156;-71866.132812;-54334.011719;857;591;846;589;846;596;849;587;849;594;864;589;864;596;867;587;867;594
