Time;ID;Cat;XPos;YPos;ZPos;2D_XPos;2D_YPos;Vel;XDir;YDir;ZDir;BBox_XPos;BBox_YPos;BBox_ZPos;BBox_Ext_X;BBox_Ext_Y;BBox_Ext_Z;Corner_XYZ_X;Corner_XYZ_Y;Corner_XYZ_Z;Corner_XY-Z_X;Corner_XY-Z_Y;Corner_XY-Z_Z;Corner_X-YZ_X;Corner_X-YZ_Y;Corner_X-YZ_Z;Corner_X-Y-Z_X;Corner_X-Y-Z_Y;Corner_X-Y-Z_Z;Corner_-XYZ_X;Corner_-XYZ_Y;Corner_-XYZ_Z;Corner_-XY-Z_X;Corner_-XY-Z_Y;Corner_-XY-Z_Z;Corner_-X-YZ_X;Corner_-X-YZ_Y;Corner_-X-YZ_Z;Corner_-X-Y-Z_X;Corner_-X-Y-Z_Y;Corner_-X-Y-Z_Z;BBox_2D_XPos;BBox_2D_YPos;Corner_2D_XYZ_X;Corner_2D_XYZ_Y;Corner_2D_XY-Z_X;Corner_2D_XY-Z_Y;Corner_2D_X-YZ_X;Corner_2D_X-YZ_Y;Corner_2D_X-Y-Z_X;Corner_2D_X-Y-Z_Y;Corner_2D_-XYZ_X;Corner_2D_-XYZ_Y;Corner_-2D_XY-Z_X;Corner_2D_-XY-Z_Y;Corner_2D_-X-YZ_X;Corner_2D_-X-YZ_Y;Corner_2D_-X-Y-Z_X;Corner_2D_-X-Y-Z_Y;
J0:19:18:54:731;Hatchback_Car_AI_C_0;211;39381.253906;-73647.242188;-54478.742188;827;616;675.7724;0.079627;-0.996822;0.002325;39382.382812;-73661.015625;-54399.710938;204.0;92.0;76.0;39490.34375;-73856.859375;-54323.273438;39490.320312;-73857.21875;-54475.273438;39306.929688;-73871.515625;-54323.203125;39306.90625;-73871.875;-54475.203125;39457.859375;-73450.15625;-54324.21875;39457.835938;-73450.515625;-54476.21875;39274.445312;-73464.8125;-54324.148438;39274.421875;-73465.171875;-54476.148438;827;609;814;603;814;617;819;601;819;614;834;603;834;617;838;601;838;614
J0:19:18:54:731;Hatchback_Car_AI_C_7;211;39069.578125;-70585.617188;-54051.191406;878;569;711.752319;0.084367;-0.9647;-0.249472;39072.65625;-70618.742188;-53978.183594;204.0;92.0;76.0;39183.335938;-70826.34375;-53955.679688;39179.6875;-70788.59375;-54102.875;39000.046875;-70842.484375;-53955.273438;38996.398438;-70804.734375;-54102.46875;39148.914062;-70432.75;-53853.898438;39145.265625;-70395.0;-54001.09375;38965.625;-70448.890625;-53853.492188;38961.976562;-70411.140625;-54000.6875;877;564;868;563;868;566;871;562;871;566;884;563;884;566;886;562;886;566
