Time;ID;Cat;XPos;YPos;ZPos;2D_XPos;2D_YPos;Vel;XDir;YDir;ZDir;BBox_XPos;BBox_YPos;BBox_ZPos;BBox_Ext_X;BBox_Ext_Y;BBox_Ext_Z;Corner_XYZ_X;Corner_XYZ_Y;Corner_XYZ_Z;Corner_XY-Z_X;Corner_XY-Z_Y;Corner_XY-Z_Z;Corner_X-YZ_X;Corner_X-YZ_Y;Corner_X-YZ_Z;Corner_X-Y-Z_X;Corner_X-Y-Z_Y;Corner_X-Y-Z_Z;Corner_-XYZ_X;Corner_-XYZ_Y;Corner_-XYZ_Z;Corner_-XY-Z_X;Corner_-XY-Z_Y;Corner_-XY-Z_Z;Corner_-X-YZ_X;Corner_-X-YZ_Y;Corner_-X-YZ_Z;Corner_-X-Y-Z_X;Corner_-X-Y-Z_Y;Corner_-X-Y-Z_Z;BBox_2D_XPos;BBox_2D_YPos;Corner_2D_XYZ_X;Corner_2D_XYZ_Y;Corner_2D_XY-Z_X;Corner_2D_XY-Z_Y;Corner_2D_X-YZ_X;Corner_2D_X-YZ_Y;Corner_2D_X-Y-Z_X;Corner_2D_X-Y-Z_Y;Corner_2D_-XYZ_X;Corner_2D_-XYZ_Y;Corner_-2D_XY-Z_X;Corner_2D_-XY-Z_Y;Corner_2D_-X-YZ_X;Corner_2D_-X-YZ_Y;Corner_2D_-X-Y-Z_X;Corner_2D_-X-Y-Z_Y;
J0:19:18:48:335;Hatchback_Car_AI_C_0;211;39351.429688;-73296.9375;-54474.5625;834;613;675.013672;0.098213;-0.99472;-0.029784;39352.898438;-73313.21875;-54396.015625;204.0;92.0;76.0;39464.578125;-73509.375;-54325.960938;39464.398438;-73504.84375;-54477.890625;39281.46875;-73527.4375;-54326.289062;39281.289062;-73522.90625;-54478.21875;39424.507812;-73103.53125;-54313.8125;39424.328125;-73099.0;-54465.742188;39241.398438;-73121.59375;-54314.140625;39241.21875;-73117.0625;-54466.070312;833;606;821;601;821;614;826;599;826;611;841;601;841;614;845;599;845;611
J0:19:18:48:335;Hatchback_Car_AI_C_7;211;39038.90625;-70231.359375;-53959.632812;882;562;694.953979;0.075643;-0.964513;-0.252967;39041.671875;-70264.773438;-53886.742188;204.0;92.0;76.0;39150.460938;-70473.453125;-53864.984375;39147.171875;-70435.140625;-54012.039062;38967.03125;-70487.921875;-53864.65625;38963.742188;-70449.609375;-54011.710938;39119.601562;-70079.9375;-53761.773438;39116.3125;-70041.625;-53908.828125;38936.171875;-70094.40625;-53761.445312;38932.882812;-70056.09375;-53908.5;882;558;873;556;873;559;875;556;875;559;888;556;888;559;890;556;890;559
