Time;ID;Cat;XPos;YPos;ZPos;2D_XPos;2D_YPos;Vel;XDir;YDir;ZDir;BBox_XPos;BBox_YPos;BBox_ZPos;BBox_Ext_X;BBox_Ext_Y;BBox_Ext_Z;Corner_XYZ_X;Corner_XYZ_Y;Corner_XYZ_Z;Corner_XY-Z_X;Corner_XY-Z_Y;Corner_XY-Z_Z;Corner_X-YZ_X;Corner_X-YZ_Y;Corner_X-YZ_Z;Corner_X-Y-Z_X;Corner_X-Y-Z_Y;Corner_X-Y-Z_Z;Corner_-XYZ_X;Corner_-XYZ_Y;Corner_-XYZ_Z;Corner_-XY-Z_X;Corner_-XY-Z_Y;Corner_-XY-Z_Z;Corner_-X-YZ_X;Corner_-X-YZ_Y;Corner_-X-YZ_Z;Corner_-X-Y-Z_X;Corner_-X-Y-Z_Y;Corner_-X-Y-Z_Z;BBox_2D_XPos;BBox_2D_YPos;Corner_2D_XYZ_X;Corner_2D_XYZ_Y;Corner_2D_XY-Z_X;Corner_2D_XY-Z_Y;Corner_2D_X-YZ_X;Corner_2D_X-YZ_Y;Corner_2D_X-Y-Z_X;Corner_2D_X-Y-Z_Y;Corner_2D_-XYZ_X;Corner_2D_-XYZ_Y;Corner_-2D_XY-Z_X;Corner_2D_-XY-Z_Y;Corner_2D_-X-YZ_X;Corner_2D_-X-YZ_Y;Corner_2D_-X-Y-Z_X;Corner_2D_-X-Y-Z_Y;
J0:19:19:02:333;Hatchback_Car_AI_C_0;211;39405.925781;-74059.78125;-54471.714844;819;618;664.577454;0.049814;-0.99835;0.028578;39406.652344;-74071.5;-54392.347656;204.0;92.0;76.0;39508.730469;-74268.40625;-54310.714844;39508.675781;-74272.765625;-54462.652344;39324.957031;-74277.5625;-54310.386719;39324.902344;-74281.921875;-54462.324219;39488.402344;-73861.078125;-54322.371094;39488.347656;-73865.4375;-54474.308594;39304.628906;-73870.234375;-54322.042969;39304.574219;-73874.59375;-54473.980469;819;611;807;605;807;620;812;602;812;617;826;605;826;620;831;602;831;617
J0:19:19:02:333;Hatchback_Car_AI_C_7;211;39109.195312;-71009.304688;-54157.621094;872;578;691.701599;0.091023;-0.966386;-0.240445;39112.460938;-71041.726562;-54084.304688;204.0;92.0;76.0;39224.535156;-71248.351562;-54059.824219;39220.707031;-71212.007812;-54207.363281;39041.355469;-71265.726562;-54059.347656;39037.527344;-71229.382812;-54206.886719;39187.394531;-70854.070312;-53961.722656;39183.566406;-70817.726562;-54109.261719;39004.214844;-70871.445312;-53961.246094;39000.386719;-70835.101562;-54108.785156;872;573;862;571;862;575;865;570;865;574;879;571;879;575;881;570;881;574
