Time;ID;Cat;XPos;YPos;ZPos;2D_XPos;2D_YPos;Vel;XDir;YDir;ZDir;BBox_XPos;BBox_YPos;BBox_ZPos;BBox_Ext_X;BBox_Ext_Y;BBox_Ext_Z;Corner_XYZ_X;Corner_XYZ_Y;Corner_XYZ_Z;Corner_XY-Z_X;Corner_XY-Z_Y;Corner_XY-Z_Z;Corner_X-YZ_X;Corner_X-YZ_Y;Corner_X-YZ_Z;Corner_X-Y-Z_X;Corner_X-Y-Z_Y;Corner_X-Y-Z_Z;Corner_-XYZ_X;Corner_-XYZ_Y;Corner_-XYZ_Z;Corner_-XY-Z_X;Corner_-XY-Z_Y;Corner_-XY-Z_Z;Corner_-X-YZ_X;Corner_-X-YZ_Y;Corner_-X-YZ_Z;Corner_-X-Y-Z_X;Corner_-X-Y-Z_Y;Corner_-X-Y-Z_Z;BBox_2D_XPos;BBox_2D_YPos;Corner_2D_XYZ_X;Corner_2D_XYZ_Y;Corner_2D_XY-Z_X;Corner_2D_XY-Z_Y;Corner_2D_X-YZ_X;Corner_2D_X-YZ_Y;Corner_2D_X-Y-Z_X;Corner_2D_X-Y-Z_Y;Corner_2D_-XYZ_X;Corner_2D_-XYZ_Y;Corner_-2D_XY-Z_X;Corner_2D_-XY-Z_Y;Corner_2D_-X-YZ_X;Corner_2D_-X-YZ_Y;Corner_2D_-X-Y-Z_X;Corner_2D_-X-Y-Z_Y;
J0:19:18:41:532;Hatchback_Car_AI_C_0;211;39313.542969;-72920.75;-54457.617188;841;609;677.10083;0.108004;-0.992035;-0.064824;39315.273438;-72939.765625;-54379.691406;204.0;92.0;76.0;39428.976562;-73137.140625;-54316.683594;39428.554688;-73127.28125;-54468.363281;39246.054688;-73157.0;-54317.464844;39245.632812;-73147.140625;-54469.144531;39384.914062;-72732.390625;-54290.238281;39384.492188;-72722.53125;-54441.917969;39201.992188;-72752.25;-54291.019531;39201.570312;-72742.390625;-54442.699219;840;603;829;599;829;609;833;597;833;607;848;599;848;609;852;597;852;607
J0:19:18:41:532;Hatchback_Car_AI_C_7;211;39010.851562;-69857.882812;-53862.972656;886;555;679.107239;0.063245;-0.965873;-0.251177;39013.097656;-69891.203125;-53790.023438;204.0;92.0;76.0;39119.109375;-70101.257812;-53767.773438;39116.492188;-70063.164062;-53914.898438;38935.507812;-70113.320312;-53767.625;38932.890625;-70075.226562;-53914.75;39093.304688;-69707.179688;-53665.296875;39090.6875;-69669.085938;-53812.421875;38909.703125;-69719.242188;-53665.148438;38907.085938;-69681.148438;-53812.273438;885;551;877;549;877;552;880;549;880;552;891;549;891;552;893;549;893;552
