Time;ID;Cat;XPos;YPos;ZPos;2D_XPos;2D_YPos;Vel;XDir;YDir;ZDir;BBox_XPos;BBox_YPos;BBox_ZPos;BBox_Ext_X;BBox_Ext_Y;BBox_Ext_Z;Corner_XYZ_X;Corner_XYZ_Y;Corner_XYZ_Z;Corner_XY-Z_X;Corner_XY-Z_Y;Corner_XY-Z_Z;Corner_X-YZ_X;Corner_X-YZ_Y;Corner_X-YZ_Z;Corner_X-Y-Z_X;Corner_X-Y-Z_Y;Corner_X-Y-Z_Z;Corner_-XYZ_X;Corner_-XYZ_Y;Corner_-XYZ_Z;Corner_-XY-Z_X;Corner_-XY-Z_Y;Corner_-XY-Z_Z;Corner_-X-YZ_X;Corner_-X-YZ_Y;Corner_-X-YZ_Z;Corner_-X-Y-Z_X;Corner_-X-Y-Z_Y;Corner_-X-Y-Z_Z;BBox_2D_XPos;BBox_2D_YPos;Corner_2D_XYZ_X;Corner_2D_XYZ_Y;Corner_2D_XY-Z_X;Corner_2D_XY-Z_Y;Corner_2D_X-YZ_X;Corner_2D_X-YZ_Y;Corner_2D_X-Y-Z_X;Corner_2D_X-Y-Z_Y;Corner_2D_-XYZ_X;Corner_2D_-XYZ_Y;Corner_-2D_XY-Z_X;Corner_2D_-XY-Z_Y;Corner_2D_-X-YZ_X;Corner_2D_-X-YZ_Y;Corner_2D_-X-Y-Z_X;Corner_2D_-X-Y-Z_Y;
J0:19:19:26:326;Hatchback_Car_AI_C_0;211;39413.589844;-75261.0625;-54428.480469;800;624;459.69754;-0.028291;-0.999249;0.026476;39413.238281;-75272.960938;-54349.136719;204.0;92.0;76.0;39499.476562;-75477.390625;-54267.742188;39499.390625;-75481.421875;-54419.6875;39315.546875;-75472.1875;-54267.78125;39315.460938;-75476.21875;-54419.726562;39511.015625;-75069.703125;-54278.546875;39510.929688;-75073.734375;-54430.492188;39327.085938;-75064.5;-54278.585938;39327.0;-75068.53125;-54430.53125;800;616;787;609;787;626;795;606;795;623;805;609;805;626;812;606;812;623
J0:19:19:26:326;Hatchback_Car_AI_C_7;211;39245.433594;-72325.210938;-54403.269531;852;602;685.288391;0.11159;-0.986291;-0.121565;39247.664062;-72348.609375;-54326.558594;204.0;92.0;76.0;39362.492188;-72548.757812;-54275.445312;39361.210938;-72530.304688;-54426.3125;39179.648438;-72569.320312;-54276.40625;39178.367188;-72550.867188;-54427.273438;39316.960938;-72146.351562;-54225.84375;39315.679688;-72127.898438;-54376.710938;39134.117188;-72166.914062;-54226.804688;39132.835938;-72148.460938;-54377.671875;852;596;841;592;841;601;844;591;844;599;859;592;859;601;862;591;862;599
