Time;ID;Cat;XPos;YPos;ZPos;2D_XPos;2D_YPos;Vel;XDir;YDir;ZDir;BBox_XPos;BBox_YPos;BBox_ZPos;BBox_Ext_X;BBox_Ext_Y;BBox_Ext_Z;Corner_XYZ_X;Corner_XYZ_Y;Corner_XYZ_Z;Corner_XY-Z_X;Corner_XY-Z_Y;Corner_XY-Z_Z;Corner_X-YZ_X;Corner_X-YZ_Y;Corner_X-YZ_Z;Corner_X-Y-Z_X;Corner_X-Y-Z_Y;Corner_X-Y-Z_Z;Corner_-XYZ_X;Corner_-XYZ_Y;Corner_-XYZ_Z;Corner_-XY-Z_X;Corner_-XY-Z_Y;Corner_-XY-Z_Z;Corner_-X-YZ_X;Corner_-X-YZ_Y;Corner_-X-YZ_Z;Corner_-X-Y-Z_X;Corner_-X-Y-Z_Y;Corner_-X-Y-Z_Z;BBox_2D_XPos;BBox_2D_YPos;Corner_2D_XYZ_X;Corner_2D_XYZ_Y;Corner_2D_XY-Z_X;Corner_2D_XY-Z_Y;Corner_2D_X-YZ_X;Corner_2D_X-YZ_Y;Corner_2D_X-Y-Z_X;Corner_2D_X-Y-Z_Y;Corner_2D_-XYZ_X;Corner_2D_-XYZ_Y;Corner_-2D_XY-Z_X;Corner_2D_-XY-Z_Y;Corner_2D_-X-YZ_X;Corner_2D_-X-YZ_Y;Corner_2D_-X-Y-Z_X;Corner_2D_-X-Y-Z_Y;
J0:19:19:20:329;Hatchback_Car_AI_C_0;211;39419.746094;-75016.96875;-54436.058594;804;623;520.159058;-0.011598;-0.999346;0.034251;39419.664062;-75028.257812;-54356.625;204.0;92.0;76.0;39509.367188;-75230.59375;-54273.738281;39509.210938;-75235.796875;-54425.652344;39325.382812;-75228.453125;-54273.621094;39325.226562;-75233.65625;-54425.535156;39514.101562;-74822.859375;-54287.714844;39513.945312;-74828.0625;-54439.628906;39330.117188;-74820.71875;-54287.597656;39329.960938;-74825.921875;-54439.511719;803;615;791;608;791;625;798;605;798;621;809;608;809;625;816;605;816;621
J0:19:19:20:329;Hatchback_Car_AI_C_7;211;39209.816406;-72000.8125;-54359.101562;858;597;657.599548;0.104291;-0.982406;-0.154928;39212.273438;-72026.765625;-54283.226562;204.0;92.0;76.0;39326.0;-72229.265625;-54239.410156;39324.078125;-72205.78125;-54389.574219;39143.015625;-72248.578125;-54240.089844;39141.09375;-72225.09375;-54390.253906;39283.453125;-71828.4375;-54176.199219;39281.53125;-71804.953125;-54326.363281;39100.46875;-71847.75;-54176.878906;39098.546875;-71824.265625;-54327.042969;857;591;847;588;847;595;850;587;850;593;864;588;864;595;868;587;868;593
