Time;ID;Cat;XPos;YPos;ZPos;2D_XPos;2D_YPos;Vel;XDir;YDir;ZDir;BBox_XPos;BBox_YPos;BBox_ZPos;BBox_Ext_X;BBox_Ext_Y;BBox_Ext_Z;Corner_XYZ_X;Corner_XYZ_Y;Corner_XYZ_Z;Corner_XY-Z_X;Corner_XY-Z_Y;Corner_XY-Z_Z;Corner_X-YZ_X;Corner_X-YZ_Y;Corner_X-YZ_Z;Corner_X-Y-Z_X;Corner_X-Y-Z_Y;Corner_X-Y-Z_Z;Corner_-XYZ_X;Corner_-XYZ_Y;Corner_-XYZ_Z;Corner_-XY-Z_X;Corner_-XY-Z_Y;Corner_-XY-Z_Z;Corner_-X-YZ_X;Corner_-X-YZ_Y;Corner_-X-YZ_Z;Corner_-X-Y-Z_X;Corner_-X-Y-Z_Y;Corner_-X-Y-Z_Z;BBox_2D_XPos;BBox_2D_YPos;Corner_2D_XYZ_X;Corner_2D_XYZ_Y;Corner_2D_XY-Z_X;Corner_2D_XY-Z_Y;Corner_2D_X-YZ_X;Corner_2D_X-YZ_Y;Corner_2D_X-Y-Z_X;Corner_2D_X-Y-Z_Y;Corner_2D_-XYZ_X;Corner_2D_-XYZ_Y;Corner_-2D_XY-Z_X;Corner_2D_-XY-Z_Y;Corner_2D_-X-YZ_X;Corner_2D_-X-YZ_Y;Corner_2D_-X-Y-Z_X;Corner_2D_-X-Y-Z_Y;
J0:19:19:35:134;Hatchback_Car_AI_C_0;211;39399.816406;-75561.1875;-54423.363281;796;626;363.848572;-0.051445;-0.998647;0.00757;39399.105469;-75574.570312;-54344.257812;204.0;92.0;76.0;39480.5;-75782.453125;-54266.695312;39480.476562;-75783.609375;-54418.6875;39296.742188;-75772.984375;-54266.742188;39296.71875;-75774.140625;-54418.734375;39501.492188;-75375.0;-54269.78125;39501.46875;-75376.15625;-54421.773438;39317.734375;-75365.53125;-54269.828125;39317.710938;-75366.6875;-54421.820312;796;618;783;611;783;628;791;608;791;624;801;611;801;628;808;608;808;624
J0:19:19:35:134;Hatchback_Car_AI_C_7;211;39299.90625;-72809.773438;-54450.097656;843;608;666.013916;0.112576;-0.990764;-0.075594;39301.792969;-72829.617188;-54372.382812;204.0;92.0;76.0;39416.46875;-73027.132812;-54311.597656;39415.875;-73015.632812;-54463.160156;39233.640625;-73047.835938;-54312.449219;39233.046875;-73036.335938;-54464.011719;39370.539062;-72622.898438;-54280.753906;39369.945312;-72611.398438;-54432.316406;39187.710938;-72643.601562;-54281.605469;39187.117188;-72632.101562;-54433.167969;843;602;831;598;831;608;835;596;835;606;850;598;850;608;854;596;854;606
