Time;ID;Cat;XPos;YPos;ZPos;2D_XPos;2D_YPos;Vel;XDir;YDir;ZDir;BBox_XPos;BBox_YPos;BBox_ZPos;BBox_Ext_X;BBox_Ext_Y;BBox_Ext_Z;Corner_XYZ_X;Corner_XYZ_Y;Corner_XYZ_Z;Corner_XY-Z_X;Corner_XY-Z_Y;Corner_XY-Z_Z;Corner_X-YZ_X;Corner_X-YZ_Y;Corner_X-YZ_Z;Corner_X-Y-Z_X;Corner_X-Y-Z_Y;Corner_X-Y-Z_Z;Corner_-XYZ_X;Corner_-XYZ_Y;Corner_-XYZ_Z;Corner_-XY-Z_X;Corner_-XY-Z_Y;Corner_-XY-Z_Z;Corner_-X-YZ_X;Corner_-X-YZ_Y;Corner_-X-YZ_Z;Corner_-X-Y-Z_X;Corner_-X-Y-Z_Y;Corner_-X-Y-Z_Z;BBox_2D_XPos;BBox_2D_YPos;Corner_2D_XYZ_X;Corner_2D_XYZ_Y;Corner_2D_XY-Z_X;Corner_2D_XY-Z_Y;Corner_2D_X-YZ_X;Corner_2D_X-YZ_Y;Corner_2D_X-Y-Z_X;Corner_2D_X-Y-Z_Y;Corner_2D_-XYZ_X;Corner_2D_-XYZ_Y;Corner_-2D_XY-Z_X;Corner_2D_-XY-Z_Y;Corner_2D_-X-YZ_X;Corner_2D_-X-YZ_Y;Corner_2D_-X-Y-Z_X;Corner_2D_-X-Y-Z_Y;
J0:19:19:11:135;Hatchback_Car_AI_C_0;211;39420.109375;-74544.976562;-54454.199219;811;620;674.881042;0.017418;-0.998969;0.041916;39420.429688;-74555.648438;-54374.683594;204.0;92.0;76.0;39516.042969;-74754.65625;-54290.355469;39515.894531;-74761.03125;-54442.222656;39332.074219;-74757.84375;-54290.042969;39331.925781;-74764.21875;-54441.910156;39508.933594;-74347.078125;-54307.457031;39508.785156;-74353.453125;-54459.324219;39324.964844;-74350.265625;-54307.144531;39324.816406;-74356.640625;-54459.011719;811;613;798;606;798;623;805;603;805;619;817;606;817;623;823;603;823;619
J0:19:19:11:135;Hatchback_Car_AI_C_7;211;39157.160156;-71498.929688;-54269.648438;865;588;685.788208;0.099032;-0.973735;-0.205017;39160.191406;-71528.671875;-54195.195312;204.0;92.0;76.0;39273.503906;-71733.5;-54162.640625;39270.339844;-71702.5;-54311.414062;39090.449219;-71752.125;-54162.625;39087.285156;-71721.125;-54311.398438;39233.097656;-71336.21875;-54078.992188;39229.933594;-71305.21875;-54227.765625;39050.042969;-71354.84375;-54078.976562;39046.878906;-71323.84375;-54227.75;865;582;855;580;855;585;858;579;858;584;872;580;872;585;875;579;875;584
