Time;ID;Cat;XPos;YPos;ZPos;2D_XPos;2D_YPos;Vel;XDir;YDir;ZDir;BBox_XPos;BBox_YPos;BBox_ZPos;BBox_Ext_X;BBox_Ext_Y;BBox_Ext_Z;Corner_XYZ_X;Corner_XYZ_Y;Corner_XYZ_Z;Corner_XY-Z_X;Corner_XY-Z_Y;Corner_XY-Z_Z;Corner_X-YZ_X;Corner_X-YZ_Y;Corner_X-YZ_Z;Corner_X-Y-Z_X;Corner_X-Y-Z_Y;Corner_X-Y-Z_Z;Corner_-XYZ_X;Corner_-XYZ_Y;Corner_-XYZ_Z;Corner_-XY-Z_X;Corner_-XY-Z_Y;Corner_-XY-Z_Z;Corner_-X-YZ_X;Corner_-X-YZ_Y;Corner_-X-YZ_Z;Corner_-X-Y-Z_X;Corner_-X-Y-Z_Y;Corner_-X-Y-Z_Z;BBox_2D_XPos;BBox_2D_YPos;Corner_2D_XYZ_X;Corner_2D_XYZ_Y;Corner_2D_XY-Z_X;Corner_2D_XY-Z_Y;Corner_2D_X-YZ_X;Corner_2D_X-YZ_Y;Corner_2D_X-Y-Z_X;Corner_2D_X-Y-Z_Y;Corner_2D_-XYZ_X;Corner_2D_-XYZ_Y;Corner_-2D_XY-Z_X;Corner_2D_-XY-Z_Y;Corner_2D_-X-YZ_X;Corner_2D_-X-YZ_Y;Corner_2D_-X-Y-Z_X;Corner_2D_-X-Y-Z_Y;
J0:19:18:45:130;Hatchback_Car_AI_C_0;211;39334.207031;-73118.023438;-54468.257812;837;611;649.153931;0.103697;-0.993482;-0.047338;39335.828125;-73135.671875;-54390.007812;204.0;92.0;76.0;39448.644531;-73332.40625;-54323.492188;39448.324219;-73325.203125;-54475.320312;39265.636719;-73351.484375;-54324.007812;39265.316406;-73344.28125;-54475.835938;39406.339844;-72927.0625;-54304.179688;39406.019531;-72919.859375;-54456.007812;39223.332031;-72946.140625;-54304.695312;39223.011719;-72938.9375;-54456.523438;837;605;825;600;825;612;829;598;829;609;844;600;844;612;848;598;848;609
J0:19:18:45:130;Hatchback_Car_AI_C_7;211;39024.75;-70050.835938;-53912.851562;884;559;700.332458;0.069256;-0.965355;-0.251581;39027.28125;-70084.164062;-53839.914062;204.0;92.0;76.0;39134.671875;-70293.53125;-53817.839844;39131.671875;-70255.40625;-53964.949219;38951.148438;-70306.78125;-53817.527344;38948.148438;-70268.65625;-53964.636719;39106.414062;-69899.671875;-53715.191406;39103.414062;-69861.546875;-53862.300781;38922.890625;-69912.921875;-53714.878906;38919.890625;-69874.796875;-53861.988281;883;554;875;553;875;556;877;552;877;555;890;553;890;556;892;552;892;555
