Time;ID;Cat;XPos;YPos;ZPos;2D_XPos;2D_YPos;Vel;XDir;YDir;ZDir;BBox_XPos;BBox_YPos;BBox_ZPos;BBox_Ext_X;BBox_Ext_Y;BBox_Ext_Z;Corner_XYZ_X;Corner_XYZ_Y;Corner_XYZ_Z;Corner_XY-Z_X;Corner_XY-Z_Y;Corner_XY-Z_Z;Corner_X-YZ_X;Corner_X-YZ_Y;Corner_X-YZ_Z;Corner_X-Y-Z_X;Corner_X-Y-Z_Y;Corner_X-Y-Z_Z;Corner_-XYZ_X;Corner_-XYZ_Y;Corner_-XYZ_Z;Corner_-XY-Z_X;Corner_-XY-Z_Y;Corner_-XY-Z_Z;Corner_-X-YZ_X;Corner_-X-YZ_Y;Corner_-X-YZ_Z;Corner_-X-Y-Z_X;Corner_-X-Y-Z_Y;Corner_-X-Y-Z_Z;BBox_2D_XPos;BBox_2D_YPos;Corner_2D_XYZ_X;Corner_2D_XYZ_Y;Corner_2D_XY-Z_X;Corner_2D_XY-Z_Y;Corner_2D_X-YZ_X;Corner_2D_X-YZ_Y;Corner_2D_X-Y-Z_X;Corner_2D_X-Y-Z_Y;Corner_2D_-XYZ_X;Corner_2D_-XYZ_Y;Corner_-2D_XY-Z_X;Corner_2D_-XY-Z_Y;Corner_2D_-X-YZ_X;Corner_2D_-X-YZ_Y;Corner_2D_-X-Y-Z_X;Corner_2D_-X-Y-Z_Y;
J0:19:19:17:931;Hatchback_Car_AI_C_0;211;39421.011719;-74911.382812;-54439.578125;805;622;578.810486;-0.00224;-0.999337;0.036348;39421.035156;-74922.5;-54360.121094;204.0;92.0;76.0;39512.632812;-75123.8125;-54276.816406;39512.523438;-75129.34375;-54428.714844;39328.632812;-75123.390625;-54276.699219;39328.523438;-75128.921875;-54428.597656;39513.546875;-74716.078125;-54291.644531;39513.4375;-74721.609375;-54443.542969;39329.546875;-74715.65625;-54291.527344;39329.4375;-74721.1875;-54443.425781;805;614;792;607;792;624;799;604;799;621;811;607;811;624;817;604;817;621
J0:19:19:17:931;Hatchback_Car_AI_C_7;211;39195.386719;-71867.039062;-54337.773438;860;594;659.988464;0.102635;-0.980516;-0.167496;39197.976562;-71893.953125;-54262.234375;204.0;92.0;76.0;39311.527344;-72097.125;-54221.214844;39309.308594;-72071.765625;-54371.066406;39128.519531;-72116.1875;-54221.738281;39126.300781;-72090.828125;-54371.589844;39269.652344;-71697.078125;-54152.878906;39267.433594;-71671.71875;-54302.730469;39086.644531;-71716.140625;-54153.402344;39084.425781;-71690.78125;-54303.253906;859;589;849;586;849;593;852;585;852;591;867;586;867;593;870;585;870;591
