Time;ID;Cat;XPos;YPos;ZPos;2D_XPos;2D_YPos;Vel;XDir;YDir;ZDir;BBox_XPos;BBox_YPos;BBox_ZPos;BBox_Ext_X;BBox_Ext_Y;BBox_Ext_Z;Corner_XYZ_X;Corner_XYZ_Y;Corner_XYZ_Z;Corner_XY-Z_X;Corner_XY-Z_Y;Corner_XY-Z_Z;Corner_X-YZ_X;Corner_X-YZ_Y;Corner_X-YZ_Z;Corner_X-Y-Z_X;Corner_X-Y-Z_Y;Corner_X-Y-Z_Z;Corner_-XYZ_X;Corner_-XYZ_Y;Corner_-XYZ_Z;Corner_-XY-Z_X;Corner_-XY-Z_Y;Corner_-XY-Z_Z;Corner_-X-YZ_X;Corner_-X-YZ_Y;Corner_-X-YZ_Z;Corner_-X-Y-Z_X;Corner_-X-Y-Z_Y;Corner_-X-Y-Z_Z;BBox_2D_XPos;BBox_2D_YPos;Corner_2D_XYZ_X;Corner_2D_XYZ_Y;Corner_2D_XY-Z_X;Corner_2D_XY-Z_Y;Corner_2D_X-YZ_X;Corner_2D_X-YZ_Y;Corner_2D_X-Y-Z_X;Corner_2D_X-Y-Z_Y;Corner_2D_-XYZ_X;Corner_2D_-XYZ_Y;Corner_-2D_XY-Z_X;Corner_2D_-XY-Z_Y;Corner_2D_-X-YZ_X;Corner_2D_-X-YZ_Y;Corner_2D_-X-Y-Z_X;Corner_2D_-X-Y-Z_Y;
J0:19:19:08:330;Hatchback_Car_AI_C_0;211;39417.339844;-74390.390625;-54460.367188;814;620;647.737976;0.029065;-0.998842;0.038337;39417.792969;-74401.34375;-54380.886719;204.0;92.0;76.0;39515.726562;-74599.523438;-54297.277344;39515.640625;-74605.351562;-54449.167969;39331.804688;-74604.867188;-54296.964844;39331.71875;-74610.695312;-54448.855469;39503.867188;-74191.992188;-54312.917969;39503.78125;-74197.820312;-54464.808594;39319.945312;-74197.335938;-54312.605469;39319.859375;-74203.164062;-54464.496094;813;612;801;606;801;622;807;603;807;619;820;606;820;622;825;603;825;619
J0:19:19:08:330;Hatchback_Car_AI_C_7;211;39141.269531;-71340.726562;-54235.632812;868;585;708.057556;0.09451;-0.970983;-0.21968;39144.398438;-71371.578125;-54161.636719;204.0;92.0;76.0;39256.980469;-71577.3125;-54132.449219;39253.503906;-71544.109375;-54280.738281;39073.855469;-71595.203125;-54132.167969;39070.378906;-71562.0;-54280.457031;39218.417969;-71181.15625;-54042.816406;39214.941406;-71147.953125;-54191.105469;39035.292969;-71199.046875;-54042.535156;39031.816406;-71165.84375;-54190.824219;867;579;857;578;857;582;861;577;861;581;874;578;874;582;877;577;877;581
