Time;ID;Cat;XPos;YPos;ZPos;2D_XPos;2D_YPos;Vel;XDir;YDir;ZDir;BBox_XPos;BBox_YPos;BBox_ZPos;BBox_Ext_X;BBox_Ext_Y;BBox_Ext_Z;Corner_XYZ_X;Corner_XYZ_Y;Corner_XYZ_Z;Corner_XY-Z_X;Corner_XY-Z_Y;Corner_XY-Z_Z;Corner_X-YZ_X;Corner_X-YZ_Y;Corner_X-YZ_Z;Corner_X-Y-Z_X;Corner_X-Y-Z_Y;Corner_X-Y-Z_Z;Corner_-XYZ_X;Corner_-XYZ_Y;Corner_-XYZ_Z;Corner_-XY-Z_X;Corner_-XY-Z_Y;Corner_-XY-Z_Z;Corner_-X-YZ_X;Corner_-X-YZ_Y;Corner_-X-YZ_Z;Corner_-X-Y-Z_X;Corner_-X-Y-Z_Y;Corner_-X-Y-Z_Z;BBox_2D_XPos;BBox_2D_YPos;Corner_2D_XYZ_X;Corner_2D_XYZ_Y;Corner_2D_XY-Z_X;Corner_2D_XY-Z_Y;Corner_2D_X-YZ_X;Corner_2D_X-YZ_Y;Corner_2D_X-Y-Z_X;Corner_2D_X-Y-Z_Y;Corner_2D_-XYZ_X;Corner_2D_-XYZ_Y;Corner_-2D_XY-Z_X;Corner_2D_-XY-Z_Y;Corner_2D_-X-YZ_X;Corner_2D_-X-YZ_Y;Corner_2D_-X-Y-Z_X;Corner_2D_-X-Y-Z_Y;
J0:19:19:09:929;Hatchback_Car_AI_C_0;211;39419.144531;-74478.171875;-54456.90625;812;620;654.518799;0.022914;-0.998937;0.040006;39419.546875;-74488.992188;-54377.410156;204.0;92.0;76.0;39516.277344;-74687.625;-54293.492188;39516.121094;-74693.71875;-54445.367188;39332.324219;-74691.828125;-54293.132812;39332.167969;-74697.921875;-54445.007812;39506.925781;-74280.0625;-54309.8125;39506.769531;-74286.15625;-54461.6875;39322.972656;-74284.265625;-54309.453125;39322.816406;-74290.359375;-54461.328125;812;613;799;606;799;622;806;603;806;619;818;606;818;622;824;603;824;619
J0:19:19:09:929;Hatchback_Car_AI_C_7;211;39150.511719;-71432.953125;-54255.769531;866;586;689.250488;0.095833;-0.972738;-0.211178;39153.578125;-71463.164062;-54181.507812;204.0;92.0;76.0;39266.34375;-71668.523438;-54150.40625;39263.023438;-71636.601562;-54298.976562;39083.234375;-71686.601562;-54150.203125;39079.914062;-71654.679688;-54298.773438;39227.242188;-71271.648438;-54064.242188;39223.921875;-71239.726562;-54212.8125;39044.132812;-71289.726562;-54064.039062;39040.8125;-71257.804688;-54212.609375;866;581;856;579;856;584;859;578;859;583;873;579;873;584;876;578;876;583
