Time;ID;Cat;XPos;YPos;ZPos;2D_XPos;2D_YPos;Vel;XDir;YDir;ZDir;BBox_XPos;BBox_YPos;BBox_ZPos;BBox_Ext_X;BBox_Ext_Y;BBox_Ext_Z;Corner_XYZ_X;Corner_XYZ_Y;Corner_XYZ_Z;Corner_XY-Z_X;Corner_XY-Z_Y;Corner_XY-Z_Z;Corner_X-YZ_X;Corner_X-YZ_Y;Corner_X-YZ_Z;Corner_X-Y-Z_X;Corner_X-Y-Z_Y;Corner_X-Y-Z_Z;Corner_-XYZ_X;Corner_-XYZ_Y;Corner_-XYZ_Z;Corner_-XY-Z_X;Corner_-XY-Z_Y;Corner_-XY-Z_Z;Corner_-X-YZ_X;Corner_-X-YZ_Y;Corner_-X-YZ_Z;Corner_-X-Y-Z_X;Corner_-X-Y-Z_Y;Corner_-X-Y-Z_Z;BBox_2D_XPos;BBox_2D_YPos;Corner_2D_XYZ_X;Corner_2D_XYZ_Y;Corner_2D_XY-Z_X;Corner_2D_XY-Z_Y;Corner_2D_X-YZ_X;Corner_2D_X-YZ_Y;Corner_2D_X-Y-Z_X;Corner_2D_X-Y-Z_Y;Corner_2D_-XYZ_X;Corner_2D_-XYZ_Y;Corner_-2D_XY-Z_X;Corner_2D_-XY-Z_Y;Corner_2D_-X-YZ_X;Corner_2D_-X-YZ_Y;Corner_2D_-X-Y-Z_X;Corner_2D_-X-Y-Z_Y;
J0:19:19:09:129;Hatchback_Car_AI_C_0;211;39418.332031;-74434.140625;-54458.664062;813;620;647.110535;0.02574;-0.998909;0.038977;39418.761719;-74445.046875;-54379.179688;204.0;92.0;76.0;39516.046875;-74643.5;-54295.457031;39515.914062;-74649.4375;-54447.339844;39332.109375;-74648.21875;-54295.113281;39331.976562;-74654.15625;-54446.996094;39505.546875;-74235.9375;-54311.363281;39505.414062;-74241.875;-54463.246094;39321.609375;-74240.65625;-54311.019531;39321.476562;-74246.59375;-54462.902344;813;612;800;606;800;622;806;603;806;619;819;606;819;622;825;603;825;619
J0:19:19:09:129;Hatchback_Car_AI_C_7;211;39145.960938;-71387.710938;-54245.976562;867;586;713.591858;0.095318;-0.972027;-0.214657;39149.066406;-71418.1875;-54171.824219;204.0;92.0;76.0;39261.773438;-71623.703125;-54141.519531;39258.367188;-71591.25;-54289.972656;39078.65625;-71641.71875;-54141.253906;39075.25;-71609.265625;-54289.707031;39222.882812;-71227.109375;-54053.941406;39219.476562;-71194.65625;-54202.394531;39039.765625;-71245.125;-54053.675781;39036.359375;-71212.671875;-54202.128906;867;580;857;579;857;583;860;577;860;582;874;579;874;583;876;577;876;582
