Time;ID;Cat;XPos;YPos;ZPos;2D_XPos;2D_YPos;Vel;XDir;YDir;ZDir;BBox_XPos;BBox_YPos;BBox_ZPos;BBox_Ext_X;BBox_Ext_Y;BBox_Ext_Z;Corner_XYZ_X;Corner_XYZ_Y;Corner_XYZ_Z;Corner_XY-Z_X;Corner_XY-Z_Y;Corner_XY-Z_Z;Corner_X-YZ_X;Corner_X-YZ_Y;Corner_X-YZ_Z;Corner_X-Y-Z_X;Corner_X-Y-Z_Y;Corner_X-Y-Z_Z;Corner_-XYZ_X;Corner_-XYZ_Y;Corner_-XYZ_Z;Corner_-XY-Z_X;Corner_-XY-Z_Y;Corner_-XY-Z_Z;Corner_-X-YZ_X;Corner_-X-YZ_Y;Corner_-X-YZ_Z;Corner_-X-Y-Z_X;Corner_-X-Y-Z_Y;Corner_-X-Y-Z_Z;BBox_2D_XPos;BBox_2D_YPos;Corner_2D_XYZ_X;Corner_2D_XYZ_Y;Corner_2D_XY-Z_X;Corner_2D_XY-Z_Y;Corner_2D_X-YZ_X;Corner_2D_X-YZ_Y;Corner_2D_X-Y-Z_X;Corner_2D_X-Y-Z_Y;Corner_2D_-XYZ_X;Corner_2D_-XYZ_Y;Corner_-2D_XY-Z_X;Corner_2D_-XY-Z_Y;Corner_2D_-X-YZ_X;Corner_2D_-X-YZ_Y;Corner_2D_-X-Y-Z_X;Corner_2D_-X-Y-Z_Y;
J0:19:19:23:134;Hatchback_Car_AI_C_0;211;39417.230469;-75135.3125;-54432.074219;802;623;488.988403;-0.019084;-0.999298;0.032237;39417.015625;-75146.757812;-54352.664062;204.0;92.0;76.0;39505.15625;-75349.921875;-54270.128906;39505.054688;-75354.828125;-54422.050781;39321.1875;-75346.40625;-54270.121094;39321.085938;-75351.3125;-54422.042969;39512.945312;-74942.203125;-54283.285156;39512.84375;-74947.109375;-54435.207031;39328.976562;-74938.6875;-54283.277344;39328.875;-74943.59375;-54435.199219;802;615;789;608;789;626;796;605;796;622;807;608;807;626;814;605;814;622
J0:19:19:23:134;Hatchback_Car_AI_C_7;211;39225.804688;-72147.296875;-54380.453125;855;599;642.873352;0.108342;-0.984151;-0.140388;39228.199219;-72172.132812;-54304.203125;204.0;92.0;76.0;39342.597656;-72373.523438;-54257.207031;39340.910156;-72352.242188;-54407.699219;39159.691406;-72393.554688;-54257.988281;39158.003906;-72372.273438;-54408.480469;39298.394531;-71971.992188;-54199.925781;39296.707031;-71950.710938;-54350.417969;39115.488281;-71992.023438;-54200.707031;39113.800781;-71970.742188;-54351.199219;855;593;844;590;844;598;848;589;848;596;862;590;862;598;865;589;865;596
