Time;ID;Cat;XPos;YPos;ZPos;2D_XPos;2D_YPos;Vel;XDir;YDir;ZDir;BBox_XPos;BBox_YPos;BBox_ZPos;BBox_Ext_X;BBox_Ext_Y;BBox_Ext_Z;Corner_XYZ_X;Corner_XYZ_Y;Corner_XYZ_Z;Corner_XY-Z_X;Corner_XY-Z_Y;Corner_XY-Z_Z;Corner_X-YZ_X;Corner_X-YZ_Y;Corner_X-YZ_Z;Corner_X-Y-Z_X;Corner_X-Y-Z_Y;Corner_X-Y-Z_Z;Corner_-XYZ_X;Corner_-XYZ_Y;Corner_-XYZ_Z;Corner_-XY-Z_X;Corner_-XY-Z_Y;Corner_-XY-Z_Z;Corner_-X-YZ_X;Corner_-X-YZ_Y;Corner_-X-YZ_Z;Corner_-X-Y-Z_X;Corner_-X-Y-Z_Y;Corner_-X-Y-Z_Z;BBox_2D_XPos;BBox_2D_YPos;Corner_2D_XYZ_X;Corner_2D_XYZ_Y;Corner_2D_XY-Z_X;Corner_2D_XY-Z_Y;Corner_2D_X-YZ_X;Corner_2D_X-YZ_Y;Corner_2D_X-Y-Z_X;Corner_2D_X-Y-Z_Y;Corner_2D_-XYZ_X;Corner_2D_-XYZ_Y;Corner_-2D_XY-Z_X;Corner_2D_-XY-Z_Y;Corner_2D_-X-YZ_X;Corner_2D_-X-YZ_Y;Corner_2D_-X-Y-Z_X;Corner_2D_-X-Y-Z_Y;
J0:19:18:55:131;Hatchback_Car_AI_C_0;211;39382.886719;-73669.296875;-54478.625;826;616;661.8125;0.076489;-0.997064;0.00352;39383.964844;-73682.976562;-54399.578125;204.0;92.0;76.0;39491.308594;-73879.070312;-54322.894531;39491.292969;-73879.601562;-54474.894531;39307.847656;-73893.148438;-54322.824219;39307.832031;-73893.679688;-54474.824219;39460.097656;-73472.273438;-54324.332031;39460.082031;-73472.804688;-54476.332031;39276.636719;-73486.351562;-54324.261719;39276.621094;-73486.882812;-54476.261719;826;609;814;603;814;617;819;601;819;615;833;603;833;617;838;601;838;615
J0:19:18:55:131;Hatchback_Car_AI_C_7;211;39071.664062;-70608.179688;-54056.96875;877;570;701.643677;0.086114;-0.964529;-0.249537;39074.777344;-70641.304688;-53983.960938;204.0;92.0;76.0;39185.808594;-70848.71875;-53961.445312;39182.144531;-70810.96875;-54108.632812;39002.542969;-70865.171875;-53961.101562;38998.878906;-70827.421875;-54108.289062;39150.675781;-70455.1875;-53859.632812;39147.011719;-70417.4375;-54006.820312;38967.410156;-70471.640625;-53859.289062;38963.746094;-70433.890625;-54006.476562;877;565;868;564;868;567;871;563;871;566;884;564;884;567;886;563;886;566
