Time;ID;Cat;XPos;YPos;ZPos;2D_XPos;2D_YPos;Vel;XDir;YDir;ZDir;BBox_XPos;BBox_YPos;BBox_ZPos;BBox_Ext_X;BBox_Ext_Y;BBox_Ext_Z;Corner_XYZ_X;Corner_XYZ_Y;Corner_XYZ_Z;Corner_XY-Z_X;Corner_XY-Z_Y;Corner_XY-Z_Z;Corner_X-YZ_X;Corner_X-YZ_Y;Corner_X-YZ_Z;Corner_X-Y-Z_X;Corner_X-Y-Z_Y;Corner_X-Y-Z_Z;Corner_-XYZ_X;Corner_-XYZ_Y;Corner_-XYZ_Z;Corner_-XY-Z_X;Corner_-XY-Z_Y;Corner_-XY-Z_Z;Corner_-X-YZ_X;Corner_-X-YZ_Y;Corner_-X-YZ_Z;Corner_-X-Y-Z_X;Corner_-X-Y-Z_Y;Corner_-X-Y-Z_Z;BBox_2D_XPos;BBox_2D_YPos;Corner_2D_XYZ_X;Corner_2D_XYZ_Y;Corner_2D_XY-Z_X;Corner_2D_XY-Z_Y;Corner_2D_X-YZ_X;Corner_2D_X-YZ_Y;Corner_2D_X-Y-Z_X;Corner_2D_X-Y-Z_Y;Corner_2D_-XYZ_X;Corner_2D_-XYZ_Y;Corner_-2D_XY-Z_X;Corner_2D_-XY-Z_Y;Corner_2D_-X-YZ_X;Corner_2D_-X-YZ_Y;Corner_2D_-X-Y-Z_X;Corner_2D_-X-Y-Z_Y;
J0:19:19:25:133;Hatchback_Car_AI_C_0;211;39415.058594;-75214.84375;-54429.792969;801;624;471.209229;-0.024856;-0.999274;0.028855;39414.761719;-75226.554688;-54350.421875;204.0;92.0;76.0;39501.714844;-75430.5;-54268.5625;39501.613281;-75434.890625;-54420.5;39317.769531;-75425.921875;-54268.570312;39317.667969;-75430.3125;-54420.507812;39511.855469;-75022.796875;-54280.335938;39511.753906;-75027.1875;-54432.273438;39327.910156;-75018.21875;-54280.34375;39327.808594;-75022.609375;-54432.28125;801;616;788;609;788;626;795;606;795;622;806;609;806;626;813;606;813;622
J0:19:19:25:133;Hatchback_Car_AI_C_7;211;39237.929688;-72257.460938;-54394.960938;853;601;685.770691;0.108714;-0.985869;-0.127454;39240.160156;-72281.3125;-54318.390625;204.0;92.0;76.0;39354.46875;-72482.078125;-54268.554688;39353.101562;-72462.734375;-54419.3125;39171.570312;-72502.125;-54269.46875;39170.203125;-72482.78125;-54420.226562;39310.117188;-72079.84375;-54216.554688;39308.75;-72060.5;-54367.3125;39127.21875;-72099.890625;-54217.46875;39125.851562;-72080.546875;-54368.226562;853;595;842;592;842;600;846;590;846;598;860;592;860;600;863;590;863;598
