Time;ID;Cat;XPos;YPos;ZPos;2D_XPos;2D_YPos;Vel;XDir;YDir;ZDir;BBox_XPos;BBox_YPos;BBox_ZPos;BBox_Ext_X;BBox_Ext_Y;BBox_Ext_Z;Corner_XYZ_X;Corner_XYZ_Y;Corner_XYZ_Z;Corner_XY-Z_X;Corner_XY-Z_Y;Corner_XY-Z_Z;Corner_X-YZ_X;Corner_X-YZ_Y;Corner_X-YZ_Z;Corner_X-Y-Z_X;Corner_X-Y-Z_Y;Corner_X-Y-Z_Z;Corner_-XYZ_X;Corner_-XYZ_Y;Corner_-XYZ_Z;Corner_-XY-Z_X;Corner_-XY-Z_Y;Corner_-XY-Z_Z;Corner_-X-YZ_X;Corner_-X-YZ_Y;Corner_-X-YZ_Z;Corner_-X-Y-Z_X;Corner_-X-Y-Z_Y;Corner_-X-Y-Z_Z;BBox_2D_XPos;BBox_2D_YPos;Corner_2D_XYZ_X;Corner_2D_XYZ_Y;Corner_2D_XY-Z_X;Corner_2D_XY-Z_Y;Corner_2D_X-YZ_X;Corner_2D_X-YZ_Y;Corner_2D_X-Y-Z_X;Corner_2D_X-Y-Z_Y;Corner_2D_-XYZ_X;Corner_2D_-XYZ_Y;Corner_-2D_XY-Z_X;Corner_2D_-XY-Z_Y;Corner_2D_-X-YZ_X;Corner_2D_-X-YZ_Y;Corner_2D_-X-Y-Z_X;Corner_2D_-X-Y-Z_Y;
J0:19:19:24:327;Hatchback_Car_AI_C_0;211;39415.972656;-75183.398438;-54430.726562;801;624;478.516541;-0.022551;-0.999283;0.030413;39415.707031;-75194.984375;-54351.335938;204.0;92.0;76.0;39503.132812;-75398.601562;-54269.164062;39503.03125;-75403.226562;-54421.09375;39319.179688;-75394.445312;-54269.171875;39319.078125;-75399.070312;-54421.101562;39512.335938;-74990.898438;-54281.570312;39512.234375;-74995.523438;-54433.5;39328.382812;-74986.742188;-54281.578125;39328.28125;-74991.367188;-54433.507812;801;615;788;608;788;626;795;605;795;622;807;608;807;626;813;605;813;622
J0:19:19:24:327;Hatchback_Car_AI_C_7;211;39233.023438;-72212.890625;-54389.234375;854;600;672.965576;0.107676;-0.985334;-0.132377;39235.285156;-72237.125;-54312.785156;204.0;92.0;76.0;39349.4375;-72438.234375;-54264.015625;39347.984375;-72418.15625;-54414.679688;39166.515625;-72458.109375;-54264.898438;39165.0625;-72438.03125;-54415.5625;39305.507812;-72036.21875;-54210.007812;39304.054688;-72016.140625;-54360.671875;39122.585938;-72056.09375;-54210.890625;39121.132812;-72036.015625;-54361.554688;854;594;843;591;843;599;847;589;847;597;861;591;861;599;864;589;864;597
