Time;ID;Cat;XPos;YPos;ZPos;2D_XPos;2D_YPos;Vel;XDir;YDir;ZDir;BBox_XPos;BBox_YPos;BBox_ZPos;BBox_Ext_X;BBox_Ext_Y;BBox_Ext_Z;Corner_XYZ_X;Corner_XYZ_Y;Corner_XYZ_Z;Corner_XY-Z_X;Corner_XY-Z_Y;Corner_XY-Z_Z;Corner_X-YZ_X;Corner_X-YZ_Y;Corner_X-YZ_Z;Corner_X-Y-Z_X;Corner_X-Y-Z_Y;Corner_X-Y-Z_Z;Corner_-XYZ_X;Corner_-XYZ_Y;Corner_-XYZ_Z;Corner_-XY-Z_X;Corner_-XY-Z_Y;Corner_-XY-Z_Z;Corner_-X-YZ_X;Corner_-X-YZ_Y;Corner_-X-YZ_Z;Corner_-X-Y-Z_X;Corner_-X-Y-Z_Y;Corner_-X-Y-Z_Z;BBox_2D_XPos;BBox_2D_YPos;Corner_2D_XYZ_X;Corner_2D_XYZ_Y;Corner_2D_XY-Z_X;Corner_2D_XY-Z_Y;Corner_2D_X-YZ_X;Corner_2D_X-YZ_Y;Corner_2D_X-Y-Z_X;Corner_2D_X-Y-Z_Y;Corner_2D_-XYZ_X;Corner_2D_-XYZ_Y;Corner_-2D_XY-Z_X;Corner_2D_-XY-Z_Y;Corner_2D_-X-YZ_X;Corner_2D_-X-YZ_Y;Corner_2D_-X-Y-Z_X;Corner_2D_-X-Y-Z_Y;
J0:19:18:57:130;Hatchback_Car_AI_C_0;211;39390.773438;-73781.375;-54477.625;824;617;656.270386;0.070317;-0.99746;0.011339;39391.757812;-73794.4375;-54398.472656;204.0;92.0;76.0;39497.875;-73990.585938;-54320.238281;39497.875;-73992.320312;-54472.230469;39314.328125;-74003.523438;-54320.089844;39314.328125;-74005.257812;-54472.082031;39469.1875;-73583.617188;-54324.863281;39469.1875;-73585.351562;-54476.855469;39285.640625;-73596.554688;-54324.714844;39285.640625;-73598.289062;-54476.707031;824;610;812;604;812;618;817;601;817;615;831;604;831;618;836;601;836;615
J0:19:18:57:130;Hatchback_Car_AI_C_7;211;39081.527344;-70715.90625;-54084.570312;876;572;648.668762;0.086007;-0.964485;-0.249744;39084.707031;-70749.039062;-54011.570312;204.0;92.0;76.0;39195.78125;-70956.445312;-53989.183594;39191.984375;-70918.679688;-54136.363281;39012.523438;-70972.914062;-53988.675781;39008.726562;-70935.148438;-54135.855469;39160.6875;-70562.929688;-53887.285156;39156.890625;-70525.164062;-54034.464844;38977.429688;-70579.398438;-53886.777344;38973.632812;-70541.632812;-54033.957031;876;567;867;566;867;569;869;565;869;568;882;566;882;569;885;565;885;568
