Time;ID;Cat;XPos;YPos;ZPos;2D_XPos;2D_YPos;Vel;XDir;YDir;ZDir;BBox_XPos;BBox_YPos;BBox_ZPos;BBox_Ext_X;BBox_Ext_Y;BBox_Ext_Z;Corner_XYZ_X;Corner_XYZ_Y;Corner_XYZ_Z;Corner_XY-Z_X;Corner_XY-Z_Y;Corner_XY-Z_Z;Corner_X-YZ_X;Corner_X-YZ_Y;Corner_X-YZ_Z;Corner_X-Y-Z_X;Corner_X-Y-Z_Y;Corner_X-Y-Z_Z;Corner_-XYZ_X;Corner_-XYZ_Y;Corner_-XYZ_Z;Corner_-XY-Z_X;Corner_-XY-Z_Y;Corner_-XY-Z_Z;Corner_-X-YZ_X;Corner_-X-YZ_Y;Corner_-X-YZ_Z;Corner_-X-Y-Z_X;Corner_-X-Y-Z_Y;Corner_-X-Y-Z_Z;BBox_2D_XPos;BBox_2D_YPos;Corner_2D_XYZ_X;Corner_2D_XYZ_Y;Corner_2D_XY-Z_X;Corner_2D_XY-Z_Y;Corner_2D_X-YZ_X;Corner_2D_X-YZ_Y;Corner_2D_X-Y-Z_X;Corner_2D_X-Y-Z_Y;Corner_2D_-XYZ_X;Corner_2D_-XYZ_Y;Corner_-2D_XY-Z_X;Corner_2D_-XY-Z_Y;Corner_2D_-X-YZ_X;Corner_2D_-X-YZ_Y;Corner_2D_-X-Y-Z_X;Corner_2D_-X-Y-Z_Y;
J0:19:18:49:534;Hatchback_Car_AI_C_0;211;39357.632812;-73364.71875;-54476.242188;832;614;662.080872;0.094156;-0.995256;-0.024476;39359.007812;-73380.585938;-54397.609375;204.0;92.0;76.0;39469.859375;-73576.820312;-54326.476562;39469.75;-73573.085938;-54478.429688;39286.679688;-73594.148438;-54326.773438;39286.570312;-73590.414062;-54478.726562;39431.445312;-73170.757812;-54316.492188;39431.335938;-73167.023438;-54468.445312;39248.265625;-73188.085938;-54316.789062;39248.15625;-73184.351562;-54468.742188;832;607;820;602;820;615;825;600;825;612;839;602;839;615;844;600;844;612
J0:19:18:49:534;Hatchback_Car_AI_C_7;211;39044.324219;-70296.328125;-53976.636719;881;564;664.158142;0.07926;-0.96388;-0.25427;39047.199219;-70329.835938;-53903.792969;204.0;92.0;76.0;39156.753906;-70538.140625;-53882.292969;39153.355469;-70499.640625;-54029.300781;38973.378906;-70553.296875;-53882.027344;38969.980469;-70514.796875;-54029.035156;39124.417969;-70144.875;-53778.550781;39121.019531;-70106.375;-53925.558594;38941.042969;-70160.03125;-53778.285156;38937.644531;-70121.53125;-53925.292969;881;559;872;558;872;561;875;557;875;560;887;558;887;561;889;557;889;560
