Time;ID;Cat;XPos;YPos;ZPos;2D_XPos;2D_YPos;Vel;XDir;YDir;ZDir;BBox_XPos;BBox_YPos;BBox_ZPos;BBox_Ext_X;BBox_Ext_Y;BBox_Ext_Z;Corner_XYZ_X;Corner_XYZ_Y;Corner_XYZ_Z;Corner_XY-Z_X;Corner_XY-Z_Y;Corner_XY-Z_Z;Corner_X-YZ_X;Corner_X-YZ_Y;Corner_X-YZ_Z;Corner_X-Y-Z_X;Corner_X-Y-Z_Y;Corner_X-Y-Z_Z;Corner_-XYZ_X;Corner_-XYZ_Y;Corner_-XYZ_Z;Corner_-XY-Z_X;Corner_-XY-Z_Y;Corner_-XY-Z_Z;Corner_-X-YZ_X;Corner_-X-YZ_Y;Corner_-X-YZ_Z;Corner_-X-Y-Z_X;Corner_-X-Y-Z_Y;Corner_-X-Y-Z_Z;BBox_2D_XPos;BBox_2D_YPos;Corner_2D_XYZ_X;Corner_2D_XYZ_Y;Corner_2D_XY-Z_X;Corner_2D_XY-Z_Y;Corner_2D_X-YZ_X;Corner_2D_X-YZ_Y;Corner_2D_X-Y-Z_X;Corner_2D_X-Y-Z_Y;Corner_2D_-XYZ_X;Corner_2D_-XYZ_Y;Corner_-2D_XY-Z_X;Corner_2D_-XY-Z_Y;Corner_2D_-X-YZ_X;Corner_2D_-X-YZ_Y;Corner_2D_-X-Y-Z_X;Corner_2D_-X-Y-Z_Y;
J0:19:19:06:331;Hatchback_Car_AI_C_0;211;39414.195312;-74279.796875;-54464.53125;815;619;654.666016;0.035912;-0.998713;0.035818;39414.738281;-74290.945312;-54385.082031;204.0;92.0;76.0;39514.042969;-74488.65625;-54301.992188;39513.964844;-74494.109375;-54453.890625;39330.160156;-74495.25;-54301.65625;39330.082031;-74500.703125;-54453.554688;39499.394531;-74081.1875;-54316.609375;39499.316406;-74086.640625;-54468.507812;39315.511719;-74087.78125;-54316.273438;39315.433594;-74093.234375;-54468.171875;815;612;803;605;803;621;809;603;809;618;822;605;822;621;827;603;827;618
J0:19:19:06:331;Hatchback_Car_AI_C_7;211;39130.140625;-71227.171875;-54209.839844;869;582;691.023926;0.094022;-0.968583;-0.230233;39133.390625;-71258.820312;-54136.1875;204.0;92.0;76.0;39245.996094;-71464.875;-54109.402344;39242.277344;-71430.078125;-54257.316406;39062.863281;-71482.75;-54108.996094;39059.144531;-71447.953125;-54256.910156;39207.636719;-71069.6875;-54015.464844;39203.917969;-71034.890625;-54163.378906;39024.503906;-71087.5625;-54015.058594;39020.785156;-71052.765625;-54162.972656;869;577;859;576;859;580;862;575;862;578;876;576;876;580;878;575;878;578
