Time;ID;Cat;XPos;YPos;ZPos;2D_XPos;2D_YPos;Vel;XDir;YDir;ZDir;BBox_XPos;BBox_YPos;BBox_ZPos;BBox_Ext_X;BBox_Ext_Y;BBox_Ext_Z;Corner_XYZ_X;Corner_XYZ_Y;Corner_XYZ_Z;Corner_XY-Z_X;Corner_XY-Z_Y;Corner_XY-Z_Z;Corner_X-YZ_X;Corner_X-YZ_Y;Corner_X-YZ_Z;Corner_X-Y-Z_X;Corner_X-Y-Z_Y;Corner_X-Y-Z_Z;Corner_-XYZ_X;Corner_-XYZ_Y;Corner_-XYZ_Z;Corner_-XY-Z_X;Corner_-XY-Z_Y;Corner_-XY-Z_Z;Corner_-X-YZ_X;Corner_-X-YZ_Y;Corner_-X-YZ_Z;Corner_-X-Y-Z_X;Corner_-X-Y-Z_Y;Corner_-X-Y-Z_Z;BBox_2D_XPos;BBox_2D_YPos;Corner_2D_XYZ_X;Corner_2D_XYZ_Y;Corner_2D_XY-Z_X;Corner_2D_XY-Z_Y;Corner_2D_X-YZ_X;Corner_2D_X-YZ_Y;Corner_2D_X-Y-Z_X;Corner_2D_X-Y-Z_Y;Corner_2D_-XYZ_X;Corner_2D_-XYZ_Y;Corner_-2D_XY-Z_X;Corner_2D_-XY-Z_Y;Corner_2D_-X-YZ_X;Corner_2D_-X-YZ_Y;Corner_2D_-X-Y-Z_X;Corner_2D_-X-Y-Z_Y;
J0:19:18:40:333;Hatchback_Car_AI_C_0;211;39306.113281;-72853.3125;-54453.25;842;609;681.145996;0.111727;-0.991237;-0.07047;39307.953125;-72872.757812;-54375.433594;204.0;92.0;76.0;39422.433594;-73070.054688;-54313.59375;39421.902344;-73059.335938;-54465.210938;39239.589844;-73090.601562;-54314.40625;39239.058594;-73079.882812;-54466.023438;39376.847656;-72665.632812;-54284.84375;39376.316406;-72654.914062;-54436.460938;39194.003906;-72686.179688;-54285.65625;39193.472656;-72675.460938;-54437.273438;842;602;830;598;830;608;834;596;834;606;849;598;849;608;853;596;853;606
J0:19:18:40:333;Hatchback_Car_AI_C_7;211;39006.355469;-69791.507812;-53846.0;886;554;667.305847;0.059151;-0.966186;-0.25097;39008.484375;-69824.820312;-53773.042969;204.0;92.0;76.0;39113.632812;-70035.304688;-53750.777344;39111.125;-69997.242188;-53897.910156;38929.976562;-70046.601562;-53750.574219;38927.46875;-70008.539062;-53897.707031;39089.5;-69641.101562;-53648.378906;39086.992188;-69603.039062;-53795.511719;38905.84375;-69652.398438;-53648.175781;38903.335938;-69614.335938;-53795.308594;886;549;878;548;878;551;880;548;880;551;892;548;892;551;894;548;894;551
