Time;ID;Cat;XPos;YPos;ZPos;2D_XPos;2D_YPos;Vel;XDir;YDir;ZDir;BBox_XPos;BBox_YPos;BBox_ZPos;BBox_Ext_X;BBox_Ext_Y;BBox_Ext_Z;Corner_XYZ_X;Corner_XYZ_Y;Corner_XYZ_Z;Corner_XY-Z_X;Corner_XY-Z_Y;Corner_XY-Z_Z;Corner_X-YZ_X;Corner_X-YZ_Y;Corner_X-YZ_Z;Corner_X-Y-Z_X;Corner_X-Y-Z_Y;Corner_X-Y-Z_Z;Corner_-XYZ_X;Corner_-XYZ_Y;Corner_-XYZ_Z;Corner_-XY-Z_X;Corner_-XY-Z_Y;Corner_-XY-Z_Z;Corner_-X-YZ_X;Corner_-X-YZ_Y;Corner_-X-YZ_Z;Corner_-X-Y-Z_X;Corner_-X-Y-Z_Y;Corner_-X-Y-Z_Z;BBox_2D_XPos;BBox_2D_YPos;Corner_2D_XYZ_X;Corner_2D_XYZ_Y;Corner_2D_XY-Z_X;Corner_2D_XY-Z_Y;Corner_2D_X-YZ_X;Corner_2D_X-YZ_Y;Corner_2D_X-Y-Z_X;Corner_2D_X-Y-Z_Y;Corner_2D_-XYZ_X;Corner_2D_-XYZ_Y;Corner_-2D_XY-Z_X;Corner_2D_-XY-Z_Y;Corner_2D_-X-YZ_X;Corner_2D_-X-YZ_Y;Corner_2D_-X-Y-Z_X;Corner_2D_-X-Y-Z_Y;
J0:19:18:43:931;Hatchback_Car_AI_C_0;211;39327.675781;-73053.195312;-54465.25;838;611;654.525269;0.10361;-0.993188;-0.053309;39329.296875;-73071.320312;-54387.109375;204.0;92.0;76.0;39442.101562;-73268.453125;-54321.78125;39441.773438;-73260.34375;-54473.5625;39259.09375;-73287.515625;-54322.40625;39258.765625;-73279.40625;-54474.1875;39399.828125;-72863.234375;-54300.03125;39399.5;-72855.125;-54451.8125;39216.820312;-72882.296875;-54300.65625;39216.492188;-72874.1875;-54452.4375;838;604;826;600;826;611;831;598;831;609;845;600;845;611;849;598;849;609
J0:19:18:43:931;Hatchback_Car_AI_C_7;211;39019.863281;-69984.554688;-53895.753906;884;558;654.649597;0.068203;-0.964976;-0.253319;39022.328125;-70018.023438;-53822.878906;204.0;92.0;76.0;39129.464844;-70227.554688;-53801.148438;39126.558594;-70189.164062;-53948.1875;38945.925781;-70240.585938;-53800.921875;38943.019531;-70202.195312;-53947.960938;39101.636719;-69833.851562;-53697.796875;39098.730469;-69795.460938;-53844.835938;38918.097656;-69846.882812;-53697.570312;38915.191406;-69808.492188;-53844.609375;884;553;876;552;876;555;878;551;878;554;890;552;890;555;892;551;892;554
