Time;ID;Cat;XPos;YPos;ZPos;2D_XPos;2D_YPos;Vel;XDir;YDir;ZDir;BBox_XPos;BBox_YPos;BBox_ZPos;BBox_Ext_X;BBox_Ext_Y;BBox_Ext_Z;Corner_XYZ_X;Corner_XYZ_Y;Corner_XYZ_Z;Corner_XY-Z_X;Corner_XY-Z_Y;Corner_XY-Z_Z;Corner_X-YZ_X;Corner_X-YZ_Y;Corner_X-YZ_Z;Corner_X-Y-Z_X;Corner_X-Y-Z_Y;Corner_X-Y-Z_Z;Corner_-XYZ_X;Corner_-XYZ_Y;Corner_-XYZ_Z;Corner_-XY-Z_X;Corner_-XY-Z_Y;Corner_-XY-Z_Z;Corner_-X-YZ_X;Corner_-X-YZ_Y;Corner_-X-YZ_Z;Corner_-X-Y-Z_X;Corner_-X-Y-Z_Y;Corner_-X-Y-Z_Z;BBox_2D_XPos;BBox_2D_YPos;Corner_2D_XYZ_X;Corner_2D_XYZ_Y;Corner_2D_XY-Z_X;Corner_2D_XY-Z_Y;Corner_2D_X-YZ_X;Corner_2D_X-YZ_Y;Corner_2D_X-Y-Z_X;Corner_2D_X-Y-Z_Y;Corner_2D_-XYZ_X;Corner_2D_-XYZ_Y;Corner_-2D_XY-Z_X;Corner_2D_-XY-Z_Y;Corner_2D_-X-YZ_X;Corner_2D_-X-YZ_Y;Corner_2D_-X-Y-Z_X;Corner_2D_-X-Y-Z_Y;
J0:19:18:56:736;Hatchback_Car_AI_C_0;211;39389.257812;-73759.5;-54477.855469;825;617;671.803162;0.070556;-0.997455;0.010237;39390.257812;-73772.65625;-54398.714844;204.0;92.0;76.0;39496.433594;-73968.867188;-54320.707031;39496.410156;-73970.429688;-54472.699219;39312.894531;-73981.851562;-54320.550781;39312.871094;-73983.414062;-54472.542969;39467.644531;-73561.898438;-54324.886719;39467.621094;-73563.460938;-54476.878906;39284.105469;-73574.882812;-54324.730469;39284.082031;-73576.445312;-54476.722656;824;610;812;604;812;618;817;601;817;615;832;604;832;618;836;601;836;615
J0:19:18:56:736;Hatchback_Car_AI_C_7;211;39079.636719;-70695.03125;-54079.246094;876;572;659.246826;0.087416;-0.964352;-0.249769;39082.816406;-70728.164062;-54006.246094;204.0;92.0;76.0;39194.152344;-70935.421875;-53983.804688;39190.386719;-70897.640625;-54130.984375;39010.910156;-70952.140625;-53983.414062;39007.144531;-70914.359375;-54130.59375;39158.488281;-70541.96875;-53881.898438;39154.722656;-70504.1875;-54029.078125;38975.246094;-70558.6875;-53881.507812;38971.480469;-70520.90625;-54028.6875;876;566;867;565;867;569;870;565;870;568;883;565;883;569;885;565;885;568
