Time;ID;Cat;XPos;YPos;ZPos;2D_XPos;2D_YPos;Vel;XDir;YDir;ZDir;BBox_XPos;BBox_YPos;BBox_ZPos;BBox_Ext_X;BBox_Ext_Y;BBox_Ext_Z;Corner_XYZ_X;Corner_XYZ_Y;Corner_XYZ_Z;Corner_XY-Z_X;Corner_XY-Z_Y;Corner_XY-Z_Z;Corner_X-YZ_X;Corner_X-YZ_Y;Corner_X-YZ_Z;Corner_X-Y-Z_X;Corner_X-Y-Z_Y;Corner_X-Y-Z_Z;Corner_-XYZ_X;Corner_-XYZ_Y;Corner_-XYZ_Z;Corner_-XY-Z_X;Corner_-XY-Z_Y;Corner_-XY-Z_Z;Corner_-X-YZ_X;Corner_-X-YZ_Y;Corner_-X-YZ_Z;Corner_-X-Y-Z_X;Corner_-X-Y-Z_Y;Corner_-X-Y-Z_Z;BBox_2D_XPos;BBox_2D_YPos;Corner_2D_XYZ_X;Corner_2D_XYZ_Y;Corner_2D_XY-Z_X;Corner_2D_XY-Z_Y;Corner_2D_X-YZ_X;Corner_2D_X-YZ_Y;Corner_2D_X-Y-Z_X;Corner_2D_X-Y-Z_Y;Corner_2D_-XYZ_X;Corner_2D_-XYZ_Y;Corner_-2D_XY-Z_X;Corner_2D_-XY-Z_Y;Corner_2D_-X-YZ_X;Corner_2D_-X-YZ_Y;Corner_2D_-X-Y-Z_X;Corner_2D_-X-Y-Z_Y;
J0:19:19:18:330;Hatchback_Car_AI_C_0;211;39420.824219;-74930.078125;-54438.890625;805;622;562.120056;-0.005187;-0.999355;0.035548;39420.835938;-74941.257812;-54359.441406;204.0;92.0;76.0;39511.855469;-75142.898438;-54276.316406;39511.699219;-75148.304688;-54428.222656;39327.855469;-75141.945312;-54276.160156;39327.699219;-75147.351562;-54428.066406;39513.972656;-74735.164062;-54290.816406;39513.816406;-74740.570312;-54442.722656;39329.972656;-74734.210938;-54290.660156;39329.816406;-74739.617188;-54442.566406;805;614;792;607;792;624;799;604;799;621;811;607;811;624;817;604;817;621
J0:19:19:18:330;Hatchback_Car_AI_C_7;211;39197.777344;-71889.53125;-54341.507812;859;595;683.449585;0.104873;-0.98081;-0.164355;39200.375;-71916.203125;-54265.882812;204.0;92.0;76.0;39314.339844;-72119.0;-54224.15625;39312.167969;-72094.109375;-54374.085938;39131.371094;-72138.46875;-54224.734375;39129.199219;-72113.578125;-54374.664062;39271.550781;-71718.828125;-54157.101562;39269.378906;-71693.9375;-54307.03125;39088.582031;-71738.296875;-54157.679688;39086.410156;-71713.40625;-54307.609375;859;589;848;587;848;593;852;585;852;591;866;587;866;593;869;585;869;591
