Time;ID;Cat;XPos;YPos;ZPos;2D_XPos;2D_YPos;Vel;XDir;YDir;ZDir;BBox_XPos;BBox_YPos;BBox_ZPos;BBox_Ext_X;BBox_Ext_Y;BBox_Ext_Z;Corner_XYZ_X;Corner_XYZ_Y;Corner_XYZ_Z;Corner_XY-Z_X;Corner_XY-Z_Y;Corner_XY-Z_Z;Corner_X-YZ_X;Corner_X-YZ_Y;Corner_X-YZ_Z;Corner_X-Y-Z_X;Corner_X-Y-Z_Y;Corner_X-Y-Z_Z;Corner_-XYZ_X;Corner_-XYZ_Y;Corner_-XYZ_Z;Corner_-XY-Z_X;Corner_-XY-Z_Y;Corner_-XY-Z_Z;Corner_-X-YZ_X;Corner_-X-YZ_Y;Corner_-X-YZ_Z;Corner_-X-Y-Z_X;Corner_-X-Y-Z_Y;Corner_-X-Y-Z_Z;BBox_2D_XPos;BBox_2D_YPos;Corner_2D_XYZ_X;Corner_2D_XYZ_Y;Corner_2D_XY-Z_X;Corner_2D_XY-Z_Y;Corner_2D_X-YZ_X;Corner_2D_X-YZ_Y;Corner_2D_X-Y-Z_X;Corner_2D_X-Y-Z_Y;Corner_2D_-XYZ_X;Corner_2D_-XYZ_Y;Corner_-2D_XY-Z_X;Corner_2D_-XY-Z_Y;Corner_2D_-X-YZ_X;Corner_2D_-X-YZ_Y;Corner_2D_-X-Y-Z_X;Corner_2D_-X-Y-Z_Y;
J0:19:19:31:929;Hatchback_Car_AI_C_0;211;39405.308594;-75460.335938;-54424.398438;797;626;400.426331;-0.043283;-0.998953;0.014843;39404.726562;-75473.148438;-54345.199219;204.0;92.0;76.0;39487.835938;-75679.796875;-54266.148438;39487.789062;-75682.046875;-54418.132812;39304.007812;-75671.828125;-54266.210938;39303.960938;-75674.078125;-54418.195312;39505.492188;-75272.21875;-54272.203125;39505.445312;-75274.46875;-54424.1875;39321.664062;-75264.25;-54272.265625;39321.617188;-75266.5;-54424.25;797;617;784;610;784;628;792;607;792;624;802;610;802;628;810;607;810;624
J0:19:19:31:929;Hatchback_Car_AI_C_7;211;39280.484375;-72635.132812;-54435.980469;846;606;630.291504;0.113375;-0.98908;-0.094166;39282.507812;-72656.414062;-54358.652344;204.0;92.0;76.0;39397.460938;-72854.914062;-54301.722656;39396.625;-72840.601562;-54453.042969;39214.648438;-72875.773438;-54302.683594;39213.8125;-72861.460938;-54454.003906;39351.203125;-72451.367188;-54263.300781;39350.367188;-72437.054688;-54414.621094;39168.390625;-72472.226562;-54264.261719;39167.554688;-72457.914062;-54415.582031;846;600;835;596;835;605;839;594;839;603;854;596;854;605;857;594;857;603
