Time;ID;Cat;XPos;YPos;ZPos;2D_XPos;2D_YPos;Vel;XDir;YDir;ZDir;BBox_XPos;BBox_YPos;BBox_ZPos;BBox_Ext_X;BBox_Ext_Y;BBox_Ext_Z;Corner_XYZ_X;Corner_XYZ_Y;Corner_XYZ_Z;Corner_XY-Z_X;Corner_XY-Z_Y;Corner_XY-Z_Z;Corner_X-YZ_X;Corner_X-YZ_Y;Corner_X-YZ_Z;Corner_X-Y-Z_X;Corner_X-Y-Z_Y;Corner_X-Y-Z_Z;Corner_-XYZ_X;Corner_-XYZ_Y;Corner_-XYZ_Z;Corner_-XY-Z_X;Corner_-XY-Z_Y;Corner_-XY-Z_Z;Corner_-X-YZ_X;Corner_-X-YZ_Y;Corner_-X-YZ_Z;Corner_-X-Y-Z_X;Corner_-X-Y-Z_Y;Corner_-X-Y-Z_Z;BBox_2D_XPos;BBox_2D_YPos;Corner_2D_XYZ_X;Corner_2D_XYZ_Y;Corner_2D_XY-Z_X;Corner_2D_XY-Z_Y;Corner_2D_X-YZ_X;Corner_2D_X-YZ_Y;Corner_2D_X-Y-Z_X;Corner_2D_X-Y-Z_Y;Corner_2D_-XYZ_X;Corner_2D_-XYZ_Y;Corner_-2D_XY-Z_X;Corner_2D_-XY-Z_Y;Corner_2D_-X-YZ_X;Corner_2D_-X-YZ_Y;Corner_2D_-X-Y-Z_X;Corner_2D_-X-Y-Z_Y;
J0:19:18:50:733;Hatchback_Car_AI_C_0;211;39363.335938;-73428.78125;-54477.570312;831;614;648.334106;0.092944;-0.99549;-0.019022;39364.691406;-73444.21875;-54398.851562;204.0;92.0;76.0;39475.304688;-73640.195312;-54326.644531;39475.203125;-73637.304688;-54478.613281;39292.101562;-73657.289062;-54326.847656;39292.0;-73654.398438;-54478.816406;39437.382812;-73234.039062;-54318.886719;39437.28125;-73231.148438;-54470.855469;39254.179688;-73251.132812;-54319.089844;39254.078125;-73248.242188;-54471.058594;831;607;819;602;819;615;823;600;823;613;838;602;838;615;842;600;842;613
J0:19:18:50:733;Hatchback_Car_AI_C_7;211;39049.726562;-70360.679688;-53993.347656;880;565;667.858948;0.079618;-0.963979;-0.253783;39052.648438;-70394.140625;-53920.488281;204.0;92.0;76.0;39162.3125;-70602.382812;-53898.925781;39158.835938;-70563.960938;-54045.949219;38978.945312;-70617.617188;-53898.574219;38975.46875;-70579.195312;-54045.597656;39129.828125;-70209.085938;-53795.378906;39126.351562;-70170.664062;-53942.402344;38946.460938;-70224.320312;-53795.027344;38942.984375;-70185.898438;-53942.050781;880;560;871;559;871;562;874;558;874;561;886;559;886;562;889;558;889;561
