Time;ID;Cat;XPos;YPos;ZPos;2D_XPos;2D_YPos;Vel;XDir;YDir;ZDir;BBox_XPos;BBox_YPos;BBox_ZPos;BBox_Ext_X;BBox_Ext_Y;BBox_Ext_Z;Corner_XYZ_X;Corner_XYZ_Y;Corner_XYZ_Z;Corner_XY-Z_X;Corner_XY-Z_Y;Corner_XY-Z_Z;Corner_X-YZ_X;Corner_X-YZ_Y;Corner_X-YZ_Z;Corner_X-Y-Z_X;Corner_X-Y-Z_Y;Corner_X-Y-Z_Z;Corner_-XYZ_X;Corner_-XYZ_Y;Corner_-XYZ_Z;Corner_-XY-Z_X;Corner_-XY-Z_Y;Corner_-XY-Z_Z;Corner_-X-YZ_X;Corner_-X-YZ_Y;Corner_-X-YZ_Z;Corner_-X-Y-Z_X;Corner_-X-Y-Z_Y;Corner_-X-Y-Z_Z;BBox_2D_XPos;BBox_2D_YPos;Corner_2D_XYZ_X;Corner_2D_XYZ_Y;Corner_2D_XY-Z_X;Corner_2D_XY-Z_Y;Corner_2D_X-YZ_X;Corner_2D_X-YZ_Y;Corner_2D_X-Y-Z_X;Corner_2D_X-Y-Z_Y;Corner_2D_-XYZ_X;Corner_2D_-XYZ_Y;Corner_-2D_XY-Z_X;Corner_2D_-XY-Z_Y;Corner_2D_-X-YZ_X;Corner_2D_-X-YZ_Y;Corner_2D_-X-Y-Z_X;Corner_2D_-X-Y-Z_Y;
J0:19:18:37:928;Hatchback_Car_AI_C_0;211;39291.300781;-72721.304688;-54443.472656;845;607;653.103455;0.114338;-0.989803;-0.084953;39293.257812;-72741.875;-54365.949219;204.0;92.0;76.0;39408.316406;-72939.742188;-54307.074219;39407.636719;-72926.820312;-54458.519531;39225.527344;-72960.773438;-54308.042969;39224.847656;-72947.851562;-54459.488281;39361.667969;-72535.898438;-54272.410156;39360.988281;-72522.976562;-54423.855469;39178.878906;-72556.929688;-54273.378906;39178.199219;-72544.007812;-54424.824219;844;601;833;597;833;607;837;595;837;604;852;597;852;607;856;595;856;604
J0:19:18:37:928;Hatchback_Car_AI_C_7;211;38998.621094;-69662.070312;-53812.882812;887;552;693.8703;0.050984;-0.967534;-0.247543;39000.503906;-69695.140625;-53739.808594;204.0;92.0;76.0;39103.902344;-69906.414062;-53716.835938;39101.652344;-69868.851562;-53864.101562;38920.160156;-69916.179688;-53716.515625;38917.910156;-69878.617188;-53863.78125;39083.097656;-69511.664062;-53615.835938;39080.847656;-69474.101562;-53763.101562;38899.355469;-69521.429688;-53615.515625;38897.105469;-69483.867188;-53762.78125;887;547;879;546;879;549;882;546;882;549;893;546;893;549;895;546;895;549
