Time;ID;Cat;XPos;YPos;ZPos;2D_XPos;2D_YPos;Vel;XDir;YDir;ZDir;BBox_XPos;BBox_YPos;BBox_ZPos;BBox_Ext_X;BBox_Ext_Y;BBox_Ext_Z;Corner_XYZ_X;Corner_XYZ_Y;Corner_XYZ_Z;Corner_XY-Z_X;Corner_XY-Z_Y;Corner_XY-Z_Z;Corner_X-YZ_X;Corner_X-YZ_Y;Corner_X-YZ_Z;Corner_X-Y-Z_X;Corner_X-Y-Z_Y;Corner_X-Y-Z_Z;Corner_-XYZ_X;Corner_-XYZ_Y;Corner_-XYZ_Z;Corner_-XY-Z_X;Corner_-XY-Z_Y;Corner_-XY-Z_Z;Corner_-X-YZ_X;Corner_-X-YZ_Y;Corner_-X-YZ_Z;Corner_-X-Y-Z_X;Corner_-X-Y-Z_Y;Corner_-X-Y-Z_Z;BBox_2D_XPos;BBox_2D_YPos;Corner_2D_XYZ_X;Corner_2D_XYZ_Y;Corner_2D_XY-Z_X;Corner_2D_XY-Z_Y;Corner_2D_X-YZ_X;Corner_2D_X-YZ_Y;Corner_2D_X-Y-Z_X;Corner_2D_X-Y-Z_Y;Corner_2D_-XYZ_X;Corner_2D_-XYZ_Y;Corner_-2D_XY-Z_X;Corner_2D_-XY-Z_Y;Corner_2D_-X-YZ_X;Corner_2D_-X-YZ_Y;Corner_2D_-X-Y-Z_X;Corner_2D_-X-Y-Z_Y;
J0:19:18:53:132;Hatchback_Car_AI_C_0;211;39374.320312;-73558.648438;-54478.773438;828;615;664.276123;0.085387;-0.996332;-0.005612;39375.523438;-73573.039062;-54399.851562;204.0;92.0;76.0;39484.613281;-73768.859375;-54324.960938;39484.597656;-73768.0;-54476.960938;39301.285156;-73784.578125;-54325.03125;39301.269531;-73783.71875;-54477.03125;39449.777344;-73362.359375;-54322.671875;39449.761719;-73361.5;-54474.671875;39266.449219;-73378.078125;-54322.742188;39266.433594;-73377.21875;-54474.742188;828;608;816;603;816;616;821;601;821;614;836;603;836;616;840;601;840;614
J0:19:18:53:132;Hatchback_Car_AI_C_7;211;39061.429688;-70494.640625;-54027.855469;879;568;679.213135;0.082543;-0.964261;-0.25177;39064.46875;-70527.945312;-53954.925781;204.0;92.0;76.0;39174.78125;-70735.804688;-53932.945312;39171.15625;-70697.710938;-54080.046875;38991.460938;-70751.601562;-53932.523438;38987.835938;-70713.507812;-54079.625;39141.101562;-70342.382812;-53830.226562;39137.476562;-70304.289062;-53977.328125;38957.78125;-70358.179688;-53829.804688;38954.15625;-70320.085938;-53976.90625;878;563;869;561;869;564;872;561;872;564;885;561;885;564;887;561;887;564
