Time;ID;Cat;XPos;YPos;ZPos;2D_XPos;2D_YPos;Vel;XDir;YDir;ZDir;BBox_XPos;BBox_YPos;BBox_ZPos;BBox_Ext_X;BBox_Ext_Y;BBox_Ext_Z;Corner_XYZ_X;Corner_XYZ_Y;Corner_XYZ_Z;Corner_XY-Z_X;Corner_XY-Z_Y;Corner_XY-Z_Z;Corner_X-YZ_X;Corner_X-YZ_Y;Corner_X-YZ_Z;Corner_X-Y-Z_X;Corner_X-Y-Z_Y;Corner_X-Y-Z_Z;Corner_-XYZ_X;Corner_-XYZ_Y;Corner_-XYZ_Z;Corner_-XY-Z_X;Corner_-XY-Z_Y;Corner_-XY-Z_Z;Corner_-X-YZ_X;Corner_-X-YZ_Y;Corner_-X-YZ_Z;Corner_-X-Y-Z_X;Corner_-X-Y-Z_Y;Corner_-X-Y-Z_Z;BBox_2D_XPos;BBox_2D_YPos;Corner_2D_XYZ_X;Corner_2D_XYZ_Y;Corner_2D_XY-Z_X;Corner_2D_XY-Z_Y;Corner_2D_X-YZ_X;Corner_2D_X-YZ_Y;Corner_2D_X-Y-Z_X;Corner_2D_X-Y-Z_Y;Corner_2D_-XYZ_X;Corner_2D_-XYZ_Y;Corner_-2D_XY-Z_X;Corner_2D_-XY-Z_Y;Corner_2D_-X-YZ_X;Corner_2D_-X-YZ_Y;Corner_2D_-X-Y-Z_X;Corner_2D_-X-Y-Z_Y;
J0:19:19:16:325;Hatchback_Car_AI_C_0;211;39421.433594;-74832.273438;-54442.578125;806;622;608.995667;0.00294;-0.999272;0.038034;39421.539062;-74843.257812;-54363.101562;204.0;92.0;76.0;39514.203125;-75043.953125;-54279.480469;39514.078125;-75049.734375;-54431.371094;39330.203125;-75044.484375;-54279.316406;39330.078125;-75050.265625;-54431.207031;39513.0;-74636.25;-54294.996094;39512.875;-74642.03125;-54446.886719;39329.0;-74636.78125;-54294.832031;39328.875;-74642.5625;-54446.722656;806;614;793;607;793;624;800;604;800;621;812;607;812;624;818;604;818;621
J0:19:19:16:325;Hatchback_Car_AI_C_7;211;39186.3125;-71780.085938;-54322.988281;861;593;676.627869;0.100391;-0.979317;-0.175668;39188.972656;-71807.617188;-54247.675781;204.0;92.0;76.0;39302.183594;-72011.34375;-54208.507812;39299.769531;-71984.75;-54358.140625;39119.136719;-72030.046875;-54208.882812;39116.722656;-72003.453125;-54358.515625;39261.222656;-71611.78125;-54136.835938;39258.808594;-71585.1875;-54286.46875;39078.175781;-71630.484375;-54137.210938;39075.761719;-71603.890625;-54286.84375;861;587;850;585;850;591;854;583;854;589;868;585;868;591;871;583;871;589
