Time;ID;Cat;XPos;YPos;ZPos;2D_XPos;2D_YPos;Vel;XDir;YDir;ZDir;BBox_XPos;BBox_YPos;BBox_ZPos;BBox_Ext_X;BBox_Ext_Y;BBox_Ext_Z;Corner_XYZ_X;Corner_XYZ_Y;Corner_XYZ_Z;Corner_XY-Z_X;Corner_XY-Z_Y;Corner_XY-Z_Z;Corner_X-YZ_X;Corner_X-YZ_Y;Corner_X-YZ_Z;Corner_X-Y-Z_X;Corner_X-Y-Z_Y;Corner_X-Y-Z_Z;Corner_-XYZ_X;Corner_-XYZ_Y;Corner_-XYZ_Z;Corner_-XY-Z_X;Corner_-XY-Z_Y;Corner_-XY-Z_Z;Corner_-X-YZ_X;Corner_-X-YZ_Y;Corner_-X-YZ_Z;Corner_-X-Y-Z_X;Corner_-X-Y-Z_Y;Corner_-X-Y-Z_Z;BBox_2D_XPos;BBox_2D_YPos;Corner_2D_XYZ_X;Corner_2D_XYZ_Y;Corner_2D_XY-Z_X;Corner_2D_XY-Z_Y;Corner_2D_X-YZ_X;Corner_2D_X-YZ_Y;Corner_2D_X-Y-Z_X;Corner_2D_X-Y-Z_Y;Corner_2D_-XYZ_X;Corner_2D_-XYZ_Y;Corner_-2D_XY-Z_X;Corner_2D_-XY-Z_Y;Corner_2D_-X-YZ_X;Corner_2D_-X-YZ_Y;Corner_2D_-X-Y-Z_X;Corner_2D_-X-Y-Z_Y;
J0:19:19:07:930;Hatchback_Car_AI_C_0;211;39416.757812;-74368.828125;-54461.171875;814;620;663.725403;0.029448;-0.99883;0.038363;39417.226562;-74379.78125;-54381.691406;204.0;92.0;76.0;39515.25;-74577.914062;-54298.09375;39515.140625;-74583.757812;-54449.984375;39331.328125;-74583.320312;-54297.75;39331.21875;-74589.164062;-54449.640625;39503.234375;-74170.398438;-54313.742188;39503.125;-74176.242188;-54465.632812;39319.3125;-74175.804688;-54313.398438;39319.203125;-74181.648438;-54465.289062;814;612;801;605;801;622;807;603;807;619;820;605;820;622;826;603;826;619
J0:19:19:07:930;Hatchback_Car_AI_C_7;211;39138.949219;-71317.71875;-54230.527344;868;584;713.69165;0.096295;-0.970401;-0.221471;39142.148438;-71348.703125;-54156.589844;204.0;92.0;76.0;39255.121094;-71554.28125;-54127.800781;39251.558594;-71520.8125;-54276.027344;39072.027344;-71572.515625;-54127.511719;39068.464844;-71539.046875;-54275.738281;39215.832031;-71158.359375;-54037.441406;39212.269531;-71124.890625;-54185.667969;39032.738281;-71176.59375;-54037.152344;39029.175781;-71143.125;-54185.378906;868;579;858;577;858;582;861;576;861;580;875;577;875;582;877;576;877;580
