Time;ID;Cat;XPos;YPos;ZPos;2D_XPos;2D_YPos;Vel;XDir;YDir;ZDir;BBox_XPos;BBox_YPos;BBox_ZPos;BBox_Ext_X;BBox_Ext_Y;BBox_Ext_Z;Corner_XYZ_X;Corner_XYZ_Y;Corner_XYZ_Z;Corner_XY-Z_X;Corner_XY-Z_Y;Corner_XY-Z_Z;Corner_X-YZ_X;Corner_X-YZ_Y;Corner_X-YZ_Z;Corner_X-Y-Z_X;Corner_X-Y-Z_Y;Corner_X-Y-Z_Z;Corner_-XYZ_X;Corner_-XYZ_Y;Corner_-XYZ_Z;Corner_-XY-Z_X;Corner_-XY-Z_Y;Corner_-XY-Z_Z;Corner_-X-YZ_X;Corner_-X-YZ_Y;Corner_-X-YZ_Z;Corner_-X-Y-Z_X;Corner_-X-Y-Z_Y;Corner_-X-Y-Z_Z;BBox_2D_XPos;BBox_2D_YPos;Corner_2D_XYZ_X;Corner_2D_XYZ_Y;Corner_2D_XY-Z_X;Corner_2D_XY-Z_Y;Corner_2D_X-YZ_X;Corner_2D_X-YZ_Y;Corner_2D_X-Y-Z_X;Corner_2D_X-Y-Z_Y;Corner_2D_-XYZ_X;Corner_2D_-XYZ_Y;Corner_-2D_XY-Z_X;Corner_2D_-XY-Z_Y;Corner_2D_-X-YZ_X;Corner_2D_-X-YZ_Y;Corner_2D_-X-Y-Z_X;Corner_2D_-X-Y-Z_Y;
J0:19:18:42:731;Hatchback_Car_AI_C_0;211;39320.910156;-72988.710938;-54461.671875;839;610;667.454041;0.107775;-0.992422;-0.059015;39322.613281;-73007.273438;-54383.636719;204.0;92.0;76.0;39436.25;-73204.304688;-54319.449219;39435.875;-73195.320312;-54471.183594;39253.320312;-73224.132812;-54320.167969;39252.945312;-73215.148438;-54471.902344;39392.28125;-72799.398438;-54295.371094;39391.90625;-72790.414062;-54447.105469;39209.351562;-72819.226562;-54296.089844;39208.976562;-72810.242188;-54447.824219;839;604;827;599;827;610;832;597;832;608;847;599;847;610;851;597;851;608
J0:19:18:42:731;Hatchback_Car_AI_C_7;211;39015.273438;-69921.484375;-53879.433594;885;557;649.580994;0.064157;-0.965324;-0.253048;39017.628906;-69954.9375;-53806.546875;204.0;92.0;76.0;39123.914062;-70164.90625;-53784.789062;39121.109375;-70126.546875;-53931.84375;38940.328125;-70177.1875;-53784.492188;38937.523438;-70138.828125;-53931.546875;39097.734375;-69771.046875;-53681.546875;39094.929688;-69732.6875;-53828.601562;38914.148438;-69783.328125;-53681.25;38911.34375;-69744.96875;-53828.304688;885;552;877;551;877;553;879;550;879;553;891;551;891;553;893;550;893;553
