Time;ID;Cat;XPos;YPos;ZPos;2D_XPos;2D_YPos;Vel;XDir;YDir;ZDir;BBox_XPos;BBox_YPos;BBox_ZPos;BBox_Ext_X;BBox_Ext_Y;BBox_Ext_Z;Corner_XYZ_X;Corner_XYZ_Y;Corner_XYZ_Z;Corner_XY-Z_X;Corner_XY-Z_Y;Corner_XY-Z_Z;Corner_X-YZ_X;Corner_X-YZ_Y;Corner_X-YZ_Z;Corner_X-Y-Z_X;Corner_X-Y-Z_Y;Corner_X-Y-Z_Z;Corner_-XYZ_X;Corner_-XYZ_Y;Corner_-XYZ_Z;Corner_-XY-Z_X;Corner_-XY-Z_Y;Corner_-XY-Z_Z;Corner_-X-YZ_X;Corner_-X-YZ_Y;Corner_-X-YZ_Z;Corner_-X-Y-Z_X;Corner_-X-Y-Z_Y;Corner_-X-Y-Z_Z;BBox_2D_XPos;BBox_2D_YPos;Corner_2D_XYZ_X;Corner_2D_XYZ_Y;Corner_2D_XY-Z_X;Corner_2D_XY-Z_Y;Corner_2D_X-YZ_X;Corner_2D_X-YZ_Y;Corner_2D_X-Y-Z_X;Corner_2D_X-Y-Z_Y;Corner_2D_-XYZ_X;Corner_2D_-XYZ_Y;Corner_-2D_XY-Z_X;Corner_2D_-XY-Z_Y;Corner_2D_-X-YZ_X;Corner_2D_-X-YZ_Y;Corner_2D_-X-Y-Z_X;Corner_2D_-X-Y-Z_Y;
J0:19:19:04:325;Hatchback_Car_AI_C_0;211;39410.445312;-74170.476562;-54468.261719;817;619;663.054504;0.044721;-0.998464;0.032712;39411.105469;-74181.867188;-54388.847656;204.0;92.0;76.0;39512.171875;-74378.953125;-54306.390625;39512.101562;-74383.9375;-54458.3125;39328.359375;-74387.171875;-54306.039062;39328.289062;-74392.15625;-54457.960938;39493.921875;-73971.578125;-54319.734375;39493.851562;-73976.5625;-54471.65625;39310.109375;-73979.796875;-54319.382812;39310.039062;-73984.78125;-54471.304688;817;611;805;605;805;621;810;603;810;618;824;605;824;621;829;603;829;618
J0:19:19:04:325;Hatchback_Car_AI_C_7;211;39119.511719;-71116.578125;-54183.878906;871;580;670.494812;0.090187;-0.967201;-0.237464;39122.757812;-71148.773438;-54110.464844;204.0;92.0;76.0;39234.664062;-71355.421875;-54085.359375;39230.84375;-71319.53125;-54233.007812;39051.46875;-71372.640625;-54084.804688;39047.648438;-71336.75;-54232.453125;39197.867188;-70960.796875;-53988.476562;39194.046875;-70924.90625;-54136.125;39014.671875;-70978.015625;-53987.921875;39010.851562;-70942.125;-54135.570312;870;575;861;574;861;577;864;573;864;576;877;574;877;577;880;573;880;576
