Time;ID;Cat;XPos;YPos;ZPos;2D_XPos;2D_YPos;Vel;XDir;YDir;ZDir;BBox_XPos;BBox_YPos;BBox_ZPos;BBox_Ext_X;BBox_Ext_Y;BBox_Ext_Z;Corner_XYZ_X;Corner_XYZ_Y;Corner_XYZ_Z;Corner_XY-Z_X;Corner_XY-Z_Y;Corner_XY-Z_Z;Corner_X-YZ_X;Corner_X-YZ_Y;Corner_X-YZ_Z;Corner_X-Y-Z_X;Corner_X-Y-Z_Y;Corner_X-Y-Z_Z;Corner_-XYZ_X;Corner_-XYZ_Y;Corner_-XYZ_Z;Corner_-XY-Z_X;Corner_-XY-Z_Y;Corner_-XY-Z_Z;Corner_-X-YZ_X;Corner_-X-YZ_Y;Corner_-X-YZ_Z;Corner_-X-Y-Z_X;Corner_-X-Y-Z_Y;Corner_-X-Y-Z_Z;BBox_2D_XPos;BBox_2D_YPos;Corner_2D_XYZ_X;Corner_2D_XYZ_Y;Corner_2D_XY-Z_X;Corner_2D_XY-Z_Y;Corner_2D_X-YZ_X;Corner_2D_X-YZ_Y;Corner_2D_X-Y-Z_X;Corner_2D_X-Y-Z_Y;Corner_2D_-XYZ_X;Corner_2D_-XYZ_Y;Corner_-2D_XY-Z_X;Corner_2D_-XY-Z_Y;Corner_2D_-X-YZ_X;Corner_2D_-X-YZ_Y;Corner_2D_-X-Y-Z_X;Corner_2D_-X-Y-Z_Y;
J0:19:19:28:731;Hatchback_Car_AI_C_0;211;39410.292969;-75349.890625;-54426.34375;799;625;435.246643;-0.034893;-0.999152;0.021851;39409.839844;-75362.15625;-54347.058594;204.0;92.0;76.0;39494.703125;-75567.53125;-54266.59375;39494.632812;-75570.859375;-54418.554688;39310.8125;-75561.109375;-54266.648438;39310.742188;-75564.4375;-54418.609375;39508.9375;-75159.875;-54275.507812;39508.867188;-75163.203125;-54427.46875;39325.046875;-75153.453125;-54275.5625;39324.976562;-75156.78125;-54427.523438;799;616;786;609;786;627;793;606;793;623;804;609;804;627;811;606;811;623
J0:19:19:28:731;Hatchback_Car_AI_C_7;211;39260.414062;-72459.59375;-54418.722656;850;603;671.211365;0.114305;-0.987403;-0.109403;39262.5625;-72482.054688;-54341.730469;204.0;92.0;76.0;39377.800781;-72681.273438;-54287.984375;39376.746094;-72664.648438;-54439.070312;39195.011719;-72702.320312;-54289.023438;39193.957031;-72685.695312;-54440.109375;39331.167969;-72278.414062;-54243.351562;39330.113281;-72261.789062;-54394.4375;39148.378906;-72299.460938;-54244.390625;39147.324219;-72282.835938;-54395.476562;849;597;838;594;838;603;842;592;842;601;857;594;857;603;860;592;860;601
