Time;ID;Cat;XPos;YPos;ZPos;2D_XPos;2D_YPos;Vel;XDir;YDir;ZDir;BBox_XPos;BBox_YPos;BBox_ZPos;BBox_Ext_X;BBox_Ext_Y;BBox_Ext_Z;Corner_XYZ_X;Corner_XYZ_Y;Corner_XYZ_Z;Corner_XY-Z_X;Corner_XY-Z_Y;Corner_XY-Z_Z;Corner_X-YZ_X;Corner_X-YZ_Y;Corner_X-YZ_Z;Corner_X-Y-Z_X;Corner_X-Y-Z_Y;Corner_X-Y-Z_Z;Corner_-XYZ_X;Corner_-XYZ_Y;Corner_-XYZ_Z;Corner_-XY-Z_X;Corner_-XY-Z_Y;Corner_-XY-Z_Z;Corner_-X-YZ_X;Corner_-X-YZ_Y;Corner_-X-YZ_Z;Corner_-X-Y-Z_X;Corner_-X-Y-Z_Y;Corner_-X-Y-Z_Z;BBox_2D_XPos;BBox_2D_YPos;Corner_2D_XYZ_X;Corner_2D_XYZ_Y;Corner_2D_XY-Z_X;Corner_2D_XY-Z_Y;Corner_2D_X-YZ_X;Corner_2D_X-YZ_Y;Corner_2D_X-Y-Z_X;Corner_2D_X-Y-Z_Y;Corner_2D_-XYZ_X;Corner_2D_-XYZ_Y;Corner_-2D_XY-Z_X;Corner_2D_-XY-Z_Y;Corner_2D_-X-YZ_X;Corner_2D_-X-YZ_Y;Corner_2D_-X-Y-Z_X;Corner_2D_-X-Y-Z_Y;
J0:19:18:47:928;Hatchback_Car_AI_C_0;211;39349.363281;-73274.484375;-54473.960938;834;613;686.813416;0.097097;-0.994791;-0.031037;39350.785156;-73290.867188;-54395.433594;204.0;92.0;76.0;39462.222656;-73487.242188;-54325.597656;39462.097656;-73482.507812;-54477.527344;39279.089844;-73505.101562;-54326.003906;39278.964844;-73500.367188;-54477.933594;39422.605469;-73081.367188;-54312.933594;39422.480469;-73076.632812;-54464.863281;39239.472656;-73099.226562;-54313.339844;39239.347656;-73094.492188;-54465.269531;834;606;822;601;822;614;826;599;826;611;841;601;841;614;845;599;845;611
J0:19:18:47:928;Hatchback_Car_AI_C_7;211;39037.101562;-70209.039062;-53953.808594;882;562;705.350098;0.076713;-0.964572;-0.252421;39039.84375;-70242.414062;-53880.902344;204.0;92.0;76.0;39148.804688;-70450.984375;-53858.957031;39145.59375;-70412.75;-54006.035156;38965.390625;-70465.625;-53858.753906;38962.179688;-70427.390625;-54005.832031;39117.507812;-70057.4375;-53755.972656;39114.296875;-70019.203125;-53903.050781;38934.09375;-70072.078125;-53755.769531;38930.882812;-70033.84375;-53902.847656;882;557;873;556;873;559;876;555;876;558;888;556;888;559;890;555;890;558
