Time;ID;Cat;XPos;YPos;ZPos;2D_XPos;2D_YPos;Vel;XDir;YDir;ZDir;BBox_XPos;BBox_YPos;BBox_ZPos;BBox_Ext_X;BBox_Ext_Y;BBox_Ext_Z;Corner_XYZ_X;Corner_XYZ_Y;Corner_XYZ_Z;Corner_XY-Z_X;Corner_XY-Z_Y;Corner_XY-Z_Z;Corner_X-YZ_X;Corner_X-YZ_Y;Corner_X-YZ_Z;Corner_X-Y-Z_X;Corner_X-Y-Z_Y;Corner_X-Y-Z_Z;Corner_-XYZ_X;Corner_-XYZ_Y;Corner_-XYZ_Z;Corner_-XY-Z_X;Corner_-XY-Z_Y;Corner_-XY-Z_Z;Corner_-X-YZ_X;Corner_-X-YZ_Y;Corner_-X-YZ_Z;Corner_-X-Y-Z_X;Corner_-X-Y-Z_Y;Corner_-X-Y-Z_Z;BBox_2D_XPos;BBox_2D_YPos;Corner_2D_XYZ_X;Corner_2D_XYZ_Y;Corner_2D_XY-Z_X;Corner_2D_XY-Z_Y;Corner_2D_X-YZ_X;Corner_2D_X-YZ_Y;Corner_2D_X-Y-Z_X;Corner_2D_X-Y-Z_Y;Corner_2D_-XYZ_X;Corner_2D_-XYZ_Y;Corner_-2D_XY-Z_X;Corner_2D_-XY-Z_Y;Corner_2D_-X-YZ_X;Corner_2D_-X-YZ_Y;Corner_2D_-X-Y-Z_X;Corner_2D_-X-Y-Z_Y;
J0:19:19:05:931;Hatchback_Car_AI_C_0;211;39413.5;-74258.0;-54465.34375;816;619;666.589661;0.039032;-0.998597;0.035792;39414.082031;-74269.148438;-54385.894531;204.0;92.0;76.0;39514.007812;-74466.546875;-54302.8125;39513.9375;-74472.0;-54454.71875;39330.148438;-74473.71875;-54302.46875;39330.078125;-74479.171875;-54454.375;39498.085938;-74059.125;-54317.414062;39498.015625;-74064.578125;-54469.320312;39314.226562;-74066.296875;-54317.070312;39314.15625;-74071.75;-54468.976562;816;612;803;605;803;621;809;603;809;618;822;605;822;621;828;603;828;618
J0:19:19:05:931;Hatchback_Car_AI_C_7;211;39127.980469;-71204.78125;-54204.6875;870;582;701.772705;0.09186;-0.96854;-0.231284;39131.207031;-71236.507812;-54131.066406;204.0;92.0;76.0;39243.394531;-71442.828125;-54104.554688;39239.660156;-71407.875;-54252.429688;39060.230469;-71460.3125;-54104.070312;39056.496094;-71425.359375;-54251.945312;39205.917969;-71047.65625;-54010.1875;39202.183594;-71012.703125;-54158.0625;39022.753906;-71065.140625;-54009.703125;39019.019531;-71030.1875;-54157.578125;869;577;860;575;860;579;863;574;863;578;876;575;876;579;879;574;879;578
