Time;ID;Cat;XPos;YPos;ZPos;2D_XPos;2D_YPos;Vel;XDir;YDir;ZDir;BBox_XPos;BBox_YPos;BBox_ZPos;BBox_Ext_X;BBox_Ext_Y;BBox_Ext_Z;Corner_XYZ_X;Corner_XYZ_Y;Corner_XYZ_Z;Corner_XY-Z_X;Corner_XY-Z_Y;Corner_XY-Z_Z;Corner_X-YZ_X;Corner_X-YZ_Y;Corner_X-YZ_Z;Corner_X-Y-Z_X;Corner_X-Y-Z_Y;Corner_X-Y-Z_Z;Corner_-XYZ_X;Corner_-XYZ_Y;Corner_-XYZ_Z;Corner_-XY-Z_X;Corner_-XY-Z_Y;Corner_-XY-Z_Z;Corner_-X-YZ_X;Corner_-X-YZ_Y;Corner_-X-YZ_Z;Corner_-X-Y-Z_X;Corner_-X-Y-Z_Y;Corner_-X-Y-Z_Z;BBox_2D_XPos;BBox_2D_YPos;Corner_2D_XYZ_X;Corner_2D_XYZ_Y;Corner_2D_XY-Z_X;Corner_2D_XY-Z_Y;Corner_2D_X-YZ_X;Corner_2D_X-YZ_Y;Corner_2D_X-Y-Z_X;Corner_2D_X-Y-Z_Y;Corner_2D_-XYZ_X;Corner_2D_-XYZ_Y;Corner_-2D_XY-Z_X;Corner_2D_-XY-Z_Y;Corner_2D_-X-YZ_X;Corner_2D_-X-YZ_Y;Corner_2D_-X-Y-Z_X;Corner_2D_-X-Y-Z_Y;
J0:19:19:34:328;Hatchback_Car_AI_C_0;211;39401.226562;-75536.890625;-54423.542969;796;626;373.106323;-0.049415;-0.998734;0.009396;39400.546875;-75550.132812;-54344.414062;204.0;92.0;76.0;39482.363281;-75757.710938;-54266.472656;39482.339844;-75759.132812;-54418.464844;39298.589844;-75748.617188;-54266.527344;39298.566406;-75750.039062;-54418.519531;39502.527344;-75350.226562;-54270.308594;39502.503906;-75351.648438;-54422.300781;39318.753906;-75341.132812;-54270.363281;39318.730469;-75342.554688;-54422.355469;796;618;783;611;783;628;791;608;791;624;801;611;801;628;809;608;809;624
J0:19:19:34:328;Hatchback_Car_AI_C_7;211;39295.011719;-72765.195312;-54446.777344;844;607;656.015869;0.112649;-0.990384;-0.080309;39296.921875;-72785.40625;-54369.15625;204.0;92.0;76.0;39411.636719;-72983.195312;-54309.335938;39410.996094;-72970.976562;-54460.84375;39228.808594;-73003.914062;-54310.234375;39228.167969;-72991.695312;-54461.742188;39365.675781;-72579.117188;-54276.570312;39365.035156;-72566.898438;-54428.078125;39182.847656;-72599.835938;-54277.46875;39182.207031;-72587.617188;-54428.976562;844;601;832;597;832;607;836;595;836;605;851;597;851;607;855;595;855;605
