Time;ID;Cat;XPos;YPos;ZPos;2D_XPos;2D_YPos;Vel;XDir;YDir;ZDir;BBox_XPos;BBox_YPos;BBox_ZPos;BBox_Ext_X;BBox_Ext_Y;BBox_Ext_Z;Corner_XYZ_X;Corner_XYZ_Y;Corner_XYZ_Z;Corner_XY-Z_X;Corner_XY-Z_Y;Corner_XY-Z_Z;Corner_X-YZ_X;Corner_X-YZ_Y;Corner_X-YZ_Z;Corner_X-Y-Z_X;Corner_X-Y-Z_Y;Corner_X-Y-Z_Z;Corner_-XYZ_X;Corner_-XYZ_Y;Corner_-XYZ_Z;Corner_-XY-Z_X;Corner_-XY-Z_Y;Corner_-XY-Z_Z;Corner_-X-YZ_X;Corner_-X-YZ_Y;Corner_-X-YZ_Z;Corner_-X-Y-Z_X;Corner_-X-Y-Z_Y;Corner_-X-Y-Z_Z;BBox_2D_XPos;BBox_2D_YPos;Corner_2D_XYZ_X;Corner_2D_XYZ_Y;Corner_2D_XY-Z_X;Corner_2D_XY-Z_Y;Corner_2D_X-YZ_X;Corner_2D_X-YZ_Y;Corner_2D_X-Y-Z_X;Corner_2D_X-Y-Z_Y;Corner_2D_-XYZ_X;Corner_2D_-XYZ_Y;Corner_-2D_XY-Z_X;Corner_2D_-XY-Z_Y;Corner_2D_-X-YZ_X;Corner_2D_-X-YZ_Y;Corner_2D_-X-Y-Z_X;Corner_2D_-X-Y-Z_Y;
J0:19:18:37:528;Hatchback_Car_AI_C_0;211;39288.84375;-72699.59375;-54441.652344;845;607;631.36145;0.112824;-0.989669;-0.088463;39290.789062;-72720.4375;-54364.203125;204.0;92.0;76.0;39405.570312;-72918.679688;-54306.054688;39404.859375;-72905.226562;-54457.453125;39222.75;-72939.429688;-54307.046875;39222.039062;-72925.976562;-54458.445312;39359.539062;-72514.898438;-54269.960938;39358.828125;-72501.445312;-54421.359375;39176.71875;-72535.648438;-54270.953125;39176.007812;-72522.195312;-54422.351562;845;600;833;597;833;606;837;595;837;604;852;597;852;606;856;595;856;604
J0:19:18:37:528;Hatchback_Car_AI_C_7;211;38997.421875;-69639.71875;-53807.230469;888;552;703.400024;0.051126;-0.967728;-0.246756;38999.257812;-69672.726562;-53734.128906;204.0;92.0;76.0;39102.636719;-69883.984375;-53710.921875;39100.480469;-69846.53125;-53858.21875;38918.894531;-69893.75;-53710.71875;38916.738281;-69856.296875;-53858.015625;39081.777344;-69489.15625;-53610.242188;39079.621094;-69451.703125;-53757.539062;38898.035156;-69498.921875;-53610.039062;38895.878906;-69461.46875;-53757.335938;887;547;880;545;880;548;882;545;882;548;893;545;893;548;895;545;895;548
