Time;ID;Cat;XPos;YPos;ZPos;2D_XPos;2D_YPos;Vel;XDir;YDir;ZDir;BBox_XPos;BBox_YPos;BBox_ZPos;BBox_Ext_X;BBox_Ext_Y;BBox_Ext_Z;Corner_XYZ_X;Corner_XYZ_Y;Corner_XYZ_Z;Corner_XY-Z_X;Corner_XY-Z_Y;Corner_XY-Z_Z;Corner_X-YZ_X;Corner_X-YZ_Y;Corner_X-YZ_Z;Corner_X-Y-Z_X;Corner_X-Y-Z_Y;Corner_X-Y-Z_Z;Corner_-XYZ_X;Corner_-XYZ_Y;Corner_-XYZ_Z;Corner_-XY-Z_X;Corner_-XY-Z_Y;Corner_-XY-Z_Z;Corner_-X-YZ_X;Corner_-X-YZ_Y;Corner_-X-YZ_Z;Corner_-X-Y-Z_X;Corner_-X-Y-Z_Y;Corner_-X-Y-Z_Z;BBox_2D_XPos;BBox_2D_YPos;Corner_2D_XYZ_X;Corner_2D_XYZ_Y;Corner_2D_XY-Z_X;Corner_2D_XY-Z_Y;Corner_2D_X-YZ_X;Corner_2D_X-YZ_Y;Corner_2D_X-Y-Z_X;Corner_2D_X-Y-Z_Y;Corner_2D_-XYZ_X;Corner_2D_-XYZ_Y;Corner_-2D_XY-Z_X;Corner_2D_-XY-Z_Y;Corner_2D_-X-YZ_X;Corner_2D_-X-YZ_Y;Corner_2D_-X-Y-Z_X;Corner_2D_-X-Y-Z_Y;
J0:19:18:47:529;Hatchback_Car_AI_C_0;211;39347.199219;-73251.5625;-54473.214844;834;613;667.401062;0.099632;-0.994434;-0.034278;39348.699219;-73268.195312;-54394.742188;204.0;92.0;76.0;39460.667969;-73464.507812;-54325.585938;39460.464844;-73459.289062;-54477.5;39277.582031;-73482.835938;-54325.96875;39277.378906;-73477.617188;-54477.882812;39420.019531;-73058.773438;-54311.601562;39419.816406;-73053.554688;-54463.515625;39236.933594;-73077.101562;-54311.984375;39236.730469;-73071.882812;-54463.898438;834;606;822;601;822;613;827;599;827;611;842;601;842;613;846;599;846;611
J0:19:18:47:529;Hatchback_Car_AI_C_7;211;39035.230469;-70186.375;-53947.914062;882;562;715.151062;0.074613;-0.964856;-0.251963;39037.933594;-70219.71875;-53874.992188;204.0;92.0;76.0;39146.472656;-70428.5;-53852.988281;39143.285156;-70390.328125;-54000.082031;38963.027344;-70442.765625;-53852.707031;38959.839844;-70404.59375;-53999.800781;39116.027344;-70034.84375;-53750.183594;39112.839844;-69996.671875;-53897.277344;38932.582031;-70049.109375;-53749.902344;38929.394531;-70010.9375;-53896.996094;882;557;873;555;873;558;876;555;876;558;888;555;888;558;890;555;890;558
