Time;ID;Cat;XPos;YPos;ZPos;2D_XPos;2D_YPos;Vel;XDir;YDir;ZDir;BBox_XPos;BBox_YPos;BBox_ZPos;BBox_Ext_X;BBox_Ext_Y;BBox_Ext_Z;Corner_XYZ_X;Corner_XYZ_Y;Corner_XYZ_Z;Corner_XY-Z_X;Corner_XY-Z_Y;Corner_XY-Z_Z;Corner_X-YZ_X;Corner_X-YZ_Y;Corner_X-YZ_Z;Corner_X-Y-Z_X;Corner_X-Y-Z_Y;Corner_X-Y-Z_Z;Corner_-XYZ_X;Corner_-XYZ_Y;Corner_-XYZ_Z;Corner_-XY-Z_X;Corner_-XY-Z_Y;Corner_-XY-Z_Z;Corner_-X-YZ_X;Corner_-X-YZ_Y;Corner_-X-YZ_Z;Corner_-X-Y-Z_X;Corner_-X-Y-Z_Y;Corner_-X-Y-Z_Z;BBox_2D_XPos;BBox_2D_YPos;Corner_2D_XYZ_X;Corner_2D_XYZ_Y;Corner_2D_XY-Z_X;Corner_2D_XY-Z_Y;Corner_2D_X-YZ_X;Corner_2D_X-YZ_Y;Corner_2D_X-Y-Z_X;Corner_2D_X-Y-Z_Y;Corner_2D_-XYZ_X;Corner_2D_-XYZ_Y;Corner_-2D_XY-Z_X;Corner_2D_-XY-Z_Y;Corner_2D_-X-YZ_X;Corner_2D_-X-YZ_Y;Corner_2D_-X-Y-Z_X;Corner_2D_-X-Y-Z_Y;
J0:19:19:14:733;Hatchback_Car_AI_C_0;211;39421.496094;-74747.835938;-54445.789062;808;621;677.575989;0.007832;-0.999097;0.041759;39421.679688;-74758.523438;-54366.273438;204.0;92.0;76.0;39515.347656;-74958.445312;-54281.9375;39515.199219;-74964.789062;-54433.804688;39331.355469;-74959.882812;-54281.703125;39331.207031;-74966.226562;-54433.570312;39512.152344;-74550.820312;-54298.976562;39512.003906;-74557.164062;-54450.84375;39328.160156;-74552.257812;-54298.742188;39328.011719;-74558.601562;-54450.609375;808;613;795;607;795;624;801;604;801;620;814;607;814;624;820;604;820;620
J0:19:19:14:733;Hatchback_Car_AI_C_7;211;39177.410156;-71693.890625;-54307.625;863;591;648.740662;0.098183;-0.977659;-0.185858;39180.167969;-71722.195312;-54232.601562;204.0;92.0;76.0;39293.070312;-71926.53125;-54195.742188;39290.414062;-71898.40625;-54345.09375;39109.984375;-71944.875;-54195.9375;39107.328125;-71916.75;-54345.289062;39253.007812;-71527.640625;-54119.914062;39250.351562;-71499.515625;-54269.265625;39069.921875;-71545.984375;-54120.109375;39067.265625;-71517.859375;-54269.460938;862;586;852;584;852;589;855;582;855;588;869;584;869;589;872;582;872;588
