Time;ID;Cat;XPos;YPos;ZPos;2D_XPos;2D_YPos;Vel;XDir;YDir;ZDir;BBox_XPos;BBox_YPos;BBox_ZPos;BBox_Ext_X;BBox_Ext_Y;BBox_Ext_Z;Corner_XYZ_X;Corner_XYZ_Y;Corner_XYZ_Z;Corner_XY-Z_X;Corner_XY-Z_Y;Corner_XY-Z_Z;Corner_X-YZ_X;Corner_X-YZ_Y;Corner_X-YZ_Z;Corner_X-Y-Z_X;Corner_X-Y-Z_Y;Corner_X-Y-Z_Z;Corner_-XYZ_X;Corner_-XYZ_Y;Corner_-XYZ_Z;Corner_-XY-Z_X;Corner_-XY-Z_Y;Corner_-XY-Z_Z;Corner_-X-YZ_X;Corner_-X-YZ_Y;Corner_-X-YZ_Z;Corner_-X-Y-Z_X;Corner_-X-Y-Z_Y;Corner_-X-Y-Z_Z;BBox_2D_XPos;BBox_2D_YPos;Corner_2D_XYZ_X;Corner_2D_XYZ_Y;Corner_2D_XY-Z_X;Corner_2D_XY-Z_Y;Corner_2D_X-YZ_X;Corner_2D_X-YZ_Y;Corner_2D_X-Y-Z_X;Corner_2D_X-Y-Z_Y;Corner_2D_-XYZ_X;Corner_2D_-XYZ_Y;Corner_-2D_XY-Z_X;Corner_2D_-XY-Z_Y;Corner_2D_-X-YZ_X;Corner_2D_-X-YZ_Y;Corner_2D_-X-Y-Z_X;Corner_2D_-X-Y-Z_Y;
J0:19:19:19:930;Hatchback_Car_AI_C_0;211;39420.023438;-74999.570312;-54436.4375;804;623;499.262573;-0.010361;-0.999412;0.032685;39419.960938;-75010.984375;-54357.023438;204.0;92.0;76.0;39509.921875;-75213.335938;-54274.457031;39509.765625;-75218.304688;-54426.378906;39325.929688;-75211.429688;-54274.332031;39325.773438;-75216.398438;-54426.253906;39514.148438;-74805.570312;-54287.792969;39513.992188;-74810.539062;-54439.714844;39330.15625;-74803.664062;-54287.667969;39330.0;-74808.632812;-54439.589844;804;615;791;608;791;625;798;605;798;621;810;608;810;625;816;605;816;621
J0:19:19:19:930;Hatchback_Car_AI_C_7;211;39207.484375;-71979.21875;-54355.765625;858;596;672.36145;0.105776;-0.982055;-0.156142;39209.980469;-72005.265625;-54279.921875;204.0;92.0;76.0;39324.011719;-72207.632812;-54236.355469;39322.058594;-72183.976562;-54386.488281;39141.058594;-72227.226562;-54237.058594;39139.105469;-72203.570312;-54387.191406;39280.855469;-71806.960938;-54172.652344;39278.902344;-71783.304688;-54322.785156;39097.902344;-71826.554688;-54173.355469;39095.949219;-71802.898438;-54323.488281;858;590;847;588;847;595;851;586;851;593;865;588;865;595;868;586;868;593
