Time;ID;Cat;XPos;YPos;ZPos;2D_XPos;2D_YPos;Vel;XDir;YDir;ZDir;BBox_XPos;BBox_YPos;BBox_ZPos;BBox_Ext_X;BBox_Ext_Y;BBox_Ext_Z;Corner_XYZ_X;Corner_XYZ_Y;Corner_XYZ_Z;Corner_XY-Z_X;Corner_XY-Z_Y;Corner_XY-Z_Z;Corner_X-YZ_X;Corner_X-YZ_Y;Corner_X-YZ_Z;Corner_X-Y-Z_X;Corner_X-Y-Z_Y;Corner_X-Y-Z_Z;Corner_-XYZ_X;Corner_-XYZ_Y;Corner_-XYZ_Z;Corner_-XY-Z_X;Corner_-XY-Z_Y;Corner_-XY-Z_Z;Corner_-X-YZ_X;Corner_-X-YZ_Y;Corner_-X-YZ_Z;Corner_-X-Y-Z_X;Corner_-X-Y-Z_Y;Corner_-X-Y-Z_Z;BBox_2D_XPos;BBox_2D_YPos;Corner_2D_XYZ_X;Corner_2D_XYZ_Y;Corner_2D_XY-Z_X;Corner_2D_XY-Z_Y;Corner_2D_X-YZ_X;Corner_2D_X-YZ_Y;Corner_2D_X-Y-Z_X;Corner_2D_X-Y-Z_Y;Corner_2D_-XYZ_X;Corner_2D_-XYZ_Y;Corner_-2D_XY-Z_X;Corner_2D_-XY-Z_Y;Corner_2D_-X-YZ_X;Corner_2D_-X-YZ_Y;Corner_2D_-X-Y-Z_X;Corner_2D_-X-Y-Z_Y;
J0:19:18:43:131;Hatchback_Car_AI_C_0;211;39323.1875;-73010.34375;-54462.914062;839;610;651.5354;0.105349;-0.99277;-0.057523;39324.863281;-73028.789062;-54384.851562;204.0;92.0;76.0;39438.035156;-73226.0;-54320.386719;39437.652344;-73217.25;-54472.136719;39255.058594;-73245.375;-54321.035156;39254.675781;-73236.625;-54472.785156;39395.050781;-72820.953125;-54296.917969;39394.667969;-72812.203125;-54448.667969;39212.074219;-72840.328125;-54297.566406;39211.691406;-72831.578125;-54449.316406;839;604;827;599;827;610;831;597;831;608;846;599;846;610;850;597;850;608
J0:19:18:43:131;Hatchback_Car_AI_C_7;211;39016.777344;-69942.054688;-53884.785156;885;557;639.940674;0.066815;-0.965005;-0.253576;39019.175781;-69975.546875;-53811.917969;204.0;92.0;76.0;39125.988281;-70185.25;-53790.222656;39123.175781;-70146.8125;-53937.253906;38942.433594;-70198.0;-53790.042969;38939.621094;-70159.5625;-53937.074219;39098.730469;-69791.53125;-53686.761719;39095.917969;-69753.09375;-53833.792969;38915.175781;-69804.28125;-53686.582031;38912.363281;-69765.84375;-53833.613281;885;552;876;551;876;554;879;551;879;553;891;551;891;554;893;551;893;553
