Time;ID;Cat;XPos;YPos;ZPos;2D_XPos;2D_YPos;Vel;XDir;YDir;ZDir;BBox_XPos;BBox_YPos;BBox_ZPos;BBox_Ext_X;BBox_Ext_Y;BBox_Ext_Z;Corner_XYZ_X;Corner_XYZ_Y;Corner_XYZ_Z;Corner_XY-Z_X;Corner_XY-Z_Y;Corner_XY-Z_Z;Corner_X-YZ_X;Corner_X-YZ_Y;Corner_X-YZ_Z;Corner_X-Y-Z_X;Corner_X-Y-Z_Y;Corner_X-Y-Z_Z;Corner_-XYZ_X;Corner_-XYZ_Y;Corner_-XYZ_Z;Corner_-XY-Z_X;Corner_-XY-Z_Y;Corner_-XY-Z_Z;Corner_-X-YZ_X;Corner_-X-YZ_Y;Corner_-X-YZ_Z;Corner_-X-Y-Z_X;Corner_-X-Y-Z_Y;Corner_-X-Y-Z_Z;BBox_2D_XPos;BBox_2D_YPos;Corner_2D_XYZ_X;Corner_2D_XYZ_Y;Corner_2D_XY-Z_X;Corner_2D_XY-Z_Y;Corner_2D_X-YZ_X;Corner_2D_X-YZ_Y;Corner_2D_X-Y-Z_X;Corner_2D_X-Y-Z_Y;Corner_2D_-XYZ_X;Corner_2D_-XYZ_Y;Corner_-2D_XY-Z_X;Corner_2D_-XY-Z_Y;Corner_2D_-X-YZ_X;Corner_2D_-X-YZ_Y;Corner_2D_-X-Y-Z_X;Corner_2D_-X-Y-Z_Y;
J0:19:19:07:530;Hatchback_Car_AI_C_0;211;39416.175781;-74346.734375;-54462.058594;814;620;676.173584;0.032574;-0.998721;0.038672;39416.683594;-74357.65625;-54382.578125;204.0;92.0;76.0;39515.328125;-74555.460938;-54298.921875;39515.226562;-74561.351562;-54450.804688;39331.429688;-74561.445312;-54298.570312;39331.328125;-74567.335938;-54450.453125;39502.039062;-74147.976562;-54314.703125;39501.9375;-74153.867188;-54466.585938;39318.140625;-74153.960938;-54314.351562;39318.039062;-74159.851562;-54466.234375;814;612;802;605;802;622;808;603;808;619;821;605;821;622;826;603;826;619
J0:19:19:07:530;Hatchback_Car_AI_C_7;211;39136.660156;-71294.476562;-54225.253906;868;584;690.230713;0.094068;-0.969842;-0.224849;39139.839844;-71325.71875;-54151.425781;204.0;92.0;76.0;39252.390625;-71531.640625;-54123.410156;39248.804688;-71497.65625;-54271.519531;39069.257812;-71549.484375;-54123.074219;39065.671875;-71515.5;-54271.183594;39214.007812;-71135.9375;-54031.667969;39210.421875;-71101.953125;-54179.777344;39030.875;-71153.78125;-54031.332031;39027.289062;-71119.796875;-54179.441406;868;578;858;577;858;581;861;576;861;580;875;577;875;581;878;576;878;580
