Time;ID;Cat;XPos;YPos;ZPos;2D_XPos;2D_YPos;Vel;XDir;YDir;ZDir;BBox_XPos;BBox_YPos;BBox_ZPos;BBox_Ext_X;BBox_Ext_Y;BBox_Ext_Z;Corner_XYZ_X;Corner_XYZ_Y;Corner_XYZ_Z;Corner_XY-Z_X;Corner_XY-Z_Y;Corner_XY-Z_Z;Corner_X-YZ_X;Corner_X-YZ_Y;Corner_X-YZ_Z;Corner_X-Y-Z_X;Corner_X-Y-Z_Y;Corner_X-Y-Z_Z;Corner_-XYZ_X;Corner_-XYZ_Y;Corner_-XYZ_Z;Corner_-XY-Z_X;Corner_-XY-Z_Y;Corner_-XY-Z_Z;Corner_-X-YZ_X;Corner_-X-YZ_Y;Corner_-X-YZ_Z;Corner_-X-Y-Z_X;Corner_-X-Y-Z_Y;Corner_-X-Y-Z_Z;BBox_2D_XPos;BBox_2D_YPos;Corner_2D_XYZ_X;Corner_2D_XYZ_Y;Corner_2D_XY-Z_X;Corner_2D_XY-Z_Y;Corner_2D_X-YZ_X;Corner_2D_X-YZ_Y;Corner_2D_X-Y-Z_X;Corner_2D_X-Y-Z_Y;Corner_2D_-XYZ_X;Corner_2D_-XYZ_Y;Corner_-2D_XY-Z_X;Corner_2D_-XY-Z_Y;Corner_2D_-X-YZ_X;Corner_2D_-X-YZ_Y;Corner_2D_-X-Y-Z_X;Corner_2D_-X-Y-Z_Y;
J0:19:18:39:533;Hatchback_Car_AI_C_0;211;39301.171875;-72808.75;-54450.113281;843;608;672.328125;0.112977;-0.990743;-0.075267;39303.046875;-72828.570312;-54372.390625;204.0;92.0;76.0;39417.785156;-73026.015625;-54311.515625;39417.222656;-73014.5625;-54463.085938;39234.964844;-73046.796875;-54312.40625;39234.402344;-73035.34375;-54463.976562;39371.691406;-72621.796875;-54280.804688;39371.128906;-72610.34375;-54432.375;39188.871094;-72642.578125;-54281.695312;39188.308594;-72631.125;-54433.265625;843;602;831;598;831;608;835;596;835;606;850;598;850;608;854;596;854;606
J0:19:18:39:533;Hatchback_Car_AI_C_7;211;39003.628906;-69748.15625;-53834.914062;887;553;653.480774;0.056672;-0.966362;-0.250862;39005.691406;-69781.460938;-53761.953125;204.0;92.0;76.0;39110.3125;-69992.210938;-53739.679688;39107.875;-69954.164062;-53886.820312;38926.632812;-70003.039062;-53739.4375;38924.195312;-69964.992188;-53886.578125;39087.1875;-69597.929688;-53637.328125;39084.75;-69559.882812;-53784.46875;38903.507812;-69608.757812;-53637.085938;38901.070312;-69570.710938;-53784.226562;886;549;878;547;878;550;881;547;881;550;892;547;892;550;894;547;894;550
