Time;ID;Cat;XPos;YPos;ZPos;2D_XPos;2D_YPos;Vel;XDir;YDir;ZDir;BBox_XPos;BBox_YPos;BBox_ZPos;BBox_Ext_X;BBox_Ext_Y;BBox_Ext_Z;Corner_XYZ_X;Corner_XYZ_Y;Corner_XYZ_Z;Corner_XY-Z_X;Corner_XY-Z_Y;Corner_XY-Z_Z;Corner_X-YZ_X;Corner_X-YZ_Y;Corner_X-YZ_Z;Corner_X-Y-Z_X;Corner_X-Y-Z_Y;Corner_X-Y-Z_Z;Corner_-XYZ_X;Corner_-XYZ_Y;Corner_-XYZ_Z;Corner_-XY-Z_X;Corner_-XY-Z_Y;Corner_-XY-Z_Z;Corner_-X-YZ_X;Corner_-X-YZ_Y;Corner_-X-YZ_Z;Corner_-X-Y-Z_X;Corner_-X-Y-Z_Y;Corner_-X-Y-Z_Z;BBox_2D_XPos;BBox_2D_YPos;Corner_2D_XYZ_X;Corner_2D_XYZ_Y;Corner_2D_XY-Z_X;Corner_2D_XY-Z_Y;Corner_2D_X-YZ_X;Corner_2D_X-YZ_Y;Corner_2D_X-Y-Z_X;Corner_2D_X-Y-Z_Y;Corner_2D_-XYZ_X;Corner_2D_-XYZ_Y;Corner_-2D_XY-Z_X;Corner_2D_-XY-Z_Y;Corner_2D_-X-YZ_X;Corner_2D_-X-YZ_Y;Corner_2D_-X-Y-Z_X;Corner_2D_-X-Y-Z_Y;
J0:19:19:30:330;Hatchback_Car_AI_C_0;211;39407.875;-75406.289062;-54425.246094;798;625;418.099945;-0.039135;-0.999063;0.018445;39407.359375;-75418.820312;-54346.0;204.0;92.0;76.0;39491.335938;-75624.835938;-54266.21875;39491.273438;-75627.632812;-54418.195312;39307.476562;-75617.632812;-54266.28125;39307.414062;-75620.429688;-54418.257812;39507.304688;-75217.210938;-54273.742188;39507.242188;-75220.007812;-54425.71875;39323.445312;-75210.007812;-54273.804688;39323.382812;-75212.804688;-54425.78125;798;617;785;610;785;627;793;607;793;623;803;610;803;627;810;607;810;623
J0:19:19:30:330;Hatchback_Car_AI_C_7;211;39270.605469;-72548.75;-54427.835938;848;605;690.489746;0.114021;-0.988424;-0.100086;39272.675781;-72570.492188;-54350.636719;204.0;92.0;76.0;39387.789062;-72769.242188;-54294.933594;39386.882812;-72754.039062;-54446.167969;39204.992188;-72790.226562;-54295.941406;39204.085938;-72775.023438;-54447.175781;39341.265625;-72365.960938;-54254.097656;39340.359375;-72350.757812;-54405.332031;39158.46875;-72386.945312;-54255.105469;39157.5625;-72371.742188;-54406.339844;848;599;836;595;836;604;840;593;840;602;855;595;855;604;859;593;859;602
