Time;ID;Cat;XPos;YPos;ZPos;2D_XPos;2D_YPos;Vel;XDir;YDir;ZDir;BBox_XPos;BBox_YPos;BBox_ZPos;BBox_Ext_X;BBox_Ext_Y;BBox_Ext_Z;Corner_XYZ_X;Corner_XYZ_Y;Corner_XYZ_Z;Corner_XY-Z_X;Corner_XY-Z_Y;Corner_XY-Z_Z;Corner_X-YZ_X;Corner_X-YZ_Y;Corner_X-YZ_Z;Corner_X-Y-Z_X;Corner_X-Y-Z_Y;Corner_X-Y-Z_Z;Corner_-XYZ_X;Corner_-XYZ_Y;Corner_-XYZ_Z;Corner_-XY-Z_X;Corner_-XY-Z_Y;Corner_-XY-Z_Z;Corner_-X-YZ_X;Corner_-X-YZ_Y;Corner_-X-YZ_Z;Corner_-X-Y-Z_X;Corner_-X-Y-Z_Y;Corner_-X-Y-Z_Z;BBox_2D_XPos;BBox_2D_YPos;Corner_2D_XYZ_X;Corner_2D_XYZ_Y;Corner_2D_XY-Z_X;Corner_2D_XY-Z_Y;Corner_2D_X-YZ_X;Corner_2D_X-YZ_Y;Corner_2D_X-Y-Z_X;Corner_2D_X-Y-Z_Y;Corner_2D_-XYZ_X;Corner_2D_-XYZ_Y;Corner_-2D_XY-Z_X;Corner_2D_-XY-Z_Y;Corner_2D_-X-YZ_X;Corner_2D_-X-YZ_Y;Corner_2D_-X-Y-Z_X;Corner_2D_-X-Y-Z_Y;
J0:19:19:30:736;Hatchback_Car_AI_C_0;211;39407.246094;-75420.015625;-54425.007812;798;625;413.719666;-0.040186;-0.999039;0.017484;39406.707031;-75432.617188;-54345.773438;204.0;92.0;76.0;39490.457031;-75638.789062;-54266.183594;39490.410156;-75641.445312;-54418.160156;39306.605469;-75631.398438;-54266.253906;39306.558594;-75634.054688;-54418.230469;39506.855469;-75231.179688;-54273.316406;39506.808594;-75233.835938;-54425.292969;39323.003906;-75223.789062;-54273.386719;39322.957031;-75226.445312;-54425.363281;798;617;785;610;785;627;793;607;793;623;803;610;803;627;810;607;810;623
J0:19:19:30:736;Hatchback_Car_AI_C_7;211;39273.167969;-72571.085938;-54429.96875;848;605;675.439331;0.112233;-0.988784;-0.09854;39275.183594;-72592.710938;-54352.734375;204.0;92.0;76.0;39389.921875;-72791.585938;-54296.699219;39389.070312;-72776.601562;-54447.957031;39207.085938;-72812.242188;-54297.714844;39206.234375;-72797.257812;-54448.972656;39344.132812;-72388.164062;-54256.496094;39343.28125;-72373.179688;-54407.753906;39161.296875;-72408.820312;-54257.511719;39160.445312;-72393.835938;-54408.769531;847;599;836;595;836;604;840;593;840;602;855;595;855;604;858;593;858;602
