Time;ID;Cat;XPos;YPos;ZPos;2D_XPos;2D_YPos;Vel;XDir;YDir;ZDir;BBox_XPos;BBox_YPos;BBox_ZPos;BBox_Ext_X;BBox_Ext_Y;BBox_Ext_Z;Corner_XYZ_X;Corner_XYZ_Y;Corner_XYZ_Z;Corner_XY-Z_X;Corner_XY-Z_Y;Corner_XY-Z_Z;Corner_X-YZ_X;Corner_X-YZ_Y;Corner_X-YZ_Z;Corner_X-Y-Z_X;Corner_X-Y-Z_Y;Corner_X-Y-Z_Z;Corner_-XYZ_X;Corner_-XYZ_Y;Corner_-XYZ_Z;Corner_-XY-Z_X;Corner_-XY-Z_Y;Corner_-XY-Z_Z;Corner_-X-YZ_X;Corner_-X-YZ_Y;Corner_-X-YZ_Z;Corner_-X-Y-Z_X;Corner_-X-Y-Z_Y;Corner_-X-Y-Z_Z;BBox_2D_XPos;BBox_2D_YPos;Corner_2D_XYZ_X;Corner_2D_XYZ_Y;Corner_2D_XY-Z_X;Corner_2D_XY-Z_Y;Corner_2D_X-YZ_X;Corner_2D_X-YZ_Y;Corner_2D_X-Y-Z_X;Corner_2D_X-Y-Z_Y;Corner_2D_-XYZ_X;Corner_2D_-XYZ_Y;Corner_-2D_XY-Z_X;Corner_2D_-XY-Z_Y;Corner_2D_-X-YZ_X;Corner_2D_-X-YZ_Y;Corner_2D_-X-Y-Z_X;Corner_2D_-X-Y-Z_Y;
J0:19:19:34:734;Hatchback_Car_AI_C_0;211;39400.523438;-75549.117188;-54423.445312;796;626;368.488129;-0.050428;-0.998691;0.008538;39399.832031;-75562.421875;-54344.328125;204.0;92.0;76.0;39481.441406;-75770.148438;-54266.566406;39481.410156;-75771.445312;-54418.558594;39297.675781;-75760.867188;-54266.613281;39297.644531;-75762.164062;-54418.605469;39502.019531;-75362.679688;-54270.050781;39501.988281;-75363.976562;-54422.042969;39318.253906;-75353.398438;-54270.097656;39318.222656;-75354.695312;-54422.089844;796;618;783;611;783;628;791;608;791;624;801;611;801;628;808;608;808;624
J0:19:19:34:734;Hatchback_Car_AI_C_7;211;39297.5;-72787.703125;-54448.53125;843;608;676.711243;0.110911;-0.99086;-0.076781;39299.34375;-72807.648438;-54370.839844;204.0;92.0;76.0;39413.679688;-73005.421875;-54310.28125;39413.125;-72993.734375;-54461.828125;39230.8125;-73025.828125;-54311.179688;39230.257812;-73014.140625;-54462.726562;39368.429688;-72601.15625;-54278.953125;39367.875;-72589.46875;-54430.5;39185.5625;-72621.5625;-54279.851562;39185.007812;-72609.875;-54431.398438;843;601;832;597;832;608;836;595;836;605;851;597;851;608;854;595;854;605
