Time;ID;Cat;XPos;YPos;ZPos;2D_XPos;2D_YPos;Vel;XDir;YDir;ZDir;BBox_XPos;BBox_YPos;BBox_ZPos;BBox_Ext_X;BBox_Ext_Y;BBox_Ext_Z;Corner_XYZ_X;Corner_XYZ_Y;Corner_XYZ_Z;Corner_XY-Z_X;Corner_XY-Z_Y;Corner_XY-Z_Z;Corner_X-YZ_X;Corner_X-YZ_Y;Corner_X-YZ_Z;Corner_X-Y-Z_X;Corner_X-Y-Z_Y;Corner_X-Y-Z_Z;Corner_-XYZ_X;Corner_-XYZ_Y;Corner_-XYZ_Z;Corner_-XY-Z_X;Corner_-XY-Z_Y;Corner_-XY-Z_Z;Corner_-X-YZ_X;Corner_-X-YZ_Y;Corner_-X-YZ_Z;Corner_-X-Y-Z_X;Corner_-X-Y-Z_Y;Corner_-X-Y-Z_Z;BBox_2D_XPos;BBox_2D_YPos;Corner_2D_XYZ_X;Corner_2D_XYZ_Y;Corner_2D_XY-Z_X;Corner_2D_XY-Z_Y;Corner_2D_X-YZ_X;Corner_2D_X-YZ_Y;Corner_2D_X-Y-Z_X;Corner_2D_X-Y-Z_Y;Corner_2D_-XYZ_X;Corner_2D_-XYZ_Y;Corner_-2D_XY-Z_X;Corner_2D_-XY-Z_Y;Corner_2D_-X-YZ_X;Corner_2D_-X-YZ_Y;Corner_2D_-X-Y-Z_X;Corner_2D_-X-Y-Z_Y;
J0:19:19:24:733;Hatchback_Car_AI_C_0;211;39415.523438;-75199.179688;-54430.25;801;624;474.89624;-0.023704;-0.999281;0.029578;39415.246094;-75210.835938;-54350.871094;204.0;92.0;76.0;39502.433594;-75414.617188;-54268.867188;39502.332031;-75419.117188;-54420.796875;39318.488281;-75410.257812;-54268.875;39318.386719;-75414.757812;-54420.804688;39512.105469;-75006.914062;-54280.9375;39512.003906;-75011.414062;-54432.867188;39328.160156;-75002.554688;-54280.945312;39328.058594;-75007.054688;-54432.875;801;616;788;609;788;626;795;606;795;622;806;609;806;626;813;606;813;622
J0:19:19:24:733;Hatchback_Car_AI_C_7;211;39235.417969;-72234.78125;-54392.050781;854;600;663.773376;0.1101;-0.985303;-0.130599;39237.71875;-72258.875;-54315.558594;204.0;92.0;76.0;39352.347656;-72459.625;-54266.402344;39350.886719;-72439.8125;-54417.097656;39169.472656;-72479.9375;-54267.300781;39168.011719;-72460.125;-54417.996094;39307.425781;-72057.625;-54213.121094;39305.964844;-72037.8125;-54363.816406;39124.550781;-72077.9375;-54214.019531;39123.089844;-72058.125;-54364.714844;853;594;842;591;842;599;846;590;846;597;861;591;861;599;864;590;864;597
