Time;ID;Cat;XPos;YPos;ZPos;2D_XPos;2D_YPos;Vel;XDir;YDir;ZDir;BBox_XPos;BBox_YPos;BBox_ZPos;BBox_Ext_X;BBox_Ext_Y;BBox_Ext_Z;Corner_XYZ_X;Corner_XYZ_Y;Corner_XYZ_Z;Corner_XY-Z_X;Corner_XY-Z_Y;Corner_XY-Z_Z;Corner_X-YZ_X;Corner_X-YZ_Y;Corner_X-YZ_Z;Corner_X-Y-Z_X;Corner_X-Y-Z_Y;Corner_X-Y-Z_Z;Corner_-XYZ_X;Corner_-XYZ_Y;Corner_-XYZ_Z;Corner_-XY-Z_X;Corner_-XY-Z_Y;Corner_-XY-Z_Z;Corner_-X-YZ_X;Corner_-X-YZ_Y;Corner_-X-YZ_Z;Corner_-X-Y-Z_X;Corner_-X-Y-Z_Y;Corner_-X-Y-Z_Z;BBox_2D_XPos;BBox_2D_YPos;Corner_2D_XYZ_X;Corner_2D_XYZ_Y;Corner_2D_XY-Z_X;Corner_2D_XY-Z_Y;Corner_2D_X-YZ_X;Corner_2D_X-YZ_Y;Corner_2D_X-Y-Z_X;Corner_2D_X-Y-Z_Y;Corner_2D_-XYZ_X;Corner_2D_-XYZ_Y;Corner_-2D_XY-Z_X;Corner_2D_-XY-Z_Y;Corner_2D_-X-YZ_X;Corner_2D_-X-YZ_Y;Corner_2D_-X-Y-Z_X;Corner_2D_-X-Y-Z_Y;
J0:19:19:33:928;Hatchback_Car_AI_C_0;211;39401.925781;-75524.515625;-54423.648438;797;626;377.689484;-0.048408;-0.998775;0.010236;39401.261719;-75537.6875;-54344.507812;204.0;92.0;76.0;39483.289062;-75745.109375;-54266.390625;39483.265625;-75746.671875;-54418.382812;39299.507812;-75736.203125;-54266.453125;39299.484375;-75737.765625;-54418.445312;39503.039062;-75337.609375;-54270.570312;39503.015625;-75339.171875;-54422.5625;39319.257812;-75328.703125;-54270.632812;39319.234375;-75330.265625;-54422.625;796;618;783;611;783;628;791;608;791;624;802;611;802;628;809;608;809;624
J0:19:19:33:928;Hatchback_Car_AI_C_7;211;39292.601562;-72743.46875;-54445.140625;844;607;669.035461;0.110933;-0.990477;-0.081548;39294.496094;-72763.78125;-54367.546875;204.0;92.0;76.0;39408.882812;-72961.835938;-54307.996094;39408.226562;-72949.429688;-54459.488281;39226.023438;-72982.242188;-54308.878906;39225.367188;-72969.835938;-54460.371094;39363.625;-72557.726562;-54274.722656;39362.96875;-72545.320312;-54426.214844;39180.765625;-72578.132812;-54275.605469;39180.109375;-72565.726562;-54427.097656;844;601;832;597;832;607;837;595;837;605;852;597;852;607;855;595;855;605
