Time;ID;Cat;XPos;YPos;ZPos;2D_XPos;2D_YPos;Vel;XDir;YDir;ZDir;BBox_XPos;BBox_YPos;BBox_ZPos;BBox_Ext_X;BBox_Ext_Y;BBox_Ext_Z;Corner_XYZ_X;Corner_XYZ_Y;Corner_XYZ_Z;Corner_XY-Z_X;Corner_XY-Z_Y;Corner_XY-Z_Z;Corner_X-YZ_X;Corner_X-YZ_Y;Corner_X-YZ_Z;Corner_X-Y-Z_X;Corner_X-Y-Z_Y;Corner_X-Y-Z_Z;Corner_-XYZ_X;Corner_-XYZ_Y;Corner_-XYZ_Z;Corner_-XY-Z_X;Corner_-XY-Z_Y;Corner_-XY-Z_Z;Corner_-X-YZ_X;Corner_-X-YZ_Y;Corner_-X-YZ_Z;Corner_-X-Y-Z_X;Corner_-X-Y-Z_Y;Corner_-X-Y-Z_Z;BBox_2D_XPos;BBox_2D_YPos;Corner_2D_XYZ_X;Corner_2D_XYZ_Y;Corner_2D_XY-Z_X;Corner_2D_XY-Z_Y;Corner_2D_X-YZ_X;Corner_2D_X-YZ_Y;Corner_2D_X-Y-Z_X;Corner_2D_X-Y-Z_Y;Corner_2D_-XYZ_X;Corner_2D_-XYZ_Y;Corner_-2D_XY-Z_X;Corner_2D_-XY-Z_Y;Corner_2D_-X-YZ_X;Corner_2D_-X-YZ_Y;Corner_2D_-X-Y-Z_X;Corner_2D_-X-Y-Z_Y;
J0:19:19:16:731;Hatchback_Car_AI_C_0;211;39421.332031;-74851.96875;-54441.859375;806;622;592.365845;0.00001;-0.999306;0.03724;39421.414062;-74863.015625;-54362.394531;204.0;92.0;76.0;39513.496094;-75064.046875;-54278.949219;39513.339844;-75069.703125;-54430.839844;39329.496094;-75064.046875;-54278.753906;39329.339844;-75069.703125;-54430.644531;39513.488281;-74656.328125;-54294.144531;39513.332031;-74661.984375;-54446.035156;39329.488281;-74656.328125;-54293.949219;39329.332031;-74661.984375;-54445.839844;806;614;793;607;793;624;800;604;800;621;812;607;812;624;818;604;818;621
J0:19:19:16:731;Hatchback_Car_AI_C_7;211;39188.570312;-71801.867188;-54326.730469;861;593;663.996033;0.102579;-0.979405;-0.173907;39191.257812;-71829.257812;-54251.371094;204.0;92.0;76.0;39304.890625;-72032.671875;-54211.800781;39302.484375;-72006.34375;-54361.480469;39121.882812;-72051.765625;-54212.214844;39119.476562;-72025.4375;-54361.894531;39263.039062;-71633.078125;-54140.847656;39260.632812;-71606.75;-54290.527344;39080.03125;-71652.171875;-54141.261719;39077.625;-71625.84375;-54290.941406;860;588;850;585;850;591;853;584;853;590;868;585;868;591;871;584;871;590
