Time;ID;Cat;XPos;YPos;ZPos;2D_XPos;2D_YPos;Vel;XDir;YDir;ZDir;BBox_XPos;BBox_YPos;BBox_ZPos;BBox_Ext_X;BBox_Ext_Y;BBox_Ext_Z;Corner_XYZ_X;Corner_XYZ_Y;Corner_XYZ_Z;Corner_XY-Z_X;Corner_XY-Z_Y;Corner_XY-Z_Z;Corner_X-YZ_X;Corner_X-YZ_Y;Corner_X-YZ_Z;Corner_X-Y-Z_X;Corner_X-Y-Z_Y;Corner_X-Y-Z_Z;Corner_-XYZ_X;Corner_-XYZ_Y;Corner_-XYZ_Z;Corner_-XY-Z_X;Corner_-XY-Z_Y;Corner_-XY-Z_Z;Corner_-X-YZ_X;Corner_-X-YZ_Y;Corner_-X-YZ_Z;Corner_-X-Y-Z_X;Corner_-X-Y-Z_Y;Corner_-X-Y-Z_Z;BBox_2D_XPos;BBox_2D_YPos;Corner_2D_XYZ_X;Corner_2D_XYZ_Y;Corner_2D_XY-Z_X;Corner_2D_XY-Z_Y;Corner_2D_X-YZ_X;Corner_2D_X-YZ_Y;Corner_2D_X-Y-Z_X;Corner_2D_X-Y-Z_Y;Corner_2D_-XYZ_X;Corner_2D_-XYZ_Y;Corner_-2D_XY-Z_X;Corner_2D_-XY-Z_Y;Corner_2D_-X-YZ_X;Corner_2D_-X-YZ_Y;Corner_2D_-X-Y-Z_X;Corner_2D_-X-Y-Z_Y;
J0:19:19:13:926;Hatchback_Car_AI_C_0;211;39421.375;-74702.273438;-54447.65625;808;621;672.297302;0.01021;-0.99907;0.041883;39421.59375;-74712.953125;-54368.140625;204.0;92.0;76.0;39515.742188;-74912.640625;-54283.789062;39515.601562;-74919.015625;-54435.65625;39331.75;-74914.515625;-54283.539062;39331.609375;-74920.890625;-54435.40625;39511.578125;-74505.015625;-54300.875;39511.4375;-74511.390625;-54452.742188;39327.585938;-74506.890625;-54300.625;39327.445312;-74513.265625;-54452.492188;808;613;796;606;796;623;802;604;802;620;815;606;815;623;820;604;820;620
J0:19:19:13:926;Hatchback_Car_AI_C_7;211;39173.042969;-71652.148438;-54299.78125;863;591;638.855164;0.097892;-0.976713;-0.190917;39175.855469;-71680.835938;-54224.90625;204.0;92.0;76.0;39288.753906;-71885.367188;-54189.179688;39285.980469;-71856.476562;-54338.382812;39105.667969;-71903.695312;-54189.320312;39102.894531;-71874.804688;-54338.523438;39248.816406;-71486.867188;-54111.289062;39246.042969;-71457.976562;-54260.492188;39065.730469;-71505.195312;-54111.429688;39062.957031;-71476.304688;-54260.632812;863;585;853;583;853;588;856;582;856;587;870;583;870;588;873;582;873;587
