Time;ID;Cat;XPos;YPos;ZPos;2D_XPos;2D_YPos;Vel;XDir;YDir;ZDir;BBox_XPos;BBox_YPos;BBox_ZPos;BBox_Ext_X;BBox_Ext_Y;BBox_Ext_Z;Corner_XYZ_X;Corner_XYZ_Y;Corner_XYZ_Z;Corner_XY-Z_X;Corner_XY-Z_Y;Corner_XY-Z_Z;Corner_X-YZ_X;Corner_X-YZ_Y;Corner_X-YZ_Z;Corner_X-Y-Z_X;Corner_X-Y-Z_Y;Corner_X-Y-Z_Z;Corner_-XYZ_X;Corner_-XYZ_Y;Corner_-XYZ_Z;Corner_-XY-Z_X;Corner_-XY-Z_Y;Corner_-XY-Z_Z;Corner_-X-YZ_X;Corner_-X-YZ_Y;Corner_-X-YZ_Z;Corner_-X-Y-Z_X;Corner_-X-Y-Z_Y;Corner_-X-Y-Z_Z;BBox_2D_XPos;BBox_2D_YPos;Corner_2D_XYZ_X;Corner_2D_XYZ_Y;Corner_2D_XY-Z_X;Corner_2D_XY-Z_Y;Corner_2D_X-YZ_X;Corner_2D_X-YZ_Y;Corner_2D_X-Y-Z_X;Corner_2D_X-Y-Z_Y;Corner_2D_-XYZ_X;Corner_2D_-XYZ_Y;Corner_-2D_XY-Z_X;Corner_2D_-XY-Z_Y;Corner_2D_-X-YZ_X;Corner_2D_-X-YZ_Y;Corner_2D_-X-Y-Z_X;Corner_2D_-X-Y-Z_Y;
J0:19:19:31:529;Hatchback_Car_AI_C_0;211;39405.960938;-75447.046875;-54424.59375;798;625;404.888916;-0.042252;-0.998982;0.015803;39405.398438;-75459.78125;-54345.382812;204.0;92.0;76.0;39488.722656;-75666.257812;-54266.140625;39488.667969;-75668.664062;-54418.125;39304.886719;-75658.476562;-54266.195312;39304.832031;-75660.882812;-54418.179688;39505.964844;-75258.679688;-54272.585938;39505.910156;-75261.085938;-54424.570312;39322.128906;-75250.898438;-54272.640625;39322.074219;-75253.304688;-54424.625;797;617;784;610;784;628;792;607;792;624;803;610;803;628;810;607;810;624
J0:19:19:31:529;Hatchback_Car_AI_C_7;211;39278.105469;-72614.289062;-54434.058594;847;606;646.16217;0.111863;-0.989121;-0.095533;39280.101562;-72635.679688;-54356.757812;204.0;92.0;76.0;39394.757812;-72834.429688;-54300.105469;39393.929688;-72819.914062;-54451.410156;39211.914062;-72855.007812;-54301.082031;39211.085938;-72840.492188;-54452.386719;39349.117188;-72430.867188;-54261.128906;39348.289062;-72416.351562;-54412.433594;39166.273438;-72451.445312;-54262.105469;39165.445312;-72436.929688;-54413.410156;846;599;835;596;835;605;839;594;839;603;854;596;854;605;857;594;857;603
