Time;ID;Cat;XPos;YPos;ZPos;2D_XPos;2D_YPos;Vel;XDir;YDir;ZDir;BBox_XPos;BBox_YPos;BBox_ZPos;BBox_Ext_X;BBox_Ext_Y;BBox_Ext_Z;Corner_XYZ_X;Corner_XYZ_Y;Corner_XYZ_Z;Corner_XY-Z_X;Corner_XY-Z_Y;Corner_XY-Z_Z;Corner_X-YZ_X;Corner_X-YZ_Y;Corner_X-YZ_Z;Corner_X-Y-Z_X;Corner_X-Y-Z_Y;Corner_X-Y-Z_Z;Corner_-XYZ_X;Corner_-XYZ_Y;Corner_-XYZ_Z;Corner_-XY-Z_X;Corner_-XY-Z_Y;Corner_-XY-Z_Z;Corner_-X-YZ_X;Corner_-X-YZ_Y;Corner_-X-YZ_Z;Corner_-X-Y-Z_X;Corner_-X-Y-Z_Y;Corner_-X-Y-Z_Z;BBox_2D_XPos;BBox_2D_YPos;Corner_2D_XYZ_X;Corner_2D_XYZ_Y;Corner_2D_XY-Z_X;Corner_2D_XY-Z_Y;Corner_2D_X-YZ_X;Corner_2D_X-YZ_Y;Corner_2D_X-Y-Z_X;Corner_2D_X-Y-Z_Y;Corner_2D_-XYZ_X;Corner_2D_-XYZ_Y;Corner_-2D_XY-Z_X;Corner_2D_-XY-Z_Y;Corner_2D_-X-YZ_X;Corner_2D_-X-YZ_Y;Corner_2D_-X-Y-Z_X;Corner_2D_-X-Y-Z_Y;
J0:19:19:03:133;Hatchback_Car_AI_C_0;211;39407.808594;-74103.953125;-54470.390625;818;618;671.583435;0.047225;-0.998413;0.030675;39408.503906;-74115.5;-54391.0;204.0;92.0;76.0;39510.066406;-74312.5;-54308.949219;39510.003906;-74317.171875;-54460.878906;39326.269531;-74321.1875;-54308.605469;39326.207031;-74325.859375;-54460.535156;39490.800781;-73905.140625;-54321.464844;39490.738281;-73909.8125;-54473.394531;39307.003906;-73913.828125;-54321.121094;39306.941406;-73918.5;-54473.050781;818;611;806;605;806;620;812;602;812;617;825;605;825;620;830;602;830;617
J0:19:19:03:133;Hatchback_Car_AI_C_7;211;39113.371094;-71052.796875;-54168.332031;872;579;669.108826;0.09142;-0.966435;-0.240096;39116.648438;-71085.1875;-54095.003906;204.0;92.0;76.0;39228.804688;-71291.765625;-54070.445312;39224.960938;-71255.46875;-54218.0;39045.632812;-71309.21875;-54069.96875;39041.789062;-71272.921875;-54217.523438;39191.507812;-70897.453125;-53972.484375;39187.664062;-70861.15625;-54120.039062;39008.335938;-70914.90625;-53972.007812;39004.492188;-70878.609375;-54119.5625;871;574;862;572;862;576;865;571;865;575;878;572;878;576;881;571;881;575
