Time;ID;Cat;XPos;YPos;ZPos;2D_XPos;2D_YPos;Vel;XDir;YDir;ZDir;BBox_XPos;BBox_YPos;BBox_ZPos;BBox_Ext_X;BBox_Ext_Y;BBox_Ext_Z;Corner_XYZ_X;Corner_XYZ_Y;Corner_XYZ_Z;Corner_XY-Z_X;Corner_XY-Z_Y;Corner_XY-Z_Z;Corner_X-YZ_X;Corner_X-YZ_Y;Corner_X-YZ_Z;Corner_X-Y-Z_X;Corner_X-Y-Z_Y;Corner_X-Y-Z_Z;Corner_-XYZ_X;Corner_-XYZ_Y;Corner_-XYZ_Z;Corner_-XY-Z_X;Corner_-XY-Z_Y;Corner_-XY-Z_Z;Corner_-X-YZ_X;Corner_-X-YZ_Y;Corner_-X-YZ_Z;Corner_-X-Y-Z_X;Corner_-X-Y-Z_Y;Corner_-X-Y-Z_Z;BBox_2D_XPos;BBox_2D_YPos;Corner_2D_XYZ_X;Corner_2D_XYZ_Y;Corner_2D_XY-Z_X;Corner_2D_XY-Z_Y;Corner_2D_X-YZ_X;Corner_2D_X-YZ_Y;Corner_2D_X-Y-Z_X;Corner_2D_X-Y-Z_Y;Corner_2D_-XYZ_X;Corner_2D_-XYZ_Y;Corner_-2D_XY-Z_X;Corner_2D_-XY-Z_Y;Corner_2D_-X-YZ_X;Corner_2D_-X-YZ_Y;Corner_2D_-X-Y-Z_X;Corner_2D_-X-Y-Z_Y;
J0:19:18:45:530;Hatchback_Car_AI_C_0;211;39336.4375;-73140.351562;-54469.21875;837;612;669.677734;0.101382;-0.993857;-0.04439;39337.984375;-73157.78125;-54390.917969;204.0;92.0;76.0;39450.320312;-73354.578125;-54323.78125;39450.070312;-73347.828125;-54475.632812;39267.265625;-73373.234375;-54324.3125;39267.015625;-73366.484375;-54476.164062;39408.953125;-72949.078125;-54305.671875;39408.703125;-72942.328125;-54457.523438;39225.898438;-72967.734375;-54306.203125;39225.648438;-72960.984375;-54458.054688;836;605;824;600;824;612;829;598;829;610;844;600;844;612;848;598;848;610
J0:19:18:45:530;Hatchback_Car_AI_C_7;211;39026.433594;-70073.085938;-53918.550781;884;559;691.812622;0.071833;-0.964993;-0.252249;39029.015625;-70106.460938;-53845.636719;204.0;92.0;76.0;39136.929688;-70315.570312;-53823.664062;39133.890625;-70277.351562;-53970.75;38953.445312;-70329.289062;-53823.4375;38950.40625;-70291.070312;-53970.523438;39107.625;-69921.851562;-53720.75;39104.585938;-69883.632812;-53867.835938;38924.140625;-69935.570312;-53720.523438;38921.101562;-69897.351562;-53867.609375;883;555;875;553;875;556;877;553;877;556;889;553;889;556;891;553;891;556
