Time;ID;Cat;XPos;YPos;ZPos;2D_XPos;2D_YPos;Vel;XDir;YDir;ZDir;BBox_XPos;BBox_YPos;BBox_ZPos;BBox_Ext_X;BBox_Ext_Y;BBox_Ext_Z;Corner_XYZ_X;Corner_XYZ_Y;Corner_XYZ_Z;Corner_XY-Z_X;Corner_XY-Z_Y;Corner_XY-Z_Z;Corner_X-YZ_X;Corner_X-YZ_Y;Corner_X-YZ_Z;Corner_X-Y-Z_X;Corner_X-Y-Z_Y;Corner_X-Y-Z_Z;Corner_-XYZ_X;Corner_-XYZ_Y;Corner_-XYZ_Z;Corner_-XY-Z_X;Corner_-XY-Z_Y;Corner_-XY-Z_Z;Corner_-X-YZ_X;Corner_-X-YZ_Y;Corner_-X-YZ_Z;Corner_-X-Y-Z_X;Corner_-X-Y-Z_Y;Corner_-X-Y-Z_Z;BBox_2D_XPos;BBox_2D_YPos;Corner_2D_XYZ_X;Corner_2D_XYZ_Y;Corner_2D_XY-Z_X;Corner_2D_XY-Z_Y;Corner_2D_X-YZ_X;Corner_2D_X-YZ_Y;Corner_2D_X-Y-Z_X;Corner_2D_X-Y-Z_Y;Corner_2D_-XYZ_X;Corner_2D_-XYZ_Y;Corner_-2D_XY-Z_X;Corner_2D_-XY-Z_Y;Corner_2D_-X-YZ_X;Corner_2D_-X-YZ_Y;Corner_2D_-X-Y-Z_X;Corner_2D_-X-Y-Z_Y;
J0:19:18:49:927;Hatchback_Car_AI_C_0;211;39359.597656;-73386.226562;-54476.738281;832;614;646.207336;0.094972;-0.995214;-0.023001;39360.96875;-73401.984375;-54398.082031;204.0;92.0;76.0;39471.96875;-73598.023438;-54326.640625;39471.890625;-73594.523438;-54478.601562;39288.796875;-73615.492188;-54326.945312;39288.71875;-73611.992188;-54478.90625;39433.21875;-73191.976562;-54317.257812;39433.140625;-73188.476562;-54469.21875;39250.046875;-73209.445312;-54317.5625;39249.96875;-73205.945312;-54469.523438;832;607;819;602;819;615;824;600;824;612;839;602;839;615;843;600;843;612
J0:19:18:49:927;Hatchback_Car_AI_C_7;211;39046.0625;-70317.34375;-53982.128906;881;564;653.945862;0.078191;-0.96389;-0.254562;39048.945312;-70350.867188;-53909.296875;204.0;92.0;76.0;39158.308594;-70559.289062;-53887.914062;39154.871094;-70520.742188;-54034.90625;38974.917969;-70574.257812;-53887.546875;38971.480469;-70535.710938;-54034.539062;39126.410156;-70166.023438;-53784.054688;39122.972656;-70127.476562;-53931.046875;38943.019531;-70180.992188;-53783.6875;38939.582031;-70142.445312;-53930.679688;881;559;872;558;872;561;874;557;874;560;887;558;887;561;889;557;889;560
